"gene","n_DTP_responsive","n_persistence_support","median_long_retention","persistence_recurrence"
"HCFC1R1",4,4,1.25609524631678,"4_of_4"
"CPA4",4,4,1.22276308346583,"4_of_4"
"TMEM37",4,4,1.22044995257277,"4_of_4"
"CSF1",4,4,1.21888429042948,"4_of_4"
"ZFYVE28",4,4,1.21789514733199,"4_of_4"
"NOXA1",4,4,1.19498179769316,"4_of_4"
"GSDME",4,4,1.18169206203875,"4_of_4"
"PHC1",4,4,1.1570950250261,"4_of_4"
"LIPG",4,4,1.14470073170616,"4_of_4"
"PSG3",4,4,1.13262894161533,"4_of_4"
"DCLK1",4,4,1.13134445727329,"4_of_4"
"PTPRS",4,4,1.11977811731904,"4_of_4"
"EHD3",4,4,1.10941984625404,"4_of_4"
"P2RX6",4,4,1.10154676256709,"4_of_4"
"LRRC8C",4,4,1.09578415268013,"4_of_4"
"PGGHG",4,4,1.09285950077021,"4_of_4"
"AQP3",4,4,1.09031235186055,"4_of_4"
"GSTM3",4,4,1.08910415293502,"4_of_4"
"CTH",4,4,1.08279367114495,"4_of_4"
"ANXA6",4,4,1.07697641070336,"4_of_4"
"SERPING1",4,4,1.07512906048875,"4_of_4"
"GPC6",4,4,1.07165855973303,"4_of_4"
"GPRC5B",4,4,1.06878845968571,"4_of_4"
"ATOH8",4,4,1.06256519798673,"4_of_4"
"MCAM",4,4,1.06061960805213,"4_of_4"
"INHBB",4,4,1.06004703207468,"4_of_4"
"LGALS3BP",4,4,1.0556997407475,"4_of_4"
"CHST11",4,4,1.05024017964145,"4_of_4"
"TCF7L1",4,4,1.04850229085721,"4_of_4"
"MATN2",4,4,1.04556018155494,"4_of_4"
"LOXL2",4,4,1.04502114776363,"4_of_4"
"PSG5",4,4,1.04487370865177,"4_of_4"
"LRIG1",4,4,1.04245846657047,"4_of_4"
"VASH1",4,4,1.03776578966652,"4_of_4"
"MLPH",4,4,1.03398483825187,"4_of_4"
"RASA4",4,4,1.03368786062854,"4_of_4"
"HBEGF",4,4,1.03330731515259,"4_of_4"
"SPARC",4,4,1.02987905936906,"4_of_4"
"MAGED1",4,4,1.02916991883139,"4_of_4"
"GSTM2",4,4,1.02807134553584,"4_of_4"
"ERAP1",4,4,1.02756123595895,"4_of_4"
"NKIRAS2",4,4,1.02538180069218,"4_of_4"
"MRAS",4,4,1.02489906185887,"4_of_4"
"SPEG",4,4,1.02361787608754,"4_of_4"
"DENND6B",4,4,1.02309185186977,"4_of_4"
"BMP1",4,4,1.02077212806638,"4_of_4"
"MREG",4,4,1.01856563347393,"4_of_4"
"SEMA3F",4,4,1.0182076884261,"4_of_4"
"COL12A1",4,4,1.01771144905744,"4_of_4"
"CCDC92",4,4,1.01531021289896,"4_of_4"
"IQGAP2",4,4,1.01369939695055,"4_of_4"
"SYNCRIP",4,4,1.01365557503265,"4_of_4"
"IGFBP5",4,4,1.0136341925266,"4_of_4"
"DYSF",4,4,1.01144652923647,"4_of_4"
"SLC15A3",4,4,1.01043623514548,"4_of_4"
"EIF1AX",4,4,1.00590501144881,"4_of_4"
"HSPG2",4,4,1.00535784131774,"4_of_4"
"ADAM19",4,4,1.00371951266507,"4_of_4"
"CNTNAP1",4,4,1.00324176566173,"4_of_4"
"CASP1",4,4,1.00322289572569,"4_of_4"
"SYNPO",4,4,1.0025090782913,"4_of_4"
"TM7SF2",4,4,1.00225191521802,"4_of_4"
"FBLN1",4,4,1.00050647831878,"4_of_4"
"COL8A1",4,4,0.99915670651283,"4_of_4"
"NPPB",4,4,0.998848018947973,"4_of_4"
"DDX60",4,4,0.998370424725745,"4_of_4"
"IFIT2",4,4,0.997055184299525,"4_of_4"
"FHOD3",4,4,0.995839547666755,"4_of_4"
"DGAT2",4,4,0.995387910586011,"4_of_4"
"PIK3AP1",4,4,0.995159737145283,"4_of_4"
"C1S",4,4,0.993876850805506,"4_of_4"
"EGLN3",4,4,0.990447453466272,"4_of_4"
"COL5A1",4,4,0.989370629686829,"4_of_4"
"CNN1",4,4,0.988815193406393,"4_of_4"
"NTN1",4,4,0.98546956591478,"4_of_4"
"TMEM158",4,4,0.983743621582031,"4_of_4"
"P3H1",4,4,0.981432670766805,"4_of_4"
"SCPEP1",4,4,0.980799958924673,"4_of_4"
"SMAD6",4,4,0.979079106418749,"4_of_4"
"SNX21",4,4,0.977741632452887,"4_of_4"
"EPCAM",4,4,0.975061032015312,"4_of_4"
"WDR77",4,4,0.975041684206374,"4_of_4"
"ARNT2",4,4,0.974132644071896,"4_of_4"
"ANK2",4,4,0.972358485239559,"4_of_4"
"CCDC80",4,4,0.969725375082427,"4_of_4"
"CYP26B1",4,4,0.968335233418794,"4_of_4"
"MSRB3",4,4,0.968190192466001,"4_of_4"
"ADAMTS7",4,4,0.968137660321273,"4_of_4"
"HTRA1",4,4,0.966868960139148,"4_of_4"
"SIDT2",4,4,0.966793707601604,"4_of_4"
"SMARCD3",4,4,0.965762200457407,"4_of_4"
"ABI3BP",4,4,0.964906164169514,"4_of_4"
"TLR2",4,4,0.963973143236845,"4_of_4"
"JPH2",4,4,0.963181047923807,"4_of_4"
"CRIM1",4,4,0.957606695359376,"4_of_4"
"NOG",4,4,0.957029139155724,"4_of_4"
"VIM",4,4,0.955889702854239,"4_of_4"
"ERGIC3",4,4,0.955847300852898,"4_of_4"
"POFUT2",4,4,0.955804963620566,"4_of_4"
"PSG8",4,4,0.952630265060686,"4_of_4"
"SELENOP",4,4,0.952607278474044,"4_of_4"
"SELENOM",4,4,0.950605273958101,"4_of_4"
"MBOAT2",4,4,0.948844698268386,"4_of_4"
"APMAP",4,4,0.948535136352341,"4_of_4"
"PEA15",4,4,0.947385966870145,"4_of_4"
"PDGFD",4,4,0.945506886287048,"4_of_4"
"PKD2",4,4,0.943271507440196,"4_of_4"
"VSIR",4,4,0.941996314193793,"4_of_4"
"FAM171A2",4,4,0.941781833249347,"4_of_4"
"OLFML2A",4,4,0.941430519587897,"4_of_4"
"WFS1",4,4,0.941229888501807,"4_of_4"
"MRPL35",4,4,0.941041427225803,"4_of_4"
"TTLL7",4,4,0.938906329668507,"4_of_4"
"SEPTIN3",4,4,0.937639613901807,"4_of_4"
"ACKR3",4,4,0.935145963312497,"4_of_4"
"FAM20C",4,4,0.934839931217065,"4_of_4"
"PLA2R1",4,4,0.933535968178864,"4_of_4"
"SEZ6L2",4,4,0.93285023576969,"4_of_4"
"JPH1",4,4,0.93144065612494,"4_of_4"
"UBA7",4,4,0.93099638546811,"4_of_4"
"PLD3",4,4,0.929823117392965,"4_of_4"
"LMF1",4,4,0.929616130655428,"4_of_4"
"CTIF",4,4,0.929209202510553,"4_of_4"
"CXXC5",4,4,0.928966541813318,"4_of_4"
"PDK2",4,4,0.927369969669602,"4_of_4"
"DISP2",4,4,0.926736249155615,"4_of_4"
"ACP6",4,4,0.92407192624022,"4_of_4"
"FAM114A1",4,4,0.921168616411921,"4_of_4"
"PDGFC",4,4,0.919990654204054,"4_of_4"
"NINL",4,4,0.91955348180777,"4_of_4"
"SESN3",4,4,0.919094886334639,"4_of_4"
"GLIS2",4,4,0.918826217139284,"4_of_4"
"THBS1",4,4,0.918628327183373,"4_of_4"
"VTCN1",4,4,0.918125131427797,"4_of_4"
"FYN",4,4,0.917967020984087,"4_of_4"
"BMPR2",4,4,0.916519574276315,"4_of_4"
"OLR1",4,4,0.915661495659923,"4_of_4"
"TMEM170A",4,4,0.914342341267756,"4_of_4"
"SYNGR1",4,4,0.914202112403095,"4_of_4"
"KLK6",4,4,0.913178411071797,"4_of_4"
"PMEPA1",4,4,0.912708394604393,"4_of_4"
"ACHE",4,4,0.912566574938654,"4_of_4"
"COL6A1",4,4,0.911431054272952,"4_of_4"
"MMP24",4,4,0.9104995840517,"4_of_4"
"LYRM9",4,4,0.910363093354999,"4_of_4"
"ARHGAP31",4,4,0.90992197144129,"4_of_4"
"TLR1",4,4,0.907879765928505,"4_of_4"
"EDN2",4,4,0.90682444396484,"4_of_4"
"UBE2H",4,4,0.90567471329504,"4_of_4"
"MYL9",4,4,0.904729573230319,"4_of_4"
"ALPP",4,4,0.904436383821996,"4_of_4"
"ATP10D",4,4,0.904322058051473,"4_of_4"
"CHCHD10",4,4,0.904073162138208,"4_of_4"
"C1R",4,4,0.903541964983209,"4_of_4"
"FAM111A",4,4,0.90291551884235,"4_of_4"
"RPS26",4,4,0.902724554528733,"4_of_4"
"TTLL1",4,4,0.902274871483469,"4_of_4"
"DNAJB4",4,4,0.901339689296422,"4_of_4"
"PELI1",4,4,0.895761837277945,"4_of_4"
"ATP6V0A4",4,4,0.894903079953103,"4_of_4"
"DOCK11",4,4,0.893816951726801,"4_of_4"
"LRP1",4,4,0.893185564052354,"4_of_4"
"TLCD5",4,4,0.892870302543121,"4_of_4"
"SUSD2",4,4,0.89189986525901,"4_of_4"
"NGEF",4,4,0.891041851087472,"4_of_4"
"PALM",4,4,0.8907072176777,"4_of_4"
"KRTCAP3",4,4,0.890399194845751,"4_of_4"
"MAPKAPK3",4,4,0.890274050918802,"4_of_4"
"GABARAPL1",4,4,0.890124662922579,"4_of_4"
"GBP1",4,4,0.889473375862207,"4_of_4"
"TMEM170B",4,4,0.88692805891682,"4_of_4"
"CTSA",4,4,0.886496600026314,"4_of_4"
"COL4A4",4,4,0.886322948550778,"4_of_4"
"RRP15",4,4,0.88623457766164,"4_of_4"
"FAM234A",4,4,0.885851821359104,"4_of_4"
"SMPD1",4,4,0.885771584581945,"4_of_4"
"MYLK4",4,4,0.885668951959452,"4_of_4"
"AMMECR1",4,4,0.885321166786421,"4_of_4"
"LIMS2",4,4,0.885199740084208,"4_of_4"
"ADAMTS14",4,4,0.884913328142758,"4_of_4"
"HEG1",4,4,0.884878267133475,"4_of_4"
"GASK1B",4,4,0.884860996659727,"4_of_4"
"RETREG1",4,4,0.883036380867414,"4_of_4"
"BOC",4,4,0.882435722897619,"4_of_4"
"GALNT16",4,4,0.881514328220943,"4_of_4"
"B3GNT5",4,4,0.880285727682943,"4_of_4"
"ATP2C2",4,4,0.880106683307096,"4_of_4"
"HEXA",4,4,0.878623238451762,"4_of_4"
"DCLK2",4,4,0.878577905390282,"4_of_4"
"FADS3",4,4,0.878402931440552,"4_of_4"
"PODXL",4,4,0.877818782541711,"4_of_4"
"ZNF365",4,4,0.876156219157311,"4_of_4"
"LBR",4,4,0.876123852461788,"4_of_4"
"MAN2B2",4,4,0.875833648253359,"4_of_4"
"KLHDC8B",4,4,0.873587611783235,"4_of_4"
"HIVEP3",4,4,0.872371686684658,"4_of_4"
"ZNF121",4,4,0.871915853624539,"4_of_4"
"CLU",4,4,0.871099990927855,"4_of_4"
"C20orf194",4,4,0.870656327302312,"4_of_4"
"PNMA2",4,4,0.87028457964505,"4_of_4"
"ZNF517",4,4,0.870232169468807,"4_of_4"
"EPB41L4B",4,4,0.8689821313746,"4_of_4"
"APOBEC3B",4,4,0.867645475890645,"4_of_4"
"OTUD1",4,4,0.867307446433067,"4_of_4"
"GALNT5",4,4,0.866143506991531,"4_of_4"
"SORT1",4,4,0.865450055418359,"4_of_4"
"FGFR3",4,4,0.8637742726174,"4_of_4"
"GAA",4,4,0.86314399432283,"4_of_4"
"SHISA4",4,4,0.861993560919082,"4_of_4"
"TSPOAP1",4,4,0.861971456340465,"4_of_4"
"TUBA1A",4,4,0.858724460483922,"4_of_4"
"CTSO",4,4,0.857557384690319,"4_of_4"
"MFGE8",4,4,0.856451352607479,"4_of_4"
"TIMP2",4,4,0.855729063901742,"4_of_4"
"ITGB8",4,4,0.854987146013952,"4_of_4"
"FAM136A",4,4,0.854079310653403,"4_of_4"
"CTSF",4,4,0.854076538989619,"4_of_4"
"PLAU",4,4,0.853368813995711,"4_of_4"
"NCKAP5L",4,4,0.853291254331102,"4_of_4"
"PTGES3",4,4,0.851868612209409,"4_of_4"
"BTN3A3",4,4,0.850422738808309,"4_of_4"
"NIP7",4,4,0.849837504113222,"4_of_4"
"APOL1",4,4,0.849535321919078,"4_of_4"
"KCNK15",4,4,0.849006749427637,"4_of_4"
"MAPK13",4,4,0.848640069987866,"4_of_4"
"ATRN",4,4,0.847622198453854,"4_of_4"
"HHAT",4,4,0.847266935090862,"4_of_4"
"HGSNAT",4,4,0.84690805061761,"4_of_4"
"RPIA",4,4,0.846467170274688,"4_of_4"
"CYBRD1",4,4,0.846286475755879,"4_of_4"
"GRK3",4,4,0.843422764740537,"4_of_4"
"GPC4",4,4,0.842953909291049,"4_of_4"
"POU2F1",4,4,0.841402284555221,"4_of_4"
"FILIP1L",4,4,0.841210560785514,"4_of_4"
"HHLA1",4,4,0.840363416587641,"4_of_4"
"NT5E",4,4,0.840057041442593,"4_of_4"
"CCT4",4,4,0.839989066845481,"4_of_4"
"ARHGEF4",4,4,0.839759020068928,"4_of_4"
"LHFPL6",4,4,0.839710660500981,"4_of_4"
"CCT7",4,4,0.839412393177509,"4_of_4"
"SEMA3A",4,4,0.83923771617302,"4_of_4"
"SET",4,4,0.836898013413456,"4_of_4"
"ARPC1A",4,4,0.836446657256882,"4_of_4"
"BDNF",4,4,0.835795314925739,"4_of_4"
"CTNNBIP1",4,4,0.835566266879122,"4_of_4"
"NRBP2",4,4,0.833740988768515,"4_of_4"
"SCD5",4,4,0.833055777094019,"4_of_4"
"GTPBP10",4,4,0.832783631112749,"4_of_4"
"MDGA1",4,4,0.832751173159679,"4_of_4"
"RGL1",4,4,0.831001951112502,"4_of_4"
"C1orf115",4,4,0.830788356446704,"4_of_4"
"TCF7",4,4,0.830003336677737,"4_of_4"
"SCARB2",4,4,0.82996174277172,"4_of_4"
"ZNF704",4,4,0.829485781952118,"4_of_4"
"PXDC1",4,4,0.82771683438986,"4_of_4"
"MCRIP1",4,4,0.827285278325347,"4_of_4"
"RFFL",4,4,0.825563703014218,"4_of_4"
"TMEM198",4,4,0.823916285374272,"4_of_4"
"PROS1",4,4,0.822672064918547,"4_of_4"
"DAPK3",4,4,0.822221416384443,"4_of_4"
"TLCD2",4,4,0.821568271746945,"4_of_4"
"CRYBG1",4,4,0.820662273349885,"4_of_4"
"DNAJB2",4,4,0.818922940706925,"4_of_4"
"MXD4",4,4,0.816849776569745,"4_of_4"
"MST1R",4,4,0.815635507966153,"4_of_4"
"SDF2L1",4,4,0.81558448248246,"4_of_4"
"GPR176",4,4,0.814279515178898,"4_of_4"
"GCNT4",4,4,0.813727766130558,"4_of_4"
"HSPA14",4,4,0.813353979598078,"4_of_4"
"BDH2",4,4,0.811314949877611,"4_of_4"
"RABAC1",4,4,0.81085351943389,"4_of_4"
"PLPP1",4,4,0.810340455301561,"4_of_4"
"DNMBP",4,4,0.809907724573744,"4_of_4"
"GLMP",4,4,0.809463369467549,"4_of_4"
"RHOBTB3",4,4,0.808841241009588,"4_of_4"
"COASY",4,4,0.808116686609317,"4_of_4"
"SMIM29",4,4,0.807816522651951,"4_of_4"
"SNRPG",4,4,0.807655716682611,"4_of_4"
"PIK3IP1",4,4,0.807157094801981,"4_of_4"
"RFT1",4,4,0.806943470340856,"4_of_4"
"PNP",4,4,0.806191997535429,"4_of_4"
"CCN2",4,4,0.805339833588999,"4_of_4"
"TMEM25",4,4,0.805126091290717,"4_of_4"
"ING4",4,4,0.803339899397056,"4_of_4"
"MAP2",4,4,0.803110802332479,"4_of_4"
"NATD1",4,4,0.802289564054363,"4_of_4"
"DAPK1",4,4,0.801133113012642,"4_of_4"
"SLC7A7",4,4,0.800341516057852,"4_of_4"
"BBS12",4,4,0.799238824184195,"4_of_4"
"TAGLN",4,4,0.799234380891227,"4_of_4"
"PHF21A",4,4,0.795903139399532,"4_of_4"
"STK39",4,4,0.793888453125054,"4_of_4"
"OPTN",4,4,0.790996605804574,"4_of_4"
"BCCIP",4,4,0.790580831652872,"4_of_4"
"TRMU",4,4,0.788965207782215,"4_of_4"
"HNRNPF",4,4,0.788212439212898,"4_of_4"
"MAGED2",4,4,0.786382897996886,"4_of_4"
"GBA",4,4,0.782408891563535,"4_of_4"
"NAA50",4,4,0.782188931525102,"4_of_4"
"TUFT1",4,4,0.780198058478581,"4_of_4"
"CLSTN3",4,4,0.775248438539369,"4_of_4"
"CCDC58",4,4,0.774944293583328,"4_of_4"
"ORMDL3",4,4,0.772979052909455,"4_of_4"
"TGM2",4,4,0.772213202074882,"4_of_4"
"POLE4",4,4,0.77078877823163,"4_of_4"
"CHAC2",4,4,0.770641199012569,"4_of_4"
"SERBP1",4,4,0.769080373440028,"4_of_4"
"NEDD9",4,4,0.768173268793581,"4_of_4"
"MOSPD1",4,4,0.767880574171333,"4_of_4"
"SNRPA1",4,4,0.767185096060236,"4_of_4"
"IDUA",4,4,0.76658272138338,"4_of_4"
"GRK4",4,4,0.764352694587509,"4_of_4"
"WIPI1",4,4,0.762444218298858,"4_of_4"
"GGT7",4,4,0.762169919800825,"4_of_4"
"ZDHHC17",4,4,0.761657974362871,"4_of_4"
"GAS6",4,4,0.760903478922821,"4_of_4"
"ITGB2",4,4,0.760902023803854,"4_of_4"
"EPPK1",4,4,0.76035170995347,"4_of_4"
"FSTL3",4,4,0.75930695357514,"4_of_4"
"TTLL12",4,4,0.755549694418802,"4_of_4"
"SCUBE3",4,4,0.754832651833987,"4_of_4"
"NOC2L",4,4,0.754592958841988,"4_of_4"
"PRMT5",4,4,0.753442636031118,"4_of_4"
"MDFI",4,4,0.751124993475133,"4_of_4"
"FOSL1",4,4,0.749385267258615,"4_of_4"
"CLDN4",4,4,0.748507681758597,"4_of_4"
"KARS1",4,4,0.746484370253208,"4_of_4"
"NUAK1",4,4,0.746029607307535,"4_of_4"
"ERMAP",4,4,0.743961921439052,"4_of_4"
"GEMIN6",4,4,0.743149661482043,"4_of_4"
"NOC4L",4,4,0.742198711579532,"4_of_4"
"NCR3LG1",4,4,0.739511482991445,"4_of_4"
"PDSS1",4,4,0.739402654315723,"4_of_4"
"ZNF608",4,4,0.738419626121077,"4_of_4"
"DDX39A",4,4,0.738271401415407,"4_of_4"
"DRAM1",4,4,0.73257012853568,"4_of_4"
"MRPL19",4,4,0.732336536874842,"4_of_4"
"RALB",4,4,0.731512430908248,"4_of_4"
"ARSD",4,4,0.73083245266896,"4_of_4"
"EMP1",4,4,0.727496892103029,"4_of_4"
"TBC1D9",4,4,0.725425835154033,"4_of_4"
"HSPB8",4,4,0.720394682339813,"4_of_4"
"C1orf198",4,4,0.718957570445487,"4_of_4"
"RPF2",4,4,0.717493003298963,"4_of_4"
"SDHAF3",4,4,0.717215496926954,"4_of_4"
"MLKL",4,4,0.715636470255196,"4_of_4"
"ABHD4",4,4,0.714597487999009,"4_of_4"
"SMAGP",4,4,0.71445049092623,"4_of_4"
"GPNMB",4,4,0.713712183330902,"4_of_4"
"PNPT1",4,4,0.712527390285771,"4_of_4"
"PUS1",4,4,0.708207542777268,"4_of_4"
"DUSP4",4,4,0.705126877074891,"4_of_4"
"FGFR1OP",4,4,0.702772810601553,"4_of_4"
"BTN3A1",4,4,0.699048385863769,"4_of_4"
"EEF2KMT",4,4,0.693808586304139,"4_of_4"
"YPEL5",4,4,0.691409207169273,"4_of_4"
"HPDL",4,4,0.684710272719536,"4_of_4"
"ADORA2B",4,4,0.683225333584972,"4_of_4"
"RRAGC",4,4,0.669549735204456,"4_of_4"
"BOLA2",4,4,0.666540507846114,"4_of_4"
"MAP1LC3B",4,4,0.665930155750083,"4_of_4"
"WNT7B",4,4,0.665796285902492,"4_of_4"
"TELO2",4,4,0.649604991839606,"4_of_4"
"CCPG1",4,4,0.649572445231265,"4_of_4"
"GPRC5A",4,4,0.627028427780119,"4_of_4"
"HMGA1",4,4,0.608420886355702,"4_of_4"
"COQ3",4,3,1.14120252595391,"3_of_4"
"KIRREL1",4,3,1.08568759807356,"3_of_4"
"KLF9",4,3,1.08369460157941,"3_of_4"
"LCP1",4,3,1.07794505655524,"3_of_4"
"ZNF138",4,3,1.06112912368935,"3_of_4"
"ASPHD1",4,3,1.05957413766211,"3_of_4"
"BSPRY",4,3,1.05867668218674,"3_of_4"
"NOP53",4,3,1.05845923063979,"3_of_4"
"SLC9B2",4,3,1.05122855126289,"3_of_4"
"CLIC2",4,3,1.05078138265846,"3_of_4"
"TOM1L2",4,3,1.04843771033716,"3_of_4"
"GLIPR2",4,3,1.03578234558018,"3_of_4"
"FCGBP",4,3,1.03180647622527,"3_of_4"
"CYP51A1",4,3,1.0302731674601,"3_of_4"
"TMEM107",4,3,1.02923211406751,"3_of_4"
"MAP3K20",4,3,1.02632583749825,"3_of_4"
"ZNF680",4,3,1.02461093287363,"3_of_4"
"CNTNAP3",4,3,1.01691911835192,"3_of_4"
"ZNF516",4,3,1.01656418541371,"3_of_4"
"MRPL18",4,3,1.01198764047344,"3_of_4"
"MX2",4,3,1.00735511574766,"3_of_4"
"LAYN",4,3,1.0043367327122,"3_of_4"
"OSBPL6",4,3,1.00179026739267,"3_of_4"
"PLPPR2",4,3,1.00173030475831,"3_of_4"
"CPE",4,3,1.00157510184923,"3_of_4"
"KIF26B",4,3,1.0011857046307,"3_of_4"
"INSIG1",4,3,1.00098782831723,"3_of_4"
"PDZD2",4,3,0.999331302223184,"3_of_4"
"FKBP7",4,3,0.999126454199794,"3_of_4"
"RASD2",4,3,0.998896065935742,"3_of_4"
"PLPBP",4,3,0.99609869010551,"3_of_4"
"TCIM",4,3,0.995847248919008,"3_of_4"
"CMTM3",4,3,0.995257700122537,"3_of_4"
"GLUL",4,3,0.992219714472599,"3_of_4"
"MCC",4,3,0.988372340202859,"3_of_4"
"FUT2",4,3,0.987616832449147,"3_of_4"
"MAPT",4,3,0.98543099647732,"3_of_4"
"NUDT5",4,3,0.983419136539785,"3_of_4"
"CREB3L1",4,3,0.982943138566061,"3_of_4"
"PRAF2",4,3,0.981290664647969,"3_of_4"
"GPR87",4,3,0.980673083094038,"3_of_4"
"GTF3C6",4,3,0.980203958386701,"3_of_4"
"S1PR3",4,3,0.979043588424939,"3_of_4"
"RIBC2",4,3,0.978614713163858,"3_of_4"
"ID3",4,3,0.973737280510667,"3_of_4"
"IFITM2",4,3,0.971984445599991,"3_of_4"
"H4C14",4,3,0.971826599277368,"3_of_4"
"TLL1",4,3,0.971782132339938,"3_of_4"
"NCOA7",4,3,0.970182256084092,"3_of_4"
"H2BC11",4,3,0.969007949131123,"3_of_4"
"BTG2",4,3,0.968037040799466,"3_of_4"
"TRAM1L1",4,3,0.966344375041208,"3_of_4"
"GDF15",4,3,0.96303784712538,"3_of_4"
"H3C8",4,3,0.962511742985422,"3_of_4"
"MAML2",4,3,0.958930274761037,"3_of_4"
"IRF7",4,3,0.958916161580468,"3_of_4"
"PIGW",4,3,0.957964131779173,"3_of_4"
"BTD",4,3,0.956012013330846,"3_of_4"
"CCN3",4,3,0.955990318160924,"3_of_4"
"ACTL6A",4,3,0.95589682643477,"3_of_4"
"PLOD2",4,3,0.954603099275273,"3_of_4"
"MINAR1",4,3,0.948606222648701,"3_of_4"
"CD36",4,3,0.947616302817478,"3_of_4"
"AC145212.1",4,3,0.946982625486483,"3_of_4"
"DOCK4",4,3,0.944805410854523,"3_of_4"
"FBXO25",4,3,0.944399661728382,"3_of_4"
"ITGB6",4,3,0.94225007474799,"3_of_4"
"ZBTB47",4,3,0.941399557918622,"3_of_4"
"DAB2",4,3,0.9391255544584,"3_of_4"
"MRPL57",4,3,0.935251661068135,"3_of_4"
"RDH11",4,3,0.935079760299367,"3_of_4"
"C4orf54",4,3,0.932595644761248,"3_of_4"
"APC2",4,3,0.932339143039929,"3_of_4"
"MYO7B",4,3,0.932317379469513,"3_of_4"
"DNAJC9",4,3,0.931606553086771,"3_of_4"
"OSBPL10",4,3,0.931090541566852,"3_of_4"
"KRT17",4,3,0.930753840058347,"3_of_4"
"L1CAM",4,3,0.925968534241507,"3_of_4"
"ATP5MF",4,3,0.923108155576619,"3_of_4"
"TXN",4,3,0.92295149670879,"3_of_4"
"DLG4",4,3,0.922575780093547,"3_of_4"
"MN1",4,3,0.92228987279533,"3_of_4"
"PTPRJ",4,3,0.921360788058522,"3_of_4"
"ZNF862",4,3,0.919648099334516,"3_of_4"
"S100A4",4,3,0.918732846010463,"3_of_4"
"B3GNT7",4,3,0.917277992805873,"3_of_4"
"TFAM",4,3,0.917181072484166,"3_of_4"
"GLRX5",4,3,0.916583661137504,"3_of_4"
"NFATC2",4,3,0.91538154069388,"3_of_4"
"RAB40B",4,3,0.914621366245126,"3_of_4"
"ANKRD6",4,3,0.9140614181946,"3_of_4"
"CCN5",4,3,0.913836656249172,"3_of_4"
"TMEM63C",4,3,0.913446088874685,"3_of_4"
"FAM228B",4,3,0.912352466804599,"3_of_4"
"ITGB3",4,3,0.911542886412733,"3_of_4"
"STK36",4,3,0.910554651034364,"3_of_4"
"FMNL1",4,3,0.908273291715145,"3_of_4"
"NPR3",4,3,0.907947390572458,"3_of_4"
"DHCR24",4,3,0.907427928593229,"3_of_4"
"MAP7",4,3,0.906107940043188,"3_of_4"
"FTL",4,3,0.905739776546405,"3_of_4"
"TCP1",4,3,0.903523815481144,"3_of_4"
"GAL3ST4",4,3,0.902606923242328,"3_of_4"
"DNAH2",4,3,0.902443709909064,"3_of_4"
"SRSF3",4,3,0.900963355156903,"3_of_4"
"SMIM22",4,3,0.900873688325047,"3_of_4"
"PIGZ",4,3,0.900792146859774,"3_of_4"
"F2R",4,3,0.900315323584425,"3_of_4"
"FAM210B",4,3,0.900285330121628,"3_of_4"
"ANTXR2",4,3,0.898962331376846,"3_of_4"
"GFM1",4,3,0.898331815260292,"3_of_4"
"BDH1",4,3,0.897923027124603,"3_of_4"
"OAS1",4,3,0.897555616504764,"3_of_4"
"PTDSS1",4,3,0.896004185329985,"3_of_4"
"PGRMC2",4,3,0.894606153054899,"3_of_4"
"SAMD9",4,3,0.894556576558395,"3_of_4"
"STON2",4,3,0.89407607735208,"3_of_4"
"FSTL1",4,3,0.892475277080981,"3_of_4"
"HNRNPAB",4,3,0.889799062263319,"3_of_4"
"SAMD12",4,3,0.888204634765195,"3_of_4"
"SLC39A13",4,3,0.88767875045466,"3_of_4"
"BICDL1",4,3,0.887079107078092,"3_of_4"
"ACSM4",4,3,0.881045479458537,"3_of_4"
"GLRB",4,3,0.879496157708768,"3_of_4"
"ACTBL2",4,3,0.877057157446481,"3_of_4"
"PAK6",4,3,0.877029064921161,"3_of_4"
"EDIL3",4,3,0.876936264768753,"3_of_4"
"DCLRE1A",4,3,0.875854090357562,"3_of_4"
"SOGA3",4,3,0.875450324249375,"3_of_4"
"PIFO",4,3,0.874417073821221,"3_of_4"
"HNRNPA3",4,3,0.871562939128921,"3_of_4"
"TOMM5",4,3,0.871459276985147,"3_of_4"
"ACYP1",4,3,0.871108445896692,"3_of_4"
"ZNF511",4,3,0.869744117628521,"3_of_4"
"ARPC5L",4,3,0.869393049107188,"3_of_4"
"LRSAM1",4,3,0.86918450968372,"3_of_4"
"YPEL1",4,3,0.868985508653622,"3_of_4"
"ACAT2",4,3,0.86746895665037,"3_of_4"
"FAM49A",4,3,0.86745954254422,"3_of_4"
"BCAM",4,3,0.865925418510629,"3_of_4"
"LDLRAD3",4,3,0.86467567479786,"3_of_4"
"RTKN2",4,3,0.864438793151973,"3_of_4"
"ADCY9",4,3,0.864310679274572,"3_of_4"
"SCEL",4,3,0.863600517766464,"3_of_4"
"USP13",4,3,0.863315075985291,"3_of_4"
"GOT1",4,3,0.861469540254544,"3_of_4"
"HMGB2",4,3,0.860866817029166,"3_of_4"
"RIDA",4,3,0.859891183474881,"3_of_4"
"PDCD2L",4,3,0.85943332877043,"3_of_4"
"EPDR1",4,3,0.858229994637688,"3_of_4"
"HNRNPH3",4,3,0.85687976851746,"3_of_4"
"GPAT3",4,3,0.855376597656065,"3_of_4"
"ATG3",4,3,0.854995734336807,"3_of_4"
"HNRNPM",4,3,0.854487176180469,"3_of_4"
"COLGALT2",4,3,0.854156559637186,"3_of_4"
"XRCC6",4,3,0.851719200954583,"3_of_4"
"ASAP3",4,3,0.851507367886726,"3_of_4"
"ANXA7",4,3,0.850935113929425,"3_of_4"
"NUTM2A",4,3,0.847920028665454,"3_of_4"
"ECM1",4,3,0.84681682894922,"3_of_4"
"PDE5A",4,3,0.846461380103416,"3_of_4"
"RASA3",4,3,0.844467849584359,"3_of_4"
"PCDHGB1",4,3,0.844220132753662,"3_of_4"
"CUL7",4,3,0.844196611830992,"3_of_4"
"DPYSL2",4,3,0.844101956598131,"3_of_4"
"ADM2",4,3,0.842309704712338,"3_of_4"
"CAPRIN2",4,3,0.841896635446082,"3_of_4"
"P2RY2",4,3,0.841682680678225,"3_of_4"
"XRCC4",4,3,0.841351672033712,"3_of_4"
"SLC45A3",4,3,0.840569520730902,"3_of_4"
"SAT2",4,3,0.840188393327511,"3_of_4"
"FANCM",4,3,0.839708241015819,"3_of_4"
"PKN3",4,3,0.839179940273014,"3_of_4"
"CACFD1",4,3,0.838990617455694,"3_of_4"
"UFD1",4,3,0.838853167318597,"3_of_4"
"IL17RC",4,3,0.838196812109749,"3_of_4"
"MAPKAP1",4,3,0.83707103216482,"3_of_4"
"UTP4",4,3,0.835989918353268,"3_of_4"
"PRIM1",4,3,0.835873325044874,"3_of_4"
"PHLDB1",4,3,0.835421447267157,"3_of_4"
"PPIA",4,3,0.833346679344166,"3_of_4"
"TUBA1C",4,3,0.832879776220545,"3_of_4"
"CMSS1",4,3,0.832708590050475,"3_of_4"
"GPRIN2",4,3,0.831955010774199,"3_of_4"
"DAZAP1",4,3,0.829867085828699,"3_of_4"
"RMI1",4,3,0.82919213307251,"3_of_4"
"KCTD7",4,3,0.827485284722274,"3_of_4"
"SYK",4,3,0.827232213434884,"3_of_4"
"BUD23",4,3,0.826016738549594,"3_of_4"
"HMGB3",4,3,0.82590727086035,"3_of_4"
"HSD11B1L",4,3,0.825313370835739,"3_of_4"
"MROH6",4,3,0.824105504075863,"3_of_4"
"TMEM217",4,3,0.82358548484182,"3_of_4"
"PBXIP1",4,3,0.821246336958812,"3_of_4"
"NME1",4,3,0.821202351743162,"3_of_4"
"DLGAP4",4,3,0.821010084368893,"3_of_4"
"NDRG2",4,3,0.820694343808113,"3_of_4"
"PDK4",4,3,0.820315999417246,"3_of_4"
"PSAP",4,3,0.819874223396921,"3_of_4"
"HAUS1",4,3,0.819750498989649,"3_of_4"
"ERO1A",4,3,0.818865029301373,"3_of_4"
"GOLGA8B",4,3,0.818776207368896,"3_of_4"
"PLA2G4C",4,3,0.818356126463773,"3_of_4"
"BOLA3",4,3,0.817282038548642,"3_of_4"
"DNA2",4,3,0.815857586122184,"3_of_4"
"GTF3A",4,3,0.815279365136489,"3_of_4"
"PSMC5",4,3,0.81339492625401,"3_of_4"
"TRMT2B",4,3,0.813270185804117,"3_of_4"
"AC012651.1",4,3,0.811781081347825,"3_of_4"
"FASN",4,3,0.809825578196564,"3_of_4"
"RARB",4,3,0.808941323764514,"3_of_4"
"MPRIP",4,3,0.807553608681289,"3_of_4"
"RAPGEF2",4,3,0.806028986145293,"3_of_4"
"SAPCD2",4,3,0.804765383494306,"3_of_4"
"PA2G4",4,3,0.804659909672277,"3_of_4"
"MRPL9",4,3,0.803442500583287,"3_of_4"
"CRYAB",4,3,0.803309087118631,"3_of_4"
"VEPH1",4,3,0.803200182918655,"3_of_4"
"IGFBP2",4,3,0.801680384072345,"3_of_4"
"TMEM178A",4,3,0.801514270070818,"3_of_4"
"NUDT15",4,3,0.801495353243229,"3_of_4"
"SRSF2",4,3,0.800097370075213,"3_of_4"
"PTGES",4,3,0.799425430422242,"3_of_4"
"LPAR1",4,3,0.798824077807199,"3_of_4"
"SUCLG1",4,3,0.79881578819871,"3_of_4"
"ZFHX2",4,3,0.798226072203323,"3_of_4"
"PTMA",4,3,0.797989532354458,"3_of_4"
"COL4A3",4,3,0.797485896252906,"3_of_4"
"MEGF6",4,3,0.795614274053719,"3_of_4"
"RAN",4,3,0.795387303677411,"3_of_4"
"AKT1",4,3,0.795092655021963,"3_of_4"
"BTN2A2",4,3,0.795069592215233,"3_of_4"
"H2AC6",4,3,0.794377598202143,"3_of_4"
"MATN3",4,3,0.794328567172297,"3_of_4"
"NOP58",4,3,0.792729208479277,"3_of_4"
"GADD45B",4,3,0.790786314582867,"3_of_4"
"CREBRF",4,3,0.790483002426591,"3_of_4"
"EIF5A",4,3,0.79033892357719,"3_of_4"
"DARS1",4,3,0.790035834845715,"3_of_4"
"JPT1",4,3,0.789985009026774,"3_of_4"
"TTC26",4,3,0.789755102499577,"3_of_4"
"BUB3",4,3,0.789600855056817,"3_of_4"
"CAMLG",4,3,0.789384521992074,"3_of_4"
"PASK",4,3,0.788607331780238,"3_of_4"
"MRPL11",4,3,0.788343979744264,"3_of_4"
"PRELID1",4,3,0.787436455225548,"3_of_4"
"SLCO4A1",4,3,0.786741549313874,"3_of_4"
"STON1",4,3,0.785353705203757,"3_of_4"
"ADM",4,3,0.785325159091534,"3_of_4"
"THBS3",4,3,0.784508571456729,"3_of_4"
"EBP",4,3,0.784111711891986,"3_of_4"
"APOE",4,3,0.783129778353512,"3_of_4"
"SRBD1",4,3,0.782882612163978,"3_of_4"
"WDHD1",4,3,0.782735130795978,"3_of_4"
"HPRT1",4,3,0.782149168206955,"3_of_4"
"KLHL24",4,3,0.781758841918651,"3_of_4"
"HS6ST2",4,3,0.78170463589723,"3_of_4"
"SIK1B",4,3,0.781610023310527,"3_of_4"
"GSPT1",4,3,0.780963435526619,"3_of_4"
"IGSF22",4,3,0.779576649032518,"3_of_4"
"ZKSCAN8",4,3,0.7794528339267,"3_of_4"
"CTNNAL1",4,3,0.779419727881588,"3_of_4"
"PDCD4",4,3,0.779390372518278,"3_of_4"
"VRK1",4,3,0.778931945002685,"3_of_4"
"PUM3",4,3,0.778797630476963,"3_of_4"
"CALCOCO1",4,3,0.778763246155331,"3_of_4"
"HMCES",4,3,0.778749038414223,"3_of_4"
"KLHDC2",4,3,0.778626283895492,"3_of_4"
"LSM3",4,3,0.776868319738603,"3_of_4"
"SUSD6",4,3,0.776544684646955,"3_of_4"
"PLGRKT",4,3,0.776168702372333,"3_of_4"
"CSTF2",4,3,0.775938552660778,"3_of_4"
"MTFR1L",4,3,0.775914448843194,"3_of_4"
"RANBP1",4,3,0.775803817171376,"3_of_4"
"GRN",4,3,0.775622466544484,"3_of_4"
"FAM189A2",4,3,0.775570066927858,"3_of_4"
"ANP32B",4,3,0.775067306506194,"3_of_4"
"DNAJB9",4,3,0.773679104551825,"3_of_4"
"DAPK2",4,3,0.773273607935907,"3_of_4"
"MEGF8",4,3,0.773187407158648,"3_of_4"
"TMEM86A",4,3,0.772775293076726,"3_of_4"
"NPTXR",4,3,0.772033146667543,"3_of_4"
"PLSCR4",4,3,0.771905913803808,"3_of_4"
"EDN1",4,3,0.771466363487149,"3_of_4"
"GINS4",4,3,0.77083970553178,"3_of_4"
"ABTB1",4,3,0.770777930078355,"3_of_4"
"DBI",4,3,0.769591923077489,"3_of_4"
"PARD3B",4,3,0.768886902032089,"3_of_4"
"CALD1",4,3,0.768784230532169,"3_of_4"
"PTP4A2",4,3,0.76801915249358,"3_of_4"
"SRSF1",4,3,0.767946793342739,"3_of_4"
"BSDC1",4,3,0.767411516873791,"3_of_4"
"MRPS12",4,3,0.766935196715953,"3_of_4"
"MMS22L",4,3,0.766515347517603,"3_of_4"
"TBC1D30",4,3,0.76546792747579,"3_of_4"
"TP53INP1",4,3,0.765213761589308,"3_of_4"
"NCEH1",4,3,0.764626197145184,"3_of_4"
"BMF",4,3,0.764478609341379,"3_of_4"
"TTC17",4,3,0.762991341104539,"3_of_4"
"PLD1",4,3,0.762432634671051,"3_of_4"
"POLD1",4,3,0.762111369930739,"3_of_4"
"PLEK2",4,3,0.761925761457829,"3_of_4"
"RNASE4",4,3,0.761256003160942,"3_of_4"
"DRAP1",4,3,0.759435983849064,"3_of_4"
"AP1S2",4,3,0.759130763756589,"3_of_4"
"UBL3",4,3,0.758924934392959,"3_of_4"
"SIVA1",4,3,0.758179315625259,"3_of_4"
"HMGCR",4,3,0.75754097622168,"3_of_4"
"POLD3",4,3,0.757495357281114,"3_of_4"
"BZW1",4,3,0.757440892315174,"3_of_4"
"SLC2A11",4,3,0.757195419735953,"3_of_4"
"GMNN",4,3,0.75679600902361,"3_of_4"
"GNPTG",4,3,0.756409249385607,"3_of_4"
"RPS6KA4",4,3,0.756292681798189,"3_of_4"
"NUDC",4,3,0.756154330655586,"3_of_4"
"SNRNP25",4,3,0.756021201146034,"3_of_4"
"SUV39H1",4,3,0.755272923838438,"3_of_4"
"LRP8",4,3,0.753172442336437,"3_of_4"
"TIMM10",4,3,0.753121064639806,"3_of_4"
"KLF4",4,3,0.751597798614772,"3_of_4"
"FDFT1",4,3,0.751586062237664,"3_of_4"
"NCL",4,3,0.751260620478047,"3_of_4"
"SHMT1",4,3,0.750421394867031,"3_of_4"
"ARHGEF9",4,3,0.750363527779756,"3_of_4"
"ADHFE1",4,3,0.748681851200309,"3_of_4"
"NALCN",4,3,0.748157202555569,"3_of_4"
"NBPF12",4,3,0.747737560748692,"3_of_4"
"RRP36",4,3,0.747188138259987,"3_of_4"
"HMOX2",4,3,0.746442247341206,"3_of_4"
"ID2",4,3,0.74578912391819,"3_of_4"
"FAM111B",4,3,0.74557069772011,"3_of_4"
"NREP",4,3,0.745506279034921,"3_of_4"
"HNRNPA2B1",4,3,0.745312488708364,"3_of_4"
"RTN4IP1",4,3,0.744105040268544,"3_of_4"
"DUT",4,3,0.743913844058311,"3_of_4"
"C1QBP",4,3,0.743608114550388,"3_of_4"
"PGP",4,3,0.743088334634423,"3_of_4"
"HAS3",4,3,0.742995176992834,"3_of_4"
"RRP7A",4,3,0.742854955173768,"3_of_4"
"SLIT2",4,3,0.741903660141095,"3_of_4"
"MAST3",4,3,0.741793820515908,"3_of_4"
"JMY",4,3,0.741410542587539,"3_of_4"
"SOX4",4,3,0.741141055694102,"3_of_4"
"AURKAIP1",4,3,0.740397607886155,"3_of_4"
"TMPRSS13",4,3,0.739466641519785,"3_of_4"
"TBCEL",4,3,0.738873067501292,"3_of_4"
"FANCB",4,3,0.738468721009671,"3_of_4"
"GGCT",4,3,0.73774140984553,"3_of_4"
"NUP107",4,3,0.737608575543976,"3_of_4"
"ULK1",4,3,0.737061108773412,"3_of_4"
"CFAP298",4,3,0.737052978868449,"3_of_4"
"TRA2B",4,3,0.736483408972174,"3_of_4"
"PTBP1",4,3,0.734828408531936,"3_of_4"
"MTFP1",4,3,0.734694557181464,"3_of_4"
"SURF2",4,3,0.733523182978061,"3_of_4"
"SRSF7",4,3,0.7328059784344,"3_of_4"
"PPIH",4,3,0.731601749867981,"3_of_4"
"SERINC1",4,3,0.731366395700757,"3_of_4"
"RBM28",4,3,0.730591921877785,"3_of_4"
"GPSM2",4,3,0.730104506597288,"3_of_4"
"GPI",4,3,0.72988616039017,"3_of_4"
"RRS1",4,3,0.729345472593782,"3_of_4"
"PAXX",4,3,0.729301775968138,"3_of_4"
"LATS2",4,3,0.728739952103167,"3_of_4"
"LAT2",4,3,0.727806278359106,"3_of_4"
"DKC1",4,3,0.727286668559423,"3_of_4"
"PPARG",4,3,0.727047142909305,"3_of_4"
"JAK3",4,3,0.725880273790802,"3_of_4"
"PHF5A",4,3,0.725405369235576,"3_of_4"
"LIG1",4,3,0.725387778638275,"3_of_4"
"PROM2",4,3,0.725059942182549,"3_of_4"
"PCMTD1",4,3,0.724675695707221,"3_of_4"
"NUDT21",4,3,0.723934740048646,"3_of_4"
"MRPL20",4,3,0.723671385528594,"3_of_4"
"VAMP5",4,3,0.722162143160675,"3_of_4"
"TFAP4",4,3,0.721853269639724,"3_of_4"
"RAB11FIP1",4,3,0.721816859201417,"3_of_4"
"MVK",4,3,0.72180699392886,"3_of_4"
"POLD2",4,3,0.721724099179144,"3_of_4"
"FAM13B",4,3,0.721071258725559,"3_of_4"
"E2F4",4,3,0.72091638911549,"3_of_4"
"ZFYVE1",4,3,0.720213311385878,"3_of_4"
"MXI1",4,3,0.71979630680587,"3_of_4"
"SERINC3",4,3,0.718644025056232,"3_of_4"
"ISY1",4,3,0.718175568840137,"3_of_4"
"SLC25A5",4,3,0.717296840060593,"3_of_4"
"ENO1",4,3,0.716649995462092,"3_of_4"
"NDUFB8",4,3,0.716627757915421,"3_of_4"
"MILR1",4,3,0.715952247730153,"3_of_4"
"DDX54",4,3,0.71555070542499,"3_of_4"
"SNRPA",4,3,0.715114549624556,"3_of_4"
"TEDC1",4,3,0.714868313741468,"3_of_4"
"NUP93",4,3,0.71400297087014,"3_of_4"
"COL13A1",4,3,0.712408421295365,"3_of_4"
"NGFR",4,3,0.711240750664688,"3_of_4"
"ANP32A",4,3,0.710982954219355,"3_of_4"
"MRPL53",4,3,0.71091527884711,"3_of_4"
"HDAC5",4,3,0.710382270147897,"3_of_4"
"MALL",4,3,0.708881471264054,"3_of_4"
"IFT140",4,3,0.708339102955792,"3_of_4"
"EFHD2",4,3,0.705959997414084,"3_of_4"
"LAD1",4,3,0.704601456351618,"3_of_4"
"AC009133.6",4,3,0.70452995186816,"3_of_4"
"NCAPH2",4,3,0.704238335147353,"3_of_4"
"SMC4",4,3,0.702782620285088,"3_of_4"
"C2orf69",4,3,0.702287717334334,"3_of_4"
"IL4R",4,3,0.700921800425669,"3_of_4"
"CCN1",4,3,0.698535299049899,"3_of_4"
"NOL12",4,3,0.697556082608832,"3_of_4"
"TTLL3",4,3,0.696131150765814,"3_of_4"
"ITGA7",4,3,0.694902830926618,"3_of_4"
"FANCD2",4,3,0.694140207751343,"3_of_4"
"LBH",4,3,0.692456716787203,"3_of_4"
"HNRNPC",4,3,0.692259556581813,"3_of_4"
"CDKN2AIPNL",4,3,0.692255524485552,"3_of_4"
"TESMIN",4,3,0.691309114514436,"3_of_4"
"SH3TC1",4,3,0.690755745863327,"3_of_4"
"IFRD2",4,3,0.689881907469988,"3_of_4"
"ABHD11",4,3,0.688332172271217,"3_of_4"
"MCM7",4,3,0.687374300039286,"3_of_4"
"SLC17A5",4,3,0.684072101664029,"3_of_4"
"CHCHD4",4,3,0.682515370703918,"3_of_4"
"TRIM22",4,3,0.678511763311495,"3_of_4"
"ZNF331",4,3,0.677729024054596,"3_of_4"
"TOMM40",4,3,0.677519981716215,"3_of_4"
"STK38",4,3,0.675783387596519,"3_of_4"
"MCM8",4,3,0.675592056458901,"3_of_4"
"ATP6V1B1",4,3,0.675066046866781,"3_of_4"
"PLXNA3",4,3,0.67312247906027,"3_of_4"
"PPOX",4,3,0.671849870413501,"3_of_4"
"PSMB7",4,3,0.67122145798709,"3_of_4"
"CASZ1",4,3,0.666841283952803,"3_of_4"
"RTL8C",4,3,0.666339989086252,"3_of_4"
"PHLDA1",4,3,0.665717956356775,"3_of_4"
"POP7",4,3,0.664544513872691,"3_of_4"
"SF3B3",4,3,0.663584256354051,"3_of_4"
"NUP205",4,3,0.661426365704371,"3_of_4"
"PTPN21",4,3,0.661344242295644,"3_of_4"
"QTRT2",4,3,0.659153851746677,"3_of_4"
"TRIM29",4,3,0.656590365627587,"3_of_4"
"ADM5",4,3,0.654895840007214,"3_of_4"
"RND3",4,3,0.654580857217916,"3_of_4"
"LAMA3",4,3,0.654211332031505,"3_of_4"
"ZNF232",4,3,0.653596002718967,"3_of_4"
"PJA2",4,3,0.653363536679733,"3_of_4"
"LMNA",4,3,0.650221626737611,"3_of_4"
"SPRED2",4,3,0.650174113740594,"3_of_4"
"ICA1",4,3,0.649578679391712,"3_of_4"
"ETV4",4,3,0.649118040722056,"3_of_4"
"PITPNM3",4,3,0.649068986528978,"3_of_4"
"CLDN23",4,3,0.639815199439083,"3_of_4"
"GULP1",4,3,0.637823039395637,"3_of_4"
"STOML2",4,3,0.634712261030772,"3_of_4"
"TARS3",4,3,0.634623866639144,"3_of_4"
"PRICKLE1",4,3,0.630368099911598,"3_of_4"
"CAPN3",4,3,0.625557611140547,"3_of_4"
"NTMT1",4,3,0.620438927717069,"3_of_4"
"ATF3",4,3,0.619065319688362,"3_of_4"
"SS18L2",4,3,0.616886820573066,"3_of_4"
"AK1",4,3,0.614060792701196,"3_of_4"
"RNF103",4,3,0.602948854496955,"3_of_4"
"PHLDA2",4,3,0.601462014252273,"3_of_4"
"ETV5",4,3,0.597715838582685,"3_of_4"
"SNU13",4,3,0.587163274599479,"3_of_4"
"DUSP15",4,3,0.581554248656884,"3_of_4"
"HSH2D",4,3,0.568623801746564,"3_of_4"
"SLC43A2",4,3,0.555830421328844,"3_of_4"
"ACTN1",3,3,1.50619695643588,"3_of_4"
"CILP2",3,3,1.43238672039196,"3_of_4"
"DHX58",3,3,1.42463850734914,"3_of_4"
"C6orf223",3,3,1.40946115847828,"3_of_4"
"TMEM265",3,3,1.38936207667286,"3_of_4"
"DEPP1",3,3,1.38722045827634,"3_of_4"
"SFTA3",3,3,1.37845823648004,"3_of_4"
"FOXQ1",3,3,1.37146415750088,"3_of_4"
"WWC1",3,3,1.36713105230187,"3_of_4"
"CFB",3,3,1.36093132823028,"3_of_4"
"SLC9A5",3,3,1.33528066675408,"3_of_4"
"DDO",3,3,1.3325809076139,"3_of_4"
"UBA6",3,3,1.33041707997084,"3_of_4"
"SEMA3E",3,3,1.32827233834135,"3_of_4"
"SMIM3",3,3,1.32566535901198,"3_of_4"
"FHOD1",3,3,1.31473342437124,"3_of_4"
"VAMP1",3,3,1.30160574191723,"3_of_4"
"MDH1B",3,3,1.29901024309723,"3_of_4"
"CST6",3,3,1.29445533147216,"3_of_4"
"ASIC1",3,3,1.26588865041865,"3_of_4"
"AC068580.4",3,3,1.26463473604288,"3_of_4"
"TRABD2B",3,3,1.26237052640035,"3_of_4"
"TCEA3",3,3,1.2603136939256,"3_of_4"
"TLE2",3,3,1.25832720339132,"3_of_4"
"CCDC88C",3,3,1.25729753567412,"3_of_4"
"IL1RAPL2",3,3,1.24673259931376,"3_of_4"
"CLTRN",3,3,1.24516281532286,"3_of_4"
"PRR5L",3,3,1.24105252579885,"3_of_4"
"NR5A2",3,3,1.23452996140965,"3_of_4"
"P3H3",3,3,1.23315548301946,"3_of_4"
"MARC1",3,3,1.23216652728894,"3_of_4"
"PADI2",3,3,1.22794010406621,"3_of_4"
"MARCHF4",3,3,1.22624225978603,"3_of_4"
"SLC38A6",3,3,1.22553370847633,"3_of_4"
"CORO2B",3,3,1.2230957681638,"3_of_4"
"NFU1",3,3,1.21930167197841,"3_of_4"
"EFHD1",3,3,1.21517033638531,"3_of_4"
"SH3RF3",3,3,1.21393035140931,"3_of_4"
"CNKSR3",3,3,1.21292415379027,"3_of_4"
"ARRB1",3,3,1.20641974213931,"3_of_4"
"MDFIC",3,3,1.20493842539106,"3_of_4"
"ZYX",3,3,1.20249333025213,"3_of_4"
"TERT",3,3,1.2013047709721,"3_of_4"
"AMIGO1",3,3,1.20034742995663,"3_of_4"
"C1QTNF1",3,3,1.19945012928124,"3_of_4"
"CRIP1",3,3,1.19836021304214,"3_of_4"
"MAP1A",3,3,1.19097885926849,"3_of_4"
"ZBTB7C",3,3,1.19095035009205,"3_of_4"
"TUBGCP5",3,3,1.19057479275441,"3_of_4"
"SOCS1",3,3,1.18974155624922,"3_of_4"
"GXYLT2",3,3,1.18897164189156,"3_of_4"
"ORC2",3,3,1.18896888184725,"3_of_4"
"EVC",3,3,1.18839061549862,"3_of_4"
"POLR3G",3,3,1.1868179202272,"3_of_4"
"VPS51",3,3,1.18564428172186,"3_of_4"
"ROBO3",3,3,1.18431300618305,"3_of_4"
"UACA",3,3,1.18405265240427,"3_of_4"
"GPSM1",3,3,1.1840085129985,"3_of_4"
"REXO5",3,3,1.18313081463928,"3_of_4"
"FLNB",3,3,1.18294393897369,"3_of_4"
"PTHLH",3,3,1.17875706794896,"3_of_4"
"DLC1",3,3,1.17814039958537,"3_of_4"
"ABLIM3",3,3,1.1767497073567,"3_of_4"
"PSG9",3,3,1.17404407559046,"3_of_4"
"OTUB2",3,3,1.17119585653636,"3_of_4"
"PLEKHO2",3,3,1.17029950360375,"3_of_4"
"DENND5A",3,3,1.16932457196537,"3_of_4"
"FOXJ1",3,3,1.1687656207649,"3_of_4"
"NRSN2",3,3,1.16861386477401,"3_of_4"
"STAT5A",3,3,1.16842066457182,"3_of_4"
"THNSL2",3,3,1.16802792707615,"3_of_4"
"DNAJC4",3,3,1.16666193029941,"3_of_4"
"MAOA",3,3,1.16559984002378,"3_of_4"
"ADAMTS15",3,3,1.16430386147012,"3_of_4"
"KRT4",3,3,1.1638676086206,"3_of_4"
"GPR156",3,3,1.15698580598203,"3_of_4"
"PDLIM4",3,3,1.15536579966715,"3_of_4"
"THUMPD3",3,3,1.15430579439832,"3_of_4"
"MYRF",3,3,1.1524498069445,"3_of_4"
"SCAMP5",3,3,1.14937994266426,"3_of_4"
"BACE2",3,3,1.14873915499573,"3_of_4"
"MBD2",3,3,1.14860802929239,"3_of_4"
"SCARF2",3,3,1.14860337773794,"3_of_4"
"MPPE1",3,3,1.1485875195472,"3_of_4"
"THBD",3,3,1.14852659993046,"3_of_4"
"COL8A2",3,3,1.14749287450216,"3_of_4"
"NLGN3",3,3,1.14747448741224,"3_of_4"
"TTC9",3,3,1.14526059185045,"3_of_4"
"RAP1GAP",3,3,1.14341870923743,"3_of_4"
"NEK6",3,3,1.14326289533693,"3_of_4"
"TMEM117",3,3,1.13966564482123,"3_of_4"
"HLA.DMA",3,3,1.13879533285577,"3_of_4"
"TMEM156",3,3,1.13876921390031,"3_of_4"
"GNAZ",3,3,1.1377749230708,"3_of_4"
"GRAMD1B",3,3,1.13725249691507,"3_of_4"
"PSG4",3,3,1.13690522837887,"3_of_4"
"ERRFI1",3,3,1.13644524593185,"3_of_4"
"SERPINF2",3,3,1.13621568145515,"3_of_4"
"PARL",3,3,1.13449833030247,"3_of_4"
"NKX6.1",3,3,1.13444359749138,"3_of_4"
"ULK2",3,3,1.13385897850697,"3_of_4"
"CAMK1D",3,3,1.13331446639919,"3_of_4"
"PPARD",3,3,1.1321960730674,"3_of_4"
"ERO1B",3,3,1.12994121427525,"3_of_4"
"IFIT3",3,3,1.12928336746829,"3_of_4"
"LYNX1",3,3,1.12888445639401,"3_of_4"
"FOXO6",3,3,1.12695999029129,"3_of_4"
"SECTM1",3,3,1.12607435439741,"3_of_4"
"SLCO2B1",3,3,1.12227377894144,"3_of_4"
"FLVCR2",3,3,1.12012495386048,"3_of_4"
"ITGA2",3,3,1.11838393615807,"3_of_4"
"BST2",3,3,1.11826752595141,"3_of_4"
"ATG7",3,3,1.11693578982268,"3_of_4"
"CACNG8",3,3,1.11603134386218,"3_of_4"
"CSPG5",3,3,1.11561271508848,"3_of_4"
"ATG16L2",3,3,1.11538599301749,"3_of_4"
"HSP90AA1",3,3,1.11524303890018,"3_of_4"
"CCDC9B",3,3,1.11489773347831,"3_of_4"
"IL36RN",3,3,1.1144020386596,"3_of_4"
"LHX2",3,3,1.11320480483271,"3_of_4"
"PKIB",3,3,1.10876712819306,"3_of_4"
"SUGCT",3,3,1.10696575080739,"3_of_4"
"COBL",3,3,1.10636734993859,"3_of_4"
"FBXW8",3,3,1.10404342097944,"3_of_4"
"PRDM11",3,3,1.10400232921233,"3_of_4"
"SLC29A4",3,3,1.10381862333304,"3_of_4"
"CTSL",3,3,1.10347930595379,"3_of_4"
"SNX30",3,3,1.10183058580277,"3_of_4"
"PRRG4",3,3,1.10130452383565,"3_of_4"
"SLITRK5",3,3,1.10128126542864,"3_of_4"
"LONRF2",3,3,1.10125077829922,"3_of_4"
"CDKL2",3,3,1.10092269444897,"3_of_4"
"EGFR",3,3,1.09987022025215,"3_of_4"
"IGFLR1",3,3,1.09862287475836,"3_of_4"
"EPHB2",3,3,1.09786532761996,"3_of_4"
"CREB5",3,3,1.09703480420654,"3_of_4"
"NUMA1",3,3,1.09667670910751,"3_of_4"
"SLC1A3",3,3,1.09585972639594,"3_of_4"
"COL16A1",3,3,1.09560174749724,"3_of_4"
"F2RL2",3,3,1.09487999557483,"3_of_4"
"STC2",3,3,1.09285507189346,"3_of_4"
"PDE1C",3,3,1.09272234384902,"3_of_4"
"TANC2",3,3,1.09193676012338,"3_of_4"
"GNPNAT1",3,3,1.09072695925542,"3_of_4"
"TPM1",3,3,1.09041335227686,"3_of_4"
"GYG1",3,3,1.08967168982981,"3_of_4"
"SERPINE2",3,3,1.08951477647128,"3_of_4"
"ADAM11",3,3,1.08909290527569,"3_of_4"
"HEPHL1",3,3,1.08849350884269,"3_of_4"
"SNPH",3,3,1.08728854071499,"3_of_4"
"NPY4R2",3,3,1.08589664629991,"3_of_4"
"ATP8B2",3,3,1.08502857342272,"3_of_4"
"ITGA6",3,3,1.08402494582809,"3_of_4"
"ALDH3B2",3,3,1.08038239238039,"3_of_4"
"REEP6",3,3,1.07887484377912,"3_of_4"
"VTN",3,3,1.07467311929532,"3_of_4"
"SNAI2",3,3,1.07405212769508,"3_of_4"
"PKIG",3,3,1.07177601818653,"3_of_4"
"GCNT2",3,3,1.06968407675135,"3_of_4"
"TRIM8",3,3,1.06885232402699,"3_of_4"
"TMOD2",3,3,1.06880503536683,"3_of_4"
"PROCR",3,3,1.06854027586669,"3_of_4"
"GSTM4",3,3,1.06805889833089,"3_of_4"
"PLAUR",3,3,1.06730152121805,"3_of_4"
"GNAS",3,3,1.06637928673958,"3_of_4"
"C1QTNF3",3,3,1.06557619309967,"3_of_4"
"NACAD",3,3,1.06372123462098,"3_of_4"
"CCT2",3,3,1.06370378649377,"3_of_4"
"TPST2",3,3,1.06204711107649,"3_of_4"
"SH3BGRL",3,3,1.06202151699524,"3_of_4"
"ADAM21",3,3,1.06102585019936,"3_of_4"
"SLC6A6",3,3,1.06063158843421,"3_of_4"
"OGDHL",3,3,1.06006175908669,"3_of_4"
"IGFN1",3,3,1.05957668717856,"3_of_4"
"POPDC3",3,3,1.05747688446952,"3_of_4"
"CHPF2",3,3,1.05685993170442,"3_of_4"
"SYNM",3,3,1.05652101650915,"3_of_4"
"BFSP1",3,3,1.05641453003826,"3_of_4"
"RNF43",3,3,1.0560710800534,"3_of_4"
"KIAA1549L",3,3,1.05591648994504,"3_of_4"
"RSAD2",3,3,1.05537367508741,"3_of_4"
"MAP6",3,3,1.05444777632198,"3_of_4"
"SEC61G",3,3,1.05407599519841,"3_of_4"
"ARAP3",3,3,1.05341988382569,"3_of_4"
"APBB1",3,3,1.05300221533279,"3_of_4"
"CAMK1",3,3,1.05231507233138,"3_of_4"
"PLOD1",3,3,1.05143453729378,"3_of_4"
"CHCHD7",3,3,1.0509841422433,"3_of_4"
"LRRC32",3,3,1.04959764783773,"3_of_4"
"B3GNT2",3,3,1.04950568665266,"3_of_4"
"EPSTI1",3,3,1.0489764665827,"3_of_4"
"WNT10A",3,3,1.04836190643305,"3_of_4"
"COL27A1",3,3,1.04829232437125,"3_of_4"
"GRHL1",3,3,1.0481055222759,"3_of_4"
"FZD2",3,3,1.04808997534716,"3_of_4"
"PLSCR3",3,3,1.04682914147943,"3_of_4"
"GPR37",3,3,1.04606616134918,"3_of_4"
"CTSH",3,3,1.04499297477691,"3_of_4"
"KCNK2",3,3,1.04438603744119,"3_of_4"
"LIMCH1",3,3,1.04403612539557,"3_of_4"
"LZTS3",3,3,1.04375282153977,"3_of_4"
"TMEM92",3,3,1.04167456038093,"3_of_4"
"RGS20",3,3,1.04156089952391,"3_of_4"
"MRC2",3,3,1.0404828865509,"3_of_4"
"HLA.E",3,3,1.04028244272801,"3_of_4"
"SHFL",3,3,1.03901668886905,"3_of_4"
"PRR16",3,3,1.03846761515952,"3_of_4"
"IRS1",3,3,1.03805148883537,"3_of_4"
"MMP24OS",3,3,1.03787830676789,"3_of_4"
"MAN1B1",3,3,1.03780979723737,"3_of_4"
"CHST14",3,3,1.03766924603494,"3_of_4"
"PCDHB8",3,3,1.03755993270588,"3_of_4"
"CXCL14",3,3,1.03742776327043,"3_of_4"
"EMID1",3,3,1.03738044175705,"3_of_4"
"SYDE1",3,3,1.03701959857727,"3_of_4"
"ATAD3B",3,3,1.03700336009571,"3_of_4"
"GLRX3",3,3,1.03643607816189,"3_of_4"
"AUTS2",3,3,1.03606352505248,"3_of_4"
"C16orf74",3,3,1.03596406584293,"3_of_4"
"ZBTB18",3,3,1.03596148533351,"3_of_4"
"CPQ",3,3,1.03576103071314,"3_of_4"
"SPATA13",3,3,1.03566843050813,"3_of_4"
"FAM162A",3,3,1.03562634153357,"3_of_4"
"AKR1C3",3,3,1.03538004961177,"3_of_4"
"ALOX5AP",3,3,1.03520147837996,"3_of_4"
"CTSB",3,3,1.03517518604303,"3_of_4"
"HERC5",3,3,1.03500067349396,"3_of_4"
"LZTS2",3,3,1.03380195371599,"3_of_4"
"C1orf210",3,3,1.03363130194854,"3_of_4"
"IGFBP7",3,3,1.0335888579163,"3_of_4"
"BBS1",3,3,1.03357234368728,"3_of_4"
"ELOC",3,3,1.0333667995087,"3_of_4"
"NUPR1",3,3,1.03258055022753,"3_of_4"
"RAB9B",3,3,1.03241355884473,"3_of_4"
"ZNF503",3,3,1.03161965484831,"3_of_4"
"ADAM28",3,3,1.03099458025091,"3_of_4"
"PCDHGB2",3,3,1.03073231846451,"3_of_4"
"LYPD3",3,3,1.03067194397356,"3_of_4"
"CYP2U1",3,3,1.03041210741282,"3_of_4"
"DDX58",3,3,1.02905334469861,"3_of_4"
"COL4A5",3,3,1.02870381190861,"3_of_4"
"FABP5",3,3,1.02828248443338,"3_of_4"
"VWA5A",3,3,1.02705633843066,"3_of_4"
"CHMP4C",3,3,1.02699001965814,"3_of_4"
"EIF4EBP1",3,3,1.02691578049262,"3_of_4"
"ZNF681",3,3,1.02648652367432,"3_of_4"
"CAV2",3,3,1.02590370322225,"3_of_4"
"HOOK1",3,3,1.02579499277689,"3_of_4"
"NUBP1",3,3,1.02574753349931,"3_of_4"
"RING1",3,3,1.02518226033458,"3_of_4"
"TPRKB",3,3,1.02478546097117,"3_of_4"
"PALLD",3,3,1.02403763606991,"3_of_4"
"ZMAT3",3,3,1.02348714936654,"3_of_4"
"AC040160.1",3,3,1.02265035953812,"3_of_4"
"MISP",3,3,1.0218229702019,"3_of_4"
"NPAS2",3,3,1.02163366266286,"3_of_4"
"BIK",3,3,1.02154131249883,"3_of_4"
"BMP7",3,3,1.02084539096265,"3_of_4"
"MEIS3",3,3,1.0204770774482,"3_of_4"
"GBP2",3,3,1.01911256428432,"3_of_4"
"RGS11",3,3,1.01898520430798,"3_of_4"
"VASN",3,3,1.01873521148487,"3_of_4"
"TNFAIP8",3,3,1.01815510142028,"3_of_4"
"HIVEP1",3,3,1.01708055499218,"3_of_4"
"NCF2",3,3,1.01682164189365,"3_of_4"
"STN1",3,3,1.01681083715588,"3_of_4"
"ATP5MPL",3,3,1.01665886240447,"3_of_4"
"AKT3",3,3,1.01642818814795,"3_of_4"
"CDH24",3,3,1.01627942760548,"3_of_4"
"NR2F2",3,3,1.01593091313438,"3_of_4"
"P3H2",3,3,1.01532205720182,"3_of_4"
"ASPHD2",3,3,1.01396537839799,"3_of_4"
"EIF2AK3",3,3,1.01376291173469,"3_of_4"
"YPEL4",3,3,1.01350105939408,"3_of_4"
"KANK2",3,3,1.01301653246588,"3_of_4"
"SIK2",3,3,1.01222368500769,"3_of_4"
"CFAP410",3,3,1.01180637252938,"3_of_4"
"LIX1L",3,3,1.01073812747674,"3_of_4"
"DNAH11",3,3,1.01037563268363,"3_of_4"
"PUDP",3,3,1.01019283481136,"3_of_4"
"LMO7",3,3,1.00938061219646,"3_of_4"
"SDK1",3,3,1.00923556419911,"3_of_4"
"NCOA1",3,3,1.00885242587157,"3_of_4"
"ARHGAP44",3,3,1.00855300075859,"3_of_4"
"CYB5R2",3,3,1.00849098753204,"3_of_4"
"STX11",3,3,1.00766797792097,"3_of_4"
"BEAN1",3,3,1.00691492852097,"3_of_4"
"NLGN2",3,3,1.00645235415883,"3_of_4"
"GABARAP",3,3,1.006340803213,"3_of_4"
"AXIN2",3,3,1.00589799737995,"3_of_4"
"FAM124A",3,3,1.00559748425789,"3_of_4"
"PON3",3,3,1.0051876275555,"3_of_4"
"HACD2",3,3,1.00517833243712,"3_of_4"
"TBC1D8",3,3,1.00318911825384,"3_of_4"
"TNIK",3,3,1.0027519153289,"3_of_4"
"PALM2AKAP2",3,3,1.00209811446929,"3_of_4"
"NLRP1",3,3,1.0018291922379,"3_of_4"
"OLFML3",3,3,1.0013015329822,"3_of_4"
"RIMS4",3,3,1.0011163507,"3_of_4"
"TMEM167A",3,3,0.999259731549119,"3_of_4"
"WIPF3",3,3,0.999245894329199,"3_of_4"
"SIM2",3,3,0.998179164797779,"3_of_4"
"MED21",3,3,0.997831550731804,"3_of_4"
"RAB11FIP3",3,3,0.997547949864279,"3_of_4"
"DCUN1D5",3,3,0.996666067287678,"3_of_4"
"UBE2L6",3,3,0.996606368344491,"3_of_4"
"LOXL1",3,3,0.99597413123206,"3_of_4"
"NXT2",3,3,0.99551989021794,"3_of_4"
"TCP11L1",3,3,0.995093598142828,"3_of_4"
"C11orf71",3,3,0.994399762352367,"3_of_4"
"PHLDB2",3,3,0.993969703646877,"3_of_4"
"HSD17B7",3,3,0.993869092824945,"3_of_4"
"COL6A2",3,3,0.993809947574907,"3_of_4"
"PLS3",3,3,0.993762894746588,"3_of_4"
"VRK2",3,3,0.993687547942887,"3_of_4"
"ACSS1",3,3,0.992937682638663,"3_of_4"
"AGPAT3",3,3,0.992461547001076,"3_of_4"
"PCDHA1",3,3,0.992075819838617,"3_of_4"
"EFNA4",3,3,0.991648024870102,"3_of_4"
"ANTXR1",3,3,0.991414316509203,"3_of_4"
"C1QL1",3,3,0.991403439749926,"3_of_4"
"NOVA1",3,3,0.991025679786826,"3_of_4"
"INPP5K",3,3,0.990925812230968,"3_of_4"
"ALDH1L1",3,3,0.990914237106573,"3_of_4"
"CDCP1",3,3,0.990903156542492,"3_of_4"
"SH3KBP1",3,3,0.989368209196194,"3_of_4"
"ARID3B",3,3,0.988133279549719,"3_of_4"
"DISP1",3,3,0.987877145005559,"3_of_4"
"CARMIL3",3,3,0.987602504889174,"3_of_4"
"DLX4",3,3,0.986516747656827,"3_of_4"
"EPS8",3,3,0.986445646980181,"3_of_4"
"EFNB3",3,3,0.986311629354936,"3_of_4"
"DUSP6",3,3,0.986301067139912,"3_of_4"
"GTF2A2",3,3,0.986271589094377,"3_of_4"
"NGF",3,3,0.986140927840413,"3_of_4"
"HTR7",3,3,0.985992649737677,"3_of_4"
"PSMD6",3,3,0.985982849409351,"3_of_4"
"TMEM87B",3,3,0.985902953280347,"3_of_4"
"XPO4",3,3,0.985558747618138,"3_of_4"
"GLP2R",3,3,0.984784717650742,"3_of_4"
"WNT5A",3,3,0.984134958400731,"3_of_4"
"SERPINE1",3,3,0.983527507186895,"3_of_4"
"TRPC1",3,3,0.983405390619458,"3_of_4"
"LHX1",3,3,0.98276148220968,"3_of_4"
"RHOU",3,3,0.982754969507266,"3_of_4"
"RUNX2",3,3,0.982697796269822,"3_of_4"
"ARSI",3,3,0.98234654234388,"3_of_4"
"RAB27B",3,3,0.982254154276362,"3_of_4"
"AC055839.2",3,3,0.982072289556545,"3_of_4"
"B2M",3,3,0.981754033178683,"3_of_4"
"PDE4B",3,3,0.981146394847193,"3_of_4"
"KLF13",3,3,0.980172935415531,"3_of_4"
"ZFPM2",3,3,0.979751762739292,"3_of_4"
"ZNF468",3,3,0.979547543702656,"3_of_4"
"SLC4A11",3,3,0.978756213693268,"3_of_4"
"HR",3,3,0.978681879601691,"3_of_4"
"HOXC13",3,3,0.97865849525641,"3_of_4"
"TXNDC16",3,3,0.978625337443709,"3_of_4"
"CEMIP2",3,3,0.977727698962597,"3_of_4"
"HCN4",3,3,0.977583854240252,"3_of_4"
"ARFGEF3",3,3,0.977429815813954,"3_of_4"
"LAMC2",3,3,0.977245129660237,"3_of_4"
"FBN1",3,3,0.97724272243356,"3_of_4"
"SLC2A3",3,3,0.977090127167338,"3_of_4"
"CDH1",3,3,0.976889287899045,"3_of_4"
"CASP4",3,3,0.976570676892027,"3_of_4"
"SOAT1",3,3,0.975816691068709,"3_of_4"
"BTN3A2",3,3,0.975810981584081,"3_of_4"
"SCARA3",3,3,0.975661517221179,"3_of_4"
"RGS16",3,3,0.975563300140916,"3_of_4"
"GOLGA8Q",3,3,0.974411465424158,"3_of_4"
"UCHL3",3,3,0.974253682735341,"3_of_4"
"C12orf57",3,3,0.97424051468024,"3_of_4"
"BRCC3",3,3,0.973769040657736,"3_of_4"
"COL6A3",3,3,0.972877916247944,"3_of_4"
"DBNDD2",3,3,0.972726125214511,"3_of_4"
"TRIO",3,3,0.972704062908661,"3_of_4"
"JADE1",3,3,0.972342371026512,"3_of_4"
"SAA1",3,3,0.971951559977304,"3_of_4"
"SYBU",3,3,0.971826183476657,"3_of_4"
"GJB3",3,3,0.971625893800705,"3_of_4"
"NNMT",3,3,0.971544632088607,"3_of_4"
"SMG6",3,3,0.971094039428842,"3_of_4"
"THOC3",3,3,0.970919928485723,"3_of_4"
"DERPC",3,3,0.97075058103145,"3_of_4"
"TMEM219",3,3,0.9704057014295,"3_of_4"
"CPLANE1",3,3,0.970230428930916,"3_of_4"
"TP53I11",3,3,0.969523647433956,"3_of_4"
"EIF5",3,3,0.969117306061464,"3_of_4"
"BARX2",3,3,0.968914662492401,"3_of_4"
"BCAS3",3,3,0.968828202011671,"3_of_4"
"OSR1",3,3,0.968773177486867,"3_of_4"
"TIGD5",3,3,0.968524922898081,"3_of_4"
"FO681492.1",3,3,0.968416398910863,"3_of_4"
"SLC25A32",3,3,0.968384825743278,"3_of_4"
"ZNF525",3,3,0.968099532872348,"3_of_4"
"CACNB3",3,3,0.967445330276961,"3_of_4"
"TRPC4AP",3,3,0.967044683923403,"3_of_4"
"ZNF641",3,3,0.966689853080656,"3_of_4"
"ERFE",3,3,0.96662976170032,"3_of_4"
"MRPS17",3,3,0.965720813616481,"3_of_4"
"RPS18",3,3,0.965117858077071,"3_of_4"
"PRSS8",3,3,0.964558801266557,"3_of_4"
"NUP88",3,3,0.963912697504517,"3_of_4"
"ABAT",3,3,0.962756376899234,"3_of_4"
"AMOTL1",3,3,0.96223971858503,"3_of_4"
"RRAS",3,3,0.961820430619379,"3_of_4"
"JAG1",3,3,0.961554583689729,"3_of_4"
"ALPG",3,3,0.961159247628091,"3_of_4"
"DGCR2",3,3,0.96043565430834,"3_of_4"
"BICC1",3,3,0.960316380126054,"3_of_4"
"SP6",3,3,0.959714516136998,"3_of_4"
"EMP2",3,3,0.959610296308889,"3_of_4"
"TLR4",3,3,0.959585016162949,"3_of_4"
"ABHD12",3,3,0.957943856361879,"3_of_4"
"KALRN",3,3,0.957779812533231,"3_of_4"
"ALDH1L2",3,3,0.957138086177456,"3_of_4"
"TCHH",3,3,0.956987900974003,"3_of_4"
"DUSP8",3,3,0.95655808596314,"3_of_4"
"VSTM2L",3,3,0.956435089080813,"3_of_4"
"FREM1",3,3,0.956418526380272,"3_of_4"
"AMOT",3,3,0.956043491320784,"3_of_4"
"PDXK",3,3,0.955014894512817,"3_of_4"
"SARM1",3,3,0.954482075936014,"3_of_4"
"LRRC6",3,3,0.954086568168163,"3_of_4"
"PIWIL4",3,3,0.953787288407686,"3_of_4"
"FAM171A1",3,3,0.953681795687926,"3_of_4"
"NXPH3",3,3,0.953141097265171,"3_of_4"
"SLC9A9",3,3,0.953010729756608,"3_of_4"
"KLF5",3,3,0.952600338992833,"3_of_4"
"ZNF469",3,3,0.951643432165706,"3_of_4"
"ALAS1",3,3,0.951576072372167,"3_of_4"
"STAG1",3,3,0.951294510785062,"3_of_4"
"TENM2",3,3,0.950616268721668,"3_of_4"
"DMTN",3,3,0.950422589738182,"3_of_4"
"LRRC27",3,3,0.949472955744976,"3_of_4"
"ZNF428",3,3,0.949335655275676,"3_of_4"
"HS3ST5",3,3,0.949314523321037,"3_of_4"
"WTIP",3,3,0.948500756275342,"3_of_4"
"CLDN7",3,3,0.948085182099021,"3_of_4"
"ORAI3",3,3,0.947614027191893,"3_of_4"
"IL1RL1",3,3,0.946916787351249,"3_of_4"
"KIF26A",3,3,0.94634551639729,"3_of_4"
"PVR",3,3,0.946079176091917,"3_of_4"
"COL26A1",3,3,0.945921763181141,"3_of_4"
"IPPK",3,3,0.945565422889161,"3_of_4"
"PCDHB11",3,3,0.94508644874166,"3_of_4"
"PNPLA2",3,3,0.945072689252891,"3_of_4"
"MAL2",3,3,0.944603545046368,"3_of_4"
"SLC16A7",3,3,0.94447862376794,"3_of_4"
"TMPRSS11E",3,3,0.944301856734546,"3_of_4"
"ERP27",3,3,0.943699730595419,"3_of_4"
"SMARCA1",3,3,0.943339973653474,"3_of_4"
"C22orf23",3,3,0.943169603802758,"3_of_4"
"NET1",3,3,0.943097384990459,"3_of_4"
"SEMA4F",3,3,0.942915216997323,"3_of_4"
"GGTLC1",3,3,0.942609082220624,"3_of_4"
"MARCHF2",3,3,0.942420493949015,"3_of_4"
"HIGD1A",3,3,0.942339701275813,"3_of_4"
"CKAP4",3,3,0.94078423498899,"3_of_4"
"ANXA3",3,3,0.940218758144739,"3_of_4"
"TGFB2",3,3,0.94000585173324,"3_of_4"
"SOCS2",3,3,0.939663474106767,"3_of_4"
"PLPP2",3,3,0.939173869295142,"3_of_4"
"PSG1",3,3,0.938970253048064,"3_of_4"
"FBXO44",3,3,0.938862601268736,"3_of_4"
"USP11",3,3,0.938755851632377,"3_of_4"
"ASB2",3,3,0.938608187648513,"3_of_4"
"CA11",3,3,0.938384419777553,"3_of_4"
"MECOM",3,3,0.937347312804813,"3_of_4"
"SYNC",3,3,0.937208301514103,"3_of_4"
"RTL5",3,3,0.937009884675648,"3_of_4"
"ANO6",3,3,0.93697149723313,"3_of_4"
"BIRC7",3,3,0.935424462641276,"3_of_4"
"SOD3",3,3,0.935221812185049,"3_of_4"
"SHROOM3",3,3,0.935191037138589,"3_of_4"
"ESRP2",3,3,0.935017260683087,"3_of_4"
"SCN1B",3,3,0.934876607904173,"3_of_4"
"OVOL2",3,3,0.934756871953259,"3_of_4"
"BEND7",3,3,0.933784480952935,"3_of_4"
"NDUFAF4",3,3,0.933434457296874,"3_of_4"
"SLC16A4",3,3,0.933238018787961,"3_of_4"
"PADI1",3,3,0.933178658577116,"3_of_4"
"NOP16",3,3,0.932932875631914,"3_of_4"
"WNK2",3,3,0.932818403081191,"3_of_4"
"RBM8A",3,3,0.932577271575649,"3_of_4"
"PCBP1",3,3,0.932412630465762,"3_of_4"
"RAP2B",3,3,0.9322841887348,"3_of_4"
"VGF",3,3,0.932272982168744,"3_of_4"
"LRRN4",3,3,0.931424704560773,"3_of_4"
"WASHC2A",3,3,0.931357263557542,"3_of_4"
"MAP1B",3,3,0.931322348283264,"3_of_4"
"H6PD",3,3,0.930804358189833,"3_of_4"
"MYC",3,3,0.930336048066091,"3_of_4"
"NECTIN2",3,3,0.929385764394421,"3_of_4"
"CAV1",3,3,0.929110664926334,"3_of_4"
"GLS",3,3,0.926579427821156,"3_of_4"
"EPHX1",3,3,0.925184389796961,"3_of_4"
"GOLGA7B",3,3,0.925076066284819,"3_of_4"
"RASSF7",3,3,0.924838316152059,"3_of_4"
"MAGI2",3,3,0.924757003191512,"3_of_4"
"FUCA1",3,3,0.924569332995651,"3_of_4"
"SLC26A2",3,3,0.92456654871482,"3_of_4"
"FZD7",3,3,0.924041356505687,"3_of_4"
"ZNF250",3,3,0.923776700641536,"3_of_4"
"CLTB",3,3,0.923701474231137,"3_of_4"
"PTPRM",3,3,0.922453470411328,"3_of_4"
"ACPP",3,3,0.922303380129598,"3_of_4"
"TMEM30B",3,3,0.921773510460428,"3_of_4"
"SHISAL1",3,3,0.921429761860553,"3_of_4"
"SYT12",3,3,0.921411805764678,"3_of_4"
"CCL2",3,3,0.921131971616301,"3_of_4"
"SYNGR3",3,3,0.920795821056145,"3_of_4"
"SNN",3,3,0.92069747694697,"3_of_4"
"ANKRD1",3,3,0.920520407821112,"3_of_4"
"NQO1",3,3,0.920375796449368,"3_of_4"
"FAM53A",3,3,0.920315193772756,"3_of_4"
"BBS9",3,3,0.919909404954315,"3_of_4"
"ADK",3,3,0.919513081859845,"3_of_4"
"COL20A1",3,3,0.91909080715934,"3_of_4"
"GLCCI1",3,3,0.917755184480199,"3_of_4"
"PDLIM1",3,3,0.917680671061774,"3_of_4"
"TCF7L2",3,3,0.917646431850979,"3_of_4"
"TNFRSF1B",3,3,0.917633043155492,"3_of_4"
"RBPMS",3,3,0.9168688467653,"3_of_4"
"MRPS33",3,3,0.916817891612163,"3_of_4"
"ARHGAP22",3,3,0.916716371380263,"3_of_4"
"FAM89B",3,3,0.91653410569047,"3_of_4"
"CHST6",3,3,0.916414767135083,"3_of_4"
"BCL6",3,3,0.916254138695788,"3_of_4"
"GPR63",3,3,0.916090233522023,"3_of_4"
"NDUFB3",3,3,0.915952234018911,"3_of_4"
"L3HYPDH",3,3,0.914626843708162,"3_of_4"
"MRPL21",3,3,0.914345449506806,"3_of_4"
"TP73",3,3,0.912990995074132,"3_of_4"
"GLI2",3,3,0.912818853815036,"3_of_4"
"FRAS1",3,3,0.912236661420476,"3_of_4"
"LSM6",3,3,0.912144928543458,"3_of_4"
"ADAMTSL4",3,3,0.911701961949787,"3_of_4"
"SLC2A12",3,3,0.911435078654929,"3_of_4"
"KCTD12",3,3,0.910559836526613,"3_of_4"
"ACOT4",3,3,0.910416330141279,"3_of_4"
"AASS",3,3,0.91020516195603,"3_of_4"
"SLC27A4",3,3,0.909414955257928,"3_of_4"
"TTC3",3,3,0.90931604506776,"3_of_4"
"ANPEP",3,3,0.908052124084468,"3_of_4"
"FCGRT",3,3,0.907965906106492,"3_of_4"
"ADGRB2",3,3,0.906533947274931,"3_of_4"
"TSPAN10",3,3,0.90621080110041,"3_of_4"
"LIAS",3,3,0.905969720745184,"3_of_4"
"SPOCK2",3,3,0.905819018323916,"3_of_4"
"CRY2",3,3,0.904393612898149,"3_of_4"
"ABHD3",3,3,0.904375529832032,"3_of_4"
"HDX",3,3,0.904326349776336,"3_of_4"
"PTCH1",3,3,0.904006412144297,"3_of_4"
"PLEKHB1",3,3,0.903634966794391,"3_of_4"
"ZNFX1",3,3,0.90329864741338,"3_of_4"
"EDEM2",3,3,0.90217560582825,"3_of_4"
"CRMP1",3,3,0.901102774245485,"3_of_4"
"SLC26A11",3,3,0.900936274920064,"3_of_4"
"MYH15",3,3,0.900800134871342,"3_of_4"
"REEP2",3,3,0.900636966529344,"3_of_4"
"PAOX",3,3,0.900482678465901,"3_of_4"
"BRD3OS",3,3,0.90016245829282,"3_of_4"
"HRK",3,3,0.899951207483245,"3_of_4"
"ARMCX1",3,3,0.89993514077205,"3_of_4"
"TXNIP",3,3,0.899912680359706,"3_of_4"
"ICAM1",3,3,0.89990732525584,"3_of_4"
"PXDN",3,3,0.899462611053453,"3_of_4"
"NFKBIZ",3,3,0.898297144278964,"3_of_4"
"SLC4A4",3,3,0.897437667291493,"3_of_4"
"RUSC1",3,3,0.897283482733125,"3_of_4"
"TCHHL1",3,3,0.89726167793289,"3_of_4"
"JUND",3,3,0.896828202625956,"3_of_4"
"ARHGEF16",3,3,0.89522864124255,"3_of_4"
"GALNT3",3,3,0.895225170149087,"3_of_4"
"CHPF",3,3,0.894990002385662,"3_of_4"
"RBMS1",3,3,0.89483892285854,"3_of_4"
"ENSA",3,3,0.894521066547615,"3_of_4"
"GAB2",3,3,0.894453326382437,"3_of_4"
"RASSF2",3,3,0.894047312083268,"3_of_4"
"EEF1B2",3,3,0.893920851755147,"3_of_4"
"ZNF846",3,3,0.893740899055809,"3_of_4"
"APOLD1",3,3,0.893165853379372,"3_of_4"
"PLPP3",3,3,0.892626375162936,"3_of_4"
"PPP1R18",3,3,0.891731140723603,"3_of_4"
"PCDHGB7",3,3,0.890878688112984,"3_of_4"
"INPPL1",3,3,0.890304141033591,"3_of_4"
"SLAMF7",3,3,0.889964685316055,"3_of_4"
"SOGA1",3,3,0.889253385721849,"3_of_4"
"TTYH3",3,3,0.888421093048471,"3_of_4"
"IDI1",3,3,0.887686997501621,"3_of_4"
"TMCO3",3,3,0.887379549816659,"3_of_4"
"STEAP4",3,3,0.887339593842337,"3_of_4"
"PLS1",3,3,0.887336239764045,"3_of_4"
"CLCN3",3,3,0.887264171943513,"3_of_4"
"FTSJ1",3,3,0.886582679237676,"3_of_4"
"CDK19",3,3,0.886529972918285,"3_of_4"
"MYCL",3,3,0.886518985401422,"3_of_4"
"PCDHB14",3,3,0.886274834279563,"3_of_4"
"F11R",3,3,0.886269824339855,"3_of_4"
"PCSK1N",3,3,0.885952065422493,"3_of_4"
"SEMA3D",3,3,0.885870168641904,"3_of_4"
"REEP1",3,3,0.885736388528336,"3_of_4"
"GNG7",3,3,0.885617773626552,"3_of_4"
"POMT1",3,3,0.885374816627322,"3_of_4"
"SYTL4",3,3,0.885206641246677,"3_of_4"
"PHB",3,3,0.884702986934256,"3_of_4"
"TP53",3,3,0.884573907492227,"3_of_4"
"HOMER3",3,3,0.884519654408719,"3_of_4"
"PPIC",3,3,0.883883278485564,"3_of_4"
"USP54",3,3,0.883843586876067,"3_of_4"
"CDK14",3,3,0.883033408060736,"3_of_4"
"PRPF38A",3,3,0.882898262019849,"3_of_4"
"RFNG",3,3,0.882797760651342,"3_of_4"
"IFNGR1",3,3,0.882476883429765,"3_of_4"
"PLBD2",3,3,0.882179710459185,"3_of_4"
"CAB39",3,3,0.881897170555091,"3_of_4"
"ADSS1",3,3,0.881703890374157,"3_of_4"
"LHFPL2",3,3,0.881668469631369,"3_of_4"
"ARMC9",3,3,0.879389699281566,"3_of_4"
"HSP90AB1",3,3,0.878746792800705,"3_of_4"
"AATF",3,3,0.878595892250944,"3_of_4"
"EVI5",3,3,0.878540710313197,"3_of_4"
"FAT4",3,3,0.878255216682432,"3_of_4"
"DUS3L",3,3,0.878225593311166,"3_of_4"
"FBXO45",3,3,0.878181870251147,"3_of_4"
"PDIA6",3,3,0.877805243136423,"3_of_4"
"PYM1",3,3,0.877677927486358,"3_of_4"
"ADAP1",3,3,0.877657022819755,"3_of_4"
"SSBP1",3,3,0.877649744768527,"3_of_4"
"XKRX",3,3,0.877392350712944,"3_of_4"
"AL591806.4",3,3,0.877019646087941,"3_of_4"
"CTSD",3,3,0.87682305226339,"3_of_4"
"LTBP1",3,3,0.876640974232296,"3_of_4"
"CALHM5",3,3,0.875944749362034,"3_of_4"
"PTPRF",3,3,0.875680476420107,"3_of_4"
"PHIP",3,3,0.87552816495272,"3_of_4"
"CREG2",3,3,0.875518507036593,"3_of_4"
"CLIC3",3,3,0.87530606078554,"3_of_4"
"MSH2",3,3,0.875284364785499,"3_of_4"
"ARHGAP18",3,3,0.875147265500134,"3_of_4"
"ADAMTS16",3,3,0.874855143521568,"3_of_4"
"RNF157",3,3,0.874693279508141,"3_of_4"
"MGAM",3,3,0.874404099794977,"3_of_4"
"REPS1",3,3,0.874081565899524,"3_of_4"
"OPN3",3,3,0.873725949803099,"3_of_4"
"TCEAL9",3,3,0.873541533953154,"3_of_4"
"HLA.B",3,3,0.872879028197691,"3_of_4"
"MPZL3",3,3,0.872031616958896,"3_of_4"
"HINT2",3,3,0.871411322547925,"3_of_4"
"CD274",3,3,0.870475921882148,"3_of_4"
"CAP2",3,3,0.869419971337269,"3_of_4"
"ARSA",3,3,0.868706231637132,"3_of_4"
"ALKBH8",3,3,0.867849287257182,"3_of_4"
"TMEM8B",3,3,0.867790521293581,"3_of_4"
"INHBA",3,3,0.86756481382984,"3_of_4"
"SMC6",3,3,0.867261963726732,"3_of_4"
"BANK1",3,3,0.866204165293998,"3_of_4"
"SPATS2L",3,3,0.865467354235821,"3_of_4"
"TRAPPC2L",3,3,0.865140305884875,"3_of_4"
"IFT172",3,3,0.863943337359636,"3_of_4"
"NFAM1",3,3,0.863920795004345,"3_of_4"
"MRPS5",3,3,0.863723401031968,"3_of_4"
"SH3PXD2B",3,3,0.863258355205963,"3_of_4"
"MOB2",3,3,0.863118467265976,"3_of_4"
"TOR2A",3,3,0.862312020607591,"3_of_4"
"U2SURP",3,3,0.862059188081963,"3_of_4"
"ZNF233",3,3,0.862022092565218,"3_of_4"
"TMEFF1",3,3,0.861559507462829,"3_of_4"
"CSTB",3,3,0.860949912940622,"3_of_4"
"IL32",3,3,0.860786336055866,"3_of_4"
"ZNF843",3,3,0.860439236526864,"3_of_4"
"SHROOM2",3,3,0.859447291652089,"3_of_4"
"STX2",3,3,0.859423457381753,"3_of_4"
"IL22RA1",3,3,0.859384908562301,"3_of_4"
"CYB5R1",3,3,0.859287211958363,"3_of_4"
"FBLIM1",3,3,0.858995172154787,"3_of_4"
"TOMM6",3,3,0.858738543515471,"3_of_4"
"CDK5R2",3,3,0.858067261424804,"3_of_4"
"FAM207A",3,3,0.857911083272862,"3_of_4"
"CIB1",3,3,0.857874419807513,"3_of_4"
"GPR162",3,3,0.857743408798687,"3_of_4"
"ATG16L1",3,3,0.857683848319359,"3_of_4"
"HMGA2",3,3,0.857604280902108,"3_of_4"
"CACNG4",3,3,0.857394397854141,"3_of_4"
"AOPEP",3,3,0.856788794196446,"3_of_4"
"KLHL22",3,3,0.856681252058604,"3_of_4"
"DHX15",3,3,0.856613567806857,"3_of_4"
"ZC3H15",3,3,0.856187498518527,"3_of_4"
"PLA2G15",3,3,0.855123152193259,"3_of_4"
"H1.10",3,3,0.854895869226359,"3_of_4"
"LOX",3,3,0.854646214172124,"3_of_4"
"PXYLP1",3,3,0.854088557268497,"3_of_4"
"CPT1A",3,3,0.853970293526597,"3_of_4"
"WBP1",3,3,0.852680410435238,"3_of_4"
"KCNB1",3,3,0.85258896410527,"3_of_4"
"GNPTAB",3,3,0.852377366516972,"3_of_4"
"NTHL1",3,3,0.850966181898289,"3_of_4"
"ARFGEF1",3,3,0.85058003847842,"3_of_4"
"C5orf24",3,3,0.850213650587153,"3_of_4"
"PNO1",3,3,0.8497533813249,"3_of_4"
"PKN1",3,3,0.849559624949328,"3_of_4"
"TSPAN11",3,3,0.849466377728038,"3_of_4"
"F12",3,3,0.849302739220318,"3_of_4"
"UTP11",3,3,0.848775047839827,"3_of_4"
"FERMT2",3,3,0.848594097972321,"3_of_4"
"TCN2",3,3,0.848543024149542,"3_of_4"
"PAX9",3,3,0.848205123866651,"3_of_4"
"TMEM106B",3,3,0.846601998225205,"3_of_4"
"TMEM45A",3,3,0.846522539756289,"3_of_4"
"TIMM8A",3,3,0.846244339468505,"3_of_4"
"SAR1B",3,3,0.846008315651892,"3_of_4"
"DBN1",3,3,0.845975381752829,"3_of_4"
"CACHD1",3,3,0.845325273876129,"3_of_4"
"PRNP",3,3,0.844882239100083,"3_of_4"
"IL11RA",3,3,0.844783030105148,"3_of_4"
"GPD2",3,3,0.844372341238085,"3_of_4"
"PSMD2",3,3,0.844305572748367,"3_of_4"
"ROBO1",3,3,0.844291071690336,"3_of_4"
"GRPEL1",3,3,0.843912971320993,"3_of_4"
"PTEN",3,3,0.843722916661427,"3_of_4"
"LPIN1",3,3,0.843571510024198,"3_of_4"
"TMEM44",3,3,0.841511921567161,"3_of_4"
"PAPPA",3,3,0.841375494657948,"3_of_4"
"LIFR",3,3,0.841082913938014,"3_of_4"
"CERS2",3,3,0.840933947915746,"3_of_4"
"SAA2",3,3,0.840514984309937,"3_of_4"
"GPC1",3,3,0.840348130154972,"3_of_4"
"MAP3K9",3,3,0.840065523336047,"3_of_4"
"CD59",3,3,0.839843899116969,"3_of_4"
"COBLL1",3,3,0.839011816553708,"3_of_4"
"FAM107B",3,3,0.838660914562742,"3_of_4"
"FBXO2",3,3,0.83743406591855,"3_of_4"
"DDIT4L",3,3,0.837112739512117,"3_of_4"
"SKIL",3,3,0.836450344855257,"3_of_4"
"TMPRSS3",3,3,0.83633390120658,"3_of_4"
"CYTH3",3,3,0.83611361802744,"3_of_4"
"GRAMD2B",3,3,0.835844506030458,"3_of_4"
"BACE1",3,3,0.835829503854589,"3_of_4"
"QPRT",3,3,0.835750007038044,"3_of_4"
"CMPK2",3,3,0.835222160874445,"3_of_4"
"MAF",3,3,0.834762712501735,"3_of_4"
"CKB",3,3,0.834621047944851,"3_of_4"
"KRT80",3,3,0.834604103185457,"3_of_4"
"PPIF",3,3,0.834165047072106,"3_of_4"
"ARHGEF17",3,3,0.833589247859675,"3_of_4"
"MARCKSL1",3,3,0.832731885508128,"3_of_4"
"WDR43",3,3,0.832671090327084,"3_of_4"
"DDX24",3,3,0.832384160758396,"3_of_4"
"TARDBP",3,3,0.831089727217191,"3_of_4"
"HSBP1",3,3,0.830956292467089,"3_of_4"
"SNRPE",3,3,0.830787839703668,"3_of_4"
"NFATC2IP",3,3,0.830777761090616,"3_of_4"
"LPCAT2",3,3,0.830751811302418,"3_of_4"
"ANXA1",3,3,0.829457185495894,"3_of_4"
"HLA.A",3,3,0.829295200820902,"3_of_4"
"METTL4",3,3,0.829088530459138,"3_of_4"
"ASS1",3,3,0.828942430965284,"3_of_4"
"FANCL",3,3,0.828721616685198,"3_of_4"
"UTP14A",3,3,0.828018572760107,"3_of_4"
"ZNF251",3,3,0.827924698737331,"3_of_4"
"RAB20",3,3,0.827780840881248,"3_of_4"
"CCP110",3,3,0.827616424189891,"3_of_4"
"LACTB",3,3,0.827384996884639,"3_of_4"
"DDAH2",3,3,0.82644703162503,"3_of_4"
"NSDHL",3,3,0.826271222105178,"3_of_4"
"NUCB1",3,3,0.825695777458447,"3_of_4"
"MAN2B1",3,3,0.825331741077063,"3_of_4"
"DDX18",3,3,0.825214432570079,"3_of_4"
"LRRC75B",3,3,0.824822918525515,"3_of_4"
"PGBD5",3,3,0.823949434755383,"3_of_4"
"TMOD1",3,3,0.821471097504756,"3_of_4"
"PRTFDC1",3,3,0.821314093946605,"3_of_4"
"SLX1A",3,3,0.821270568862716,"3_of_4"
"KIF3C",3,3,0.821249995683896,"3_of_4"
"RAC3",3,3,0.821070074668965,"3_of_4"
"HMGCS1",3,3,0.820806163145303,"3_of_4"
"STEAP3",3,3,0.819005018225559,"3_of_4"
"MYEOV",3,3,0.818252852422388,"3_of_4"
"CADM1",3,3,0.818081573915952,"3_of_4"
"CAPN6",3,3,0.817885410590558,"3_of_4"
"MRPL3",3,3,0.81702211075284,"3_of_4"
"DOK4",3,3,0.816698559883387,"3_of_4"
"CDR2L",3,3,0.813800415001924,"3_of_4"
"DPP9",3,3,0.813272491151267,"3_of_4"
"MGAT3",3,3,0.812705923885182,"3_of_4"
"SRP68",3,3,0.812478572718714,"3_of_4"
"DEK",3,3,0.812196977265674,"3_of_4"
"CEP250",3,3,0.810659721499003,"3_of_4"
"ABT1",3,3,0.810408743803763,"3_of_4"
"PRADC1",3,3,0.810116760215697,"3_of_4"
"CD24",3,3,0.809773890859713,"3_of_4"
"NMT1",3,3,0.809718774554481,"3_of_4"
"ADPRH",3,3,0.80959497796541,"3_of_4"
"CA2",3,3,0.80814482096778,"3_of_4"
"MRTFA",3,3,0.808139602466729,"3_of_4"
"PSD4",3,3,0.807718241987513,"3_of_4"
"RASGEF1B",3,3,0.807288924462797,"3_of_4"
"UBA5",3,3,0.807136086148873,"3_of_4"
"LRRC59",3,3,0.806927159614536,"3_of_4"
"MSX1",3,3,0.806797159120697,"3_of_4"
"DHRS12",3,3,0.806684928543516,"3_of_4"
"GPR161",3,3,0.806674019520281,"3_of_4"
"PDZK1IP1",3,3,0.806378188501921,"3_of_4"
"MCTS1",3,3,0.80630005555932,"3_of_4"
"MACC1",3,3,0.80629418010105,"3_of_4"
"EIF3I",3,3,0.806116250545896,"3_of_4"
"ARHGAP42",3,3,0.805790054004061,"3_of_4"
"DYNC2H1",3,3,0.805713273360892,"3_of_4"
"ELK3",3,3,0.805689450000404,"3_of_4"
"BEX4",3,3,0.805336532169188,"3_of_4"
"PSMD12",3,3,0.804910295887248,"3_of_4"
"NPM1",3,3,0.804653673349747,"3_of_4"
"H3.3B",3,3,0.804077754381861,"3_of_4"
"NUP188",3,3,0.803830114574964,"3_of_4"
"CLDN1",3,3,0.803584974905538,"3_of_4"
"PRSS3",3,3,0.803339213329258,"3_of_4"
"LARP4",3,3,0.803164185708917,"3_of_4"
"PLCG1",3,3,0.802606375842461,"3_of_4"
"AC007325.2",3,3,0.801417753447768,"3_of_4"
"BMERB1",3,3,0.801043668144012,"3_of_4"
"TTC33",3,3,0.800014834170992,"3_of_4"
"ARNTL2",3,3,0.799790917573564,"3_of_4"
"HEATR3",3,3,0.799701714149792,"3_of_4"
"SOX12",3,3,0.799675748454194,"3_of_4"
"SLC35E2B",3,3,0.799584850608087,"3_of_4"
"EXT1",3,3,0.799313261750064,"3_of_4"
"SLC22A5",3,3,0.799152964254141,"3_of_4"
"ACOT2",3,3,0.798691611391895,"3_of_4"
"EXD2",3,3,0.798523047182049,"3_of_4"
"TRIB2",3,3,0.798468322266906,"3_of_4"
"ATP5PB",3,3,0.79795731477413,"3_of_4"
"KLK5",3,3,0.797452833681684,"3_of_4"
"P2RX4",3,3,0.797182911039381,"3_of_4"
"ZBED3",3,3,0.79626784329914,"3_of_4"
"ACSL5",3,3,0.79619608737502,"3_of_4"
"ZBTB42",3,3,0.796187017208415,"3_of_4"
"ORC5",3,3,0.794904838908275,"3_of_4"
"PPP2R5A",3,3,0.794657881279963,"3_of_4"
"TTLL4",3,3,0.793318495037296,"3_of_4"
"G2E3",3,3,0.792667130478481,"3_of_4"
"ZNF860",3,3,0.792141513045103,"3_of_4"
"MAB21L4",3,3,0.791421733001202,"3_of_4"
"RAB38",3,3,0.791147946261896,"3_of_4"
"VGLL3",3,3,0.791105784607693,"3_of_4"
"CROT",3,3,0.790906556828644,"3_of_4"
"TGOLN2",3,3,0.790618320364271,"3_of_4"
"ACO1",3,3,0.790482252011225,"3_of_4"
"FGFBP1",3,3,0.790206712935207,"3_of_4"
"CLCNKB",3,3,0.789488137643978,"3_of_4"
"UBE2F",3,3,0.789374811785169,"3_of_4"
"RCAN2",3,3,0.78909346410439,"3_of_4"
"MYOZ1",3,3,0.78878727682444,"3_of_4"
"ITM2C",3,3,0.788023015494609,"3_of_4"
"TAF1A",3,3,0.787887723398978,"3_of_4"
"TFCP2L1",3,3,0.787618103166129,"3_of_4"
"CCDC57",3,3,0.787466305095496,"3_of_4"
"HIP1",3,3,0.78714993633708,"3_of_4"
"TFEB",3,3,0.786581173154317,"3_of_4"
"CCDC69",3,3,0.786310297210987,"3_of_4"
"RNASEH1",3,3,0.786015912904001,"3_of_4"
"RHOF",3,3,0.786007340661484,"3_of_4"
"SMAP2",3,3,0.785810413220929,"3_of_4"
"PPM1G",3,3,0.785772173792863,"3_of_4"
"PID1",3,3,0.785741337355656,"3_of_4"
"MRPL38",3,3,0.785219145197872,"3_of_4"
"PIK3R3",3,3,0.78515628760164,"3_of_4"
"HLX",3,3,0.784816388618539,"3_of_4"
"CNTRL",3,3,0.784647479253303,"3_of_4"
"MRPL58",3,3,0.784448226631931,"3_of_4"
"TUBGCP4",3,3,0.783970607636302,"3_of_4"
"ANKRD13B",3,3,0.783820405435224,"3_of_4"
"C6orf141",3,3,0.782216604551411,"3_of_4"
"SLC25A27",3,3,0.781917192465984,"3_of_4"
"MRPL16",3,3,0.781700226996706,"3_of_4"
"CERS4",3,3,0.781400796408024,"3_of_4"
"SQOR",3,3,0.780893944383728,"3_of_4"
"CDCA7L",3,3,0.780593066540023,"3_of_4"
"AGA",3,3,0.780532317573526,"3_of_4"
"SEMA4B",3,3,0.779576172761142,"3_of_4"
"H2BC5",3,3,0.779321899927916,"3_of_4"
"NEK3",3,3,0.779057542703008,"3_of_4"
"TRIM28",3,3,0.778649486267494,"3_of_4"
"HSPA2",3,3,0.778629182085373,"3_of_4"
"SYTL2",3,3,0.778394334217565,"3_of_4"
"RAPGEF5",3,3,0.778289501361282,"3_of_4"
"RNF144B",3,3,0.77823003273091,"3_of_4"
"CDC42EP3",3,3,0.776645307404582,"3_of_4"
"PSEN1",3,3,0.776075738886367,"3_of_4"
"EXOSC3",3,3,0.77607315227161,"3_of_4"
"INPP5J",3,3,0.775933695018755,"3_of_4"
"DLL1",3,3,0.775894269380054,"3_of_4"
"DMPK",3,3,0.775356291885243,"3_of_4"
"APP",3,3,0.773808766592102,"3_of_4"
"CYP27C1",3,3,0.773532808002435,"3_of_4"
"BAMBI",3,3,0.773404708932152,"3_of_4"
"B3GNT9",3,3,0.772457082120425,"3_of_4"
"ABCA3",3,3,0.771796582596967,"3_of_4"
"FN1",3,3,0.77170486977389,"3_of_4"
"DDX56",3,3,0.771406517443223,"3_of_4"
"KDELR3",3,3,0.769672148854929,"3_of_4"
"ELOA",3,3,0.769658574531159,"3_of_4"
"SLC38A10",3,3,0.768389098370548,"3_of_4"
"VIPR1",3,3,0.766765831602726,"3_of_4"
"DLX3",3,3,0.765702992873778,"3_of_4"
"HCN2",3,3,0.765487978572784,"3_of_4"
"ULBP3",3,3,0.765446613421163,"3_of_4"
"UCHL5",3,3,0.765299596569359,"3_of_4"
"EPHA2",3,3,0.765225747923697,"3_of_4"
"SCN9A",3,3,0.764349805639739,"3_of_4"
"ADCY7",3,3,0.763821868362881,"3_of_4"
"FKBP9",3,3,0.763673591276774,"3_of_4"
"BCS1L",3,3,0.763092828226422,"3_of_4"
"PODXL2",3,3,0.760875271092822,"3_of_4"
"AFAP1",3,3,0.760163136218543,"3_of_4"
"NTF4",3,3,0.759223127332231,"3_of_4"
"NKAIN4",3,3,0.758781847142768,"3_of_4"
"PSMA5",3,3,0.758657131473113,"3_of_4"
"MMP14",3,3,0.758599753803369,"3_of_4"
"CLIC1",3,3,0.758546071124028,"3_of_4"
"H1.0",3,3,0.758497270111584,"3_of_4"
"C17orf100",3,3,0.758299183825651,"3_of_4"
"ALPK1",3,3,0.758270855885391,"3_of_4"
"C2orf72",3,3,0.757669942912033,"3_of_4"
"AK2",3,3,0.757026970302649,"3_of_4"
"RXRB",3,3,0.754777626725393,"3_of_4"
"NUP58",3,3,0.754527906535762,"3_of_4"
"PSMG1",3,3,0.754060261956778,"3_of_4"
"RBM47",3,3,0.754018894523951,"3_of_4"
"WDR34",3,3,0.753734687288086,"3_of_4"
"DIAPH2",3,3,0.753015837828955,"3_of_4"
"DCAF5",3,3,0.752292995787353,"3_of_4"
"CATSPERG",3,3,0.751888085411281,"3_of_4"
"ZBTB2",3,3,0.751764996598883,"3_of_4"
"RAI14",3,3,0.751626223096315,"3_of_4"
"EED",3,3,0.750503600586033,"3_of_4"
"TOP1",3,3,0.750447170631862,"3_of_4"
"LUZP1",3,3,0.74990462373622,"3_of_4"
"ZBTB4",3,3,0.749465676564993,"3_of_4"
"LRRK1",3,3,0.748747024668645,"3_of_4"
"WDR54",3,3,0.748580537031328,"3_of_4"
"ACSF2",3,3,0.748476147328768,"3_of_4"
"GALNT6",3,3,0.747325272522978,"3_of_4"
"CASQ1",3,3,0.747095126185875,"3_of_4"
"CITED2",3,3,0.74697280900195,"3_of_4"
"LAS1L",3,3,0.745179300160086,"3_of_4"
"MAPK8IP1",3,3,0.74515224892443,"3_of_4"
"STEAP1",3,3,0.744288843834515,"3_of_4"
"NOC3L",3,3,0.743447314885549,"3_of_4"
"PPP1R35",3,3,0.741985235953772,"3_of_4"
"DUSP3",3,3,0.741529751901614,"3_of_4"
"STX1A",3,3,0.741254584997997,"3_of_4"
"SARAF",3,3,0.740984501650752,"3_of_4"
"SNX5",3,3,0.740805961760004,"3_of_4"
"SEMA6C",3,3,0.740608356079897,"3_of_4"
"ARID5B",3,3,0.738576087206988,"3_of_4"
"IGFBP3",3,3,0.73787446205442,"3_of_4"
"ADAM17",3,3,0.73668374650806,"3_of_4"
"NDUFC1",3,3,0.736407058644587,"3_of_4"
"C1RL",3,3,0.736348981160772,"3_of_4"
"CEACAM1",3,3,0.736207700930747,"3_of_4"
"MFSD2A",3,3,0.736113625722143,"3_of_4"
"LRP10",3,3,0.735744749949909,"3_of_4"
"LMNTD2",3,3,0.735664339414102,"3_of_4"
"KHSRP",3,3,0.735227791023376,"3_of_4"
"EIPR1",3,3,0.734315843888616,"3_of_4"
"C12orf29",3,3,0.733310643819258,"3_of_4"
"RILPL1",3,3,0.732260345294431,"3_of_4"
"SLC25A39",3,3,0.731837695146222,"3_of_4"
"METTL21A",3,3,0.731748675969428,"3_of_4"
"PPM1H",3,3,0.731171037699357,"3_of_4"
"KIF7",3,3,0.731001170732374,"3_of_4"
"AMOTL2",3,3,0.73076114210843,"3_of_4"
"MBNL2",3,3,0.730290448424237,"3_of_4"
"CGN",3,3,0.729976233150744,"3_of_4"
"NUAK2",3,3,0.729615807137133,"3_of_4"
"SIRPA",3,3,0.729273844621878,"3_of_4"
"PKP2",3,3,0.727775541360488,"3_of_4"
"H2BC8",3,3,0.727042546516992,"3_of_4"
"PGK1",3,3,0.726292149299847,"3_of_4"
"BAZ2B",3,3,0.725232144367539,"3_of_4"
"POLR3H",3,3,0.724913755129074,"3_of_4"
"SRSF9",3,3,0.724759708863308,"3_of_4"
"COA6",3,3,0.723608593038471,"3_of_4"
"ARL15",3,3,0.72224566339892,"3_of_4"
"WASHC2C",3,3,0.721438229941181,"3_of_4"
"PARVA",3,3,0.721083985869969,"3_of_4"
"ARHGAP4",3,3,0.72003372619992,"3_of_4"
"G0S2",3,3,0.719411930257456,"3_of_4"
"CASKIN2",3,3,0.718912709716581,"3_of_4"
"MRPS34",3,3,0.718374559996203,"3_of_4"
"CERCAM",3,3,0.717900633086621,"3_of_4"
"PHC2",3,3,0.717408125898219,"3_of_4"
"FAM83A",3,3,0.716771395398897,"3_of_4"
"RTEL1",3,3,0.716138803709574,"3_of_4"
"TLR3",3,3,0.714501914359713,"3_of_4"
"HCAR1",3,3,0.714342005234282,"3_of_4"
"SLC4A3",3,3,0.714315552648857,"3_of_4"
"POLR2J",3,3,0.713245345940018,"3_of_4"
"MTURN",3,3,0.712772677264154,"3_of_4"
"SLC29A3",3,3,0.711039405111934,"3_of_4"
"UBE2E3",3,3,0.710410608173104,"3_of_4"
"EXOSC7",3,3,0.710102396773782,"3_of_4"
"SOS2",3,3,0.708854563255064,"3_of_4"
"ARHGAP33",3,3,0.708717140916982,"3_of_4"
"DUSP7",3,3,0.708113179946045,"3_of_4"
"ATIC",3,3,0.708054272043068,"3_of_4"
"PAWR",3,3,0.707688918395599,"3_of_4"
"PIGA",3,3,0.706156365370701,"3_of_4"
"MANBA",3,3,0.706054802185093,"3_of_4"
"C1orf116",3,3,0.705589527470317,"3_of_4"
"SLC9A3R1",3,3,0.705439083567146,"3_of_4"
"APRT",3,3,0.703687049187152,"3_of_4"
"GSTK1",3,3,0.703017222741993,"3_of_4"
"NFE2L1",3,3,0.702629392393991,"3_of_4"
"NDOR1",3,3,0.69965866050142,"3_of_4"
"LPIN2",3,3,0.699483898779739,"3_of_4"
"TRAM1",3,3,0.698085164272142,"3_of_4"
"CHRNB1",3,3,0.696953856408146,"3_of_4"
"AHRR",3,3,0.694696556515706,"3_of_4"
"PWP2",3,3,0.693917447484626,"3_of_4"
"SF3B5",3,3,0.693650087246391,"3_of_4"
"EWSR1",3,3,0.69326103492934,"3_of_4"
"GMDS",3,3,0.692081644655304,"3_of_4"
"RRP9",3,3,0.69174254152309,"3_of_4"
"DENND1A",3,3,0.691319116096431,"3_of_4"
"PAM",3,3,0.691075974032871,"3_of_4"
"TBL3",3,3,0.689056251385685,"3_of_4"
"LIMK1",3,3,0.685512631236592,"3_of_4"
"GIPC1",3,3,0.683781082178611,"3_of_4"
"ALG13",3,3,0.683118489907864,"3_of_4"
"ENPP5",3,3,0.682138955362614,"3_of_4"
"ACCS",3,3,0.682063535509442,"3_of_4"
"LAMP2",3,3,0.680664879156637,"3_of_4"
"ARL8A",3,3,0.679350944740941,"3_of_4"
"LAPTM4A",3,3,0.678109119817795,"3_of_4"
"TRMT6",3,3,0.67650823064375,"3_of_4"
"AGPAT1",3,3,0.675501525261596,"3_of_4"
"ATP5F1D",3,3,0.674942013986838,"3_of_4"
"TMEM159",3,3,0.666180013556682,"3_of_4"
"SUMF1",3,3,0.666053437205783,"3_of_4"
"DNAAF5",3,3,0.666029199310284,"3_of_4"
"CYLD",3,3,0.665815459903552,"3_of_4"
"DNAJC6",3,3,0.664958425119738,"3_of_4"
"BAIAP2L1",3,3,0.660281740885838,"3_of_4"
"VANGL2",3,3,0.658271288674041,"3_of_4"
"CPEB2",3,3,0.656265020766478,"3_of_4"
"EEF1E1",3,3,0.65302150665138,"3_of_4"
"FAM177A1",3,3,0.645437767745005,"3_of_4"
"GPATCH4",3,3,0.642093543600707,"3_of_4"
"DUSP10",3,3,0.638986409895818,"3_of_4"
"DHODH",3,3,0.633851328273785,"3_of_4"
"ZNF844",3,3,0.630185373827183,"3_of_4"
"DNASE2",3,3,0.628155869801999,"3_of_4"
"PPP6R1",3,3,0.628029128243448,"3_of_4"
"SMARCD2",3,3,0.618670270842608,"3_of_4"
"MBTPS1",3,3,0.6168566131005,"3_of_4"
"LDLR",3,3,0.615029973586962,"3_of_4"
"MAGI1",3,3,0.608870815648651,"3_of_4"
"ANKRD22",3,3,0.600641645944975,"3_of_4"
"PINX1",3,3,0.590670855936605,"3_of_4"
"CPSF4",3,3,0.588895500257192,"3_of_4"
"STAMBPL1",3,3,0.582454129172737,"3_of_4"
"SSBP2",3,3,0.579752757518382,"3_of_4"
"TIAM1",3,3,0.573769946064326,"3_of_4"
"ARHGDIA",3,3,0.566640487229229,"3_of_4"
"ADGRF4",3,3,0.566157306792547,"3_of_4"
"SERPINA1",3,3,0.540264625424431,"3_of_4"
"PAK4",3,3,0.535529202109849,"3_of_4"
"TRAP1",3,3,0.53332115280056,"3_of_4"
"SLF1",4,2,1.00343098418465,"2_of_4"
"ANKRD9",4,2,0.982219048738212,"2_of_4"
"KIRREL3",4,2,0.963235333646567,"2_of_4"
"ERBB3",4,2,0.939722989843963,"2_of_4"
"EIF5A2",4,2,0.933256695275378,"2_of_4"
"DPP4",4,2,0.929531999069567,"2_of_4"
"MYCBP",4,2,0.903623605105103,"2_of_4"
"PCSK4",4,2,0.892919658171934,"2_of_4"
"ATP6V1FNB",4,2,0.883549671863185,"2_of_4"
"MCIDAS",4,2,0.876644125575091,"2_of_4"
"MRPL39",4,2,0.876235640632542,"2_of_4"
"PXK",4,2,0.837404142229987,"2_of_4"
"TMEM169",4,2,0.835775004513095,"2_of_4"
"NUCB2",4,2,0.832806433842584,"2_of_4"
"ZNF100",4,2,0.826445766544461,"2_of_4"
"ADAMTS13",4,2,0.82381101766675,"2_of_4"
"FAM171B",4,2,0.822738614824047,"2_of_4"
"EXOSC8",4,2,0.822405088051138,"2_of_4"
"E2F7",4,2,0.820511390421578,"2_of_4"
"APBB3",4,2,0.819376831381271,"2_of_4"
"SPOCD1",4,2,0.81668432492534,"2_of_4"
"CCDC187",4,2,0.813445089232552,"2_of_4"
"WNT9A",4,2,0.807735160776753,"2_of_4"
"C2orf16",4,2,0.806679311975716,"2_of_4"
"POC1A",4,2,0.804980490091333,"2_of_4"
"KHK",4,2,0.798789248097455,"2_of_4"
"CENPE",4,2,0.797230628456742,"2_of_4"
"CIT",4,2,0.79600076586819,"2_of_4"
"GUCY2C",4,2,0.79574897413697,"2_of_4"
"RASSF4",4,2,0.794720798380319,"2_of_4"
"FTCD",4,2,0.79046373681205,"2_of_4"
"COX17",4,2,0.78919017384708,"2_of_4"
"USP1",4,2,0.787551591386051,"2_of_4"
"CENPW",4,2,0.785305927361433,"2_of_4"
"EZH2",4,2,0.785065256549788,"2_of_4"
"PRIM2",4,2,0.784138907000063,"2_of_4"
"MYO19",4,2,0.78132258061244,"2_of_4"
"GARNL3",4,2,0.780338240363657,"2_of_4"
"MBOAT1",4,2,0.779883757692329,"2_of_4"
"LIN9",4,2,0.779306944874782,"2_of_4"
"FBXO5",4,2,0.778935573240245,"2_of_4"
"RASSF8",4,2,0.778788217007681,"2_of_4"
"CD37",4,2,0.77844924457278,"2_of_4"
"FBXW12",4,2,0.77839923971373,"2_of_4"
"SMC2",4,2,0.778303292400926,"2_of_4"
"MAPK4",4,2,0.77825559206303,"2_of_4"
"CCDC18",4,2,0.774553105068213,"2_of_4"
"KIZ",4,2,0.773983589746341,"2_of_4"
"PFKFB3",4,2,0.773888773375909,"2_of_4"
"SLC9A3",4,2,0.773309760495461,"2_of_4"
"MST1",4,2,0.772992119532256,"2_of_4"
"TIMELESS",4,2,0.769037709405795,"2_of_4"
"PNPLA7",4,2,0.767829380874854,"2_of_4"
"RARRES1",4,2,0.766843132723889,"2_of_4"
"CDC45",4,2,0.766774765947511,"2_of_4"
"CYCS",4,2,0.766650506913679,"2_of_4"
"GPN3",4,2,0.766578220693393,"2_of_4"
"ZFP57",4,2,0.764901492525816,"2_of_4"
"KNSTRN",4,2,0.764137511884431,"2_of_4"
"ESPL1",4,2,0.76398767598667,"2_of_4"
"TUBA1B",4,2,0.763572831940904,"2_of_4"
"CBFB",4,2,0.762697980861624,"2_of_4"
"DCTPP1",4,2,0.762669870088762,"2_of_4"
"CCDC146",4,2,0.762096576995437,"2_of_4"
"HELLS",4,2,0.760604495499021,"2_of_4"
"DBF4",4,2,0.758223149002929,"2_of_4"
"GEN1",4,2,0.756584839273487,"2_of_4"
"TNFSF4",4,2,0.754622926454831,"2_of_4"
"AADAT",4,2,0.754114883207835,"2_of_4"
"MZT1",4,2,0.753785392010022,"2_of_4"
"POLE3",4,2,0.752326600403591,"2_of_4"
"MCM4",4,2,0.752172611097602,"2_of_4"
"FAM72B",4,2,0.750898108050051,"2_of_4"
"PSMB2",4,2,0.749606560739779,"2_of_4"
"GCHFR",4,2,0.748428988349414,"2_of_4"
"GINS1",4,2,0.747329218576491,"2_of_4"
"KLC4",4,2,0.746463836311126,"2_of_4"
"PRPF4",4,2,0.745310379481821,"2_of_4"
"RRM2",4,2,0.745188692384176,"2_of_4"
"IGIP",4,2,0.744709445402243,"2_of_4"
"ESYT3",4,2,0.743107907040153,"2_of_4"
"MIB2",4,2,0.741327660318822,"2_of_4"
"CENPI",4,2,0.741224366703731,"2_of_4"
"HAT1",4,2,0.740616627352947,"2_of_4"
"DNMT1",4,2,0.73864504321299,"2_of_4"
"YPEL2",4,2,0.737132731110491,"2_of_4"
"CENPQ",4,2,0.73480168209113,"2_of_4"
"SKA2",4,2,0.733462969026812,"2_of_4"
"NASP",4,2,0.733189034865317,"2_of_4"
"CGAS",4,2,0.732187703214919,"2_of_4"
"HMGB1",4,2,0.731375144875732,"2_of_4"
"PAICS",4,2,0.729830111854494,"2_of_4"
"PIF1",4,2,0.729604590555446,"2_of_4"
"DDIAS",4,2,0.728075249002899,"2_of_4"
"DLGAP5",4,2,0.727989331392338,"2_of_4"
"SASS6",4,2,0.727922975813704,"2_of_4"
"MELK",4,2,0.727806848054188,"2_of_4"
"NUP37",4,2,0.727625522184389,"2_of_4"
"MIS18A",4,2,0.726826756853438,"2_of_4"
"CKAP2",4,2,0.726621977269837,"2_of_4"
"HNRNPD",4,2,0.726616341717949,"2_of_4"
"POLN",4,2,0.726042740760255,"2_of_4"
"ZIK1",4,2,0.725801288158274,"2_of_4"
"TMPO",4,2,0.724799395896351,"2_of_4"
"GRAMD1A",4,2,0.724473379449219,"2_of_4"
"C15orf48",4,2,0.723515657084761,"2_of_4"
"NCAPG2",4,2,0.72335242692333,"2_of_4"
"BCL2L12",4,2,0.722088733450362,"2_of_4"
"CDC20",4,2,0.719722442047923,"2_of_4"
"PNRC1",4,2,0.719372093710181,"2_of_4"
"KIF14",4,2,0.719206298165271,"2_of_4"
"RFC2",4,2,0.71909115050722,"2_of_4"
"SGO2",4,2,0.719007673811952,"2_of_4"
"FEN1",4,2,0.718734281087849,"2_of_4"
"FBXL20",4,2,0.7187020442261,"2_of_4"
"TUBB4B",4,2,0.718294065726885,"2_of_4"
"ALYREF",4,2,0.717321136925567,"2_of_4"
"CHAF1B",4,2,0.717046757182774,"2_of_4"
"NCAPH",4,2,0.716746317287404,"2_of_4"
"TYMS",4,2,0.71502624689606,"2_of_4"
"HINFP",4,2,0.714783295163313,"2_of_4"
"MLLT3",4,2,0.714492723639646,"2_of_4"
"H2AZ1",4,2,0.714294290296987,"2_of_4"
"SNRPF",4,2,0.713720019862943,"2_of_4"
"INCENP",4,2,0.71303507694751,"2_of_4"
"PCDHGA2",4,2,0.71278293060931,"2_of_4"
"USP2",4,2,0.712707564647151,"2_of_4"
"RCC1",4,2,0.709926466957797,"2_of_4"
"TIPIN",4,2,0.709833215413117,"2_of_4"
"LAMB2",4,2,0.709514576190164,"2_of_4"
"FANCA",4,2,0.708525490975109,"2_of_4"
"RFC5",4,2,0.708208441453129,"2_of_4"
"STK32A",4,2,0.707947636013,"2_of_4"
"LYAR",4,2,0.707714874948784,"2_of_4"
"NUP35",4,2,0.707341001207428,"2_of_4"
"TRIM59",4,2,0.706730180327544,"2_of_4"
"HMMR",4,2,0.705196869061774,"2_of_4"
"BORA",4,2,0.704732337636667,"2_of_4"
"CCNB1",4,2,0.70375469504815,"2_of_4"
"PBK",4,2,0.703291812257652,"2_of_4"
"CHEK1",4,2,0.703238376021395,"2_of_4"
"SKA3",4,2,0.702576708305482,"2_of_4"
"ARL6IP1",4,2,0.70213782542777,"2_of_4"
"AHNAK2",4,2,0.702061084473964,"2_of_4"
"RFWD3",4,2,0.701991566398075,"2_of_4"
"NDC1",4,2,0.700730820204105,"2_of_4"
"SPDL1",4,2,0.700322659967472,"2_of_4"
"SSX2IP",4,2,0.699400459364791,"2_of_4"
"BUB1",4,2,0.699363583467857,"2_of_4"
"PSMC3",4,2,0.699105790347933,"2_of_4"
"CKS2",4,2,0.698094364054906,"2_of_4"
"UCK2",4,2,0.698006887447074,"2_of_4"
"CENPL",4,2,0.697279046021473,"2_of_4"
"KPNA2",4,2,0.69725365358855,"2_of_4"
"RFC3",4,2,0.697250680409909,"2_of_4"
"KNTC1",4,2,0.69722723164595,"2_of_4"
"ZNF367",4,2,0.696978721461659,"2_of_4"
"RACGAP1",4,2,0.696602711097895,"2_of_4"
"LRR1",4,2,0.696026287734199,"2_of_4"
"GINS3",4,2,0.695790740821817,"2_of_4"
"CENPP",4,2,0.69555957419814,"2_of_4"
"FAM81A",4,2,0.694335606286832,"2_of_4"
"TPP1",4,2,0.694208035689105,"2_of_4"
"CARNS1",4,2,0.694008259825606,"2_of_4"
"BUB1B",4,2,0.692375111149685,"2_of_4"
"MRTO4",4,2,0.691818747560496,"2_of_4"
"TCOF1",4,2,0.691401757117516,"2_of_4"
"ATAD5",4,2,0.691198913071082,"2_of_4"
"AURKA",4,2,0.690946100535419,"2_of_4"
"ASPM",4,2,0.690594472171768,"2_of_4"
"CDC25A",4,2,0.68925411968797,"2_of_4"
"ECT2",4,2,0.689232297745947,"2_of_4"
"UBASH3B",4,2,0.689197046687721,"2_of_4"
"TONSL",4,2,0.688475599693414,"2_of_4"
"DHFR",4,2,0.688129279763619,"2_of_4"
"ZRANB3",4,2,0.687954918326021,"2_of_4"
"RUVBL1",4,2,0.687505787609449,"2_of_4"
"PRC1",4,2,0.686363945401385,"2_of_4"
"MCM10",4,2,0.685867238227993,"2_of_4"
"CCNA2",4,2,0.685256239524666,"2_of_4"
"GOLGA6L4",4,2,0.684849949937014,"2_of_4"
"KIFC1",4,2,0.682155834830511,"2_of_4"
"PLP2",4,2,0.681572512915439,"2_of_4"
"CEP55",4,2,0.681381237389679,"2_of_4"
"SMC1A",4,2,0.680368272257493,"2_of_4"
"DUSP5",4,2,0.680202983540827,"2_of_4"
"GTSE1",4,2,0.679876591370058,"2_of_4"
"CIP2A",4,2,0.679551336977903,"2_of_4"
"RAD54L",4,2,0.679425477473275,"2_of_4"
"POLQ",4,2,0.67832805652832,"2_of_4"
"NABP1",4,2,0.677982595371169,"2_of_4"
"PPP1R3B",4,2,0.677917486891529,"2_of_4"
"NECTIN3",4,2,0.677810445069613,"2_of_4"
"PKM",4,2,0.677642013246218,"2_of_4"
"TBC1D31",4,2,0.676999001454093,"2_of_4"
"KIF20B",4,2,0.675733801032724,"2_of_4"
"NUCKS1",4,2,0.674930175793868,"2_of_4"
"PCNA",4,2,0.674190858387707,"2_of_4"
"MNS1",4,2,0.674024295427325,"2_of_4"
"TSNARE1",4,2,0.673913468234785,"2_of_4"
"PGAM1",4,2,0.673474324597811,"2_of_4"
"NUF2",4,2,0.673282157006584,"2_of_4"
"MCM3",4,2,0.673074944721252,"2_of_4"
"PLK1",4,2,0.671917058229021,"2_of_4"
"ARHGAP11A",4,2,0.671900544895649,"2_of_4"
"POLR3K",4,2,0.671551092235178,"2_of_4"
"KNL1",4,2,0.67103467035807,"2_of_4"
"CDCA2",4,2,0.670617833844945,"2_of_4"
"TFDP1",4,2,0.670617123547096,"2_of_4"
"TTF2",4,2,0.669342817228687,"2_of_4"
"TRAIP",4,2,0.66932418719097,"2_of_4"
"KIF11",4,2,0.668934413275229,"2_of_4"
"BRCA1",4,2,0.668775413437689,"2_of_4"
"DEPDC1B",4,2,0.668739249827813,"2_of_4"
"WRAP53",4,2,0.667270401947872,"2_of_4"
"XRCC2",4,2,0.667239435807326,"2_of_4"
"FARSB",4,2,0.666483894061489,"2_of_4"
"KMT5A",4,2,0.666087286956492,"2_of_4"
"CRELD1",4,2,0.666038800527282,"2_of_4"
"HAUS7",4,2,0.666025848401067,"2_of_4"
"C1orf112",4,2,0.665820224219407,"2_of_4"
"CENPM",4,2,0.66564568757664,"2_of_4"
"WDR62",4,2,0.665468674056638,"2_of_4"
"LSM5",4,2,0.665149787960734,"2_of_4"
"NAIP",4,2,0.664934674129394,"2_of_4"
"TCF19",4,2,0.664394045149051,"2_of_4"
"PCLAF",4,2,0.664057518493087,"2_of_4"
"FAM83D",4,2,0.662186847243905,"2_of_4"
"ZWINT",4,2,0.662085419809669,"2_of_4"
"CDC7",4,2,0.661987868642893,"2_of_4"
"CDC6",4,2,0.661830328925449,"2_of_4"
"WDR4",4,2,0.660904964798376,"2_of_4"
"XRCC3",4,2,0.660868887131183,"2_of_4"
"TOPBP1",4,2,0.660274828811249,"2_of_4"
"CKS1B",4,2,0.659634922304199,"2_of_4"
"SPC25",4,2,0.659517254739875,"2_of_4"
"MTFR2",4,2,0.659151941477011,"2_of_4"
"RBL1",4,2,0.658752828658271,"2_of_4"
"FLRT3",4,2,0.658140315385702,"2_of_4"
"BRCA2",4,2,0.657307038007688,"2_of_4"
"MND1",4,2,0.657266199429172,"2_of_4"
"CDKN3",4,2,0.656014136039731,"2_of_4"
"CLSPN",4,2,0.656012303281485,"2_of_4"
"MKI67",4,2,0.655803132199822,"2_of_4"
"CYC1",4,2,0.655713651059813,"2_of_4"
"RPL39L",4,2,0.655501977751146,"2_of_4"
"UBE2S",4,2,0.655461118361327,"2_of_4"
"PRR11",4,2,0.655093730786246,"2_of_4"
"LMBR1L",4,2,0.654857624043679,"2_of_4"
"TUBG1",4,2,0.654546715465647,"2_of_4"
"FAM72D",4,2,0.654248184092225,"2_of_4"
"COTL1",4,2,0.654211644732794,"2_of_4"
"IQGAP3",4,2,0.652738969575814,"2_of_4"
"KIF23",4,2,0.652539093476415,"2_of_4"
"TRIP13",4,2,0.651563270331208,"2_of_4"
"SLBP",4,2,0.651534072403738,"2_of_4"
"NCAPG",4,2,0.651230679355187,"2_of_4"
"OIP5",4,2,0.651157720483589,"2_of_4"
"AURKB",4,2,0.648838477208031,"2_of_4"
"INSR",4,2,0.648237032541455,"2_of_4"
"E2F8",4,2,0.648050789735177,"2_of_4"
"KIF22",4,2,0.647481602164797,"2_of_4"
"OLFM2",4,2,0.646671708706154,"2_of_4"
"MAD2L1",4,2,0.646587604980015,"2_of_4"
"PLEKHM3",4,2,0.6465718268644,"2_of_4"
"CDK1",4,2,0.646515908411541,"2_of_4"
"UBE2C",4,2,0.646317960145189,"2_of_4"
"ANLN",4,2,0.645903902724873,"2_of_4"
"ANG",4,2,0.645810679406569,"2_of_4"
"FAM214B",4,2,0.644739401961449,"2_of_4"
"DUSP1",4,2,0.644589588454847,"2_of_4"
"GMPS",4,2,0.643928337510681,"2_of_4"
"IMP4",4,2,0.643358399201372,"2_of_4"
"TPX2",4,2,0.642542656463922,"2_of_4"
"CENPA",4,2,0.642523998365495,"2_of_4"
"CENPU",4,2,0.641322735029249,"2_of_4"
"SRM",4,2,0.640751212650552,"2_of_4"
"PEG10",4,2,0.638638823548988,"2_of_4"
"AZIN2",4,2,0.638251982552116,"2_of_4"
"CEP85",4,2,0.637974241598415,"2_of_4"
"ATG14",4,2,0.637689252065654,"2_of_4"
"GINS2",4,2,0.637225146523664,"2_of_4"
"SPAG5",4,2,0.636019624634329,"2_of_4"
"PSRC1",4,2,0.635898044994896,"2_of_4"
"FOSL2",4,2,0.635750148674891,"2_of_4"
"DONSON",4,2,0.635717783089145,"2_of_4"
"PHF19",4,2,0.635645218325055,"2_of_4"
"CMC2",4,2,0.634947782571737,"2_of_4"
"TPI1",4,2,0.634744750588935,"2_of_4"
"PLK4",4,2,0.633843688072822,"2_of_4"
"NAA10",4,2,0.633772300433547,"2_of_4"
"CDCA3",4,2,0.632787218718458,"2_of_4"
"DSCC1",4,2,0.632178463227162,"2_of_4"
"TTK",4,2,0.632136064318299,"2_of_4"
"KIF15",4,2,0.631973480207779,"2_of_4"
"AGPAT5",4,2,0.630474124670364,"2_of_4"
"CENPK",4,2,0.629260474173746,"2_of_4"
"UHRF1",4,2,0.62797767193315,"2_of_4"
"SERPINB5",4,2,0.627917794632123,"2_of_4"
"CDCA8",4,2,0.627564641845987,"2_of_4"
"CDCA7",4,2,0.625477934989781,"2_of_4"
"TACC3",4,2,0.625225935472458,"2_of_4"
"KIAA0355",4,2,0.624760583560349,"2_of_4"
"NDC80",4,2,0.624715695162579,"2_of_4"
"CDCA5",4,2,0.624243043259141,"2_of_4"
"TOP2A",4,2,0.623773673657513,"2_of_4"
"PSMB3",4,2,0.623646048606052,"2_of_4"
"GAS2L3",4,2,0.622292615621138,"2_of_4"
"ARHGAP19",4,2,0.622170012534051,"2_of_4"
"MPHOSPH9",4,2,0.622123497704431,"2_of_4"
"CTPS1",4,2,0.62182299470606,"2_of_4"
"NUDT1",4,2,0.621329818958773,"2_of_4"
"HJURP",4,2,0.621193612661804,"2_of_4"
"CENPO",4,2,0.621085288263879,"2_of_4"
"DEPDC1",4,2,0.620371945737596,"2_of_4"
"RNASEH2A",4,2,0.61981903425781,"2_of_4"
"LMNB1",4,2,0.61926708922315,"2_of_4"
"FAM160B1",4,2,0.618620272828263,"2_of_4"
"KIF4A",4,2,0.618035828027025,"2_of_4"
"THOP1",4,2,0.617925472901347,"2_of_4"
"KIF2C",4,2,0.616675918705443,"2_of_4"
"BLM",4,2,0.616398859055786,"2_of_4"
"TICRR",4,2,0.615094116861028,"2_of_4"
"PKMYT1",4,2,0.614800770855892,"2_of_4"
"ORC1",4,2,0.614494643241118,"2_of_4"
"BRIP1",4,2,0.614338363972831,"2_of_4"
"CCNB2",4,2,0.613024758615441,"2_of_4"
"KIAA0319L",4,2,0.612980706991558,"2_of_4"
"C18orf54",4,2,0.61248679358797,"2_of_4"
"H2AX",4,2,0.61152450493407,"2_of_4"
"RUVBL2",4,2,0.611049697269864,"2_of_4"
"ERCC6L",4,2,0.610831625531697,"2_of_4"
"MTMR3",4,2,0.610778767577056,"2_of_4"
"SNRNP40",4,2,0.610413775665688,"2_of_4"
"POLE",4,2,0.609466850438669,"2_of_4"
"CLIP2",4,2,0.608895807373724,"2_of_4"
"FANCI",4,2,0.607796069599572,"2_of_4"
"WDR76",4,2,0.606624460516067,"2_of_4"
"TK1",4,2,0.605833355215812,"2_of_4"
"NCAPD2",4,2,0.605283532658549,"2_of_4"
"CBX5",4,2,0.605096603004498,"2_of_4"
"CCNF",4,2,0.60476773683693,"2_of_4"
"STIL",4,2,0.604016943455362,"2_of_4"
"MCM6",4,2,0.603766278737734,"2_of_4"
"MDH2",4,2,0.603522810249818,"2_of_4"
"HAUS8",4,2,0.602676609803155,"2_of_4"
"KIF20A",4,2,0.602665747504564,"2_of_4"
"BIRC5",4,2,0.601656889235305,"2_of_4"
"ZGRF1",4,2,0.601069623649601,"2_of_4"
"ASF1B",4,2,0.599518370581029,"2_of_4"
"ZWILCH",4,2,0.599203736157897,"2_of_4"
"BCORL1",4,2,0.599118046937388,"2_of_4"
"DTYMK",4,2,0.598345607139094,"2_of_4"
"ZNF695",4,2,0.597261942171513,"2_of_4"
"IDH2",4,2,0.59665825509798,"2_of_4"
"ARHGAP11B",4,2,0.596445166562548,"2_of_4"
"MCM5",4,2,0.596434957748478,"2_of_4"
"CENPH",4,2,0.594913967548393,"2_of_4"
"MCM2",4,2,0.594161686914056,"2_of_4"
"HECA",4,2,0.593890277891225,"2_of_4"
"CENPN",4,2,0.59382207417771,"2_of_4"
"SGO1",4,2,0.592325585819258,"2_of_4"
"TAF5",4,2,0.588836966965681,"2_of_4"
"AGO4",4,2,0.587364958952396,"2_of_4"
"ORC6",4,2,0.587314419691814,"2_of_4"
"SKA1",4,2,0.585006843700986,"2_of_4"
"PSMC3IP",4,2,0.583807295675652,"2_of_4"
"PTTG1",4,2,0.583071891476892,"2_of_4"
"TRIM6",4,2,0.582530263466015,"2_of_4"
"PCDHB2",4,2,0.58197964719043,"2_of_4"
"NUSAP1",4,2,0.577110094840406,"2_of_4"
"KIF18B",4,2,0.57419575753287,"2_of_4"
"RAD51",4,2,0.573648268733968,"2_of_4"
"UNG",4,2,0.573635863482595,"2_of_4"
"NDE1",4,2,0.573302797268578,"2_of_4"
"NDRG1",4,2,0.572981043227108,"2_of_4"
"TP53INP2",4,2,0.571739728171576,"2_of_4"
"DBF4B",4,2,0.571643053855655,"2_of_4"
"CBLB",4,2,0.570655763620502,"2_of_4"
"RECQL4",4,2,0.570601557780878,"2_of_4"
"TROAP",4,2,0.568603807051626,"2_of_4"
"FLCN",4,2,0.567295692800961,"2_of_4"
"FANCG",4,2,0.564770963873592,"2_of_4"
"MYBL2",4,2,0.563516628089421,"2_of_4"
"RFC4",4,2,0.563302017183321,"2_of_4"
"SPC24",4,2,0.562874931554006,"2_of_4"
"CPEB4",4,2,0.561494409663739,"2_of_4"
"ESCO2",4,2,0.559982047160194,"2_of_4"
"EMC9",4,2,0.559015739867302,"2_of_4"
"RRAGD",4,2,0.557179367340138,"2_of_4"
"MTBP",4,2,0.556180027936595,"2_of_4"
"LURAP1L",4,2,0.555955862563292,"2_of_4"
"NEIL3",4,2,0.555278897973166,"2_of_4"
"FOXM1",4,2,0.551930556427721,"2_of_4"
"RPS6KL1",4,2,0.547607307411951,"2_of_4"
"RAD51AP1",4,2,0.54647739644756,"2_of_4"
"HASPIN",4,2,0.54501413871408,"2_of_4"
"TOR3A",4,2,0.543814087569159,"2_of_4"
"DTL",4,2,0.542764925285254,"2_of_4"
"SHCBP1",4,2,0.540589918510052,"2_of_4"
"ZNF441",4,2,0.539587401899495,"2_of_4"
"ATAD2",4,2,0.533872979569359,"2_of_4"
"NEK2",4,2,0.531707057467207,"2_of_4"
"ARHGEF39",4,2,0.528293989329492,"2_of_4"
"IL20RB",4,2,0.526836749798227,"2_of_4"
"ZNF763",4,2,0.526211728329681,"2_of_4"
"CDT1",4,2,0.524806904477166,"2_of_4"
"ZNF133",4,2,0.523287466926044,"2_of_4"
"TNFAIP8L1",4,2,0.521744951448012,"2_of_4"
"ARSG",4,2,0.517505581627154,"2_of_4"
"NSD2",4,2,0.512666534304851,"2_of_4"
"CENPF",4,2,0.511935447687214,"2_of_4"
"EXO1",4,2,0.511655799609306,"2_of_4"
"CDC25C",4,2,0.511323710232418,"2_of_4"
"RRM1",4,2,0.503595412210142,"2_of_4"
"SNRPD1",4,2,0.498102449289158,"2_of_4"
"NPM3",4,2,0.496973660330578,"2_of_4"
"GCLM",4,2,0.495861074967375,"2_of_4"
"TEDC2",4,2,0.493144781654349,"2_of_4"
"CHAF1A",4,2,0.483562165196087,"2_of_4"
"EME1",4,2,0.481935627340605,"2_of_4"
"HS3ST1",4,2,0.479140400360371,"2_of_4"
"U2AF1L5",4,2,0.470472228867547,"2_of_4"
"CKAP2L",4,2,0.463503481168792,"2_of_4"
"ATP6V1G2.DDX39B",4,2,0.445501859027113,"2_of_4"
"KRBA2",4,2,0.441934078361511,"2_of_4"
"AUNIP",4,2,0.438488924055428,"2_of_4"
"OVOL1",4,2,0.428579214662549,"2_of_4"
"ZNF627",4,2,0.423049730843889,"2_of_4"
"SUSD4",3,2,1.51153241554465,"2_of_4"
"GPX3",3,2,1.4776906191414,"2_of_4"
"PCSK5",3,2,1.40587948968432,"2_of_4"
"LSS",3,2,1.4010672393768,"2_of_4"
"CUL9",3,2,1.3621966848586,"2_of_4"
"LGALSL",3,2,1.36124886845631,"2_of_4"
"VSX1",3,2,1.32672398997579,"2_of_4"
"SEMA3B",3,2,1.30100497132806,"2_of_4"
"ADAM22",3,2,1.29771908056179,"2_of_4"
"ST3GAL2",3,2,1.29496674666483,"2_of_4"
"C2CD4C",3,2,1.282015355865,"2_of_4"
"FLRT2",3,2,1.27182184997401,"2_of_4"
"DNLZ",3,2,1.25923750571331,"2_of_4"
"PRR5.ARHGAP8",3,2,1.25493971756761,"2_of_4"
"HYLS1",3,2,1.23924331017082,"2_of_4"
"ST3GAL5",3,2,1.23809492218249,"2_of_4"
"ZNF581",3,2,1.2301297183103,"2_of_4"
"CRACD",3,2,1.2293061648003,"2_of_4"
"FMO5",3,2,1.22282480202646,"2_of_4"
"OPLAH",3,2,1.22249282399837,"2_of_4"
"USP28",3,2,1.21375559723927,"2_of_4"
"NMT2",3,2,1.21279206354806,"2_of_4"
"IFFO1",3,2,1.20474236237295,"2_of_4"
"WDR92",3,2,1.20331409846805,"2_of_4"
"PLEKHA4",3,2,1.20291149391367,"2_of_4"
"PCDHA3",3,2,1.19985198715274,"2_of_4"
"LARGE1",3,2,1.19836877867928,"2_of_4"
"POGLUT2",3,2,1.19544909055713,"2_of_4"
"CTSV",3,2,1.19474653643623,"2_of_4"
"RNF144A",3,2,1.18901839767313,"2_of_4"
"SYT11",3,2,1.17883800833815,"2_of_4"
"NELL2",3,2,1.17219048783398,"2_of_4"
"PARPBP",3,2,1.17171992014964,"2_of_4"
"MRPL48",3,2,1.17063189165103,"2_of_4"
"RASD1",3,2,1.16898423865464,"2_of_4"
"POP1",3,2,1.16326831579319,"2_of_4"
"COMMD8",3,2,1.15573856020282,"2_of_4"
"TFPI",3,2,1.15568547044263,"2_of_4"
"FRAT1",3,2,1.15155395385458,"2_of_4"
"IFITM1",3,2,1.14893735611091,"2_of_4"
"OTUD6B",3,2,1.14562060495442,"2_of_4"
"SPATC1L",3,2,1.14303518123845,"2_of_4"
"FA2H",3,2,1.14091412478858,"2_of_4"
"ISOC1",3,2,1.14041181780825,"2_of_4"
"SALL2",3,2,1.13539774801766,"2_of_4"
"SCNN1G",3,2,1.13483346079718,"2_of_4"
"B4GALNT1",3,2,1.13437699804408,"2_of_4"
"CEACAM5",3,2,1.13346816271146,"2_of_4"
"HEXD",3,2,1.12979494803537,"2_of_4"
"UBE2K",3,2,1.12950341507686,"2_of_4"
"THSD1",3,2,1.12888562594721,"2_of_4"
"RNF182",3,2,1.12767198471437,"2_of_4"
"CSPG4",3,2,1.12744261101578,"2_of_4"
"TRIM2",3,2,1.12626380614154,"2_of_4"
"GAREM2",3,2,1.12419843697942,"2_of_4"
"CFAP70",3,2,1.12206385244605,"2_of_4"
"KCNQ1",3,2,1.12188191929578,"2_of_4"
"TM4SF1",3,2,1.11926892621733,"2_of_4"
"TIGD2",3,2,1.11827744104462,"2_of_4"
"NR1H3",3,2,1.11466691913833,"2_of_4"
"ITPR1",3,2,1.11338878061569,"2_of_4"
"CD22",3,2,1.11272534642608,"2_of_4"
"CASTOR1",3,2,1.10953683993655,"2_of_4"
"PSME2",3,2,1.10916706047856,"2_of_4"
"C1QTNF6",3,2,1.10529683722191,"2_of_4"
"DUOX2",3,2,1.10505589407587,"2_of_4"
"CARHSP1",3,2,1.10355874706813,"2_of_4"
"STK33",3,2,1.10279769715274,"2_of_4"
"FASTKD1",3,2,1.10158867577359,"2_of_4"
"TMEM178B",3,2,1.10117500050991,"2_of_4"
"BCKDHB",3,2,1.09888103982113,"2_of_4"
"KCNG1",3,2,1.09815189552334,"2_of_4"
"ADGRA2",3,2,1.09799965533221,"2_of_4"
"XDH",3,2,1.09777213551762,"2_of_4"
"RNF223",3,2,1.09476803005436,"2_of_4"
"PPP2R5B",3,2,1.09260603779167,"2_of_4"
"SEMA7A",3,2,1.09256444097002,"2_of_4"
"SFXN1",3,2,1.08917040404649,"2_of_4"
"CPZ",3,2,1.08457167723635,"2_of_4"
"TYRO3",3,2,1.08365705378694,"2_of_4"
"RNF128",3,2,1.08237479819216,"2_of_4"
"DNAJC12",3,2,1.08219385140993,"2_of_4"
"ADAP2",3,2,1.08189315836083,"2_of_4"
"CHORDC1",3,2,1.08155547183494,"2_of_4"
"BBC3",3,2,1.08097568035256,"2_of_4"
"CDK18",3,2,1.08073537148143,"2_of_4"
"ALG10",3,2,1.07922946466662,"2_of_4"
"TMA7",3,2,1.0791430643037,"2_of_4"
"SCLT1",3,2,1.07770509219236,"2_of_4"
"H2AC19",3,2,1.0765364450302,"2_of_4"
"RAB24",3,2,1.07363611016652,"2_of_4"
"GSDMB",3,2,1.07143102582593,"2_of_4"
"SHOX2",3,2,1.06808078782677,"2_of_4"
"MICAL3",3,2,1.06744407206563,"2_of_4"
"PDF",3,2,1.06604202284557,"2_of_4"
"SCG5",3,2,1.06541244014713,"2_of_4"
"PALMD",3,2,1.06477728176417,"2_of_4"
"ATP23",3,2,1.06035906193096,"2_of_4"
"GABBR1",3,2,1.05865908991697,"2_of_4"
"TMEM59L",3,2,1.05786867209959,"2_of_4"
"HECW1",3,2,1.05613463721927,"2_of_4"
"ECHDC2",3,2,1.05590526148382,"2_of_4"
"PHETA2",3,2,1.05467505195554,"2_of_4"
"SRGAP2",3,2,1.04957981847197,"2_of_4"
"ADPRM",3,2,1.04934458370321,"2_of_4"
"PYGO1",3,2,1.04880770325564,"2_of_4"
"WHRN",3,2,1.04802064546373,"2_of_4"
"MANF",3,2,1.04774573286862,"2_of_4"
"TOMM34",3,2,1.04512067139629,"2_of_4"
"RAMP1",3,2,1.04454338917749,"2_of_4"
"KDM6B",3,2,1.04368601683037,"2_of_4"
"THBS4",3,2,1.04345417899059,"2_of_4"
"APLP1",3,2,1.04331423405323,"2_of_4"
"SAP30",3,2,1.04266740517844,"2_of_4"
"ARL14",3,2,1.04220808692828,"2_of_4"
"P2RY6",3,2,1.04046919237651,"2_of_4"
"ANO8",3,2,1.04040781518126,"2_of_4"
"RAB40A",3,2,1.03934245372945,"2_of_4"
"PLLP",3,2,1.0386902048357,"2_of_4"
"PDCL3",3,2,1.03680822106663,"2_of_4"
"KCNQ4",3,2,1.03608039375468,"2_of_4"
"BIVM",3,2,1.03457861709681,"2_of_4"
"KHDRBS3",3,2,1.03402876247429,"2_of_4"
"PDGFRB",3,2,1.03085335928939,"2_of_4"
"ARTN",3,2,1.0290685094859,"2_of_4"
"CDRT4",3,2,1.0279141369226,"2_of_4"
"RUSC2",3,2,1.02759607235385,"2_of_4"
"L2HGDH",3,2,1.0270359254362,"2_of_4"
"CCAR1",3,2,1.02442546927872,"2_of_4"
"MYLK",3,2,1.02358630671367,"2_of_4"
"SMIM6",3,2,1.01864661313756,"2_of_4"
"NYAP2",3,2,1.01826799216881,"2_of_4"
"OR2A7",3,2,1.01740077009472,"2_of_4"
"NDUFAF8",3,2,1.01726516941098,"2_of_4"
"S100A9",3,2,1.01699152086314,"2_of_4"
"DIP2C",3,2,1.01637721453095,"2_of_4"
"ZNF358",3,2,1.01560618327943,"2_of_4"
"ZNF337",3,2,1.01559122922017,"2_of_4"
"TC2N",3,2,1.01486591226054,"2_of_4"
"PIMREG",3,2,1.01478525663918,"2_of_4"
"CSRP1",3,2,1.01417598731464,"2_of_4"
"PSMC1",3,2,1.012688524015,"2_of_4"
"CHADL",3,2,1.01262523770264,"2_of_4"
"SPA17",3,2,1.01204403636748,"2_of_4"
"GCNT1",3,2,1.01164549033438,"2_of_4"
"EVPL",3,2,1.00991483558935,"2_of_4"
"ST3GAL4",3,2,1.00982792020465,"2_of_4"
"MPP2",3,2,1.00928467642164,"2_of_4"
"ACSM3",3,2,1.00899582998627,"2_of_4"
"AIMP2",3,2,1.00831345321906,"2_of_4"
"HHIPL1",3,2,1.00696041467747,"2_of_4"
"LHPP",3,2,1.00682420784543,"2_of_4"
"EPS8L1",3,2,1.00681205694641,"2_of_4"
"SLC34A3",3,2,1.00660987328052,"2_of_4"
"NRP1",3,2,1.00561079552149,"2_of_4"
"DIRAS1",3,2,1.00545123426766,"2_of_4"
"CRLF1",3,2,1.00516364756525,"2_of_4"
"LRRC8B",3,2,1.00459309671376,"2_of_4"
"PCDHGA6",3,2,1.00444615109898,"2_of_4"
"CCDC34",3,2,1.00402540710357,"2_of_4"
"ZNF33B",3,2,1.0036782900592,"2_of_4"
"E2F1",3,2,1.00328893067677,"2_of_4"
"PDGFB",3,2,1.00065072230082,"2_of_4"
"ARHGAP23",3,2,1.00063812628759,"2_of_4"
"C3orf14",3,2,0.99991441718711,"2_of_4"
"CLDN9",3,2,0.999814254596633,"2_of_4"
"DENND5B",3,2,0.99957718454162,"2_of_4"
"FAM161B",3,2,0.999558415932253,"2_of_4"
"COL18A1",3,2,0.999292355889578,"2_of_4"
"UBE2T",3,2,0.998357477433245,"2_of_4"
"ENTPD3",3,2,0.998279115456686,"2_of_4"
"GBGT1",3,2,0.998092334232159,"2_of_4"
"SLC23A2",3,2,0.995907281255346,"2_of_4"
"ABLIM2",3,2,0.995589023808696,"2_of_4"
"PRR36",3,2,0.994549803735578,"2_of_4"
"ZNF732",3,2,0.993590892215633,"2_of_4"
"EXOSC6",3,2,0.993162120488458,"2_of_4"
"MEX3B",3,2,0.99250698969076,"2_of_4"
"NEURL1B",3,2,0.992240748465326,"2_of_4"
"CSDC2",3,2,0.992087810364364,"2_of_4"
"C1orf21",3,2,0.991823794108747,"2_of_4"
"GRK5",3,2,0.99067407223923,"2_of_4"
"IGF2",3,2,0.990525760902133,"2_of_4"
"IGDCC4",3,2,0.990067562009021,"2_of_4"
"CGB7",3,2,0.990027933306367,"2_of_4"
"KRT81",3,2,0.989979999325253,"2_of_4"
"PPP2R2C",3,2,0.989514943730833,"2_of_4"
"CAPN5",3,2,0.988746304195383,"2_of_4"
"RPS7",3,2,0.988268338083043,"2_of_4"
"CES4A",3,2,0.988167118741682,"2_of_4"
"C21orf58",3,2,0.987405054154906,"2_of_4"
"DDX39B",3,2,0.986230513107833,"2_of_4"
"SLC35C1",3,2,0.983924087494444,"2_of_4"
"PCGF1",3,2,0.983855329153736,"2_of_4"
"TRAK1",3,2,0.981707556170929,"2_of_4"
"GOLGA6L9",3,2,0.980558623582688,"2_of_4"
"RDM1",3,2,0.979949488330816,"2_of_4"
"PPP1R14B",3,2,0.976438296273661,"2_of_4"
"NKX3.1",3,2,0.976315101556342,"2_of_4"
"CEP57L1",3,2,0.976037377534371,"2_of_4"
"CELF6",3,2,0.975787163108845,"2_of_4"
"AC253572.1",3,2,0.975408067265049,"2_of_4"
"BEND6",3,2,0.974816446555238,"2_of_4"
"VXN",3,2,0.97451665583638,"2_of_4"
"NXN",3,2,0.973117467270678,"2_of_4"
"COPRS",3,2,0.972724827835864,"2_of_4"
"ADAMTS12",3,2,0.97257750692997,"2_of_4"
"MRPS28",3,2,0.972541333172212,"2_of_4"
"C15orf41",3,2,0.972534831831453,"2_of_4"
"RAD1",3,2,0.972022283525013,"2_of_4"
"PDGFA",3,2,0.971719229172654,"2_of_4"
"FOLR1",3,2,0.969623820130891,"2_of_4"
"TMEM40",3,2,0.969273570246368,"2_of_4"
"ALPL",3,2,0.968988722156638,"2_of_4"
"CCDC149",3,2,0.968164942124067,"2_of_4"
"RPP30",3,2,0.967857678096756,"2_of_4"
"CYP4F11",3,2,0.966496588304094,"2_of_4"
"TPM2",3,2,0.965727060232872,"2_of_4"
"SLC25A45",3,2,0.964538178789161,"2_of_4"
"LDB1",3,2,0.96450398852881,"2_of_4"
"TGFBI",3,2,0.964308541255348,"2_of_4"
"GNA14",3,2,0.963639648941409,"2_of_4"
"RNF150",3,2,0.962515889714048,"2_of_4"
"ZDHHC12",3,2,0.962489208406427,"2_of_4"
"STIP1",3,2,0.961427210126324,"2_of_4"
"ADCY5",3,2,0.960566666071797,"2_of_4"
"A1BG",3,2,0.958999690817975,"2_of_4"
"DNAJC18",3,2,0.958601843419014,"2_of_4"
"C15orf39",3,2,0.957315922370166,"2_of_4"
"ZNF181",3,2,0.955783900662367,"2_of_4"
"FHL2",3,2,0.95519477053539,"2_of_4"
"NOTCH2NLA",3,2,0.954996978017904,"2_of_4"
"ILDR2",3,2,0.95354017386891,"2_of_4"
"WWTR1",3,2,0.952971870554348,"2_of_4"
"RCL1",3,2,0.952604046633204,"2_of_4"
"DNER",3,2,0.951357865719941,"2_of_4"
"AKAP3",3,2,0.950908207373161,"2_of_4"
"CDKL5",3,2,0.950712250839708,"2_of_4"
"STC1",3,2,0.950608448048142,"2_of_4"
"ANXA9",3,2,0.948712455681078,"2_of_4"
"PBX1",3,2,0.947838110877042,"2_of_4"
"IDE",3,2,0.947663400388343,"2_of_4"
"PCOLCE2",3,2,0.94754762380653,"2_of_4"
"TNS2",3,2,0.947501108125085,"2_of_4"
"ITGA5",3,2,0.946433854364237,"2_of_4"
"THAP8",3,2,0.945855041943049,"2_of_4"
"PBLD",3,2,0.944954817271551,"2_of_4"
"TCEAL8",3,2,0.944690657771164,"2_of_4"
"KIF21B",3,2,0.944007006031832,"2_of_4"
"GNA15",3,2,0.943957227531066,"2_of_4"
"LDB3",3,2,0.943748640060664,"2_of_4"
"CS",3,2,0.943727444057553,"2_of_4"
"MAFIP",3,2,0.943599997163246,"2_of_4"
"SKP2",3,2,0.942809640829326,"2_of_4"
"RNF224",3,2,0.942225753969964,"2_of_4"
"C16orf96",3,2,0.942225365782147,"2_of_4"
"APCDD1L",3,2,0.941652328157671,"2_of_4"
"COMTD1",3,2,0.940776960620741,"2_of_4"
"FAM72C",3,2,0.939626728672525,"2_of_4"
"THSD4",3,2,0.93871341139541,"2_of_4"
"PCBP4",3,2,0.93788289601515,"2_of_4"
"COX20",3,2,0.936407978628548,"2_of_4"
"KDR",3,2,0.935674791404235,"2_of_4"
"LUM",3,2,0.935397630505817,"2_of_4"
"EBI3",3,2,0.935046328028303,"2_of_4"
"PSMD13",3,2,0.932567446830081,"2_of_4"
"NEU1",3,2,0.932398120995527,"2_of_4"
"ISCA2",3,2,0.932329071918767,"2_of_4"
"SLIRP",3,2,0.931457283159901,"2_of_4"
"MPHOSPH6",3,2,0.930722341990591,"2_of_4"
"DHX9",3,2,0.930037082186043,"2_of_4"
"OVGP1",3,2,0.929987322341097,"2_of_4"
"VMAC",3,2,0.929820972380614,"2_of_4"
"RBBP8",3,2,0.929651462207945,"2_of_4"
"ERICH5",3,2,0.929378687805337,"2_of_4"
"HSPH1",3,2,0.928834740132086,"2_of_4"
"KCTD16",3,2,0.928600763707454,"2_of_4"
"S100A14",3,2,0.928305462008074,"2_of_4"
"GPER1",3,2,0.927765646378505,"2_of_4"
"TLN2",3,2,0.927488943209457,"2_of_4"
"NAPSA",3,2,0.927127393746806,"2_of_4"
"SLC2A14",3,2,0.927082169463252,"2_of_4"
"INPP1",3,2,0.926885152772298,"2_of_4"
"HERC1",3,2,0.926859682463981,"2_of_4"
"LRRC37A3",3,2,0.926733926389768,"2_of_4"
"GABRP",3,2,0.926420843538445,"2_of_4"
"FDPS",3,2,0.923803224863059,"2_of_4"
"ATL1",3,2,0.922592959437552,"2_of_4"
"EIF2S1",3,2,0.922516068590486,"2_of_4"
"PANX2",3,2,0.922149207623558,"2_of_4"
"C7orf31",3,2,0.921784736254102,"2_of_4"
"LCA5",3,2,0.921247319335213,"2_of_4"
"SPON1",3,2,0.920455419775544,"2_of_4"
"CYB5D2",3,2,0.920225726680923,"2_of_4"
"DGKD",3,2,0.919595773826541,"2_of_4"
"BBOF1",3,2,0.918365018498535,"2_of_4"
"PTGFRN",3,2,0.917983410204933,"2_of_4"
"SLC27A5",3,2,0.917674103164884,"2_of_4"
"OLFML2B",3,2,0.917178814821295,"2_of_4"
"VWCE",3,2,0.91681374637959,"2_of_4"
"NRG1",3,2,0.915545189697209,"2_of_4"
"SNX9",3,2,0.91454271625221,"2_of_4"
"PSMB1",3,2,0.913978713257749,"2_of_4"
"RABL3",3,2,0.913847157281342,"2_of_4"
"MYO3B",3,2,0.91358405486708,"2_of_4"
"NOL7",3,2,0.912727737311706,"2_of_4"
"GALNT12",3,2,0.911771049533531,"2_of_4"
"H2BC18",3,2,0.911556914887494,"2_of_4"
"HYOU1",3,2,0.910403983609346,"2_of_4"
"PSMA3",3,2,0.90997854304056,"2_of_4"
"FAM155A",3,2,0.909435707288565,"2_of_4"
"SLFN13",3,2,0.909394942452668,"2_of_4"
"PTP4A3",3,2,0.908876885761561,"2_of_4"
"COL1A1",3,2,0.908836009403618,"2_of_4"
"TVP23C",3,2,0.908192098043092,"2_of_4"
"SERPINB6",3,2,0.908040987494275,"2_of_4"
"ERH",3,2,0.907838324803228,"2_of_4"
"ARL13B",3,2,0.907694219930859,"2_of_4"
"AC000093.1",3,2,0.907680353381898,"2_of_4"
"VWA2",3,2,0.905806225076913,"2_of_4"
"KIAA1109",3,2,0.905353997080721,"2_of_4"
"BOLA2B",3,2,0.904682467766375,"2_of_4"
"SEH1L",3,2,0.903912680449374,"2_of_4"
"MSI1",3,2,0.902841088344926,"2_of_4"
"LRATD1",3,2,0.901300295529174,"2_of_4"
"LY75",3,2,0.901177403799583,"2_of_4"
"HTR1D",3,2,0.900807644226574,"2_of_4"
"LIF",3,2,0.900505099846171,"2_of_4"
"CCNQ",3,2,0.900157469164497,"2_of_4"
"CALM1",3,2,0.899479393614956,"2_of_4"
"LRRC45",3,2,0.899254370455793,"2_of_4"
"MRPL27",3,2,0.898018689441649,"2_of_4"
"CCDC180",3,2,0.897826894519236,"2_of_4"
"CYP1B1",3,2,0.897337404566616,"2_of_4"
"DUSP16",3,2,0.896884956125603,"2_of_4"
"GATA3",3,2,0.895392323159135,"2_of_4"
"CDC42EP5",3,2,0.893751982130236,"2_of_4"
"VPS11",3,2,0.893402942867253,"2_of_4"
"CENPX",3,2,0.89337512791543,"2_of_4"
"MTHFR",3,2,0.893221575292711,"2_of_4"
"GPR17",3,2,0.893212495787802,"2_of_4"
"UBE3A",3,2,0.891718797165683,"2_of_4"
"CASK",3,2,0.891571462063853,"2_of_4"
"HSPBP1",3,2,0.89148944659019,"2_of_4"
"IQCN",3,2,0.891003429770602,"2_of_4"
"MFHAS1",3,2,0.890866600056196,"2_of_4"
"CCDC40",3,2,0.890646742265315,"2_of_4"
"GSTO1",3,2,0.889354862211996,"2_of_4"
"RAD51C",3,2,0.886785563278806,"2_of_4"
"CEMIP",3,2,0.886441177425516,"2_of_4"
"GPRASP2",3,2,0.886349692552623,"2_of_4"
"H2AC20",3,2,0.886260478660459,"2_of_4"
"MMD",3,2,0.885835466802377,"2_of_4"
"NPNT",3,2,0.88539457884304,"2_of_4"
"PDP1",3,2,0.884477818398959,"2_of_4"
"SYT16",3,2,0.884403245173969,"2_of_4"
"IFI27L1",3,2,0.884374053777923,"2_of_4"
"AKAP13",3,2,0.884059536423476,"2_of_4"
"IMPA2",3,2,0.883880069906052,"2_of_4"
"GJA1",3,2,0.883780937549375,"2_of_4"
"ERI1",3,2,0.883239834291423,"2_of_4"
"SLC37A2",3,2,0.881321762464193,"2_of_4"
"GRB14",3,2,0.880625202738346,"2_of_4"
"ZNF787",3,2,0.880505076763987,"2_of_4"
"NUP50",3,2,0.879875549481725,"2_of_4"
"MICAL1",3,2,0.87976750943587,"2_of_4"
"NIPAL4",3,2,0.879065108112035,"2_of_4"
"SREBF1",3,2,0.877853947260995,"2_of_4"
"WDR25",3,2,0.877752150135579,"2_of_4"
"EXOSC9",3,2,0.876345066646185,"2_of_4"
"RIMKLA",3,2,0.87620354405714,"2_of_4"
"KLHL25",3,2,0.875879005167279,"2_of_4"
"JAKMIP3",3,2,0.875277928987498,"2_of_4"
"AC040162.1",3,2,0.875167276729206,"2_of_4"
"GUCY1A2",3,2,0.874918255777173,"2_of_4"
"TXNDC17",3,2,0.874590925429676,"2_of_4"
"SEC31A",3,2,0.873921464411277,"2_of_4"
"KPNA1",3,2,0.873637528001213,"2_of_4"
"RPH3AL",3,2,0.87281762216727,"2_of_4"
"PCDHGA7",3,2,0.872726658846005,"2_of_4"
"XRCC5",3,2,0.871364479103935,"2_of_4"
"NUDT8",3,2,0.871296884120012,"2_of_4"
"VBP1",3,2,0.870995824125607,"2_of_4"
"IRS2",3,2,0.869858617373577,"2_of_4"
"RGS17",3,2,0.869729441607529,"2_of_4"
"AC021066.1",3,2,0.869245700832595,"2_of_4"
"KIF2A",3,2,0.868901264130824,"2_of_4"
"ARMH4",3,2,0.868900238000285,"2_of_4"
"PPP1R1C",3,2,0.86827003311586,"2_of_4"
"ATP5F1B",3,2,0.868242668033761,"2_of_4"
"HSPD1",3,2,0.868099568827913,"2_of_4"
"NR3C2",3,2,0.868056399288553,"2_of_4"
"CNTNAP3B",3,2,0.867782315739841,"2_of_4"
"NAA16",3,2,0.867131232327508,"2_of_4"
"NECTIN4",3,2,0.866923480180686,"2_of_4"
"ZC3H18",3,2,0.866691768028927,"2_of_4"
"MRPL47",3,2,0.866438889674233,"2_of_4"
"ING2",3,2,0.866040172705561,"2_of_4"
"RFX5",3,2,0.865364635588987,"2_of_4"
"CACNG6",3,2,0.865019750288931,"2_of_4"
"PRSS22",3,2,0.864452445957318,"2_of_4"
"Z83844.3",3,2,0.864114706783719,"2_of_4"
"KLF8",3,2,0.863717049958851,"2_of_4"
"IKBIP",3,2,0.863707001871346,"2_of_4"
"ARFGAP1",3,2,0.863655784498312,"2_of_4"
"PCGF3",3,2,0.862917410127604,"2_of_4"
"SEC24D",3,2,0.862385685625781,"2_of_4"
"CD3EAP",3,2,0.861053959026131,"2_of_4"
"TINCR",3,2,0.860878860544616,"2_of_4"
"HAUS3",3,2,0.86086204928357,"2_of_4"
"UBXN6",3,2,0.860835616213559,"2_of_4"
"B3GNT3",3,2,0.860574675824961,"2_of_4"
"TMEM14A",3,2,0.860059456140708,"2_of_4"
"HLA.DMB",3,2,0.859847820916296,"2_of_4"
"CCT5",3,2,0.859844398829631,"2_of_4"
"PTGR1",3,2,0.859674296056671,"2_of_4"
"TPPP3",3,2,0.859522841419055,"2_of_4"
"SMC1B",3,2,0.859417949543456,"2_of_4"
"TNNT2",3,2,0.859104589354015,"2_of_4"
"TIMP3",3,2,0.8584545205847,"2_of_4"
"PARP2",3,2,0.858060378881198,"2_of_4"
"LTV1",3,2,0.857574979680063,"2_of_4"
"IDNK",3,2,0.857222851495503,"2_of_4"
"SIX5",3,2,0.85719825290001,"2_of_4"
"CELF5",3,2,0.856541656461832,"2_of_4"
"PDE7B",3,2,0.855910758158506,"2_of_4"
"AK4",3,2,0.855474299831732,"2_of_4"
"ZSCAN31",3,2,0.855313958523751,"2_of_4"
"ADAMTS10",3,2,0.855046896813067,"2_of_4"
"CLN6",3,2,0.854187662520592,"2_of_4"
"FOXB1",3,2,0.854155301527854,"2_of_4"
"TMEM121",3,2,0.853284932936019,"2_of_4"
"CHUK",3,2,0.851783925090315,"2_of_4"
"ZEB2",3,2,0.851633273625527,"2_of_4"
"RAG1",3,2,0.851591151849991,"2_of_4"
"SNX33",3,2,0.851284313693391,"2_of_4"
"AREG",3,2,0.849748753644493,"2_of_4"
"SARDH",3,2,0.849297965319006,"2_of_4"
"RAD54B",3,2,0.849219090682043,"2_of_4"
"RPSA",3,2,0.848579892408892,"2_of_4"
"MAP3K8",3,2,0.847073078861746,"2_of_4"
"RASGRF1",3,2,0.846746689076984,"2_of_4"
"TM4SF19",3,2,0.846519847995462,"2_of_4"
"HSD17B14",3,2,0.845855513020636,"2_of_4"
"TRPV4",3,2,0.845537030379765,"2_of_4"
"SUPT3H",3,2,0.845197520393131,"2_of_4"
"RAB5IF",3,2,0.84470838415751,"2_of_4"
"CST7",3,2,0.842758190991439,"2_of_4"
"HRNR",3,2,0.841730015449888,"2_of_4"
"GPR155",3,2,0.841664196956007,"2_of_4"
"ELFN2",3,2,0.841647641975532,"2_of_4"
"MTHFD1L",3,2,0.841079888051039,"2_of_4"
"SEC22B",3,2,0.840939038365421,"2_of_4"
"ZNF362",3,2,0.840817179816285,"2_of_4"
"AGMAT",3,2,0.840606146473946,"2_of_4"
"CRIP2",3,2,0.840093101294491,"2_of_4"
"TRAK2",3,2,0.839390353485026,"2_of_4"
"KATNAL2",3,2,0.837636256483842,"2_of_4"
"GSTA4",3,2,0.837606560095383,"2_of_4"
"TSPYL2",3,2,0.837520939469359,"2_of_4"
"ORC3",3,2,0.837501688161419,"2_of_4"
"ASL",3,2,0.836851181512065,"2_of_4"
"PHLDA3",3,2,0.836757679932903,"2_of_4"
"ITGA2B",3,2,0.836218662668772,"2_of_4"
"PPP1CC",3,2,0.836129270179722,"2_of_4"
"THSD7A",3,2,0.836045320284303,"2_of_4"
"BTBD9",3,2,0.835701605724173,"2_of_4"
"SUV39H2",3,2,0.835698335477874,"2_of_4"
"TBC1D8B",3,2,0.835413360188751,"2_of_4"
"HNRNPK",3,2,0.833878646133092,"2_of_4"
"NEURL2",3,2,0.833430412023346,"2_of_4"
"RPL22L1",3,2,0.83294953930064,"2_of_4"
"UBD",3,2,0.832553323541074,"2_of_4"
"OBSCN",3,2,0.832449959769153,"2_of_4"
"MS4A15",3,2,0.832155645613864,"2_of_4"
"SCD",3,2,0.832028239881715,"2_of_4"
"SMS",3,2,0.831701550811472,"2_of_4"
"PRAG1",3,2,0.831391019171763,"2_of_4"
"TMEM260",3,2,0.830321863776668,"2_of_4"
"RTN3",3,2,0.830096740374662,"2_of_4"
"MT1A",3,2,0.829886850855085,"2_of_4"
"PTK2B",3,2,0.829004898628618,"2_of_4"
"FNDC3B",3,2,0.828968466774747,"2_of_4"
"IMMT",3,2,0.828795322532865,"2_of_4"
"EBF4",3,2,0.828542181292263,"2_of_4"
"GPR1",3,2,0.828436927157237,"2_of_4"
"SLC35E2A",3,2,0.828387401333498,"2_of_4"
"UTP20",3,2,0.828124124731448,"2_of_4"
"CHST12",3,2,0.827893110387605,"2_of_4"
"CPVL",3,2,0.827663644077541,"2_of_4"
"ACTG2",3,2,0.827078428964555,"2_of_4"
"H2BC21",3,2,0.825904412276554,"2_of_4"
"ATR",3,2,0.82562356365387,"2_of_4"
"NDUFAF2",3,2,0.825517324244766,"2_of_4"
"EMG1",3,2,0.825149482384203,"2_of_4"
"UBE2N",3,2,0.824761130670809,"2_of_4"
"WDR66",3,2,0.824629664004693,"2_of_4"
"FANCE",3,2,0.824120663301329,"2_of_4"
"PSMB6",3,2,0.823830967584761,"2_of_4"
"LAMB3",3,2,0.823636917363936,"2_of_4"
"ILKAP",3,2,0.823448251112703,"2_of_4"
"HNRNPL",3,2,0.822956012278164,"2_of_4"
"GRTP1",3,2,0.822937854589951,"2_of_4"
"AXL",3,2,0.82283442163928,"2_of_4"
"ARMCX6",3,2,0.822808090259985,"2_of_4"
"TIMM50",3,2,0.822689585110381,"2_of_4"
"CPM",3,2,0.821174938092664,"2_of_4"
"PLCH1",3,2,0.82058217661894,"2_of_4"
"WIPI2",3,2,0.820301465739881,"2_of_4"
"FGD4",3,2,0.818736242689037,"2_of_4"
"MAP3K12",3,2,0.818221775575605,"2_of_4"
"GTPBP4",3,2,0.818216525144056,"2_of_4"
"TACSTD2",3,2,0.817766173468502,"2_of_4"
"PSORS1C1",3,2,0.817601812789248,"2_of_4"
"CD47",3,2,0.817430999371848,"2_of_4"
"UTP18",3,2,0.816381819298762,"2_of_4"
"METTL7B",3,2,0.816083339624271,"2_of_4"
"CCT6A",3,2,0.816050902697731,"2_of_4"
"NPC2",3,2,0.814941078743312,"2_of_4"
"FUT8",3,2,0.814925375067344,"2_of_4"
"ZBTB5",3,2,0.814769693899011,"2_of_4"
"TPM3",3,2,0.814677418100607,"2_of_4"
"EXOSC2",3,2,0.813719891323062,"2_of_4"
"SQLE",3,2,0.813341745553632,"2_of_4"
"KIAA0408",3,2,0.812495932706792,"2_of_4"
"SFPQ",3,2,0.811211595809256,"2_of_4"
"TNS4",3,2,0.810555668573742,"2_of_4"
"SCGB3A2",3,2,0.810300389176789,"2_of_4"
"H2AZ2",3,2,0.810245307620032,"2_of_4"
"EMC6",3,2,0.809789230239814,"2_of_4"
"ARMCX2",3,2,0.809544043945716,"2_of_4"
"COPS3",3,2,0.809053124458823,"2_of_4"
"IPO5",3,2,0.809025468680413,"2_of_4"
"KIFC2",3,2,0.808963321754014,"2_of_4"
"RBMS3",3,2,0.807551036348525,"2_of_4"
"MIEF2",3,2,0.807168852438065,"2_of_4"
"C11orf98",3,2,0.805454795114549,"2_of_4"
"POLR2G",3,2,0.804589745732977,"2_of_4"
"FUS",3,2,0.803895565798802,"2_of_4"
"RRAS2",3,2,0.803038621745094,"2_of_4"
"TCEANC",3,2,0.8029051359718,"2_of_4"
"NAA15",3,2,0.802864388693621,"2_of_4"
"IFI27",3,2,0.802520480483494,"2_of_4"
"NOLC1",3,2,0.802349668526316,"2_of_4"
"WDR19",3,2,0.801610902266306,"2_of_4"
"HK2",3,2,0.801395834106351,"2_of_4"
"HOXB3",3,2,0.79917477424742,"2_of_4"
"NME2",3,2,0.79895688672689,"2_of_4"
"PPP1CA",3,2,0.798700418612772,"2_of_4"
"ATP5MC1",3,2,0.796616248689218,"2_of_4"
"IRGQ",3,2,0.796423245360989,"2_of_4"
"LINC00514",3,2,0.795929658080813,"2_of_4"
"OPA1",3,2,0.795549366562538,"2_of_4"
"TNFSF9",3,2,0.795220797730069,"2_of_4"
"MRM2",3,2,0.794931583006337,"2_of_4"
"LYRM1",3,2,0.79401443576127,"2_of_4"
"MRPS15",3,2,0.792352275465551,"2_of_4"
"SDHB",3,2,0.792199682279922,"2_of_4"
"TSPYL4",3,2,0.792136297321108,"2_of_4"
"COPA",3,2,0.791041416167803,"2_of_4"
"CDK4",3,2,0.790863206829424,"2_of_4"
"ZNF267",3,2,0.790580297149503,"2_of_4"
"GTPBP6",3,2,0.790505020290561,"2_of_4"
"B4GAT1",3,2,0.790371914790334,"2_of_4"
"EBNA1BP2",3,2,0.790303847957198,"2_of_4"
"ABHD5",3,2,0.789792081637786,"2_of_4"
"TRMT61A",3,2,0.78976761628672,"2_of_4"
"PSMD11",3,2,0.789401925812803,"2_of_4"
"OASL",3,2,0.788711439745436,"2_of_4"
"ANAPC7",3,2,0.788137514588098,"2_of_4"
"OGFRL1",3,2,0.78784983241255,"2_of_4"
"PRIMPOL",3,2,0.786732060809741,"2_of_4"
"LRFN4",3,2,0.78620063407555,"2_of_4"
"ST6GAL1",3,2,0.786185545855159,"2_of_4"
"TRIM45",3,2,0.785274157112181,"2_of_4"
"KDM5B",3,2,0.784891308849661,"2_of_4"
"DDAH1",3,2,0.784547838126131,"2_of_4"
"CYB5R4",3,2,0.782834468995008,"2_of_4"
"SYNJ2",3,2,0.782672030536828,"2_of_4"
"MAP3K21",3,2,0.78205320288022,"2_of_4"
"H4C8",3,2,0.781316833578298,"2_of_4"
"TMEM263",3,2,0.781125356200801,"2_of_4"
"DEPDC7",3,2,0.780043059394,"2_of_4"
"RELL2",3,2,0.779956712969661,"2_of_4"
"GJB2",3,2,0.779596965509288,"2_of_4"
"RPA3",3,2,0.779199952649545,"2_of_4"
"KCNAB2",3,2,0.778740396695375,"2_of_4"
"NCSTN",3,2,0.778456841450714,"2_of_4"
"FBLN5",3,2,0.778432850534795,"2_of_4"
"SMAD9",3,2,0.777424202946658,"2_of_4"
"CREB3L2",3,2,0.776620593203851,"2_of_4"
"NFKBIL1",3,2,0.77657434674993,"2_of_4"
"ZNF385A",3,2,0.77650644885884,"2_of_4"
"ZNF713",3,2,0.776168281807923,"2_of_4"
"TLNRD1",3,2,0.775997473704682,"2_of_4"
"BIRC3",3,2,0.775699493544236,"2_of_4"
"MMP11",3,2,0.775637857406527,"2_of_4"
"PUS7",3,2,0.775429242833042,"2_of_4"
"PCDHB9",3,2,0.775126744385812,"2_of_4"
"HDDC2",3,2,0.774968915269584,"2_of_4"
"RRAGB",3,2,0.774960391604119,"2_of_4"
"PLA2G4A",3,2,0.774849682377958,"2_of_4"
"MAGOH",3,2,0.77478415852715,"2_of_4"
"USP43",3,2,0.774628320221474,"2_of_4"
"TBX2",3,2,0.773743168079657,"2_of_4"
"CDC123",3,2,0.77365697009161,"2_of_4"
"MCMBP",3,2,0.773568341792535,"2_of_4"
"U2AF2",3,2,0.772982423668759,"2_of_4"
"COL1A2",3,2,0.772356608017517,"2_of_4"
"NSUN5",3,2,0.771376399804864,"2_of_4"
"B3GALT5",3,2,0.771069404717672,"2_of_4"
"THOC5",3,2,0.770948415310098,"2_of_4"
"MOK",3,2,0.770888790470126,"2_of_4"
"HAPLN3",3,2,0.770862697824275,"2_of_4"
"RASGRF2",3,2,0.770697948535792,"2_of_4"
"CHCHD2",3,2,0.770610261043171,"2_of_4"
"PCDHA4",3,2,0.77059734942171,"2_of_4"
"RNF39",3,2,0.770560360869905,"2_of_4"
"PDE8A",3,2,0.769602322338881,"2_of_4"
"SORD",3,2,0.768842303441127,"2_of_4"
"KLF2",3,2,0.768004660418299,"2_of_4"
"TAPBPL",3,2,0.767410347783736,"2_of_4"
"IDH3A",3,2,0.766942530645273,"2_of_4"
"NUP210",3,2,0.766821326145208,"2_of_4"
"TRAF6",3,2,0.766465896236493,"2_of_4"
"GPR39",3,2,0.765954169725376,"2_of_4"
"SSRP1",3,2,0.765524730276872,"2_of_4"
"ODF2",3,2,0.764950524590422,"2_of_4"
"GOT2",3,2,0.764882125438281,"2_of_4"
"DGKG",3,2,0.764626801275547,"2_of_4"
"KLHL28",3,2,0.764103831799672,"2_of_4"
"CFL1",3,2,0.763536763692442,"2_of_4"
"DIPK1B",3,2,0.763487087590688,"2_of_4"
"CSRP2",3,2,0.76319236887305,"2_of_4"
"FAM3C",3,2,0.76283823273979,"2_of_4"
"NPIPA1",3,2,0.761770396964598,"2_of_4"
"AKR1B1",3,2,0.761635602296867,"2_of_4"
"PSMC4",3,2,0.761381039744517,"2_of_4"
"CNBP",3,2,0.761218570222072,"2_of_4"
"MTHFD1",3,2,0.761112811412277,"2_of_4"
"ZDHHC14",3,2,0.760854638366885,"2_of_4"
"ZNF415",3,2,0.76071983230158,"2_of_4"
"CETN3",3,2,0.758998671003879,"2_of_4"
"MDK",3,2,0.758937760236522,"2_of_4"
"EPN3",3,2,0.758608955878421,"2_of_4"
"NISCH",3,2,0.758478668742676,"2_of_4"
"HSPE1",3,2,0.758380091950358,"2_of_4"
"INAVA",3,2,0.757980284984002,"2_of_4"
"AL096711.2",3,2,0.757717081941272,"2_of_4"
"MAST1",3,2,0.757184933826831,"2_of_4"
"HMOX1",3,2,0.75703965762609,"2_of_4"
"C4orf47",3,2,0.756921979840816,"2_of_4"
"HTRA3",3,2,0.756282261467849,"2_of_4"
"ABCA4",3,2,0.755373749070351,"2_of_4"
"LAPTM5",3,2,0.755306588533164,"2_of_4"
"CYSRT1",3,2,0.754954883941148,"2_of_4"
"METTL1",3,2,0.754175040464955,"2_of_4"
"MRPS9",3,2,0.753977992402354,"2_of_4"
"TMEM59",3,2,0.753410206201905,"2_of_4"
"SLC25A40",3,2,0.752712301491034,"2_of_4"
"SYNPO2",3,2,0.752214936875326,"2_of_4"
"METAP1",3,2,0.751734121325853,"2_of_4"
"PTGS2",3,2,0.751482112807936,"2_of_4"
"TCAF2",3,2,0.75122348302547,"2_of_4"
"ARHGAP5",3,2,0.750985291498117,"2_of_4"
"DCBLD1",3,2,0.750616933158895,"2_of_4"
"STARD9",3,2,0.750610944867699,"2_of_4"
"DISC1",3,2,0.750353098010511,"2_of_4"
"ZXDA",3,2,0.750058904244187,"2_of_4"
"TPRG1L",3,2,0.748817896874918,"2_of_4"
"ELMO3",3,2,0.7480980922234,"2_of_4"
"SEM1",3,2,0.748027341930562,"2_of_4"
"MAPK8IP3",3,2,0.747682834786019,"2_of_4"
"TMEM51",3,2,0.747522828464897,"2_of_4"
"NUP155",3,2,0.746533511333543,"2_of_4"
"GPR132",3,2,0.746023554948396,"2_of_4"
"ZNF530",3,2,0.74587016783855,"2_of_4"
"CPSF2",3,2,0.745402089878375,"2_of_4"
"KCTD15",3,2,0.7451492873998,"2_of_4"
"SASH1",3,2,0.744128380033333,"2_of_4"
"CHD6",3,2,0.74387859910088,"2_of_4"
"PSG6",3,2,0.743739408685797,"2_of_4"
"SMAD7",3,2,0.742607834591699,"2_of_4"
"CTBP2",3,2,0.74231386996616,"2_of_4"
"SLC27A1",3,2,0.741922231601873,"2_of_4"
"MRPS23",3,2,0.741853162356634,"2_of_4"
"CDA",3,2,0.741265872535174,"2_of_4"
"FAF1",3,2,0.741030062287235,"2_of_4"
"NUP62",3,2,0.740429711407124,"2_of_4"
"FST",3,2,0.73964509079875,"2_of_4"
"PLBD1",3,2,0.739240141710666,"2_of_4"
"ATRIP",3,2,0.739011862155532,"2_of_4"
"NIPSNAP3A",3,2,0.738252667305632,"2_of_4"
"CNOT9",3,2,0.73732406353564,"2_of_4"
"SFR1",3,2,0.73681951719616,"2_of_4"
"SAMD11",3,2,0.736288283856588,"2_of_4"
"ZNF185",3,2,0.735625471184057,"2_of_4"
"PSMA4",3,2,0.735234006300512,"2_of_4"
"SLC35E4",3,2,0.733958345830523,"2_of_4"
"HDAC1",3,2,0.733173061428647,"2_of_4"
"KCNQ3",3,2,0.732899849413444,"2_of_4"
"CPNE7",3,2,0.732613088665572,"2_of_4"
"FN3K",3,2,0.7324996714968,"2_of_4"
"ADGRG2",3,2,0.730726028389223,"2_of_4"
"NIF3L1",3,2,0.730611648404444,"2_of_4"
"GNAI1",3,2,0.730389974470882,"2_of_4"
"METRN",3,2,0.730295940905084,"2_of_4"
"IMPDH1",3,2,0.730227097249682,"2_of_4"
"HROB",3,2,0.729931630946282,"2_of_4"
"TUBGCP3",3,2,0.729479524976361,"2_of_4"
"PRMT6",3,2,0.728698418165341,"2_of_4"
"ABHD10",3,2,0.728135353930889,"2_of_4"
"FOXN3",3,2,0.728063859762712,"2_of_4"
"RGS14",3,2,0.727788808431183,"2_of_4"
"MT2A",3,2,0.727544967062546,"2_of_4"
"GOPC",3,2,0.727405252842405,"2_of_4"
"EIF4H",3,2,0.726924046774143,"2_of_4"
"SLC25A19",3,2,0.7268355832209,"2_of_4"
"FOXO4",3,2,0.726833265380602,"2_of_4"
"UGT8",3,2,0.726005766423545,"2_of_4"
"POLE2",3,2,0.725391693165153,"2_of_4"
"TNFRSF11A",3,2,0.725322550478371,"2_of_4"
"MXD3",3,2,0.725035229503634,"2_of_4"
"DAGLB",3,2,0.723561830119483,"2_of_4"
"FHDC1",3,2,0.723522254109724,"2_of_4"
"DYRK1B",3,2,0.722251376497547,"2_of_4"
"ZBTB10",3,2,0.721830432106604,"2_of_4"
"MRPL13",3,2,0.719585463318491,"2_of_4"
"CYB5B",3,2,0.719231621554775,"2_of_4"
"POLR2D",3,2,0.71916456576076,"2_of_4"
"ADD3",3,2,0.71868063024973,"2_of_4"
"TTC28",3,2,0.718673457574372,"2_of_4"
"POLA2",3,2,0.718532502841091,"2_of_4"
"RHOQ",3,2,0.718041763638783,"2_of_4"
"HOXB9",3,2,0.717338104900227,"2_of_4"
"AP1B1",3,2,0.715451947772406,"2_of_4"
"CBFA2T2",3,2,0.715349653313013,"2_of_4"
"ATP9A",3,2,0.714920426542382,"2_of_4"
"POMZP3",3,2,0.714731821370083,"2_of_4"
"ATP5MC3",3,2,0.71356747707456,"2_of_4"
"TMEM97",3,2,0.713471336292425,"2_of_4"
"YIPF2",3,2,0.713143201387755,"2_of_4"
"MAPK8IP2",3,2,0.713083751382979,"2_of_4"
"KLHL3",3,2,0.712309193740879,"2_of_4"
"ARMCX3",3,2,0.711765963784425,"2_of_4"
"YWHAZ",3,2,0.711495631789518,"2_of_4"
"LMOD1",3,2,0.710917264241639,"2_of_4"
"OAS3",3,2,0.709488131486837,"2_of_4"
"MARVELD2",3,2,0.708614200707572,"2_of_4"
"RIF1",3,2,0.708266438782708,"2_of_4"
"SYT7",3,2,0.707930624002017,"2_of_4"
"CCDC150",3,2,0.707866046032051,"2_of_4"
"OCEL1",3,2,0.706957736699465,"2_of_4"
"C5",3,2,0.706762582854038,"2_of_4"
"RMI2",3,2,0.706635257893087,"2_of_4"
"IRX3",3,2,0.706439017447216,"2_of_4"
"VPS13C",3,2,0.706188825183133,"2_of_4"
"KRT15",3,2,0.705976905910796,"2_of_4"
"ZMAT1",3,2,0.705870480457585,"2_of_4"
"ZBTB22",3,2,0.705817762885038,"2_of_4"
"HSPA4",3,2,0.705655793520308,"2_of_4"
"ZNF554",3,2,0.705243110125994,"2_of_4"
"PSMD14",3,2,0.705070581324256,"2_of_4"
"MGME1",3,2,0.704888744266932,"2_of_4"
"MSANTD3.TMEFF1",3,2,0.703727287847816,"2_of_4"
"PDGFRL",3,2,0.703699681734105,"2_of_4"
"FNDC10",3,2,0.702395171426787,"2_of_4"
"SLC22A15",3,2,0.702220840165433,"2_of_4"
"CCND1",3,2,0.701932544479095,"2_of_4"
"CHIC2",3,2,0.701852326842929,"2_of_4"
"RERG",3,2,0.699465881773316,"2_of_4"
"ANO2",3,2,0.699371555205736,"2_of_4"
"C12orf76",3,2,0.699175173892635,"2_of_4"
"SULT2B1",3,2,0.699155899838619,"2_of_4"
"PSMA7",3,2,0.698041575928752,"2_of_4"
"RHOBTB1",3,2,0.697883170684051,"2_of_4"
"RADIL",3,2,0.69766364227502,"2_of_4"
"MEX3A",3,2,0.694422686679417,"2_of_4"
"RBMX",3,2,0.69417257208253,"2_of_4"
"MIF",3,2,0.694148246849335,"2_of_4"
"DIXDC1",3,2,0.694108696403238,"2_of_4"
"INA",3,2,0.694003601456443,"2_of_4"
"MYOM1",3,2,0.692012205240017,"2_of_4"
"ZMYND19",3,2,0.691810361120836,"2_of_4"
"C12orf45",3,2,0.691357447662003,"2_of_4"
"PRMT3",3,2,0.690087596541147,"2_of_4"
"ARHGAP40",3,2,0.690031145838131,"2_of_4"
"FAM98C",3,2,0.689998605574339,"2_of_4"
"AC026464.4",3,2,0.689878005166171,"2_of_4"
"EFEMP1",3,2,0.688854863413284,"2_of_4"
"INTS8",3,2,0.688397954371138,"2_of_4"
"RAB25",3,2,0.688265619865675,"2_of_4"
"PCMTD2",3,2,0.688107919993335,"2_of_4"
"ARHGEF40",3,2,0.687981679121464,"2_of_4"
"TBCK",3,2,0.687676704680078,"2_of_4"
"GPCPD1",3,2,0.686983149851393,"2_of_4"
"INKA2",3,2,0.686279123294994,"2_of_4"
"COPS6",3,2,0.686155815267719,"2_of_4"
"AMIGO2",3,2,0.685899354851567,"2_of_4"
"DACT1",3,2,0.685295308431463,"2_of_4"
"COQ2",3,2,0.685122499351386,"2_of_4"
"RAD21",3,2,0.684987154917066,"2_of_4"
"HES2",3,2,0.68391404537292,"2_of_4"
"ABCA5",3,2,0.681464070696563,"2_of_4"
"ERCC1",3,2,0.679931165604837,"2_of_4"
"SFN",3,2,0.679897221096001,"2_of_4"
"EFNA1",3,2,0.679831212642486,"2_of_4"
"RIN1",3,2,0.679044266135745,"2_of_4"
"ABRAXAS1",3,2,0.678900145360743,"2_of_4"
"RHOV",3,2,0.678648048832784,"2_of_4"
"MVD",3,2,0.677873547916798,"2_of_4"
"RPE",3,2,0.677708116490097,"2_of_4"
"ARHGDIB",3,2,0.677697707043112,"2_of_4"
"ZNF726",3,2,0.676716948485193,"2_of_4"
"SPRY4",3,2,0.676583077992565,"2_of_4"
"TTLL5",3,2,0.676190770739541,"2_of_4"
"FBL",3,2,0.676068013749784,"2_of_4"
"ALDOA",3,2,0.676062673180339,"2_of_4"
"KIAA0040",3,2,0.675360774944981,"2_of_4"
"EIF4E",3,2,0.675351544373545,"2_of_4"
"MASTL",3,2,0.675060749142435,"2_of_4"
"AFF4",3,2,0.67474201201572,"2_of_4"
"TCP11L2",3,2,0.674436578834503,"2_of_4"
"INIP",3,2,0.674396757828637,"2_of_4"
"NPAS1",3,2,0.674126338495132,"2_of_4"
"NEK4",3,2,0.67366493481237,"2_of_4"
"UQCC3",3,2,0.672565571816737,"2_of_4"
"STAT2",3,2,0.67200671960982,"2_of_4"
"SERPINB1",3,2,0.671980845586612,"2_of_4"
"RCAN1",3,2,0.670224503562177,"2_of_4"
"AGFG2",3,2,0.669596982166957,"2_of_4"
"PRKCE",3,2,0.669514891158151,"2_of_4"
"DHCR7",3,2,0.667746057186725,"2_of_4"
"CDK2",3,2,0.666580021033313,"2_of_4"
"CRELD2",3,2,0.66534338758007,"2_of_4"
"IMPG2",3,2,0.664376825496775,"2_of_4"
"EMP3",3,2,0.664222947205497,"2_of_4"
"PSIP1",3,2,0.664198327430487,"2_of_4"
"SRRT",3,2,0.663205894218303,"2_of_4"
"CDH2",3,2,0.662294334882491,"2_of_4"
"MRPL4",3,2,0.662054232173582,"2_of_4"
"ZNF107",3,2,0.661574335841772,"2_of_4"
"HSFX1",3,2,0.661482142403441,"2_of_4"
"PCDHGA10",3,2,0.660683648311425,"2_of_4"
"RTN2",3,2,0.659055783716045,"2_of_4"
"GALC",3,2,0.658301132855937,"2_of_4"
"GMPPB",3,2,0.657936353967879,"2_of_4"
"NCAPD3",3,2,0.657385837884125,"2_of_4"
"HBP1",3,2,0.656089945418325,"2_of_4"
"PCCB",3,2,0.65527038041468,"2_of_4"
"TBC1D20",3,2,0.654757765791242,"2_of_4"
"ANKRD39",3,2,0.654696461694247,"2_of_4"
"LIN54",3,2,0.654018535981738,"2_of_4"
"GADD45A",3,2,0.653654763648039,"2_of_4"
"LDHA",3,2,0.653429095654128,"2_of_4"
"ZSCAN26",3,2,0.652976657376495,"2_of_4"
"PRR5",3,2,0.652948027464551,"2_of_4"
"TWF1",3,2,0.652910632138961,"2_of_4"
"JCAD",3,2,0.652528637990256,"2_of_4"
"NUTM2D",3,2,0.652386694165787,"2_of_4"
"TWF2",3,2,0.652344568542069,"2_of_4"
"KYAT1",3,2,0.651943660268464,"2_of_4"
"LRRCC1",3,2,0.651906363183985,"2_of_4"
"UBE3C",3,2,0.651706409968458,"2_of_4"
"CCDC51",3,2,0.650779047679322,"2_of_4"
"SOWAHB",3,2,0.650026428734229,"2_of_4"
"IGF2R",3,2,0.649609128648364,"2_of_4"
"CINP",3,2,0.649269174892338,"2_of_4"
"ITPK1",3,2,0.64837941330455,"2_of_4"
"SIPA1L2",3,2,0.648323185011144,"2_of_4"
"IL17RE",3,2,0.648214739799545,"2_of_4"
"EMC8",3,2,0.646404825588025,"2_of_4"
"FERMT1",3,2,0.646222900794221,"2_of_4"
"NETO2",3,2,0.645503930337044,"2_of_4"
"MIS18BP1",3,2,0.644997012015277,"2_of_4"
"PLAT",3,2,0.644633629801502,"2_of_4"
"CACYBP",3,2,0.644588750555141,"2_of_4"
"ANO9",3,2,0.643824574245607,"2_of_4"
"NPEPPS",3,2,0.642561103402056,"2_of_4"
"FAM174A",3,2,0.642467261526917,"2_of_4"
"GGT5",3,2,0.642159572771686,"2_of_4"
"G6PD",3,2,0.64165869454187,"2_of_4"
"RNF44",3,2,0.640275318741684,"2_of_4"
"FMNL2",3,2,0.635274647330457,"2_of_4"
"CLN3",3,2,0.635255310508058,"2_of_4"
"ATP7B",3,2,0.634923018595974,"2_of_4"
"AKAP5",3,2,0.634479083402318,"2_of_4"
"TNFRSF25",3,2,0.633803383371381,"2_of_4"
"CEP72",3,2,0.633445936856889,"2_of_4"
"NME4",3,2,0.633433530375112,"2_of_4"
"PLCXD1",3,2,0.633030688561372,"2_of_4"
"KRT19",3,2,0.632864116749922,"2_of_4"
"ELOVL6",3,2,0.632807903629107,"2_of_4"
"SAMD4A",3,2,0.632491615222517,"2_of_4"
"HAUS6",3,2,0.632351757111332,"2_of_4"
"SIGMAR1",3,2,0.630571956756996,"2_of_4"
"CCDC127",3,2,0.629734160182768,"2_of_4"
"MED27",3,2,0.628581107991747,"2_of_4"
"SLC38A2",3,2,0.627129589602897,"2_of_4"
"BTC",3,2,0.624376043019053,"2_of_4"
"MGST1",3,2,0.623952443515472,"2_of_4"
"CRABP2",3,2,0.621309240867794,"2_of_4"
"BEST1",3,2,0.621213974483433,"2_of_4"
"NTN4",3,2,0.620315754992425,"2_of_4"
"SEL1L",3,2,0.620201578188458,"2_of_4"
"RBFA",3,2,0.615781676535372,"2_of_4"
"PDE4DIP",3,2,0.61453124527667,"2_of_4"
"ADRM1",3,2,0.61285083309869,"2_of_4"
"ACACA",3,2,0.612514553195742,"2_of_4"
"DMGDH",3,2,0.611460986772836,"2_of_4"
"PPT2",3,2,0.611451568369342,"2_of_4"
"MRPS18B",3,2,0.610663865544103,"2_of_4"
"UBE2Q2",3,2,0.608951130386356,"2_of_4"
"CCDC107",3,2,0.60853141338957,"2_of_4"
"EPB41L2",3,2,0.60802943965553,"2_of_4"
"PGAM5",3,2,0.605501751933269,"2_of_4"
"DUS1L",3,2,0.60411248486674,"2_of_4"
"SPOUT1",3,2,0.603677021315116,"2_of_4"
"PRDX2",3,2,0.60291301431299,"2_of_4"
"AL034430.1",3,2,0.600720823867092,"2_of_4"
"PBX3",3,2,0.599826486302585,"2_of_4"
"PTAFR",3,2,0.599300370149767,"2_of_4"
"PCDHGB3",3,2,0.596608401151825,"2_of_4"
"WDR90",3,2,0.593967849243776,"2_of_4"
"CENPS",3,2,0.592216656449007,"2_of_4"
"RPS27",3,2,0.592071904077288,"2_of_4"
"SDC1",3,2,0.590996731044388,"2_of_4"
"FAM110A",3,2,0.590779301721249,"2_of_4"
"RBM14",3,2,0.588437822987684,"2_of_4"
"IRAK1",3,2,0.587326048992254,"2_of_4"
"NEDD4L",3,2,0.586772614833684,"2_of_4"
"ACSL1",3,2,0.586601554421278,"2_of_4"
"FAH",3,2,0.586272760816825,"2_of_4"
"ADORA1",3,2,0.586247674223769,"2_of_4"
"WWP1",3,2,0.585975199582819,"2_of_4"
"C11orf54",3,2,0.580979132125362,"2_of_4"
"NEMP2",3,2,0.58016168613516,"2_of_4"
"S100A2",3,2,0.57748525185198,"2_of_4"
"GAL",3,2,0.575849584764094,"2_of_4"
"BEX2",3,2,0.574190016661907,"2_of_4"
"RWDD2A",3,2,0.573844624923029,"2_of_4"
"CHTF18",3,2,0.572892462147421,"2_of_4"
"ZNF44",3,2,0.571430217406591,"2_of_4"
"CD82",3,2,0.571317379527087,"2_of_4"
"STK24",3,2,0.569426262861834,"2_of_4"
"ITIH4",3,2,0.567172791659181,"2_of_4"
"TCHP",3,2,0.566422578440314,"2_of_4"
"GRB7",3,2,0.565775142620583,"2_of_4"
"SPRED1",3,2,0.564469108592609,"2_of_4"
"PPCDC",3,2,0.563073649999066,"2_of_4"
"SYT17",3,2,0.561799366296928,"2_of_4"
"RPP25",3,2,0.559872015786897,"2_of_4"
"PKP3",3,2,0.558790717273079,"2_of_4"
"H2AW",3,2,0.555927293219709,"2_of_4"
"GNB1L",3,2,0.553602192268221,"2_of_4"
"TPPP",3,2,0.553544640607365,"2_of_4"
"PPP1R15A",3,2,0.552029298099276,"2_of_4"
"UBL4A",3,2,0.551978252884604,"2_of_4"
"GPR3",3,2,0.551777570904955,"2_of_4"
"CLN5",3,2,0.551426012916145,"2_of_4"
"CHCHD3",3,2,0.54905025807106,"2_of_4"
"PATJ",3,2,0.548402429924221,"2_of_4"
"PLK3",3,2,0.546045402660662,"2_of_4"
"MUC1",3,2,0.545802498148373,"2_of_4"
"MAFK",3,2,0.545408482849896,"2_of_4"
"CCL22",3,2,0.541797604044618,"2_of_4"
"HAUS5",3,2,0.541591835572473,"2_of_4"
"RAB43",3,2,0.539633638650225,"2_of_4"
"TMPRSS2",3,2,0.53782265095523,"2_of_4"
"SPDEF",3,2,0.534144425674616,"2_of_4"
"BRMS1",3,2,0.530866683335882,"2_of_4"
"MT1X",3,2,0.530707962990623,"2_of_4"
"TBC1D3L",3,2,0.527089066456029,"2_of_4"
"PHYH",3,2,0.526668738556594,"2_of_4"
"AC093512.2",3,2,0.525249768842149,"2_of_4"
"RAVER1",3,2,0.523525331098063,"2_of_4"
"STEAP2",3,2,0.520049162372789,"2_of_4"
"CCDC15",3,2,0.516666704436682,"2_of_4"
"TMC4",3,2,0.512892303533037,"2_of_4"
"PTGES2",3,2,0.511976655588481,"2_of_4"
"HERC6",3,2,0.510890548390333,"2_of_4"
"HPGD",3,2,0.510033699711766,"2_of_4"
"ABCA12",3,2,0.509560854296233,"2_of_4"
"WNT2B",3,2,0.508359462855802,"2_of_4"
"NIPAL3",3,2,0.506611449946611,"2_of_4"
"RBM15",3,2,0.50292178351098,"2_of_4"
"SGK1",3,2,0.494773281597072,"2_of_4"
"ZNF714",3,2,0.494325390276593,"2_of_4"
"MTA2",3,2,0.490595335737498,"2_of_4"
"GABRE",3,2,0.484257189660357,"2_of_4"
"LYPD1",3,2,0.478633827588766,"2_of_4"
"TRERF1",3,2,0.477420422640939,"2_of_4"
"COA7",3,2,0.475702376594349,"2_of_4"
"ZADH2",3,2,0.470588882242514,"2_of_4"
"SGK2",3,2,0.469343916367407,"2_of_4"
"SNAP23",3,2,0.468923691336723,"2_of_4"
"SLC49A4",3,2,0.45626523278617,"2_of_4"
"UBR7",3,2,0.454764642022443,"2_of_4"
"MMAB",3,2,0.425678542992567,"2_of_4"
"SNED1",3,2,0.42396887522514,"2_of_4"
"DGLUCY",3,2,0.423402176254865,"2_of_4"
"P4HA2",3,2,0.421157211563744,"2_of_4"
"SLC44A2",3,2,0.383333076656939,"2_of_4"
"CA13",2,2,11.3245485984594,"2_of_4"
"TMEM255B",2,2,7.26312279400453,"2_of_4"
"C4BPB",2,2,6.22847891895522,"2_of_4"
"SLC35A5",2,2,3.71184417465393,"2_of_4"
"KCNJ12",2,2,3.08809979029848,"2_of_4"
"EHBP1",2,2,2.43816097351886,"2_of_4"
"HHIPL2",2,2,2.17747136242635,"2_of_4"
"ANXA2",2,2,2.16693988347708,"2_of_4"
"HELZ2",2,2,2.13948759597459,"2_of_4"
"EAF2",2,2,2.132205384348,"2_of_4"
"CDKN1C",2,2,2.08865254894739,"2_of_4"
"IFI44",2,2,2.08380243861528,"2_of_4"
"VPS9D1",2,2,2.06085248976834,"2_of_4"
"PLB1",2,2,2.03579501461999,"2_of_4"
"ALDH5A1",2,2,2.02905781968072,"2_of_4"
"ALDH2",2,2,2.02143021455022,"2_of_4"
"CECR2",2,2,1.99887770217382,"2_of_4"
"LAMC3",2,2,1.99797923694794,"2_of_4"
"PIK3C2A",2,2,1.9617014144296,"2_of_4"
"LAMA4",2,2,1.95447663530501,"2_of_4"
"TFE3",2,2,1.94939500042739,"2_of_4"
"GALNS",2,2,1.92273171451355,"2_of_4"
"CHRD",2,2,1.84908539849415,"2_of_4"
"RDX",2,2,1.79954229457759,"2_of_4"
"WNT4",2,2,1.79706943306859,"2_of_4"
"LHX6",2,2,1.78348031358327,"2_of_4"
"B3GALT4",2,2,1.76104682152006,"2_of_4"
"FAM219A",2,2,1.75568596853933,"2_of_4"
"RASA4B",2,2,1.75412980591069,"2_of_4"
"RINT1",2,2,1.74350255769202,"2_of_4"
"UCP2",2,2,1.71217512990965,"2_of_4"
"ADRB2",2,2,1.7119524488135,"2_of_4"
"RFLNB",2,2,1.701073637749,"2_of_4"
"ZNF496",2,2,1.69743852294215,"2_of_4"
"SGMS2",2,2,1.69248680738389,"2_of_4"
"P3H4",2,2,1.66637095111256,"2_of_4"
"CYP4F12",2,2,1.6544173567985,"2_of_4"
"EXPH5",2,2,1.61947937409498,"2_of_4"
"MYO15B",2,2,1.61615075533966,"2_of_4"
"STK31",2,2,1.61570700352096,"2_of_4"
"SNRNP27",2,2,1.61352308413124,"2_of_4"
"VCAN",2,2,1.61006586235457,"2_of_4"
"STING1",2,2,1.60375754000169,"2_of_4"
"PIP4K2C",2,2,1.60255933874573,"2_of_4"
"MMP9",2,2,1.594819352334,"2_of_4"
"FAM102B",2,2,1.59167613483906,"2_of_4"
"BOP1",2,2,1.58902056831816,"2_of_4"
"CD9",2,2,1.57652635400951,"2_of_4"
"NT5DC4",2,2,1.57102913571352,"2_of_4"
"IFITM3",2,2,1.57046704139092,"2_of_4"
"TMEM60",2,2,1.56743206750647,"2_of_4"
"PNRC2",2,2,1.5654520632877,"2_of_4"
"CEACAM6",2,2,1.56075800816589,"2_of_4"
"FLOT1",2,2,1.55654761758687,"2_of_4"
"NECAB3",2,2,1.54873937481806,"2_of_4"
"CTHRC1",2,2,1.54464659451606,"2_of_4"
"BRF1",2,2,1.53859703125748,"2_of_4"
"TMEM154",2,2,1.53477359707971,"2_of_4"
"SPIRE2",2,2,1.53125036385482,"2_of_4"
"DSC2",2,2,1.52664657935822,"2_of_4"
"EFCAB12",2,2,1.50586200160302,"2_of_4"
"H2AC11",2,2,1.49879827564869,"2_of_4"
"MYB",2,2,1.49448196909584,"2_of_4"
"DHDH",2,2,1.49068579490792,"2_of_4"
"KANK1",2,2,1.49026476002586,"2_of_4"
"SDC3",2,2,1.48773423626053,"2_of_4"
"TSPAN8",2,2,1.48656260544734,"2_of_4"
"EFNB1",2,2,1.48451370091432,"2_of_4"
"FBXO15",2,2,1.47767015303152,"2_of_4"
"CARMIL2",2,2,1.47501720610694,"2_of_4"
"MGMT",2,2,1.47463907174879,"2_of_4"
"ZFP2",2,2,1.46168380850827,"2_of_4"
"STYK1",2,2,1.45745439099272,"2_of_4"
"PTPN14",2,2,1.45497585760456,"2_of_4"
"CRACR2A",2,2,1.45380429261739,"2_of_4"
"ACKR2",2,2,1.45175172151988,"2_of_4"
"PCDH1",2,2,1.44546474306754,"2_of_4"
"BGN",2,2,1.44449555984602,"2_of_4"
"MRVI1",2,2,1.4389732443223,"2_of_4"
"LY6E",2,2,1.43618615365524,"2_of_4"
"FAM83E",2,2,1.4344706891578,"2_of_4"
"MRRF",2,2,1.43171559893819,"2_of_4"
"USP49",2,2,1.43093510609773,"2_of_4"
"ISM1",2,2,1.43049038010406,"2_of_4"
"AOAH",2,2,1.42534464980754,"2_of_4"
"AK6",2,2,1.42390459300766,"2_of_4"
"PRRT2",2,2,1.42281558937486,"2_of_4"
"AIF1L",2,2,1.42268879103933,"2_of_4"
"HUS1",2,2,1.42092392287744,"2_of_4"
"TPRN",2,2,1.41760256603295,"2_of_4"
"MEAK7",2,2,1.40712071355974,"2_of_4"
"TRIB1",2,2,1.40061458198368,"2_of_4"
"RHPN2",2,2,1.39842295155787,"2_of_4"
"LOXL4",2,2,1.39439042190947,"2_of_4"
"PORCN",2,2,1.39248697843943,"2_of_4"
"METTL7A",2,2,1.38802317425096,"2_of_4"
"FAM221A",2,2,1.38638977068475,"2_of_4"
"SPTLC2",2,2,1.38574489108562,"2_of_4"
"CC2D2A",2,2,1.38541970098425,"2_of_4"
"F8",2,2,1.38273349804841,"2_of_4"
"TAF1B",2,2,1.37918631648176,"2_of_4"
"ADORA2A",2,2,1.37242966157919,"2_of_4"
"SBK1",2,2,1.36926318581514,"2_of_4"
"TSPAN9",2,2,1.36715590144422,"2_of_4"
"TRPV2",2,2,1.36653325610762,"2_of_4"
"AL365205.1",2,2,1.36106204117864,"2_of_4"
"DMD",2,2,1.35633267535392,"2_of_4"
"CCDC74B",2,2,1.34916782088239,"2_of_4"
"CPS1",2,2,1.34801844842027,"2_of_4"
"TXNDC9",2,2,1.34470119060771,"2_of_4"
"DECR2",2,2,1.3445528708459,"2_of_4"
"PFKFB2",2,2,1.3386972476405,"2_of_4"
"SH3RF2",2,2,1.33634365239781,"2_of_4"
"DUSP9",2,2,1.33258523595884,"2_of_4"
"ADGRV1",2,2,1.33196464576164,"2_of_4"
"PAPOLA",2,2,1.33123410510131,"2_of_4"
"LRAT",2,2,1.32998024493747,"2_of_4"
"PCDHA11",2,2,1.32617226272382,"2_of_4"
"TNK2",2,2,1.32569576868567,"2_of_4"
"NANOS1",2,2,1.32564094320387,"2_of_4"
"ENTPD8",2,2,1.32412704034261,"2_of_4"
"MVP",2,2,1.32343395942472,"2_of_4"
"CCDC74A",2,2,1.32247364092986,"2_of_4"
"CES2",2,2,1.32235191370448,"2_of_4"
"VPS36",2,2,1.31365500897279,"2_of_4"
"RBM11",2,2,1.31202155735585,"2_of_4"
"COL4A1",2,2,1.30879212390834,"2_of_4"
"MTHFD2L",2,2,1.30833773852634,"2_of_4"
"MAPK9",2,2,1.30800824515161,"2_of_4"
"ZKSCAN7",2,2,1.30755835731109,"2_of_4"
"GLYCTK",2,2,1.306670592868,"2_of_4"
"TTC7B",2,2,1.30619025821728,"2_of_4"
"SNX17",2,2,1.30428101132124,"2_of_4"
"ALDH6A1",2,2,1.30426528699668,"2_of_4"
"CD74",2,2,1.30198280728716,"2_of_4"
"SRCIN1",2,2,1.30189476645395,"2_of_4"
"STK10",2,2,1.30114830697304,"2_of_4"
"HLA.F",2,2,1.29901215014171,"2_of_4"
"KLHDC7B",2,2,1.29713317615511,"2_of_4"
"ARHGEF28",2,2,1.29566766276055,"2_of_4"
"FKBP4",2,2,1.29385471683886,"2_of_4"
"TRABD2A",2,2,1.29296132336742,"2_of_4"
"PLCD3",2,2,1.29201340085581,"2_of_4"
"ST6GALNAC6",2,2,1.29180026500385,"2_of_4"
"AC093827.5",2,2,1.28507866417014,"2_of_4"
"NKD2",2,2,1.28273895428508,"2_of_4"
"RPS5",2,2,1.28207943805195,"2_of_4"
"IL34",2,2,1.28202530642578,"2_of_4"
"UGDH",2,2,1.28189608131605,"2_of_4"
"TPD52",2,2,1.28106780172531,"2_of_4"
"DHX29",2,2,1.27937731907896,"2_of_4"
"SHLD2",2,2,1.27573294979439,"2_of_4"
"PLCB1",2,2,1.27453574056059,"2_of_4"
"FGF5",2,2,1.27417116504363,"2_of_4"
"BCAT1",2,2,1.27413555788391,"2_of_4"
"RIPOR1",2,2,1.2724463977335,"2_of_4"
"ETS1",2,2,1.27125896206991,"2_of_4"
"MLF1",2,2,1.27040320942706,"2_of_4"
"CABLES1",2,2,1.26974733624801,"2_of_4"
"COL21A1",2,2,1.26900777375721,"2_of_4"
"LARGE2",2,2,1.26818452982658,"2_of_4"
"NRP2",2,2,1.26721404596726,"2_of_4"
"TNFRSF10D",2,2,1.26699539116997,"2_of_4"
"GOLPH3",2,2,1.26627946861688,"2_of_4"
"BMP4",2,2,1.26451082247834,"2_of_4"
"MYOCD",2,2,1.263632513288,"2_of_4"
"AGT",2,2,1.26197470367052,"2_of_4"
"CFI",2,2,1.26182772415952,"2_of_4"
"MPP1",2,2,1.25902657382819,"2_of_4"
"TBC1D1",2,2,1.25883745747595,"2_of_4"
"CCDC159",2,2,1.25771227690915,"2_of_4"
"CCDC136",2,2,1.25747945594469,"2_of_4"
"VTI1A",2,2,1.25707589182533,"2_of_4"
"LIMA1",2,2,1.25595464849228,"2_of_4"
"PLIN2",2,2,1.25523388446568,"2_of_4"
"NPR1",2,2,1.25342428444852,"2_of_4"
"PGAP3",2,2,1.25299060416457,"2_of_4"
"TECR",2,2,1.25065796930811,"2_of_4"
"PRR15L",2,2,1.24939503407602,"2_of_4"
"ADSS2",2,2,1.24939209176345,"2_of_4"
"KIAA1755",2,2,1.24907563962738,"2_of_4"
"REC8",2,2,1.24672844923301,"2_of_4"
"CXCR6",2,2,1.24543272531974,"2_of_4"
"C12orf66",2,2,1.24438012729917,"2_of_4"
"SKAP2",2,2,1.24386135167284,"2_of_4"
"MME",2,2,1.24343388214294,"2_of_4"
"FYCO1",2,2,1.24076379754255,"2_of_4"
"TK2",2,2,1.24018686634007,"2_of_4"
"SOX2",2,2,1.23620110794377,"2_of_4"
"ST3GAL3",2,2,1.23274169937533,"2_of_4"
"PPBP",2,2,1.23258689799736,"2_of_4"
"MT.ND3",2,2,1.23067601865694,"2_of_4"
"NUB1",2,2,1.23058369209066,"2_of_4"
"EHD2",2,2,1.2305439000945,"2_of_4"
"INHA",2,2,1.23023639817524,"2_of_4"
"DAGLA",2,2,1.22858326462435,"2_of_4"
"PCDHGC3",2,2,1.22614971670618,"2_of_4"
"BCAR3",2,2,1.22530085520916,"2_of_4"
"HEYL",2,2,1.2239837314203,"2_of_4"
"CMTM8",2,2,1.22348469519882,"2_of_4"
"C12orf75",2,2,1.22304734631807,"2_of_4"
"SERPINH1",2,2,1.22205244705483,"2_of_4"
"CILP",2,2,1.22202776562335,"2_of_4"
"MTSS2",2,2,1.22171705429877,"2_of_4"
"PRSS23",2,2,1.22149966082819,"2_of_4"
"GALNT2",2,2,1.2205305986849,"2_of_4"
"NDFIP2",2,2,1.21915070048448,"2_of_4"
"ARHGAP8",2,2,1.2174820814674,"2_of_4"
"LYPD6",2,2,1.21732784297971,"2_of_4"
"MTERF3",2,2,1.21709067568022,"2_of_4"
"FAM71E1",2,2,1.21688767876263,"2_of_4"
"AP3S1",2,2,1.21503380698717,"2_of_4"
"PARP3",2,2,1.21471208167116,"2_of_4"
"SOWAHC",2,2,1.21455478633275,"2_of_4"
"PTPRE",2,2,1.21367302737008,"2_of_4"
"SLC25A37",2,2,1.21341612960394,"2_of_4"
"RPL3",2,2,1.21251578124393,"2_of_4"
"SC5D",2,2,1.21167203969555,"2_of_4"
"IFIT1",2,2,1.21094039187505,"2_of_4"
"FAM241A",2,2,1.20996269631917,"2_of_4"
"ATAD2B",2,2,1.20816333646385,"2_of_4"
"TAPBP",2,2,1.20798233510514,"2_of_4"
"TCTEX1D2",2,2,1.20776629501712,"2_of_4"
"ALDH1A3",2,2,1.20766415514597,"2_of_4"
"SH2B2",2,2,1.20695170781358,"2_of_4"
"ZFHX4",2,2,1.20187138073419,"2_of_4"
"RGS6",2,2,1.20045647156358,"2_of_4"
"THBS2",2,2,1.20040399070577,"2_of_4"
"FCRLB",2,2,1.20014325202581,"2_of_4"
"ANKRD36C",2,2,1.19927889072215,"2_of_4"
"DHRS3",2,2,1.19881954504573,"2_of_4"
"PTPRH",2,2,1.1983565673057,"2_of_4"
"SGSM2",2,2,1.19582914870824,"2_of_4"
"PLAAT4",2,2,1.19525259847867,"2_of_4"
"ABHD16A",2,2,1.19479920764927,"2_of_4"
"KYAT3",2,2,1.19137062891927,"2_of_4"
"LYPD6B",2,2,1.19117459713328,"2_of_4"
"SULT1B1",2,2,1.1871818569007,"2_of_4"
"HCAR2",2,2,1.18678896511962,"2_of_4"
"WDR61",2,2,1.18538513366457,"2_of_4"
"OSTF1",2,2,1.18436814271422,"2_of_4"
"ANKRD29",2,2,1.18422036901472,"2_of_4"
"GPR173",2,2,1.18410871433921,"2_of_4"
"REPS2",2,2,1.18369214304689,"2_of_4"
"KPNA3",2,2,1.18280362278838,"2_of_4"
"NME7",2,2,1.18191710876194,"2_of_4"
"DIO2",2,2,1.18189191783175,"2_of_4"
"BHLHE41",2,2,1.18177009438635,"2_of_4"
"MRPL15",2,2,1.18073534612496,"2_of_4"
"ZNF430",2,2,1.18005417641739,"2_of_4"
"TFPI2",2,2,1.17969637602263,"2_of_4"
"CNPY4",2,2,1.17889988028465,"2_of_4"
"SLC25A6",2,2,1.17874787071742,"2_of_4"
"SGSH",2,2,1.17813606308855,"2_of_4"
"CCDC43",2,2,1.17775875284702,"2_of_4"
"BTBD11",2,2,1.17630721835646,"2_of_4"
"ZNF425",2,2,1.17522811752573,"2_of_4"
"PCBP3",2,2,1.17513809302248,"2_of_4"
"FAM229B",2,2,1.17461380658151,"2_of_4"
"ERAP2",2,2,1.17302567618612,"2_of_4"
"AMPD2",2,2,1.17220666946221,"2_of_4"
"APBB2",2,2,1.17173499678362,"2_of_4"
"CDR1",2,2,1.17144301061341,"2_of_4"
"YIPF3",2,2,1.17128547887816,"2_of_4"
"ZNF747",2,2,1.17047680783982,"2_of_4"
"ZNF43",2,2,1.17042815251709,"2_of_4"
"CTCF",2,2,1.17015786695799,"2_of_4"
"SOX21",2,2,1.1699244677048,"2_of_4"
"MELTF",2,2,1.16912697920044,"2_of_4"
"ST3GAL1",2,2,1.16772346865443,"2_of_4"
"ALDH1A1",2,2,1.16619679778338,"2_of_4"
"MAP3K6",2,2,1.16502573610626,"2_of_4"
"ALOXE3",2,2,1.16343398928726,"2_of_4"
"S1PR5",2,2,1.1612112775784,"2_of_4"
"ARHGDIG",2,2,1.16080484113583,"2_of_4"
"PLEKHA2",2,2,1.16011395776736,"2_of_4"
"DBP",2,2,1.16011300728325,"2_of_4"
"WNK4",2,2,1.15963559280048,"2_of_4"
"ZNF257",2,2,1.1591220756969,"2_of_4"
"ZDHHC8",2,2,1.15904912731222,"2_of_4"
"EIF3C",2,2,1.15879776561225,"2_of_4"
"CAVIN1",2,2,1.15845885362961,"2_of_4"
"C11orf95",2,2,1.15839900232124,"2_of_4"
"TAOK3",2,2,1.15730593343072,"2_of_4"
"BCAS1",2,2,1.15539392627214,"2_of_4"
"FHL3",2,2,1.15525827032489,"2_of_4"
"CXADR",2,2,1.15412809530113,"2_of_4"
"CREB3L4",2,2,1.1521095046397,"2_of_4"
"KCNF1",2,2,1.15146326940128,"2_of_4"
"MAN1A1",2,2,1.15108620830617,"2_of_4"
"C9orf16",2,2,1.1467336425164,"2_of_4"
"ELF4",2,2,1.14548195193336,"2_of_4"
"FBXO17",2,2,1.14520025604059,"2_of_4"
"VWF",2,2,1.14254156585995,"2_of_4"
"NRDE2",2,2,1.14203806495666,"2_of_4"
"MT.ATP8",2,2,1.14158239545621,"2_of_4"
"GLT8D2",2,2,1.14157663915338,"2_of_4"
"NKAIN1",2,2,1.14156363658143,"2_of_4"
"KIAA1671",2,2,1.14056382101424,"2_of_4"
"UHRF2",2,2,1.1403875876998,"2_of_4"
"RALGAPA1",2,2,1.13957877182103,"2_of_4"
"ISLR2",2,2,1.1390729800436,"2_of_4"
"IRX5",2,2,1.13763314797788,"2_of_4"
"BOK",2,2,1.13712132324857,"2_of_4"
"IL31RA",2,2,1.13699783069604,"2_of_4"
"ZNF491",2,2,1.13611709620268,"2_of_4"
"SP140",2,2,1.13611414158061,"2_of_4"
"DYNLL2",2,2,1.13572368437712,"2_of_4"
"ABHD8",2,2,1.13554224480843,"2_of_4"
"SPOCK1",2,2,1.13546486394266,"2_of_4"
"GCH1",2,2,1.13514527631856,"2_of_4"
"DZIP1L",2,2,1.13512074640728,"2_of_4"
"ZCCHC9",2,2,1.13450941751469,"2_of_4"
"TRPT1",2,2,1.13367093229588,"2_of_4"
"EEF1A1",2,2,1.13358827850485,"2_of_4"
"FLNC",2,2,1.1331057199602,"2_of_4"
"SH3BGR",2,2,1.13255565833576,"2_of_4"
"PGM2",2,2,1.13238408744229,"2_of_4"
"RPL19",2,2,1.1322483637809,"2_of_4"
"DERL1",2,2,1.1316237548733,"2_of_4"
"TGFB1I1",2,2,1.13145282408726,"2_of_4"
"TIMM17A",2,2,1.13090535625131,"2_of_4"
"IQANK1",2,2,1.12878961954085,"2_of_4"
"MARCHF3",2,2,1.12824617076468,"2_of_4"
"RPS6KA2",2,2,1.12784739538243,"2_of_4"
"KCNN3",2,2,1.12741632942643,"2_of_4"
"MT.ATP6",2,2,1.1273296147892,"2_of_4"
"PARD6G",2,2,1.12627484765715,"2_of_4"
"GUCY1B1",2,2,1.12479175040004,"2_of_4"
"CAPG",2,2,1.12470151525929,"2_of_4"
"C19orf57",2,2,1.12456627085932,"2_of_4"
"GDF5",2,2,1.1242753603466,"2_of_4"
"ZNF296",2,2,1.12337673730699,"2_of_4"
"FASTKD2",2,2,1.12334130140169,"2_of_4"
"PAXIP1",2,2,1.12236500873237,"2_of_4"
"ATRNL1",2,2,1.12236309480635,"2_of_4"
"SLC25A13",2,2,1.12216515565647,"2_of_4"
"HDAC11",2,2,1.12123852236335,"2_of_4"
"TMEM150A",2,2,1.12114801223338,"2_of_4"
"CRB2",2,2,1.12101946239211,"2_of_4"
"GDAP1",2,2,1.1205054157482,"2_of_4"
"CD177",2,2,1.11993572684758,"2_of_4"
"FOXL1",2,2,1.11993231955798,"2_of_4"
"SLC22A31",2,2,1.11973156768743,"2_of_4"
"IL18",2,2,1.11945046807453,"2_of_4"
"TNRC6C",2,2,1.11907288777823,"2_of_4"
"ABCA13",2,2,1.11771014329809,"2_of_4"
"DBH",2,2,1.11749765192021,"2_of_4"
"EFNA5",2,2,1.11734643954266,"2_of_4"
"TUSC3",2,2,1.11730911707703,"2_of_4"
"TRPS1",2,2,1.1162282314435,"2_of_4"
"AGAP1",2,2,1.11589029302861,"2_of_4"
"KAZALD1",2,2,1.11588561594258,"2_of_4"
"NOTCH3",2,2,1.11559497087476,"2_of_4"
"RASA1",2,2,1.11505059538555,"2_of_4"
"NAV1",2,2,1.11454586506002,"2_of_4"
"TLE5",2,2,1.1144685635965,"2_of_4"
"ORAI2",2,2,1.11397603165319,"2_of_4"
"PREP",2,2,1.11363656096437,"2_of_4"
"PLXNB1",2,2,1.11257259356003,"2_of_4"
"FGF11",2,2,1.11175242048545,"2_of_4"
"ZBTB38",2,2,1.11109824032323,"2_of_4"
"XAF1",2,2,1.11028559276314,"2_of_4"
"RTN4RL2",2,2,1.10861991984402,"2_of_4"
"SV2A",2,2,1.10845960715084,"2_of_4"
"ERG28",2,2,1.10821573756571,"2_of_4"
"GPC5",2,2,1.1079797515646,"2_of_4"
"MYO1E",2,2,1.10768211470267,"2_of_4"
"CRAT",2,2,1.1073972723883,"2_of_4"
"SYPL1",2,2,1.10738762159207,"2_of_4"
"TENT5B",2,2,1.10493313898421,"2_of_4"
"PLEKHS1",2,2,1.10454843676465,"2_of_4"
"TUB",2,2,1.10221754926014,"2_of_4"
"TOLLIP",2,2,1.10127738071928,"2_of_4"
"GNL3",2,2,1.10113372111724,"2_of_4"
"NEK7",2,2,1.10105900568161,"2_of_4"
"ARHGAP6",2,2,1.09931785472908,"2_of_4"
"FAM72A",2,2,1.09895422732113,"2_of_4"
"RSBN1L",2,2,1.09876560963888,"2_of_4"
"RNF130",2,2,1.09858767435079,"2_of_4"
"PMP22",2,2,1.09831828536328,"2_of_4"
"PPP3R1",2,2,1.09699468692598,"2_of_4"
"MPZL2",2,2,1.09629579986791,"2_of_4"
"COX14",2,2,1.09608039910804,"2_of_4"
"RAE1",2,2,1.09573515541065,"2_of_4"
"ITPKB",2,2,1.09512875027683,"2_of_4"
"UPK3B",2,2,1.09418138393944,"2_of_4"
"RBM18",2,2,1.09393951019835,"2_of_4"
"KRBA1",2,2,1.09383654093407,"2_of_4"
"CADM4",2,2,1.09295901032168,"2_of_4"
"CRISPLD2",2,2,1.09288877354797,"2_of_4"
"GSTZ1",2,2,1.09231198574811,"2_of_4"
"CTSZ",2,2,1.09197165311415,"2_of_4"
"NLRP10",2,2,1.09196238399439,"2_of_4"
"EPB41L1",2,2,1.09128825174502,"2_of_4"
"FCGR2A",2,2,1.09072297250305,"2_of_4"
"PHLPP1",2,2,1.08758006028682,"2_of_4"
"TMEM251",2,2,1.08745278990576,"2_of_4"
"ZNF674",2,2,1.08622297282021,"2_of_4"
"NCKAP5",2,2,1.08584958506099,"2_of_4"
"AP1S3",2,2,1.08423306125695,"2_of_4"
"S100A3",2,2,1.08398001853942,"2_of_4"
"TENM3",2,2,1.08375446533509,"2_of_4"
"H4C9",2,2,1.08363039469103,"2_of_4"
"RFTN1",2,2,1.0834644440101,"2_of_4"
"CAP1",2,2,1.0834540425635,"2_of_4"
"ADTRP",2,2,1.08336588802483,"2_of_4"
"MFAP3L",2,2,1.08321598614096,"2_of_4"
"IQCJ.SCHIP1",2,2,1.08316097900476,"2_of_4"
"COCH",2,2,1.08294740765662,"2_of_4"
"SIRT7",2,2,1.08249027653712,"2_of_4"
"PNMA8A",2,2,1.08159527054533,"2_of_4"
"INSL3",2,2,1.08109797565031,"2_of_4"
"MOXD1",2,2,1.07973728957442,"2_of_4"
"SH2B3",2,2,1.0796783766641,"2_of_4"
"IFI27L2",2,2,1.07962216068819,"2_of_4"
"TEAD3",2,2,1.07852916900436,"2_of_4"
"MMUT",2,2,1.07849250927031,"2_of_4"
"EGF",2,2,1.07757562114613,"2_of_4"
"LRRC1",2,2,1.07725284598126,"2_of_4"
"TMEM231",2,2,1.07719011743618,"2_of_4"
"DZIP1",2,2,1.07676575590462,"2_of_4"
"MYO5B",2,2,1.07516929957921,"2_of_4"
"DSE",2,2,1.07514451443766,"2_of_4"
"LTBP2",2,2,1.07462207101411,"2_of_4"
"LRRN4CL",2,2,1.07460799160535,"2_of_4"
"NDST1",2,2,1.07424711075898,"2_of_4"
"C16orf71",2,2,1.07344197021057,"2_of_4"
"LTB",2,2,1.07224105995654,"2_of_4"
"CCND2",2,2,1.07020903318831,"2_of_4"
"TAP1",2,2,1.06998599622398,"2_of_4"
"RANBP9",2,2,1.06977613581327,"2_of_4"
"CHRM1",2,2,1.06962358150945,"2_of_4"
"HK1",2,2,1.06961148386353,"2_of_4"
"SBDS",2,2,1.06944374941083,"2_of_4"
"GEM",2,2,1.06883881529036,"2_of_4"
"TRIM66",2,2,1.06771862331191,"2_of_4"
"CD163L1",2,2,1.0670206065015,"2_of_4"
"TNFRSF11B",2,2,1.06667349002468,"2_of_4"
"OSR2",2,2,1.06645439933036,"2_of_4"
"CDK5R1",2,2,1.06556379446223,"2_of_4"
"NRK",2,2,1.06547324682307,"2_of_4"
"COX6C",2,2,1.06528247412444,"2_of_4"
"IFI16",2,2,1.06428105643504,"2_of_4"
"SGMS1",2,2,1.06379323873657,"2_of_4"
"H2BC12",2,2,1.06378242412588,"2_of_4"
"MANSC4",2,2,1.06350280283081,"2_of_4"
"CYHR1",2,2,1.06318618524545,"2_of_4"
"CTC1",2,2,1.06262557020091,"2_of_4"
"CNGB1",2,2,1.06227743082635,"2_of_4"
"MYH9",2,2,1.06179718561218,"2_of_4"
"HEBP2",2,2,1.06134332860573,"2_of_4"
"H3C14",2,2,1.06104454246676,"2_of_4"
"S1PR1",2,2,1.06058456877963,"2_of_4"
"KAZN",2,2,1.06052887607277,"2_of_4"
"ACSL6",2,2,1.05967508125037,"2_of_4"
"PARP10",2,2,1.0596195923824,"2_of_4"
"PTMS",2,2,1.05946864881557,"2_of_4"
"PTK7",2,2,1.05911472401195,"2_of_4"
"ZDHHC1",2,2,1.05827220976571,"2_of_4"
"TMTC4",2,2,1.05800609146687,"2_of_4"
"CFD",2,2,1.05780299737576,"2_of_4"
"SLC31A2",2,2,1.05657901036505,"2_of_4"
"SPATA6",2,2,1.05604980231239,"2_of_4"
"APBA1",2,2,1.05599046477149,"2_of_4"
"CACNA1H",2,2,1.05594526294234,"2_of_4"
"DRD2",2,2,1.05575647565286,"2_of_4"
"CD99L2",2,2,1.05574936084448,"2_of_4"
"TOX",2,2,1.05561020655318,"2_of_4"
"PSMF1",2,2,1.05521047137493,"2_of_4"
"TPD52L1",2,2,1.05491899151266,"2_of_4"
"ARRB2",2,2,1.05400330440706,"2_of_4"
"ZNF629",2,2,1.05338477113858,"2_of_4"
"PTGIS",2,2,1.05282390617431,"2_of_4"
"CROCC2",2,2,1.05273634076217,"2_of_4"
"DNMT3B",2,2,1.05265575354841,"2_of_4"
"MAIP1",2,2,1.05204513261258,"2_of_4"
"PARP14",2,2,1.05189975727494,"2_of_4"
"GSG1",2,2,1.05133062360387,"2_of_4"
"LRRC29",2,2,1.05098800599795,"2_of_4"
"ZNF761",2,2,1.05063025599585,"2_of_4"
"MFSD13A",2,2,1.05047246730151,"2_of_4"
"FOXO1",2,2,1.05043880803322,"2_of_4"
"TJP3",2,2,1.05036622167292,"2_of_4"
"YWHAQ",2,2,1.05003646729092,"2_of_4"
"SLC6A20",2,2,1.04998323817515,"2_of_4"
"IFI6",2,2,1.04933118132261,"2_of_4"
"ANXA5",2,2,1.04921325336252,"2_of_4"
"UNC5B",2,2,1.04909418733795,"2_of_4"
"PLG",2,2,1.04908112982083,"2_of_4"
"TRAPPC6A",2,2,1.04884063037308,"2_of_4"
"DKK3",2,2,1.04817740047696,"2_of_4"
"ARVCF",2,2,1.04811693487188,"2_of_4"
"GYG2",2,2,1.04811302773583,"2_of_4"
"SLC4A7",2,2,1.04765643643382,"2_of_4"
"MT.ND4L",2,2,1.04750657343647,"2_of_4"
"ART5",2,2,1.04724568922212,"2_of_4"
"STOX2",2,2,1.04699796227791,"2_of_4"
"SBK3",2,2,1.04660891315761,"2_of_4"
"MT.ND1",2,2,1.04628187472698,"2_of_4"
"LGI2",2,2,1.04627950234405,"2_of_4"
"FOXL2NB",2,2,1.04508194680815,"2_of_4"
"RTKN",2,2,1.04427656925419,"2_of_4"
"LYN",2,2,1.04427125946414,"2_of_4"
"SERGEF",2,2,1.04424729429733,"2_of_4"
"SLC27A2",2,2,1.04379422223992,"2_of_4"
"FZD6",2,2,1.04261062025289,"2_of_4"
"CLUL1",2,2,1.04214393397673,"2_of_4"
"SLC19A3",2,2,1.04209007456108,"2_of_4"
"C6orf89",2,2,1.04190227488596,"2_of_4"
"ALKBH7",2,2,1.04185492572026,"2_of_4"
"ASPSCR1",2,2,1.04129292535795,"2_of_4"
"LRRC8A",2,2,1.0411732425835,"2_of_4"
"ORC4",2,2,1.04112268874512,"2_of_4"
"ADCY6",2,2,1.04097586919676,"2_of_4"
"FAT3",2,2,1.0409023366836,"2_of_4"
"JHY",2,2,1.04080930360129,"2_of_4"
"TMEM70",2,2,1.04024318637378,"2_of_4"
"SLPI",2,2,1.04015325737741,"2_of_4"
"DHRS7",2,2,1.03991276591157,"2_of_4"
"RPS21",2,2,1.03979691531597,"2_of_4"
"CAND2",2,2,1.03951231621111,"2_of_4"
"ARHGEF25",2,2,1.03942099641795,"2_of_4"
"ZFP36L1",2,2,1.03893617015932,"2_of_4"
"CA12",2,2,1.03858768148003,"2_of_4"
"SEMA5B",2,2,1.03853310568988,"2_of_4"
"TPBG",2,2,1.03798216299237,"2_of_4"
"ASNS",2,2,1.03790371286995,"2_of_4"
"DCAF13",2,2,1.03735957306129,"2_of_4"
"DST",2,2,1.03697362822482,"2_of_4"
"CCBE1",2,2,1.03688266524299,"2_of_4"
"P4HA1",2,2,1.03630927380816,"2_of_4"
"DKK1",2,2,1.03617830907185,"2_of_4"
"CELF2",2,2,1.03548264905955,"2_of_4"
"DENND2C",2,2,1.03486530891703,"2_of_4"
"TNFSF10",2,2,1.03446630170576,"2_of_4"
"ZNF622",2,2,1.03434846740398,"2_of_4"
"ACSL4",2,2,1.03371291632591,"2_of_4"
"BRSK2",2,2,1.03356965700439,"2_of_4"
"MARVELD1",2,2,1.0334278104259,"2_of_4"
"DEGS1",2,2,1.03268195604277,"2_of_4"
"DDX60L",2,2,1.03261190120099,"2_of_4"
"PCDHB15",2,2,1.03228161168635,"2_of_4"
"C20orf96",2,2,1.03210987880219,"2_of_4"
"ESRP1",2,2,1.03201970925905,"2_of_4"
"KCNN1",2,2,1.03194007885431,"2_of_4"
"ANKRD33B",2,2,1.03164181543823,"2_of_4"
"FAM210A",2,2,1.03065540103053,"2_of_4"
"SLC22A17",2,2,1.03054100665925,"2_of_4"
"SPINT2",2,2,1.02985845521118,"2_of_4"
"UAP1",2,2,1.02981802276115,"2_of_4"
"FAT1",2,2,1.02967666266931,"2_of_4"
"DENND2A",2,2,1.02964512925855,"2_of_4"
"RNF5",2,2,1.02892309466675,"2_of_4"
"AKAP12",2,2,1.02879753499251,"2_of_4"
"CCDC91",2,2,1.02874991264753,"2_of_4"
"GTF2E2",2,2,1.02858228549422,"2_of_4"
"FSCN1",2,2,1.02832553926672,"2_of_4"
"ZNF580",2,2,1.02751910599337,"2_of_4"
"ZCCHC24",2,2,1.02748251290911,"2_of_4"
"CUTA",2,2,1.02705415937551,"2_of_4"
"FAM168A",2,2,1.02702789793415,"2_of_4"
"FAM53B",2,2,1.02675218470841,"2_of_4"
"PEAK1",2,2,1.02597899478164,"2_of_4"
"TDO2",2,2,1.02580082038932,"2_of_4"
"RPL29",2,2,1.0254071371421,"2_of_4"
"HIPK2",2,2,1.02525173032264,"2_of_4"
"SEC23A",2,2,1.02517988029597,"2_of_4"
"ZSCAN9",2,2,1.02508618164265,"2_of_4"
"ATP13A4",2,2,1.02446614884452,"2_of_4"
"MT.ND4",2,2,1.02397095236622,"2_of_4"
"PAQR5",2,2,1.02337149954103,"2_of_4"
"WDR12",2,2,1.02314494751651,"2_of_4"
"PCDHB12",2,2,1.02311723748593,"2_of_4"
"NPEPL1",2,2,1.02307293577967,"2_of_4"
"EPHX2",2,2,1.02259557269365,"2_of_4"
"HPS1",2,2,1.02253826241237,"2_of_4"
"WDR35",2,2,1.02215214296653,"2_of_4"
"CASP2",2,2,1.0220946233141,"2_of_4"
"DES",2,2,1.02202031759792,"2_of_4"
"EEPD1",2,2,1.0218651579003,"2_of_4"
"B4GALNT4",2,2,1.02129430621673,"2_of_4"
"SLC30A1",2,2,1.02072802929557,"2_of_4"
"SYNE2",2,2,1.02060222797703,"2_of_4"
"SLC34A1",2,2,1.02038643863596,"2_of_4"
"AFAP1L2",2,2,1.01975998219549,"2_of_4"
"NAT16",2,2,1.01966471426824,"2_of_4"
"MXRA5",2,2,1.0192916131432,"2_of_4"
"LSM12",2,2,1.0191508409098,"2_of_4"
"SRPX",2,2,1.01885983080358,"2_of_4"
"ATP2B4",2,2,1.01884226287521,"2_of_4"
"MPP7",2,2,1.01850853122604,"2_of_4"
"RCOR1",2,2,1.01817939779484,"2_of_4"
"GRHL2",2,2,1.01817630609918,"2_of_4"
"GUSB",2,2,1.01755972764543,"2_of_4"
"SNX18",2,2,1.01739860609811,"2_of_4"
"S100A8",2,2,1.01721823237916,"2_of_4"
"FBLN2",2,2,1.01695031685623,"2_of_4"
"TMSB10",2,2,1.0164951424908,"2_of_4"
"EREG",2,2,1.0159382153076,"2_of_4"
"CDON",2,2,1.01541058971691,"2_of_4"
"CD14",2,2,1.01513013532639,"2_of_4"
"YPEL3",2,2,1.01462389608223,"2_of_4"
"RPF1",2,2,1.01410620270945,"2_of_4"
"PRKAG2",2,2,1.01401541559209,"2_of_4"
"CASC4",2,2,1.01372359636747,"2_of_4"
"LRIG3",2,2,1.01348041556169,"2_of_4"
"EVI2B",2,2,1.01341395706235,"2_of_4"
"GALNT10",2,2,1.01334681508905,"2_of_4"
"NECAB2",2,2,1.01323600877153,"2_of_4"
"AFF3",2,2,1.01297470392329,"2_of_4"
"AP4S1",2,2,1.01294903487566,"2_of_4"
"LRRFIP2",2,2,1.01282615859765,"2_of_4"
"MAST2",2,2,1.0124560640417,"2_of_4"
"ATP11B",2,2,1.01216348410971,"2_of_4"
"BLOC1S1",2,2,1.01198170714859,"2_of_4"
"TMSB15B",2,2,1.01197165776694,"2_of_4"
"RPS10",2,2,1.01183677669024,"2_of_4"
"MX1",2,2,1.01180975372248,"2_of_4"
"AHCYL2",2,2,1.0110221775579,"2_of_4"
"PTDSS2",2,2,1.01099120097348,"2_of_4"
"CD81",2,2,1.01006029538044,"2_of_4"
"MEMO1",2,2,1.01003730060639,"2_of_4"
"HS3ST3B1",2,2,1.0098285340346,"2_of_4"
"ADGRA3",2,2,1.00973435555055,"2_of_4"
"HMGN2",2,2,1.00935169753964,"2_of_4"
"HS6ST1",2,2,1.00904290468944,"2_of_4"
"FRMPD3",2,2,1.00895740881891,"2_of_4"
"THUMPD2",2,2,1.0088462617598,"2_of_4"
"IRAK2",2,2,1.0088454416616,"2_of_4"
"NTPCR",2,2,1.00851615573391,"2_of_4"
"ABL2",2,2,1.00832836732205,"2_of_4"
"NINJ1",2,2,1.0078670592345,"2_of_4"
"CD151",2,2,1.00748391773435,"2_of_4"
"ATF7IP2",2,2,1.00694041901123,"2_of_4"
"TMEM43",2,2,1.00685560048383,"2_of_4"
"CHSY3",2,2,1.00682840125338,"2_of_4"
"KCTD17",2,2,1.00668451472084,"2_of_4"
"CADPS2",2,2,1.00643472430762,"2_of_4"
"MAP1LC3C",2,2,1.0061634681523,"2_of_4"
"CPT1C",2,2,1.00612602675396,"2_of_4"
"NID1",2,2,1.00607586301581,"2_of_4"
"RGMA",2,2,1.00605893898582,"2_of_4"
"ACAA1",2,2,1.00582911588701,"2_of_4"
"C3orf52",2,2,1.00579234337029,"2_of_4"
"PRKD1",2,2,1.00565569355671,"2_of_4"
"ZBTB32",2,2,1.00555388166805,"2_of_4"
"CARD16",2,2,1.00526854451742,"2_of_4"
"RPAP3",2,2,1.00422094292106,"2_of_4"
"REEP4",2,2,1.00391158142955,"2_of_4"
"RBM7",2,2,1.00385199378918,"2_of_4"
"EVI2A",2,2,1.00238845330464,"2_of_4"
"COMMD3",2,2,1.00147733279462,"2_of_4"
"TM4SF18",2,2,1.00067521538038,"2_of_4"
"RIMBP3B",2,2,1.00006669527199,"2_of_4"
"AGMO",2,2,0.999967693806786,"2_of_4"
"NGDN",2,2,0.999614336676943,"2_of_4"
"VAMP8",2,2,0.999380802116135,"2_of_4"
"C4A",2,2,0.998388077669963,"2_of_4"
"FABP6",2,2,0.9980868134485,"2_of_4"
"WNT3",2,2,0.998023996220516,"2_of_4"
"ANAPC4",2,2,0.997621686548595,"2_of_4"
"CTNND1",2,2,0.99748466511614,"2_of_4"
"MMP13",2,2,0.995963372389511,"2_of_4"
"ARHGEF35",2,2,0.995959310514377,"2_of_4"
"PTCD3",2,2,0.995899649006467,"2_of_4"
"CCDC68",2,2,0.995768071145402,"2_of_4"
"PLAAT2",2,2,0.995706295390225,"2_of_4"
"MCOLN3",2,2,0.995349293800409,"2_of_4"
"ARMC1",2,2,0.9952661585034,"2_of_4"
"NCOR2",2,2,0.995260087745722,"2_of_4"
"SHMT2",2,2,0.994505000437657,"2_of_4"
"ZNF618",2,2,0.994429132066031,"2_of_4"
"FAM86B1",2,2,0.994152535928451,"2_of_4"
"NAP1L5",2,2,0.99366089630419,"2_of_4"
"CBWD1",2,2,0.993558722820179,"2_of_4"
"AP1M2",2,2,0.992735720315285,"2_of_4"
"PFKFB4",2,2,0.991178004763084,"2_of_4"
"ICOSLG",2,2,0.990652848218383,"2_of_4"
"SBK2",2,2,0.989830700813744,"2_of_4"
"DUS4L",2,2,0.989417796434457,"2_of_4"
"DYRK4",2,2,0.989414073217261,"2_of_4"
"SORBS1",2,2,0.98917211313324,"2_of_4"
"BTBD3",2,2,0.989047718467343,"2_of_4"
"GOLGA8A",2,2,0.988909974767701,"2_of_4"
"MSLN",2,2,0.988695463391632,"2_of_4"
"SENP1",2,2,0.988491314172981,"2_of_4"
"TGFBR3",2,2,0.988226419591065,"2_of_4"
"NNT",2,2,0.987633940612856,"2_of_4"
"FBP1",2,2,0.986671321776115,"2_of_4"
"BMPER",2,2,0.986617038037293,"2_of_4"
"ABR",2,2,0.986584555579429,"2_of_4"
"DCHS1",2,2,0.986452403121703,"2_of_4"
"OAF",2,2,0.986407126350803,"2_of_4"
"FOXI3",2,2,0.986200249216648,"2_of_4"
"EEF1G",2,2,0.986137639512766,"2_of_4"
"AHR",2,2,0.986053805452497,"2_of_4"
"CDS1",2,2,0.985607071748758,"2_of_4"
"CD33",2,2,0.985173194041934,"2_of_4"
"FOXA1",2,2,0.9851418422547,"2_of_4"
"NDUFA8",2,2,0.985141104520906,"2_of_4"
"PPL",2,2,0.985075262272109,"2_of_4"
"ATM",2,2,0.984713877865427,"2_of_4"
"PPP1R14C",2,2,0.984700111776589,"2_of_4"
"DIO3",2,2,0.984517473127809,"2_of_4"
"IGSF1",2,2,0.983698961907141,"2_of_4"
"RPS11",2,2,0.983525435263253,"2_of_4"
"FADS2",2,2,0.982653181670198,"2_of_4"
"DCBLD2",2,2,0.981926093204224,"2_of_4"
"TINAGL1",2,2,0.981925012898726,"2_of_4"
"DOK5",2,2,0.981725022661132,"2_of_4"
"TNS3",2,2,0.981674988407919,"2_of_4"
"RPL13A",2,2,0.980953582667438,"2_of_4"
"HOXB8",2,2,0.979756448165354,"2_of_4"
"TACC1",2,2,0.979444632797852,"2_of_4"
"PABPN1",2,2,0.978852393470866,"2_of_4"
"APBA2",2,2,0.978794479317408,"2_of_4"
"SOCS3",2,2,0.978536656219662,"2_of_4"
"ZNRF2",2,2,0.978158215454649,"2_of_4"
"ABHD15",2,2,0.978153966709091,"2_of_4"
"EEF1AKMT4",2,2,0.97717528483279,"2_of_4"
"RB1",2,2,0.976978022935711,"2_of_4"
"GUF1",2,2,0.976454224504107,"2_of_4"
"TG",2,2,0.976374237831043,"2_of_4"
"ZNF114",2,2,0.976153657484224,"2_of_4"
"SPR",2,2,0.974630792713592,"2_of_4"
"HABP4",2,2,0.97395196588885,"2_of_4"
"MTR",2,2,0.973834947095973,"2_of_4"
"RIPOR3",2,2,0.9738072995575,"2_of_4"
"ITPA",2,2,0.973512682866356,"2_of_4"
"DERA",2,2,0.973444391731581,"2_of_4"
"ZFYVE21",2,2,0.973348138098588,"2_of_4"
"PGLS",2,2,0.973322173109336,"2_of_4"
"PIEZO1",2,2,0.972711424847276,"2_of_4"
"LAMB1",2,2,0.972614185305466,"2_of_4"
"SDC2",2,2,0.971871041883038,"2_of_4"
"LEAP2",2,2,0.971772811867361,"2_of_4"
"PPP4R3A",2,2,0.971312041271134,"2_of_4"
"LRRN2",2,2,0.97128905811402,"2_of_4"
"TNNC1",2,2,0.971082026494045,"2_of_4"
"CES3",2,2,0.970433140458275,"2_of_4"
"SMYD5",2,2,0.970264393968969,"2_of_4"
"ZNF404",2,2,0.970139658033794,"2_of_4"
"TRIM5",2,2,0.970001527257814,"2_of_4"
"PPP2R2A",2,2,0.969878054485072,"2_of_4"
"NWD1",2,2,0.969749957514331,"2_of_4"
"ADPRHL1",2,2,0.969581305429429,"2_of_4"
"DYRK2",2,2,0.969474568471599,"2_of_4"
"CX3CL1",2,2,0.969265168336826,"2_of_4"
"KCNS3",2,2,0.969158056597543,"2_of_4"
"PSEN2",2,2,0.96879854616359,"2_of_4"
"ACOX2",2,2,0.968533928155068,"2_of_4"
"OSTC",2,2,0.968410157883106,"2_of_4"
"IER5",2,2,0.967545630511954,"2_of_4"
"RTN4RL1",2,2,0.967094365447955,"2_of_4"
"SFRP1",2,2,0.966959363625359,"2_of_4"
"CNTLN",2,2,0.966894720432842,"2_of_4"
"FOXD1",2,2,0.966789880490105,"2_of_4"
"ZNF212",2,2,0.966746787184733,"2_of_4"
"RTP4",2,2,0.966550492006754,"2_of_4"
"C1QTNF5",2,2,0.966128849107964,"2_of_4"
"S100A5",2,2,0.965747470043633,"2_of_4"
"FAM43A",2,2,0.965600265230929,"2_of_4"
"RBM6",2,2,0.965597517009174,"2_of_4"
"RFPL4AL1",2,2,0.965181343822291,"2_of_4"
"CDIP1",2,2,0.965105535542627,"2_of_4"
"CTSS",2,2,0.964795604553941,"2_of_4"
"ZNF165",2,2,0.964611349264109,"2_of_4"
"SYT3",2,2,0.964429667503902,"2_of_4"
"PSG7",2,2,0.963719656132797,"2_of_4"
"COPZ2",2,2,0.963718579795275,"2_of_4"
"CFL2",2,2,0.963684915701718,"2_of_4"
"ABCB5",2,2,0.963386901347875,"2_of_4"
"DAZAP2",2,2,0.963153592056789,"2_of_4"
"LRP1B",2,2,0.96301362156362,"2_of_4"
"RFK",2,2,0.963004663406676,"2_of_4"
"MXRA7",2,2,0.962455179880918,"2_of_4"
"CARS1",2,2,0.962142518780472,"2_of_4"
"CCDC102A",2,2,0.961941594390791,"2_of_4"
"PLXNB2",2,2,0.961388028232366,"2_of_4"
"CAMK2D",2,2,0.961263751069729,"2_of_4"
"PTGS1",2,2,0.960722022514085,"2_of_4"
"RHD",2,2,0.960704892123448,"2_of_4"
"GAL3ST1",2,2,0.960620209881047,"2_of_4"
"CDKN2A",2,2,0.960035393993835,"2_of_4"
"IQCA1",2,2,0.960016621784225,"2_of_4"
"PPTC7",2,2,0.959802217776947,"2_of_4"
"MAGEE1",2,2,0.959248924981923,"2_of_4"
"CCT8",2,2,0.95870088651504,"2_of_4"
"MGAT4B",2,2,0.958466925819301,"2_of_4"
"GLRX2",2,2,0.958457614501508,"2_of_4"
"FOXE1",2,2,0.958441467662241,"2_of_4"
"SHKBP1",2,2,0.958219654397892,"2_of_4"
"MPHOSPH10",2,2,0.957996524247648,"2_of_4"
"CERS1",2,2,0.957975830056023,"2_of_4"
"TMEM47",2,2,0.957237762398836,"2_of_4"
"SLC37A1",2,2,0.957206866941878,"2_of_4"
"MAPK11",2,2,0.957135883328299,"2_of_4"
"MYO10",2,2,0.95672508626207,"2_of_4"
"SRGAP2C",2,2,0.956627015737787,"2_of_4"
"CCDC85A",2,2,0.956622350305984,"2_of_4"
"LRRFIP1",2,2,0.956557015840015,"2_of_4"
"PCNP",2,2,0.956144783229106,"2_of_4"
"SARNP",2,2,0.956048659455224,"2_of_4"
"CCNE2",2,2,0.95597124916491,"2_of_4"
"MBNL3",2,2,0.955961554769899,"2_of_4"
"CYFIP2",2,2,0.955459179606456,"2_of_4"
"CCNI",2,2,0.955343422686709,"2_of_4"
"CHST10",2,2,0.955104686671042,"2_of_4"
"TMEM52B",2,2,0.954962758054656,"2_of_4"
"LRP3",2,2,0.954930577124764,"2_of_4"
"NLRX1",2,2,0.954687391075528,"2_of_4"
"FBLN7",2,2,0.954680838568249,"2_of_4"
"SUGT1",2,2,0.954575915233089,"2_of_4"
"PCDHGA3",2,2,0.953978880578311,"2_of_4"
"FNDC4",2,2,0.953973605515101,"2_of_4"
"MT.CO2",2,2,0.953734185649969,"2_of_4"
"PPID",2,2,0.95370016334623,"2_of_4"
"IRF9",2,2,0.953445995925277,"2_of_4"
"PLAC8",2,2,0.95297744015726,"2_of_4"
"CDH11",2,2,0.952052689963196,"2_of_4"
"SLC35G2",2,2,0.951974869555896,"2_of_4"
"TMEM33",2,2,0.95181689093362,"2_of_4"
"NOL4L",2,2,0.951718867522018,"2_of_4"
"HSPE1.MOB4",2,2,0.951630448966305,"2_of_4"
"DMKN",2,2,0.951260600124604,"2_of_4"
"TNFRSF19",2,2,0.950659091715224,"2_of_4"
"SLC20A1",2,2,0.950586663445264,"2_of_4"
"HERC3",2,2,0.950078502966776,"2_of_4"
"FGF19",2,2,0.94952970800198,"2_of_4"
"STXBP6",2,2,0.949269338533302,"2_of_4"
"SLC25A29",2,2,0.949165213331389,"2_of_4"
"AP1S1",2,2,0.948803184435472,"2_of_4"
"SERTAD2",2,2,0.948561286626145,"2_of_4"
"RBBP8NL",2,2,0.948515837060625,"2_of_4"
"ARHGAP20",2,2,0.948412260728352,"2_of_4"
"YEATS2",2,2,0.947312190249158,"2_of_4"
"EVL",2,2,0.947167045463995,"2_of_4"
"MMP16",2,2,0.94706268566349,"2_of_4"
"GNS",2,2,0.94687663899893,"2_of_4"
"RPL22",2,2,0.94661318149939,"2_of_4"
"SVOPL",2,2,0.946478428407364,"2_of_4"
"BVES",2,2,0.946247345048796,"2_of_4"
"COMMD1",2,2,0.945524699754835,"2_of_4"
"PSAPL1",2,2,0.944874753104497,"2_of_4"
"NUFIP1",2,2,0.944717210096373,"2_of_4"
"TMEM132A",2,2,0.944169378938413,"2_of_4"
"NDUFB1",2,2,0.94341394923778,"2_of_4"
"PCDHAC1",2,2,0.943054671089272,"2_of_4"
"SOD2",2,2,0.942935888905283,"2_of_4"
"RTL8B",2,2,0.942447777942809,"2_of_4"
"DDIT4",2,2,0.942431346909647,"2_of_4"
"LEMD2",2,2,0.942010216306668,"2_of_4"
"CASP8",2,2,0.941852610475264,"2_of_4"
"TGFB3",2,2,0.941834099246775,"2_of_4"
"PATZ1",2,2,0.941770496504297,"2_of_4"
"DOP1B",2,2,0.941532448746905,"2_of_4"
"INSYN2B",2,2,0.940984731216937,"2_of_4"
"ZNF616",2,2,0.940864437587622,"2_of_4"
"MFAP2",2,2,0.940716868952382,"2_of_4"
"NUDT14",2,2,0.940702589334483,"2_of_4"
"MCTP1",2,2,0.940275373126563,"2_of_4"
"NCK2",2,2,0.940197811797015,"2_of_4"
"PRR22",2,2,0.940129586485274,"2_of_4"
"GASK1A",2,2,0.939817710269905,"2_of_4"
"ATP11C",2,2,0.939646835661651,"2_of_4"
"ARHGEF26",2,2,0.939512549420944,"2_of_4"
"ST14",2,2,0.939420893408415,"2_of_4"
"CYP2J2",2,2,0.939350794558248,"2_of_4"
"LGI3",2,2,0.939010011003074,"2_of_4"
"CFAP65",2,2,0.938781079642737,"2_of_4"
"ZKSCAN4",2,2,0.938741525399522,"2_of_4"
"C17orf107",2,2,0.938588759147862,"2_of_4"
"MORF4L2",2,2,0.938177575062466,"2_of_4"
"KATNBL1",2,2,0.937921064025522,"2_of_4"
"TRIB3",2,2,0.937635845585614,"2_of_4"
"MOCOS",2,2,0.937203845908744,"2_of_4"
"BAZ1A",2,2,0.936739770230855,"2_of_4"
"ABCC5",2,2,0.936452359528583,"2_of_4"
"SPART",2,2,0.936016223687638,"2_of_4"
"KIT",2,2,0.935793105656884,"2_of_4"
"AHSA1",2,2,0.93554185980476,"2_of_4"
"ERVK3.1",2,2,0.935505758582255,"2_of_4"
"RNF169",2,2,0.935318255669428,"2_of_4"
"TMEM150C",2,2,0.935027643784019,"2_of_4"
"NOXRED1",2,2,0.934896441772877,"2_of_4"
"APOL6",2,2,0.93487082587459,"2_of_4"
"SLC1A4",2,2,0.934533999235327,"2_of_4"
"GATA6",2,2,0.93430005021549,"2_of_4"
"LONRF3",2,2,0.934207917433304,"2_of_4"
"NHSL1",2,2,0.934113821460402,"2_of_4"
"TMEM131L",2,2,0.933697680972047,"2_of_4"
"LUZP2",2,2,0.93310638371169,"2_of_4"
"ARPC1B",2,2,0.932606927586224,"2_of_4"
"PIK3CD",2,2,0.932504536305548,"2_of_4"
"NAE1",2,2,0.932463927316374,"2_of_4"
"UBE2I",2,2,0.932078407886529,"2_of_4"
"CITED4",2,2,0.931840807841596,"2_of_4"
"PHF14",2,2,0.931811636834814,"2_of_4"
"EVA1B",2,2,0.931648253782613,"2_of_4"
"MRPS31",2,2,0.931491220812871,"2_of_4"
"HPD",2,2,0.931372009598931,"2_of_4"
"PRR13",2,2,0.930891917566518,"2_of_4"
"COL7A1",2,2,0.930851999074437,"2_of_4"
"TOM1L1",2,2,0.930849224775823,"2_of_4"
"ARL4D",2,2,0.930808369803706,"2_of_4"
"NRF1",2,2,0.930580546227032,"2_of_4"
"FGF9",2,2,0.930052325051223,"2_of_4"
"PABPC4L",2,2,0.930039303637926,"2_of_4"
"ZNF436",2,2,0.929954898362698,"2_of_4"
"PAPSS1",2,2,0.9294602798999,"2_of_4"
"ARHGAP25",2,2,0.929172733848578,"2_of_4"
"CCDC124",2,2,0.929114359494103,"2_of_4"
"SLC7A4",2,2,0.929000513537541,"2_of_4"
"GSTCD",2,2,0.928851993549915,"2_of_4"
"TDP1",2,2,0.927842976250163,"2_of_4"
"ITGA1",2,2,0.927659684319337,"2_of_4"
"ZNF764",2,2,0.927589323907549,"2_of_4"
"PGD",2,2,0.927469802900166,"2_of_4"
"SH3BP5",2,2,0.927424515640318,"2_of_4"
"SOWAHD",2,2,0.927297011760781,"2_of_4"
"SPNS1",2,2,0.927089653393765,"2_of_4"
"CD44",2,2,0.926667754084548,"2_of_4"
"EXOC2",2,2,0.926602279177682,"2_of_4"
"SGCB",2,2,0.926439766570071,"2_of_4"
"FOXN2",2,2,0.926216358637084,"2_of_4"
"C11orf1",2,2,0.925656666110216,"2_of_4"
"CLCF1",2,2,0.925634489501312,"2_of_4"
"TRIP6",2,2,0.925086519357546,"2_of_4"
"MXRA8",2,2,0.925009886254051,"2_of_4"
"BPGM",2,2,0.924326888540188,"2_of_4"
"MMP1",2,2,0.924182626965239,"2_of_4"
"TEAD1",2,2,0.923893121245422,"2_of_4"
"LCK",2,2,0.92383542410901,"2_of_4"
"C1orf61",2,2,0.923678427865477,"2_of_4"
"MTAP",2,2,0.923465606538782,"2_of_4"
"PPP1R7",2,2,0.922076467829635,"2_of_4"
"IFITM10",2,2,0.921940154803865,"2_of_4"
"DBR1",2,2,0.921767296490645,"2_of_4"
"RFPL4A",2,2,0.92150399406441,"2_of_4"
"ODAPH",2,2,0.921028778894162,"2_of_4"
"DEPTOR",2,2,0.921025945108907,"2_of_4"
"KCNT2",2,2,0.920133918182523,"2_of_4"
"BRINP1",2,2,0.919399300544429,"2_of_4"
"ZBTB46",2,2,0.918881977236158,"2_of_4"
"NCBP1",2,2,0.917431399197846,"2_of_4"
"FBXO32",2,2,0.917361398099105,"2_of_4"
"GLB1",2,2,0.916818019270061,"2_of_4"
"TRAF1",2,2,0.916786159713936,"2_of_4"
"TRIM7",2,2,0.916608325377892,"2_of_4"
"KIF5C",2,2,0.916441937440609,"2_of_4"
"RIOK1",2,2,0.916370346755431,"2_of_4"
"KLHL13",2,2,0.916334866937126,"2_of_4"
"OTUD5",2,2,0.916276037554205,"2_of_4"
"FAM83F",2,2,0.915749122944252,"2_of_4"
"RIOX2",2,2,0.915669013315104,"2_of_4"
"TMX4",2,2,0.915631561776626,"2_of_4"
"CT83",2,2,0.915167455625287,"2_of_4"
"OBSL1",2,2,0.915076967132284,"2_of_4"
"LGR5",2,2,0.91499853642488,"2_of_4"
"PDZK1",2,2,0.914919208834448,"2_of_4"
"SLC35B3",2,2,0.914838719559111,"2_of_4"
"PPP2R5C",2,2,0.914456611359886,"2_of_4"
"BCAS4",2,2,0.914403217615504,"2_of_4"
"LANCL3",2,2,0.914300993800137,"2_of_4"
"ATP6AP2",2,2,0.914193388070385,"2_of_4"
"PDE4D",2,2,0.913183352950961,"2_of_4"
"PARD6A",2,2,0.912875172967341,"2_of_4"
"PIGG",2,2,0.912559888474123,"2_of_4"
"ENTPD6",2,2,0.911493985530587,"2_of_4"
"CNTN5",2,2,0.911266567806164,"2_of_4"
"COL11A1",2,2,0.910712393134329,"2_of_4"
"MRPL36",2,2,0.910616119555771,"2_of_4"
"RPS8",2,2,0.910339333019313,"2_of_4"
"SLCO1B3",2,2,0.910284372016068,"2_of_4"
"ACBD4",2,2,0.910141496561758,"2_of_4"
"CD70",2,2,0.909459506765991,"2_of_4"
"TRAM2",2,2,0.90931509082985,"2_of_4"
"ALDH3A1",2,2,0.909119915448236,"2_of_4"
"FAT2",2,2,0.90755085323569,"2_of_4"
"RPL21",2,2,0.907356039384843,"2_of_4"
"EPB41L5",2,2,0.9071476962045,"2_of_4"
"ACSBG1",2,2,0.90693444184585,"2_of_4"
"SMPDL3B",2,2,0.906684461050605,"2_of_4"
"UPF3B",2,2,0.906088186825964,"2_of_4"
"ACSS3",2,2,0.906034883487765,"2_of_4"
"ALDH3A2",2,2,0.906027890128071,"2_of_4"
"DICER1",2,2,0.905426201909112,"2_of_4"
"PITRM1",2,2,0.905413156806856,"2_of_4"
"TMEM38A",2,2,0.905208710737665,"2_of_4"
"NT5DC3",2,2,0.904938323513074,"2_of_4"
"ERC1",2,2,0.904768221584554,"2_of_4"
"KRT16",2,2,0.904517508265853,"2_of_4"
"GRINA",2,2,0.904379020625371,"2_of_4"
"APLP2",2,2,0.904337835238523,"2_of_4"
"DENND2B",2,2,0.904312210367978,"2_of_4"
"MT.CYB",2,2,0.904208772129987,"2_of_4"
"PCSK9",2,2,0.903953116439803,"2_of_4"
"MAGEH1",2,2,0.903884553309682,"2_of_4"
"CEP83",2,2,0.903699830930945,"2_of_4"
"GXYLT1",2,2,0.903277933974728,"2_of_4"
"ATP6AP1",2,2,0.902851619717058,"2_of_4"
"TOMM70",2,2,0.902337083143397,"2_of_4"
"RPL11",2,2,0.902005809925491,"2_of_4"
"ZNF92",2,2,0.901681048323317,"2_of_4"
"ACE2",2,2,0.901677746737022,"2_of_4"
"RPL39",2,2,0.901327030331153,"2_of_4"
"C1orf74",2,2,0.900944049826427,"2_of_4"
"IFT57",2,2,0.900913564026475,"2_of_4"
"ULBP1",2,2,0.90082284062867,"2_of_4"
"CTAGE4",2,2,0.900708239641953,"2_of_4"
"PNPLA4",2,2,0.900318608268186,"2_of_4"
"PAQR7",2,2,0.90026487900082,"2_of_4"
"TMEM179B",2,2,0.900060001219358,"2_of_4"
"PLEKHG5",2,2,0.899930851919945,"2_of_4"
"PAGR1",2,2,0.899757654777801,"2_of_4"
"KLC1",2,2,0.899634800906436,"2_of_4"
"KIF25",2,2,0.899561107078417,"2_of_4"
"TXNL4A",2,2,0.899316481895964,"2_of_4"
"NBL1",2,2,0.899209019049244,"2_of_4"
"DNAJC1",2,2,0.898727816022614,"2_of_4"
"MGAM2",2,2,0.898717337374068,"2_of_4"
"NOX5",2,2,0.897531413981037,"2_of_4"
"SLC16A9",2,2,0.897320621406537,"2_of_4"
"MTERF1",2,2,0.897253395053483,"2_of_4"
"PARVB",2,2,0.897045169658966,"2_of_4"
"NDUFAB1",2,2,0.896816679075221,"2_of_4"
"WASF1",2,2,0.896650899168575,"2_of_4"
"PLXND1",2,2,0.895161922119801,"2_of_4"
"VPS26B",2,2,0.895128953356894,"2_of_4"
"REXO2",2,2,0.89508764359341,"2_of_4"
"LLPH",2,2,0.894745359971561,"2_of_4"
"TM9SF1",2,2,0.894558495936886,"2_of_4"
"CHMP2B",2,2,0.894526487965463,"2_of_4"
"CYB561",2,2,0.894513468536815,"2_of_4"
"TSN",2,2,0.894211091194255,"2_of_4"
"HIPK3",2,2,0.894199743169052,"2_of_4"
"PUS7L",2,2,0.893494137416739,"2_of_4"
"SLC44A3",2,2,0.893443440554237,"2_of_4"
"DDHD1",2,2,0.893218180962628,"2_of_4"
"HSPA8",2,2,0.892877152386188,"2_of_4"
"MARVELD3",2,2,0.892557644528853,"2_of_4"
"ZMIZ1",2,2,0.892085528570381,"2_of_4"
"SSTR1",2,2,0.89157981383394,"2_of_4"
"HGS",2,2,0.891328543506291,"2_of_4"
"RBM17",2,2,0.890705897278707,"2_of_4"
"RASAL2",2,2,0.890684635458643,"2_of_4"
"FZD4",2,2,0.890504222238328,"2_of_4"
"UBE2O",2,2,0.890235359179363,"2_of_4"
"PIK3CB",2,2,0.88986875441758,"2_of_4"
"ZNF462",2,2,0.889724676001162,"2_of_4"
"GNAO1",2,2,0.889484743996126,"2_of_4"
"IGF2BP2",2,2,0.889023936176059,"2_of_4"
"PAX8",2,2,0.88891864552362,"2_of_4"
"GPR35",2,2,0.888315467258387,"2_of_4"
"APEH",2,2,0.887296766345945,"2_of_4"
"CCNE1",2,2,0.887152439565356,"2_of_4"
"WDR47",2,2,0.886850075597547,"2_of_4"
"SULT1A4",2,2,0.88644301075658,"2_of_4"
"TCEA2",2,2,0.886418018963689,"2_of_4"
"CCNYL1",2,2,0.88627976192738,"2_of_4"
"RAB32",2,2,0.885611385450007,"2_of_4"
"BTF3",2,2,0.885488649889658,"2_of_4"
"BMS1",2,2,0.884962549663173,"2_of_4"
"ART4",2,2,0.884586517256458,"2_of_4"
"RBBP7",2,2,0.884442659653727,"2_of_4"
"PICALM",2,2,0.884278816384664,"2_of_4"
"SREK1IP1",2,2,0.884219335529964,"2_of_4"
"GFPT2",2,2,0.88393019365136,"2_of_4"
"LTA4H",2,2,0.883698324230947,"2_of_4"
"SMTNL1",2,2,0.883659139451981,"2_of_4"
"OSBP2",2,2,0.883658370506836,"2_of_4"
"GPAM",2,2,0.883641188221181,"2_of_4"
"SMIM10L2B",2,2,0.883599585573676,"2_of_4"
"GLE1",2,2,0.883123457631403,"2_of_4"
"SMNDC1",2,2,0.8828922150884,"2_of_4"
"COQ6",2,2,0.882834610949401,"2_of_4"
"SOX13",2,2,0.882571419209095,"2_of_4"
"CACNB1",2,2,0.882465356364776,"2_of_4"
"RPL23",2,2,0.882386137601956,"2_of_4"
"ABCC6",2,2,0.881978987131307,"2_of_4"
"CBR1",2,2,0.881207636080876,"2_of_4"
"TMEM54",2,2,0.881116269417555,"2_of_4"
"TMX1",2,2,0.880972817106166,"2_of_4"
"SH3PXD2A",2,2,0.880819834647388,"2_of_4"
"NMNAT3",2,2,0.880410361740477,"2_of_4"
"TAP2",2,2,0.88027911533067,"2_of_4"
"BLVRA",2,2,0.879971612414697,"2_of_4"
"DNM1",2,2,0.879535839857905,"2_of_4"
"TESK2",2,2,0.879370256309349,"2_of_4"
"KYNU",2,2,0.879265808838895,"2_of_4"
"SH2D3A",2,2,0.879264560858084,"2_of_4"
"HES6",2,2,0.878460899606184,"2_of_4"
"RPL17",2,2,0.878128790668568,"2_of_4"
"EPRS1",2,2,0.877890851745138,"2_of_4"
"TTBK2",2,2,0.877530492314425,"2_of_4"
"CANT1",2,2,0.87750583769975,"2_of_4"
"NAA25",2,2,0.877116858765816,"2_of_4"
"WDFY2",2,2,0.877063285489935,"2_of_4"
"USP22",2,2,0.877040032525561,"2_of_4"
"AC240274.1",2,2,0.876848084781827,"2_of_4"
"SCARB1",2,2,0.876601455999259,"2_of_4"
"PEX11G",2,2,0.87604008957096,"2_of_4"
"RPL18A",2,2,0.875784452338827,"2_of_4"
"ZNF131",2,2,0.875569197622351,"2_of_4"
"ZSWIM4",2,2,0.874775652636745,"2_of_4"
"C2orf74",2,2,0.874493465006915,"2_of_4"
"JAG2",2,2,0.87428242787829,"2_of_4"
"XYLT1",2,2,0.873575291489775,"2_of_4"
"STAT3",2,2,0.873519324639646,"2_of_4"
"CRISP3",2,2,0.873436459986238,"2_of_4"
"RPL5",2,2,0.872775433346544,"2_of_4"
"POMP",2,2,0.872731695318376,"2_of_4"
"LAMA1",2,2,0.872377823602453,"2_of_4"
"METTL5",2,2,0.872358166819976,"2_of_4"
"ZNF560",2,2,0.872191840253032,"2_of_4"
"SLC22A3",2,2,0.871850310927032,"2_of_4"
"NIBAN1",2,2,0.8717389906535,"2_of_4"
"VPS39",2,2,0.871717670545905,"2_of_4"
"FGD6",2,2,0.871387055997338,"2_of_4"
"GLTP",2,2,0.871212377583196,"2_of_4"
"CAPN13",2,2,0.870881744865919,"2_of_4"
"ENPEP",2,2,0.870847207102206,"2_of_4"
"CREM",2,2,0.870770151270694,"2_of_4"
"AMY2B",2,2,0.870762379628929,"2_of_4"
"RPL35A",2,2,0.870479314544174,"2_of_4"
"RGMB",2,2,0.870379821301777,"2_of_4"
"SLC22A23",2,2,0.870378477022933,"2_of_4"
"GON7",2,2,0.869602068798064,"2_of_4"
"DIPK1A",2,2,0.869012701087472,"2_of_4"
"SMYD2",2,2,0.868664390410322,"2_of_4"
"LDLRAD2",2,2,0.868623059572498,"2_of_4"
"SIRT5",2,2,0.868552555485478,"2_of_4"
"MED4",2,2,0.868549559895994,"2_of_4"
"IL11",2,2,0.868441961484731,"2_of_4"
"PXN",2,2,0.868218911293547,"2_of_4"
"HS2ST1",2,2,0.868040824629146,"2_of_4"
"TANK",2,2,0.867491238052988,"2_of_4"
"PRCP",2,2,0.867243793724621,"2_of_4"
"MROH8",2,2,0.867117447249857,"2_of_4"
"PLOD3",2,2,0.867063557314359,"2_of_4"
"ARIH2",2,2,0.866780501939344,"2_of_4"
"MT.ND2",2,2,0.865978032792154,"2_of_4"
"NACA",2,2,0.865801728979294,"2_of_4"
"WDR78",2,2,0.865406186400003,"2_of_4"
"KDF1",2,2,0.864938025042812,"2_of_4"
"AMPD3",2,2,0.864791448109348,"2_of_4"
"CHN1",2,2,0.864519898658423,"2_of_4"
"UBE2J1",2,2,0.864401308241219,"2_of_4"
"BAIAP2",2,2,0.863770733934526,"2_of_4"
"PLEKHG4B",2,2,0.863731729708751,"2_of_4"
"IL6ST",2,2,0.863370878306922,"2_of_4"
"CMTR2",2,2,0.863338943972373,"2_of_4"
"LY96",2,2,0.863096807169032,"2_of_4"
"SLC26A1",2,2,0.863095127747783,"2_of_4"
"LRRC23",2,2,0.862350950496667,"2_of_4"
"SFTA2",2,2,0.862050811132034,"2_of_4"
"PRICKLE3",2,2,0.861519775695067,"2_of_4"
"CLIC5",2,2,0.861159273678563,"2_of_4"
"ZEB1",2,2,0.861063290661689,"2_of_4"
"AC093012.1",2,2,0.860324211419703,"2_of_4"
"DISP3",2,2,0.860084461366684,"2_of_4"
"LGALS3",2,2,0.860017973625111,"2_of_4"
"RPL41",2,2,0.860006370454657,"2_of_4"
"RPL14",2,2,0.859623174815948,"2_of_4"
"GRIN3B",2,2,0.859597715619806,"2_of_4"
"GALNT11",2,2,0.859495662310564,"2_of_4"
"KRTAP5.1",2,2,0.859121002046599,"2_of_4"
"PPM1E",2,2,0.858964789027388,"2_of_4"
"PCDH7",2,2,0.858908399385333,"2_of_4"
"QPCT",2,2,0.858795935099816,"2_of_4"
"ATL2",2,2,0.858750182755659,"2_of_4"
"BMP2",2,2,0.85860707286865,"2_of_4"
"C16orf89",2,2,0.85817847977091,"2_of_4"
"SMAD1",2,2,0.858176984030962,"2_of_4"
"SUMO2",2,2,0.857524480521596,"2_of_4"
"NPBWR1",2,2,0.857206261288905,"2_of_4"
"EML4",2,2,0.85717536346766,"2_of_4"
"ZBED2",2,2,0.857150238327291,"2_of_4"
"PCED1A",2,2,0.857073775521625,"2_of_4"
"TRPV6",2,2,0.856711818139405,"2_of_4"
"RXYLT1",2,2,0.856586838225421,"2_of_4"
"SPAG1",2,2,0.856437061434497,"2_of_4"
"MSMO1",2,2,0.856384049102695,"2_of_4"
"THAP11",2,2,0.856304001017059,"2_of_4"
"CTNNB1",2,2,0.85590083511124,"2_of_4"
"DENND2D",2,2,0.855814870580916,"2_of_4"
"OVCH2",2,2,0.855207915775989,"2_of_4"
"MUC20",2,2,0.85478657685865,"2_of_4"
"SMIM1",2,2,0.854395867063363,"2_of_4"
"PTPRK",2,2,0.854335546511439,"2_of_4"
"MLX",2,2,0.85427318792207,"2_of_4"
"EPHB3",2,2,0.854213794168143,"2_of_4"
"MGST3",2,2,0.853561702044394,"2_of_4"
"TMA16",2,2,0.853315724448759,"2_of_4"
"ARMT1",2,2,0.853127728001068,"2_of_4"
"NOL10",2,2,0.85309635010545,"2_of_4"
"ERBIN",2,2,0.852968708208651,"2_of_4"
"LRP4",2,2,0.852915280005934,"2_of_4"
"RPS28",2,2,0.852805344725175,"2_of_4"
"FP565260.3",2,2,0.852294298852569,"2_of_4"
"CDK2AP2",2,2,0.851970001361015,"2_of_4"
"AC008870.1",2,2,0.851795895906351,"2_of_4"
"AAMDC",2,2,0.851698924120237,"2_of_4"
"SIK3",2,2,0.851688148462348,"2_of_4"
"ARRDC1",2,2,0.851499981484859,"2_of_4"
"PFKP",2,2,0.851451349099158,"2_of_4"
"TBX1",2,2,0.851038515619917,"2_of_4"
"CUX1",2,2,0.849531900884903,"2_of_4"
"FOXJ2",2,2,0.849155823918783,"2_of_4"
"SYCP2",2,2,0.848642444273029,"2_of_4"
"TMEM255A",2,2,0.848634810777781,"2_of_4"
"GAB1",2,2,0.848282653304418,"2_of_4"
"ZNF784",2,2,0.847450108820984,"2_of_4"
"PPA1",2,2,0.847041526920388,"2_of_4"
"ACOXL",2,2,0.846869412968394,"2_of_4"
"TNS1",2,2,0.846800655793021,"2_of_4"
"PCDHB7",2,2,0.846721985010318,"2_of_4"
"ZNF34",2,2,0.846125676745151,"2_of_4"
"CACNA2D2",2,2,0.84597136072967,"2_of_4"
"LACTB2",2,2,0.845660691334555,"2_of_4"
"SIN3B",2,2,0.845628696470294,"2_of_4"
"GRB10",2,2,0.845421135512546,"2_of_4"
"ZDHHC6",2,2,0.845383521336214,"2_of_4"
"C4orf19",2,2,0.845302685323407,"2_of_4"
"DAG1",2,2,0.844955936516163,"2_of_4"
"TMEM141",2,2,0.844777887998166,"2_of_4"
"ZYG11A",2,2,0.844739196507577,"2_of_4"
"WDTC1",2,2,0.844558758733384,"2_of_4"
"SPRY2",2,2,0.844375196371838,"2_of_4"
"PCDHB16",2,2,0.8443554081204,"2_of_4"
"PARP11",2,2,0.844168352046954,"2_of_4"
"TMEM98",2,2,0.843970670546012,"2_of_4"
"RPS3A",2,2,0.84342270401159,"2_of_4"
"ATL3",2,2,0.843344284653946,"2_of_4"
"FP565260.1",2,2,0.843325398820976,"2_of_4"
"MAP3K14",2,2,0.843245783775115,"2_of_4"
"RPL27",2,2,0.843203905212633,"2_of_4"
"AP4M1",2,2,0.842831402972275,"2_of_4"
"ITPRID2",2,2,0.842761977462107,"2_of_4"
"EEF1A2",2,2,0.842579023966427,"2_of_4"
"MAFF",2,2,0.842524070049435,"2_of_4"
"STX5",2,2,0.842441081957999,"2_of_4"
"NEO1",2,2,0.841842685820736,"2_of_4"
"TMCC2",2,2,0.841817410259901,"2_of_4"
"METTL2A",2,2,0.841367073084813,"2_of_4"
"PIP5K1C",2,2,0.841290127775842,"2_of_4"
"RPL6",2,2,0.841171845604867,"2_of_4"
"MTFR1",2,2,0.840998220561714,"2_of_4"
"HNRNPU",2,2,0.840866323440276,"2_of_4"
"ATP5MC2",2,2,0.840862533727817,"2_of_4"
"RIBC1",2,2,0.840806679629003,"2_of_4"
"DLX2",2,2,0.840614519674167,"2_of_4"
"RPAIN",2,2,0.840298164579635,"2_of_4"
"SHANK3",2,2,0.840178783721371,"2_of_4"
"LY9",2,2,0.840078347396204,"2_of_4"
"MAP4K4",2,2,0.839711902920354,"2_of_4"
"MAP3K7CL",2,2,0.839473402367646,"2_of_4"
"MTCL1",2,2,0.839376893127904,"2_of_4"
"DSTYK",2,2,0.839344272245252,"2_of_4"
"C17orf97",2,2,0.838832108015954,"2_of_4"
"PTRHD1",2,2,0.838586970275653,"2_of_4"
"KRT78",2,2,0.838064560364485,"2_of_4"
"MAP1LC3A",2,2,0.838038255835737,"2_of_4"
"TNFAIP1",2,2,0.837522818853534,"2_of_4"
"NR3C1",2,2,0.837445869288681,"2_of_4"
"HILPDA",2,2,0.835245448828908,"2_of_4"
"CALCRL",2,2,0.835241448606249,"2_of_4"
"C5orf46",2,2,0.83516045995343,"2_of_4"
"MT.ND5",2,2,0.83488523084459,"2_of_4"
"RAB3IL1",2,2,0.834884935233264,"2_of_4"
"RPS27L",2,2,0.834768863046546,"2_of_4"
"CNN3",2,2,0.833888910754813,"2_of_4"
"GSPT2",2,2,0.833792201751647,"2_of_4"
"RBM24",2,2,0.833616212614449,"2_of_4"
"B3GALNT1",2,2,0.833541360400628,"2_of_4"
"GOLT1A",2,2,0.832679188990035,"2_of_4"
"DNAJC2",2,2,0.832652953874987,"2_of_4"
"TMEM205",2,2,0.831819275576233,"2_of_4"
"SAA2.SAA4",2,2,0.831774648551767,"2_of_4"
"C19orf38",2,2,0.831704321743053,"2_of_4"
"XKR9",2,2,0.831322957930974,"2_of_4"
"ESRRA",2,2,0.830953331038518,"2_of_4"
"NICN1",2,2,0.830772320725444,"2_of_4"
"TTC27",2,2,0.830228157304232,"2_of_4"
"F2RL1",2,2,0.829221117421634,"2_of_4"
"AGFG1",2,2,0.828896800730683,"2_of_4"
"ASGR1",2,2,0.82857798763379,"2_of_4"
"HPS5",2,2,0.828576541407496,"2_of_4"
"ACTA1",2,2,0.828335384080524,"2_of_4"
"ACAA2",2,2,0.828040139308468,"2_of_4"
"KLHL42",2,2,0.827455345780221,"2_of_4"
"IRF5",2,2,0.827303506533696,"2_of_4"
"ZNRD1",2,2,0.827182849660337,"2_of_4"
"ALOX5",2,2,0.826321237555812,"2_of_4"
"NLRC5",2,2,0.82621804320075,"2_of_4"
"TM9SF4",2,2,0.826194520689348,"2_of_4"
"EXT2",2,2,0.826172923883675,"2_of_4"
"ZNF266",2,2,0.825886993339792,"2_of_4"
"MUC3A",2,2,0.8258766262237,"2_of_4"
"PCCA",2,2,0.825846170531955,"2_of_4"
"CCT6B",2,2,0.825113779567382,"2_of_4"
"MT.ND6",2,2,0.825002239038142,"2_of_4"
"GNAQ",2,2,0.824653698942069,"2_of_4"
"RHOD",2,2,0.824205370995732,"2_of_4"
"MCRIP2",2,2,0.823926071225959,"2_of_4"
"PLK2",2,2,0.823302385476323,"2_of_4"
"EDEM1",2,2,0.823014984805631,"2_of_4"
"NOP14",2,2,0.82285400090147,"2_of_4"
"COLCA2",2,2,0.822813695446083,"2_of_4"
"RPS27A",2,2,0.822551893346855,"2_of_4"
"STOM",2,2,0.82209933275637,"2_of_4"
"DIPK2A",2,2,0.822046492387912,"2_of_4"
"MTHFS",2,2,0.821782059661061,"2_of_4"
"RNF41",2,2,0.821718662763088,"2_of_4"
"TRPV1",2,2,0.821322504515521,"2_of_4"
"CEBPA",2,2,0.821298668428675,"2_of_4"
"TMEM185A",2,2,0.821247312518697,"2_of_4"
"RPS24",2,2,0.821168369803279,"2_of_4"
"AL159141.1",2,2,0.821130657636697,"2_of_4"
"DNAJC19",2,2,0.821046625270893,"2_of_4"
"NFXL1",2,2,0.821013142097571,"2_of_4"
"ZRANB1",2,2,0.820916017298519,"2_of_4"
"TOMM22",2,2,0.820472182559268,"2_of_4"
"PROC",2,2,0.81959233994671,"2_of_4"
"PRRT4",2,2,0.819171349274288,"2_of_4"
"MOB3B",2,2,0.818917289128531,"2_of_4"
"ROCK2",2,2,0.818526913951704,"2_of_4"
"RAB8B",2,2,0.818287835789187,"2_of_4"
"NTNG2",2,2,0.817371503314839,"2_of_4"
"ZNF710",2,2,0.817053526114115,"2_of_4"
"RPL36A",2,2,0.816766819150158,"2_of_4"
"CAMKK1",2,2,0.816367608127075,"2_of_4"
"TIFA",2,2,0.816105235379617,"2_of_4"
"TMEM163",2,2,0.815670152409713,"2_of_4"
"TP53RK",2,2,0.815398872139241,"2_of_4"
"KRT6B",2,2,0.814972392575113,"2_of_4"
"AP2M1",2,2,0.814422948354376,"2_of_4"
"SEMA5A",2,2,0.813820445121948,"2_of_4"
"NT5DC2",2,2,0.812700827297308,"2_of_4"
"ENTPD2",2,2,0.812497365984936,"2_of_4"
"TSR1",2,2,0.812462893235141,"2_of_4"
"SULT1E1",2,2,0.812311725591823,"2_of_4"
"ANKRD34B",2,2,0.812234966888367,"2_of_4"
"ZNF620",2,2,0.811617950475331,"2_of_4"
"YARS1",2,2,0.81150527412367,"2_of_4"
"PFDN1",2,2,0.81113367816523,"2_of_4"
"PRKCH",2,2,0.811081202173104,"2_of_4"
"SLC50A1",2,2,0.811042267652595,"2_of_4"
"MMP2",2,2,0.810561513895177,"2_of_4"
"NSUN2",2,2,0.810549427512763,"2_of_4"
"CBLC",2,2,0.810537567488505,"2_of_4"
"ZNF385B",2,2,0.809807247491791,"2_of_4"
"MPDZ",2,2,0.80978159856016,"2_of_4"
"OSMR",2,2,0.808364081661793,"2_of_4"
"MAGED4",2,2,0.808197968055254,"2_of_4"
"RPL37",2,2,0.807918397051166,"2_of_4"
"DACT3",2,2,0.807461244998918,"2_of_4"
"SRPK1",2,2,0.807366712223504,"2_of_4"
"DGCR8",2,2,0.80734073763661,"2_of_4"
"ST6GALNAC4",2,2,0.80723080087569,"2_of_4"
"PRKRIP1",2,2,0.807048238797414,"2_of_4"
"FBXL6",2,2,0.80605506058741,"2_of_4"
"YBEY",2,2,0.80583069110774,"2_of_4"
"UPP1",2,2,0.805727117985275,"2_of_4"
"ZC3H8",2,2,0.805592898144823,"2_of_4"
"PLEKHO1",2,2,0.805567888655546,"2_of_4"
"BMI1",2,2,0.805500955854332,"2_of_4"
"IMPA1",2,2,0.805414194309318,"2_of_4"
"ST6GALNAC2",2,2,0.805306166052172,"2_of_4"
"DLG3",2,2,0.805160875372053,"2_of_4"
"COPZ1",2,2,0.804901879992735,"2_of_4"
"SLC43A1",2,2,0.80458294813382,"2_of_4"
"CTF1",2,2,0.804483210483137,"2_of_4"
"AKR1E2",2,2,0.804417454813142,"2_of_4"
"PDCD11",2,2,0.80385785692348,"2_of_4"
"RPL24",2,2,0.803834563419573,"2_of_4"
"VIT",2,2,0.803517184503462,"2_of_4"
"EIF2B3",2,2,0.803133104568781,"2_of_4"
"HAP1",2,2,0.802987453272908,"2_of_4"
"CSGALNACT2",2,2,0.802880087646834,"2_of_4"
"TMEM45B",2,2,0.802642642914145,"2_of_4"
"FAM199X",2,2,0.802573975151023,"2_of_4"
"TGFA",2,2,0.802564394135594,"2_of_4"
"MUTYH",2,2,0.802075376559993,"2_of_4"
"PDZD11",2,2,0.801616704307154,"2_of_4"
"ATP6V1C1",2,2,0.801354926239857,"2_of_4"
"COX5A",2,2,0.80102344271488,"2_of_4"
"RARRES2",2,2,0.800776975145657,"2_of_4"
"STMN3",2,2,0.800728919190146,"2_of_4"
"GPR107",2,2,0.800456515073393,"2_of_4"
"SBNO1",2,2,0.800275936437902,"2_of_4"
"ADAMTSL5",2,2,0.800258493038045,"2_of_4"
"HNRNPA1",2,2,0.79998727588908,"2_of_4"
"BMP6",2,2,0.799873133196728,"2_of_4"
"GGTLC3",2,2,0.799850358373867,"2_of_4"
"GRK2",2,2,0.799400010986839,"2_of_4"
"TMEM109",2,2,0.798794056294,"2_of_4"
"STX10",2,2,0.798535420236965,"2_of_4"
"FITM2",2,2,0.798522011059783,"2_of_4"
"ZNF654",2,2,0.798329870039852,"2_of_4"
"TNFRSF14",2,2,0.798141375087174,"2_of_4"
"ARHGEF19",2,2,0.798087495577989,"2_of_4"
"SLC6A8",2,2,0.797985610193823,"2_of_4"
"NDUFB10",2,2,0.797941394812056,"2_of_4"
"EZR",2,2,0.797227666307636,"2_of_4"
"GLI3",2,2,0.797211140636925,"2_of_4"
"SEL1L3",2,2,0.796613379915865,"2_of_4"
"RETREG3",2,2,0.796417947917001,"2_of_4"
"MAP9",2,2,0.795487252232165,"2_of_4"
"OSBPL1A",2,2,0.794914984498384,"2_of_4"
"CD109",2,2,0.79430422056305,"2_of_4"
"CEP170",2,2,0.794103978091569,"2_of_4"
"SLC26A9",2,2,0.793719014789401,"2_of_4"
"PSMG4",2,2,0.793397341678086,"2_of_4"
"FARP1",2,2,0.792603034851744,"2_of_4"
"PPFIBP2",2,2,0.792066486567463,"2_of_4"
"NBPF26",2,2,0.791714407210659,"2_of_4"
"SUB1",2,2,0.791611841972677,"2_of_4"
"ARHGEF5",2,2,0.791549212399345,"2_of_4"
"USP15",2,2,0.791268926146112,"2_of_4"
"ARFRP1",2,2,0.790599260390038,"2_of_4"
"SGTB",2,2,0.790398764009798,"2_of_4"
"BBS2",2,2,0.790000928776513,"2_of_4"
"RPL32",2,2,0.789921808739092,"2_of_4"
"BLK",2,2,0.788929135460984,"2_of_4"
"CYGB",2,2,0.788480549172107,"2_of_4"
"WLS",2,2,0.787997496186593,"2_of_4"
"BCL2L15",2,2,0.787922593222351,"2_of_4"
"MID1",2,2,0.787769246627037,"2_of_4"
"COL4A2",2,2,0.787661342170134,"2_of_4"
"ZNF180",2,2,0.787502534763626,"2_of_4"
"ZBED4",2,2,0.787204718547059,"2_of_4"
"ZNF471",2,2,0.78670598004137,"2_of_4"
"FHAD1",2,2,0.786301576940805,"2_of_4"
"GCSH",2,2,0.786170257963149,"2_of_4"
"PINK1",2,2,0.785938156234788,"2_of_4"
"UTP15",2,2,0.785398167099169,"2_of_4"
"RCC2",2,2,0.785307725099022,"2_of_4"
"ERCC6",2,2,0.785287291151709,"2_of_4"
"GPR137B",2,2,0.78524555119283,"2_of_4"
"BCAP29",2,2,0.784753544347982,"2_of_4"
"MRPS6",2,2,0.784667644001171,"2_of_4"
"SRPRB",2,2,0.78424964444581,"2_of_4"
"H2AJ",2,2,0.783176297103967,"2_of_4"
"GGT1",2,2,0.782355989106586,"2_of_4"
"LSM10",2,2,0.781901706234684,"2_of_4"
"PDLIM2",2,2,0.781858945924079,"2_of_4"
"RAPGEFL1",2,2,0.781512884475696,"2_of_4"
"RAB14",2,2,0.781498288254671,"2_of_4"
"NUTM2E",2,2,0.781298216985973,"2_of_4"
"CD55",2,2,0.7810906114367,"2_of_4"
"EIF2S2",2,2,0.781073825745701,"2_of_4"
"CENPJ",2,2,0.780795946074457,"2_of_4"
"CAPN8",2,2,0.780360465550581,"2_of_4"
"SLC16A2",2,2,0.779993901722484,"2_of_4"
"ENPP4",2,2,0.77994054295821,"2_of_4"
"RAB6B",2,2,0.778873170055887,"2_of_4"
"ZBTB45",2,2,0.777728542832564,"2_of_4"
"ANOS1",2,2,0.77719293066781,"2_of_4"
"LIN52",2,2,0.777091953126196,"2_of_4"
"ZNF219",2,2,0.776794328825668,"2_of_4"
"PRRX2",2,2,0.776633239800359,"2_of_4"
"ETF1",2,2,0.77516068547353,"2_of_4"
"RPS29",2,2,0.774737056733144,"2_of_4"
"UBA52",2,2,0.774734040217614,"2_of_4"
"SBF2",2,2,0.774696078606666,"2_of_4"
"TRIM24",2,2,0.774513053154221,"2_of_4"
"NXNL2",2,2,0.773871407033937,"2_of_4"
"SAAL1",2,2,0.773855650019297,"2_of_4"
"ME1",2,2,0.773712288903071,"2_of_4"
"AC138969.1",2,2,0.773672197384978,"2_of_4"
"GUCY1A1",2,2,0.772986375341231,"2_of_4"
"WNT6",2,2,0.772952649809089,"2_of_4"
"GSN",2,2,0.772844135206529,"2_of_4"
"GABBR2",2,2,0.772120698861147,"2_of_4"
"RETREG2",2,2,0.771286476833592,"2_of_4"
"RPL35",2,2,0.77088731515255,"2_of_4"
"TGFBR1",2,2,0.770651308492257,"2_of_4"
"GNPDA2",2,2,0.770488309429236,"2_of_4"
"WWC2",2,2,0.770283728882929,"2_of_4"
"CLCNKA",2,2,0.769568470290258,"2_of_4"
"HACD4",2,2,0.768826023237044,"2_of_4"
"TADA2A",2,2,0.768808380034328,"2_of_4"
"ADGRG1",2,2,0.767992056093612,"2_of_4"
"AKAP1",2,2,0.767141434893023,"2_of_4"
"COMT",2,2,0.766995582918057,"2_of_4"
"MRPL46",2,2,0.766800951791645,"2_of_4"
"NSUN7",2,2,0.765679365899586,"2_of_4"
"GNB2",2,2,0.76561608227009,"2_of_4"
"SHROOM4",2,2,0.764770066078211,"2_of_4"
"SNCA",2,2,0.76357003692813,"2_of_4"
"ZSWIM3",2,2,0.763179870542239,"2_of_4"
"TMEM139",2,2,0.762822603773499,"2_of_4"
"VSTM5",2,2,0.762643299629316,"2_of_4"
"SYTL5",2,2,0.762292118877067,"2_of_4"
"C6orf132",2,2,0.761715432860774,"2_of_4"
"TMUB2",2,2,0.760707414764313,"2_of_4"
"SSNA1",2,2,0.760673005716281,"2_of_4"
"PNPO",2,2,0.760546040500408,"2_of_4"
"ITPR3",2,2,0.76039647336989,"2_of_4"
"STAM",2,2,0.759503098905461,"2_of_4"
"CEBPD",2,2,0.759468590179037,"2_of_4"
"ASCC3",2,2,0.759188284713243,"2_of_4"
"MOB4",2,2,0.759097887396015,"2_of_4"
"HDAC6",2,2,0.758221450649867,"2_of_4"
"TLN1",2,2,0.75796003274416,"2_of_4"
"GNA12",2,2,0.757630167874197,"2_of_4"
"CARNMT1",2,2,0.757457605820123,"2_of_4"
"TBCD",2,2,0.757244673938154,"2_of_4"
"DNTTIP2",2,2,0.755917321206426,"2_of_4"
"RPL7L1",2,2,0.755902761565695,"2_of_4"
"YIPF5",2,2,0.755743828456895,"2_of_4"
"PLEKHA6",2,2,0.75548484758989,"2_of_4"
"FAM117A",2,2,0.755420282146952,"2_of_4"
"TBC1D13",2,2,0.755361439225897,"2_of_4"
"MRPL23",2,2,0.755342267821066,"2_of_4"
"FPGS",2,2,0.755090715011911,"2_of_4"
"DTNB",2,2,0.753783008372797,"2_of_4"
"VDAC1",2,2,0.75311049126885,"2_of_4"
"NKRF",2,2,0.752918661568813,"2_of_4"
"METRNL",2,2,0.752808728585725,"2_of_4"
"MTHFD2",2,2,0.752775379081311,"2_of_4"
"ATF6",2,2,0.752724255616489,"2_of_4"
"PDZD8",2,2,0.752654909005148,"2_of_4"
"PRPF19",2,2,0.750929612365319,"2_of_4"
"NCF4",2,2,0.750272666657706,"2_of_4"
"METAP2",2,2,0.750174658709843,"2_of_4"
"GNB4",2,2,0.750041895388398,"2_of_4"
"TOX2",2,2,0.749704816624358,"2_of_4"
"PCDHGB5",2,2,0.749689685731023,"2_of_4"
"MCFD2",2,2,0.749669338230749,"2_of_4"
"C10orf67",2,2,0.749402873062467,"2_of_4"
"AC099489.1",2,2,0.74893516536792,"2_of_4"
"NADK2",2,2,0.748695557652831,"2_of_4"
"LINS1",2,2,0.748624561677387,"2_of_4"
"NFIL3",2,2,0.748547486405081,"2_of_4"
"RPS6KA6",2,2,0.747604169363133,"2_of_4"
"S100A6",2,2,0.747007276149013,"2_of_4"
"ZNF564",2,2,0.746961088943786,"2_of_4"
"IFT46",2,2,0.74678423360493,"2_of_4"
"ANXA8L1",2,2,0.746586190843346,"2_of_4"
"RGS9BP",2,2,0.745956662947361,"2_of_4"
"EIF4G1",2,2,0.745751250493667,"2_of_4"
"PANX1",2,2,0.745658848917335,"2_of_4"
"S100A16",2,2,0.745499454356905,"2_of_4"
"CCDC183",2,2,0.744982708767987,"2_of_4"
"FOXA2",2,2,0.744853604885598,"2_of_4"
"EIF3D",2,2,0.743914364391536,"2_of_4"
"HNRNPUL1",2,2,0.743093646914613,"2_of_4"
"RPS19BP1",2,2,0.742684448922902,"2_of_4"
"RAD9A",2,2,0.742612865069735,"2_of_4"
"GAR1",2,2,0.742530927416202,"2_of_4"
"ARMC10",2,2,0.74251387976536,"2_of_4"
"MARCHF8",2,2,0.74247318540814,"2_of_4"
"APOOL",2,2,0.741740667920044,"2_of_4"
"ZNF880",2,2,0.741360792345912,"2_of_4"
"FKBP1B",2,2,0.741169717879587,"2_of_4"
"BNIP1",2,2,0.740961935509105,"2_of_4"
"FRK",2,2,0.740505611653921,"2_of_4"
"ZNF28",2,2,0.740463804245798,"2_of_4"
"ZNF280C",2,2,0.739586986359683,"2_of_4"
"SCNN1D",2,2,0.739425811000531,"2_of_4"
"SH2D5",2,2,0.739239506344739,"2_of_4"
"SH3GL1",2,2,0.738785496194424,"2_of_4"
"ZNF697",2,2,0.738387982524705,"2_of_4"
"FLVCR1",2,2,0.738042343375392,"2_of_4"
"PC",2,2,0.738009401619862,"2_of_4"
"ZBED1",2,2,0.737746206966153,"2_of_4"
"N4BP2L1",2,2,0.737552593896972,"2_of_4"
"NARS2",2,2,0.736321798826544,"2_of_4"
"NFKBIA",2,2,0.736031394359034,"2_of_4"
"HSD17B11",2,2,0.735665237762645,"2_of_4"
"STAC",2,2,0.735594152997941,"2_of_4"
"AQR",2,2,0.735044315985776,"2_of_4"
"ZDHHC7",2,2,0.733401532841653,"2_of_4"
"SLC1A5",2,2,0.733355660194822,"2_of_4"
"N4BP3",2,2,0.733191472694817,"2_of_4"
"SETD7",2,2,0.731410091034638,"2_of_4"
"TBX3",2,2,0.731314890165195,"2_of_4"
"SLC52A3",2,2,0.730803863895315,"2_of_4"
"RRP1",2,2,0.730394548370673,"2_of_4"
"CNOT11",2,2,0.730166810029554,"2_of_4"
"FNBP1L",2,2,0.729416338600392,"2_of_4"
"PLXNA2",2,2,0.729252704128328,"2_of_4"
"SHF",2,2,0.728924217722791,"2_of_4"
"ACAP2",2,2,0.727751837500672,"2_of_4"
"MOSPD3",2,2,0.727592732642149,"2_of_4"
"FREM2",2,2,0.727216625567828,"2_of_4"
"CTDSP1",2,2,0.726918402541011,"2_of_4"
"ZNF70",2,2,0.726648803701754,"2_of_4"
"TM2D1",2,2,0.726573439295179,"2_of_4"
"MINDY2",2,2,0.72652425451748,"2_of_4"
"PM20D2",2,2,0.726389840862198,"2_of_4"
"LAMC1",2,2,0.725280462392462,"2_of_4"
"CENPV",2,2,0.725098761609071,"2_of_4"
"SLC25A1",2,2,0.724564706882437,"2_of_4"
"EVA1A",2,2,0.724295840529754,"2_of_4"
"KIAA1191",2,2,0.724060230800105,"2_of_4"
"SF3A3",2,2,0.723870102494984,"2_of_4"
"PDK1",2,2,0.723330573159736,"2_of_4"
"IGFBPL1",2,2,0.722677395137035,"2_of_4"
"PPARA",2,2,0.722637379770054,"2_of_4"
"SART1",2,2,0.72179512051018,"2_of_4"
"P2RX5",2,2,0.721405516139195,"2_of_4"
"TNFRSF6B",2,2,0.721104212250871,"2_of_4"
"SRFBP1",2,2,0.720696028509641,"2_of_4"
"RTN4",2,2,0.720470585686118,"2_of_4"
"SHPK",2,2,0.720231485215626,"2_of_4"
"ALG11",2,2,0.720025247656595,"2_of_4"
"SLIT1",2,2,0.719062703673561,"2_of_4"
"MID1IP1",2,2,0.718123076252152,"2_of_4"
"ATP2A2",2,2,0.718113113251365,"2_of_4"
"OSTM1",2,2,0.717539867071855,"2_of_4"
"SIX2",2,2,0.717236036992776,"2_of_4"
"ELF3",2,2,0.716880207424293,"2_of_4"
"IDH1",2,2,0.716755221169464,"2_of_4"
"RPL38",2,2,0.716521656894006,"2_of_4"
"UBAC1",2,2,0.715695834009129,"2_of_4"
"RAB27A",2,2,0.715031961742286,"2_of_4"
"GRAMD2A",2,2,0.713571268898729,"2_of_4"
"AARSD1",2,2,0.713569683269215,"2_of_4"
"SLC20A2",2,2,0.712803996149896,"2_of_4"
"TCN1",2,2,0.712598903759261,"2_of_4"
"GALNT18",2,2,0.712405352204879,"2_of_4"
"ISOC2",2,2,0.712203944812572,"2_of_4"
"HPCAL1",2,2,0.712107731684356,"2_of_4"
"CLPP",2,2,0.711998995954356,"2_of_4"
"LRRC3",2,2,0.711678644840677,"2_of_4"
"CYP4F3",2,2,0.711667170170889,"2_of_4"
"ANXA8",2,2,0.711614211607717,"2_of_4"
"RPS15",2,2,0.711161170084911,"2_of_4"
"RPS25",2,2,0.71070231189184,"2_of_4"
"LAMP1",2,2,0.710195227376999,"2_of_4"
"SPPL2A",2,2,0.710114952353607,"2_of_4"
"RNF11",2,2,0.709760622417182,"2_of_4"
"NCS1",2,2,0.708776325634352,"2_of_4"
"DAB2IP",2,2,0.708660873108886,"2_of_4"
"KIAA1958",2,2,0.708332029254673,"2_of_4"
"STBD1",2,2,0.708228409733478,"2_of_4"
"C8orf76",2,2,0.707902889965675,"2_of_4"
"DCXR",2,2,0.707382974267978,"2_of_4"
"KAT2B",2,2,0.706277590520215,"2_of_4"
"SIX4",2,2,0.705804655954982,"2_of_4"
"PKNOX1",2,2,0.705379039962207,"2_of_4"
"SQSTM1",2,2,0.70413502897633,"2_of_4"
"UPK2",2,2,0.703797422505879,"2_of_4"
"MRM1",2,2,0.702736231756157,"2_of_4"
"PDLIM7",2,2,0.702579424870991,"2_of_4"
"POC5",2,2,0.702385951707677,"2_of_4"
"IL1R2",2,2,0.70194757584377,"2_of_4"
"LRPPRC",2,2,0.701742121962424,"2_of_4"
"DUS2",2,2,0.700755336569898,"2_of_4"
"ZNF587B",2,2,0.700595725095784,"2_of_4"
"KRT14",2,2,0.700438594046064,"2_of_4"
"FDXR",2,2,0.700203842471163,"2_of_4"
"NUDCD2",2,2,0.699524846336521,"2_of_4"
"CYP26A1",2,2,0.698428704124342,"2_of_4"
"ANKZF1",2,2,0.6965864875742,"2_of_4"
"CSF2RA",2,2,0.694755426325657,"2_of_4"
"PHF10",2,2,0.694408718706269,"2_of_4"
"RAB30",2,2,0.69265863322642,"2_of_4"
"MTPAP",2,2,0.691797448983919,"2_of_4"
"UTP6",2,2,0.691524063112956,"2_of_4"
"UTP23",2,2,0.691040160568568,"2_of_4"
"OS9",2,2,0.691032361622479,"2_of_4"
"TBRG4",2,2,0.690840326613597,"2_of_4"
"IGF2BP1",2,2,0.690418104872307,"2_of_4"
"POC1B",2,2,0.689957894496748,"2_of_4"
"DXO",2,2,0.689677584043574,"2_of_4"
"RPL4",2,2,0.688748004376826,"2_of_4"
"CDK6",2,2,0.688425883044829,"2_of_4"
"HEATR5A",2,2,0.688421767126883,"2_of_4"
"MAP3K5",2,2,0.688316790392363,"2_of_4"
"ZFPL1",2,2,0.688209075213397,"2_of_4"
"BRIX1",2,2,0.687759038289569,"2_of_4"
"HES7",2,2,0.687312059282151,"2_of_4"
"PDE9A",2,2,0.68668895737124,"2_of_4"
"UGCG",2,2,0.686388006632096,"2_of_4"
"LLGL1",2,2,0.686249142635147,"2_of_4"
"MAP11",2,2,0.686248256182634,"2_of_4"
"MFSD12",2,2,0.684811221549528,"2_of_4"
"EEF2K",2,2,0.684185642909571,"2_of_4"
"ATP8B3",2,2,0.683845528978965,"2_of_4"
"SPRR1B",2,2,0.68353817918323,"2_of_4"
"UNC5A",2,2,0.682728877152529,"2_of_4"
"CKMT1A",2,2,0.682598922887299,"2_of_4"
"IGSF8",2,2,0.68241169632102,"2_of_4"
"CYP2S1",2,2,0.682058600701893,"2_of_4"
"MFNG",2,2,0.681485603175169,"2_of_4"
"BLCAP",2,2,0.680362441105604,"2_of_4"
"GREB1",2,2,0.679874237733298,"2_of_4"
"PHACTR2",2,2,0.67964147737719,"2_of_4"
"TIMM13",2,2,0.679056088836218,"2_of_4"
"ZNF268",2,2,0.678855516019529,"2_of_4"
"TMEM30A",2,2,0.678118720054441,"2_of_4"
"FADD",2,2,0.676906592237487,"2_of_4"
"SUZ12",2,2,0.675259432909616,"2_of_4"
"NOL6",2,2,0.675223979260285,"2_of_4"
"PES1",2,2,0.675187376910545,"2_of_4"
"GBE1",2,2,0.674743818126863,"2_of_4"
"GSTO2",2,2,0.674615839595644,"2_of_4"
"KCNK5",2,2,0.672696943625348,"2_of_4"
"PITPNM2",2,2,0.672378822481568,"2_of_4"
"CTNS",2,2,0.670746155230538,"2_of_4"
"PHKA1",2,2,0.670424991752528,"2_of_4"
"H2BC4",2,2,0.67034327692104,"2_of_4"
"MRPS35",2,2,0.669885369356648,"2_of_4"
"CORO7",2,2,0.668653818925254,"2_of_4"
"ETV7",2,2,0.668451429810448,"2_of_4"
"PPP1R32",2,2,0.667623870252588,"2_of_4"
"NAB2",2,2,0.666817592252111,"2_of_4"
"COA4",2,2,0.666643284655561,"2_of_4"
"NOM1",2,2,0.6659076868664,"2_of_4"
"KIAA0232",2,2,0.665698230331095,"2_of_4"
"NCOA2",2,2,0.663743916454879,"2_of_4"
"TBCCD1",2,2,0.663165904643769,"2_of_4"
"ACD",2,2,0.663005849441858,"2_of_4"
"SLC8B1",2,2,0.662114643265592,"2_of_4"
"SPRR3",2,2,0.661265791035193,"2_of_4"
"CCNJL",2,2,0.660128697088719,"2_of_4"
"RAD50",2,2,0.659862579575945,"2_of_4"
"VARS1",2,2,0.657940782755934,"2_of_4"
"ZNF281",2,2,0.657834027584205,"2_of_4"
"ZBTB1",2,2,0.656728225512056,"2_of_4"
"CTAGE15",2,2,0.6561925549207,"2_of_4"
"EPS8L2",2,2,0.656191297011883,"2_of_4"
"BCL2A1",2,2,0.655064306995118,"2_of_4"
"EML5",2,2,0.654942920474135,"2_of_4"
"TUFM",2,2,0.653996622270594,"2_of_4"
"CARD6",2,2,0.65320066584947,"2_of_4"
"RENBP",2,2,0.653010541345899,"2_of_4"
"CCND3",2,2,0.6525211905289,"2_of_4"
"APOL3",2,2,0.652516574216568,"2_of_4"
"PPAN",2,2,0.652511871346747,"2_of_4"
"DPH6",2,2,0.652005663776752,"2_of_4"
"HLA.C",2,2,0.651861320379259,"2_of_4"
"MAP3K1",2,2,0.651496667742298,"2_of_4"
"ANAPC11",2,2,0.651081641426074,"2_of_4"
"RNASEK",2,2,0.650188931983961,"2_of_4"
"ZNHIT6",2,2,0.64788161825359,"2_of_4"
"MGAT4A",2,2,0.645486357374395,"2_of_4"
"CNGA1",2,2,0.644941444912306,"2_of_4"
"RPS2",2,2,0.644372156699654,"2_of_4"
"SNX29",2,2,0.643368307823052,"2_of_4"
"CNOT1",2,2,0.642746286854696,"2_of_4"
"CDKN2B",2,2,0.64226432103015,"2_of_4"
"SLC36A4",2,2,0.640783312735492,"2_of_4"
"CEP41",2,2,0.639297729408695,"2_of_4"
"SH3BGRL3",2,2,0.639127507208825,"2_of_4"
"POLR1B",2,2,0.637579516223975,"2_of_4"
"ASAH1",2,2,0.637496874178309,"2_of_4"
"BRSK1",2,2,0.637467156750691,"2_of_4"
"ZNF707",2,2,0.637465903966627,"2_of_4"
"DHRSX",2,2,0.635944927819963,"2_of_4"
"MDN1",2,2,0.635587337691317,"2_of_4"
"CTRL",2,2,0.63542260474872,"2_of_4"
"CDH23",2,2,0.634379111426106,"2_of_4"
"CEP152",2,2,0.633758181950543,"2_of_4"
"PLAA",2,2,0.633614754942233,"2_of_4"
"SRPX2",2,2,0.633327926295348,"2_of_4"
"DLL4",2,2,0.632598020704877,"2_of_4"
"TREX1",2,2,0.629225544013701,"2_of_4"
"SWAP70",2,2,0.628534121334306,"2_of_4"
"DAP3",2,2,0.626697672142119,"2_of_4"
"AGR2",2,2,0.626680914714413,"2_of_4"
"NPTX1",2,2,0.625859823928568,"2_of_4"
"CAPN15",2,2,0.625313807161196,"2_of_4"
"PCYOX1",2,2,0.624933487755333,"2_of_4"
"GPR37L1",2,2,0.623876691577808,"2_of_4"
"EIF3J",2,2,0.623312439155231,"2_of_4"
"ARMC4",2,2,0.621085248748642,"2_of_4"
"SLAIN1",2,2,0.620611645307481,"2_of_4"
"HOGA1",2,2,0.62002802108902,"2_of_4"
"MYL7",2,2,0.618858702950989,"2_of_4"
"ATP6V1E1",2,2,0.618457289849727,"2_of_4"
"RPL36",2,2,0.616261356284841,"2_of_4"
"WDR74",2,2,0.614638188161631,"2_of_4"
"SPATA20",2,2,0.614531122580719,"2_of_4"
"SEC31B",2,2,0.613523657036463,"2_of_4"
"ABCD4",2,2,0.612331455530471,"2_of_4"
"ZDHHC9",2,2,0.61148309039755,"2_of_4"
"C16orf91",2,2,0.609996430556541,"2_of_4"
"TRIM73",2,2,0.608831584043517,"2_of_4"
"RARG",2,2,0.608830271892324,"2_of_4"
"TMC1",2,2,0.608678631177682,"2_of_4"
"MYORG",2,2,0.60811565768658,"2_of_4"
"RIT1",2,2,0.607714886927739,"2_of_4"
"CCNG2",2,2,0.607476770951169,"2_of_4"
"ASIC3",2,2,0.607364861147742,"2_of_4"
"ADSL",2,2,0.606997777078808,"2_of_4"
"ALDH16A1",2,2,0.604843763586035,"2_of_4"
"UBQLN2",2,2,0.603211272942561,"2_of_4"
"EIF4A1",2,2,0.597331649201812,"2_of_4"
"USP18",2,2,0.597230143629034,"2_of_4"
"ABCC10",2,2,0.595312935252747,"2_of_4"
"NFE2L2",2,2,0.590854298425334,"2_of_4"
"SBNO2",2,2,0.581638784008211,"2_of_4"
"LMO4",2,2,0.580822643552007,"2_of_4"
"PPRC1",2,2,0.580292998254685,"2_of_4"
"MRPS2",2,2,0.578746732918575,"2_of_4"
"C17orf58",2,2,0.577283920524824,"2_of_4"
"SHC2",2,2,0.576477813134537,"2_of_4"
"ATP6V0E1",2,2,0.576450187228247,"2_of_4"
"B4GALT6",2,2,0.570468081831157,"2_of_4"
"LSR",2,2,0.568837498343975,"2_of_4"
"PRKAA2",2,2,0.56657532849842,"2_of_4"
"GPX8",2,2,0.565016446567692,"2_of_4"
"RANGAP1",2,2,0.562765336338816,"2_of_4"
"NOP56",2,2,0.561541881720891,"2_of_4"
"LY6G6C",2,2,0.561455786285958,"2_of_4"
"DPM2",2,2,0.55825609134071,"2_of_4"
"RGPD1",2,2,0.557972515639427,"2_of_4"
"AP2B1",2,2,0.554576668260955,"2_of_4"
"IMPDH2",2,2,0.553274570130613,"2_of_4"
"TMC7",2,2,0.55301380316761,"2_of_4"
"FARSA",2,2,0.550742448865979,"2_of_4"
"ETFB",2,2,0.548332804996677,"2_of_4"
"CMYA5",2,2,0.546778894617755,"2_of_4"
"FAM219B",2,2,0.546664541338309,"2_of_4"
"NIPAL2",2,2,0.546132814554394,"2_of_4"
"C11orf74",2,2,0.543318407503663,"2_of_4"
"PLXDC2",2,2,0.536362311335821,"2_of_4"
"BCLAF3",2,2,0.535696781676838,"2_of_4"
"ADAM12",2,2,0.530258467437241,"2_of_4"
"KIAA1211L",2,2,0.527905605180038,"2_of_4"
"NFATC1",2,2,0.52758314599288,"2_of_4"
"CCDC137",2,2,0.527052740147354,"2_of_4"
"PSMB8",2,2,0.5260951153153,"2_of_4"
"SACS",2,2,0.524169999187365,"2_of_4"
"LY6K",2,2,0.52094460761861,"2_of_4"
"FANK1",2,2,0.515244331425357,"2_of_4"
"TDRD9",2,2,0.510936861654805,"2_of_4"
"ADRA1B",2,2,0.507533227231826,"2_of_4"
"NBEA",2,2,0.500873781120279,"2_of_4"
"LNX1",2,2,0.499837876562203,"2_of_4"
"MTMR10",2,2,0.496084944545603,"2_of_4"
"ZFP41",2,2,0.491706165964085,"2_of_4"
"SPATA25",2,2,0.480764121500368,"2_of_4"
"MAD1L1",2,2,0.479626286843999,"2_of_4"
"CCNL2",2,2,0.471779303434927,"2_of_4"
"PAPLN",2,2,0.470272575957335,"2_of_4"
"BYSL",2,2,0.467836959395242,"2_of_4"
"CCRL2",2,2,0.466529706201057,"2_of_4"
"BCL7B",2,2,0.462341127077761,"2_of_4"
"SMCO3",2,2,0.456808402499344,"2_of_4"
"TRIM62",2,2,0.45189107613425,"2_of_4"
"KCTD14",2,2,0.440176268157853,"2_of_4"
"MBP",2,2,0.433288272800248,"2_of_4"
"MARC2",2,2,0.410704255510523,"2_of_4"
"STRIP2",2,2,0.396768670511149,"2_of_4"
"STIMATE",2,2,0.373629525977927,"2_of_4"
"KIAA0513",2,2,0.371243377705032,"2_of_4"
"ARPC5",2,2,0.341719885686517,"2_of_4"
"C1orf53",4,1,0.876790844873695,"1_of_4"
"TTYH1",4,1,0.729523773350263,"1_of_4"
"RASGRP1",4,1,0.703211849643145,"1_of_4"
"SNRPB",4,1,0.667460060583583,"1_of_4"
"ZNF91",4,1,0.659090068062192,"1_of_4"
"CHST4",4,1,0.633373233418077,"1_of_4"
"RASGRP3",4,1,0.620365283631035,"1_of_4"
"GDPD1",4,1,0.60705638136455,"1_of_4"
"UMPS",4,1,0.598913795715876,"1_of_4"
"ITGB1BP2",4,1,0.59473184171107,"1_of_4"
"AMT",4,1,0.585339588391815,"1_of_4"
"NFIA",4,1,0.562553053095751,"1_of_4"
"WDR45",4,1,0.557995146503061,"1_of_4"
"ETV1",4,1,0.54595612409724,"1_of_4"
"MZT2A",4,1,0.540717942111283,"1_of_4"
"CEP95",4,1,0.537493970096222,"1_of_4"
"CDC14A",4,1,0.524946600154508,"1_of_4"
"CCDC126",4,1,0.442198901820146,"1_of_4"
"C14orf28",4,1,0.420465244508592,"1_of_4"
"SLC16A6",4,1,0.218660784220057,"1_of_4"
"ENOX1",3,1,1.07127404626894,"1_of_4"
"TF",3,1,1.06955008913564,"1_of_4"
"AL139260.3",3,1,1.02905343531728,"1_of_4"
"CAMK2N2",3,1,1.01873720263697,"1_of_4"
"CCDC113",3,1,0.993329417463308,"1_of_4"
"KCP",3,1,0.968334000410722,"1_of_4"
"SLC6A16",3,1,0.953745908667306,"1_of_4"
"C3",3,1,0.942027907319124,"1_of_4"
"TEX30",3,1,0.941560816855513,"1_of_4"
"CYP4B1",3,1,0.932945830148011,"1_of_4"
"CD40",3,1,0.926559420015881,"1_of_4"
"ALPK2",3,1,0.910521626546408,"1_of_4"
"KRT34",3,1,0.909144075243394,"1_of_4"
"CLEC2B",3,1,0.902021480838234,"1_of_4"
"CRB3",3,1,0.891419749573615,"1_of_4"
"GMPR",3,1,0.886158186797767,"1_of_4"
"PLEKHG2",3,1,0.883826336900513,"1_of_4"
"CAMK2N1",3,1,0.883388112585161,"1_of_4"
"NFE2",3,1,0.883043049691646,"1_of_4"
"HLA.DOB",3,1,0.882855675934433,"1_of_4"
"ATAT1",3,1,0.876219165778343,"1_of_4"
"CLDN15",3,1,0.873732144374192,"1_of_4"
"LHX9",3,1,0.872473340652031,"1_of_4"
"DNHD1",3,1,0.870742860574408,"1_of_4"
"SLC38A4",3,1,0.868229417553824,"1_of_4"
"SLC16A14",3,1,0.866165724181837,"1_of_4"
"ZNF90",3,1,0.862405480712162,"1_of_4"
"LOXL3",3,1,0.861042610229184,"1_of_4"
"RAD18",3,1,0.857244963098573,"1_of_4"
"FAM227B",3,1,0.856578868385105,"1_of_4"
"TMEM232",3,1,0.855987908789755,"1_of_4"
"NEURL3",3,1,0.854266810872116,"1_of_4"
"GABRR2",3,1,0.853149504533215,"1_of_4"
"RNF122",3,1,0.852418625757253,"1_of_4"
"ZNF285",3,1,0.851659756348104,"1_of_4"
"ADGRF1",3,1,0.84351838682726,"1_of_4"
"TMC5",3,1,0.840712948723183,"1_of_4"
"TBKBP1",3,1,0.839409564207612,"1_of_4"
"ALDH3B1",3,1,0.839379690861943,"1_of_4"
"GPX2",3,1,0.832704039129406,"1_of_4"
"ZNF605",3,1,0.832282646152587,"1_of_4"
"RNASEH2B",3,1,0.83091332464221,"1_of_4"
"PLA2G4F",3,1,0.827174622544002,"1_of_4"
"UNC13D",3,1,0.822154400549199,"1_of_4"
"FAM222A",3,1,0.821328116386509,"1_of_4"
"EXOC3L1",3,1,0.813309684831554,"1_of_4"
"PCDHB10",3,1,0.812014431167337,"1_of_4"
"ARHGAP24",3,1,0.811515729355371,"1_of_4"
"FHIT",3,1,0.807266692858898,"1_of_4"
"SYNE1",3,1,0.804920009210573,"1_of_4"
"POP4",3,1,0.80439835556133,"1_of_4"
"BANF1",3,1,0.803727387545771,"1_of_4"
"TFR2",3,1,0.802488657128632,"1_of_4"
"HAUS2",3,1,0.801975214381516,"1_of_4"
"MICALL1",3,1,0.801427137455214,"1_of_4"
"RUNDC3B",3,1,0.800168554384725,"1_of_4"
"NEXN",3,1,0.797707006174245,"1_of_4"
"NEMP1",3,1,0.796344717752787,"1_of_4"
"DNAJC15",3,1,0.795285595946928,"1_of_4"
"E2F2",3,1,0.794190803448871,"1_of_4"
"PDE6A",3,1,0.791971476296858,"1_of_4"
"ACOT7",3,1,0.783788460427658,"1_of_4"
"CDYL2",3,1,0.783673971500078,"1_of_4"
"IL4I1",3,1,0.782688555584613,"1_of_4"
"ADAMTS3",3,1,0.780153370199107,"1_of_4"
"AC091959.3",3,1,0.777713278363308,"1_of_4"
"MET",3,1,0.776948402551464,"1_of_4"
"CDCA4",3,1,0.769625316463882,"1_of_4"
"RSKR",3,1,0.767882282147429,"1_of_4"
"MBTD1",3,1,0.767783684191764,"1_of_4"
"PSMG3",3,1,0.766117077442778,"1_of_4"
"PLPPR3",3,1,0.765776723507412,"1_of_4"
"LENG1",3,1,0.765259116560449,"1_of_4"
"IL17D",3,1,0.765078299293413,"1_of_4"
"SEC14L4",3,1,0.762151754617174,"1_of_4"
"SCARF1",3,1,0.761975159427617,"1_of_4"
"ZBTB21",3,1,0.758948615972113,"1_of_4"
"CELSR3",3,1,0.757259992315112,"1_of_4"
"NES",3,1,0.756834528618322,"1_of_4"
"POLA1",3,1,0.752994230313865,"1_of_4"
"FLG",3,1,0.751044927061944,"1_of_4"
"H2BC15",3,1,0.750497344048938,"1_of_4"
"NEIL1",3,1,0.747504801028696,"1_of_4"
"PIK3R1",3,1,0.746274089754499,"1_of_4"
"RIMS2",3,1,0.746071393835627,"1_of_4"
"C6orf226",3,1,0.744122809070955,"1_of_4"
"PIPOX",3,1,0.743551561103176,"1_of_4"
"MSRA",3,1,0.741441582326146,"1_of_4"
"PRKAR2B",3,1,0.738626142882198,"1_of_4"
"ZNF235",3,1,0.738039377602039,"1_of_4"
"ELL3",3,1,0.736967074845306,"1_of_4"
"PRMT1",3,1,0.736579993594385,"1_of_4"
"FAM8A1",3,1,0.732925479500435,"1_of_4"
"PCDHB3",3,1,0.732060996333258,"1_of_4"
"C11orf52",3,1,0.731673522098421,"1_of_4"
"H3C10",3,1,0.731626055787318,"1_of_4"
"BCO2",3,1,0.731576501728979,"1_of_4"
"SLC25A10",3,1,0.73140759256767,"1_of_4"
"PFN1",3,1,0.729978705459195,"1_of_4"
"DIAPH3",3,1,0.725668004235342,"1_of_4"
"AC114490.3",3,1,0.724911938972283,"1_of_4"
"IL17RB",3,1,0.724108128500303,"1_of_4"
"CCDC138",3,1,0.722688550233022,"1_of_4"
"RGS3",3,1,0.721222269072365,"1_of_4"
"TBXAS1",3,1,0.719240038638077,"1_of_4"
"RAD23B",3,1,0.718188167120918,"1_of_4"
"COX8A",3,1,0.716848976781626,"1_of_4"
"TRIM14",3,1,0.713740745619954,"1_of_4"
"TIAM2",3,1,0.713197427808512,"1_of_4"
"LDLRAD4",3,1,0.708748402612387,"1_of_4"
"CLMP",3,1,0.708289428982378,"1_of_4"
"SLC51A",3,1,0.707694333203154,"1_of_4"
"SLC35C2",3,1,0.706353867909439,"1_of_4"
"GOLGB1",3,1,0.706102452939715,"1_of_4"
"RELT",3,1,0.705644848378707,"1_of_4"
"SULT1C2",3,1,0.705412423086598,"1_of_4"
"KIF18A",3,1,0.702809974019057,"1_of_4"
"STRC",3,1,0.70247453000344,"1_of_4"
"PDAP1",3,1,0.701549692277813,"1_of_4"
"KDM7A",3,1,0.698226093600927,"1_of_4"
"PTK6",3,1,0.696196714408124,"1_of_4"
"AL139300.1",3,1,0.696149105324081,"1_of_4"
"JDP2",3,1,0.695529284154182,"1_of_4"
"PAQR4",3,1,0.694661933537789,"1_of_4"
"FAM172A",3,1,0.694109347235557,"1_of_4"
"TVP23C.CDRT4",3,1,0.690922821089587,"1_of_4"
"IZUMO4",3,1,0.690370556809351,"1_of_4"
"PTPRU",3,1,0.688973187357561,"1_of_4"
"CYP1A1",3,1,0.685158277981899,"1_of_4"
"LTBP4",3,1,0.683549445292583,"1_of_4"
"ZNF442",3,1,0.683414794592735,"1_of_4"
"TXK",3,1,0.677801494267338,"1_of_4"
"HERPUD1",3,1,0.677792846597799,"1_of_4"
"HSD17B10",3,1,0.677159323129692,"1_of_4"
"RGCC",3,1,0.674342023787241,"1_of_4"
"NUP85",3,1,0.671270274459283,"1_of_4"
"HYKK",3,1,0.669097689571265,"1_of_4"
"TYMP",3,1,0.668213914506826,"1_of_4"
"SHQ1",3,1,0.666666660553745,"1_of_4"
"CCDC86",3,1,0.666470287749457,"1_of_4"
"PARP1",3,1,0.666132526428213,"1_of_4"
"SCLY",3,1,0.661487235165205,"1_of_4"
"SYT8",3,1,0.66107597078839,"1_of_4"
"ZBTB8B",3,1,0.661071475280758,"1_of_4"
"MRPL37",3,1,0.660067494355769,"1_of_4"
"MTLN",3,1,0.659626746288457,"1_of_4"
"ABLIM1",3,1,0.656877620035396,"1_of_4"
"PTH1R",3,1,0.656050192841178,"1_of_4"
"ZNF724",3,1,0.654711628371034,"1_of_4"
"SYNGAP1",3,1,0.654444563636343,"1_of_4"
"NPAS3",3,1,0.653866356822497,"1_of_4"
"RPA2",3,1,0.651485964863559,"1_of_4"
"CTTNBP2NL",3,1,0.650888076374126,"1_of_4"
"MRPL12",3,1,0.650597918232128,"1_of_4"
"SRPK3",3,1,0.646880372991124,"1_of_4"
"COLQ",3,1,0.646731203445219,"1_of_4"
"R3HDM1",3,1,0.64606847785717,"1_of_4"
"DEGS2",3,1,0.645522628155604,"1_of_4"
"PLXNA4",3,1,0.64429395390488,"1_of_4"
"MEGF9",3,1,0.643182878429607,"1_of_4"
"ATP13A2",3,1,0.642248355083198,"1_of_4"
"TOE1",3,1,0.642142514458518,"1_of_4"
"FIGNL1",3,1,0.642131592014827,"1_of_4"
"KREMEN2",3,1,0.641439434576437,"1_of_4"
"P2RX7",3,1,0.64045777564869,"1_of_4"
"HSPA1A",3,1,0.640414282060215,"1_of_4"
"SLC40A1",3,1,0.640148841469447,"1_of_4"
"SPHK1",3,1,0.639948440826468,"1_of_4"
"KPNB1",3,1,0.638713205658388,"1_of_4"
"TAF9B",3,1,0.634480495306167,"1_of_4"
"PPM1K",3,1,0.633488422731566,"1_of_4"
"ZSCAN23",3,1,0.633137655684463,"1_of_4"
"C3orf67",3,1,0.632895058968874,"1_of_4"
"MASP2",3,1,0.627875111365117,"1_of_4"
"PDIA4",3,1,0.627193720896806,"1_of_4"
"NOP2",3,1,0.625218741852947,"1_of_4"
"SPATA6L",3,1,0.624543187042533,"1_of_4"
"CEP128",3,1,0.623641090171455,"1_of_4"
"SEPHS1",3,1,0.623212232931898,"1_of_4"
"INTS7",3,1,0.621767799917196,"1_of_4"
"LRG1",3,1,0.621380991602158,"1_of_4"
"BEGAIN",3,1,0.621131198767208,"1_of_4"
"HDGF",3,1,0.61856035434833,"1_of_4"
"RPS6KA5",3,1,0.615892654804836,"1_of_4"
"PTPRR",3,1,0.613202717602808,"1_of_4"
"PARD6B",3,1,0.608780755515433,"1_of_4"
"RNASEL",3,1,0.602824197221453,"1_of_4"
"MDC1",3,1,0.60049449447862,"1_of_4"
"HS1BP3",3,1,0.597633837938929,"1_of_4"
"FAM122C",3,1,0.59659923445119,"1_of_4"
"SNRPD3",3,1,0.595945102146002,"1_of_4"
"LSM4",3,1,0.593628011489681,"1_of_4"
"TBC1D3B",3,1,0.591365031779485,"1_of_4"
"TRIM52",3,1,0.590086763809717,"1_of_4"
"FJX1",3,1,0.588045717404402,"1_of_4"
"VWA8",3,1,0.584423166091008,"1_of_4"
"PPAT",3,1,0.580228289759201,"1_of_4"
"TMED7.TICAM2",3,1,0.579251332611898,"1_of_4"
"SEPTIN5",3,1,0.575775788899019,"1_of_4"
"CATSPERE",3,1,0.575143386865006,"1_of_4"
"ASPH",3,1,0.573045706518148,"1_of_4"
"GAPDH",3,1,0.57293231522448,"1_of_4"
"CNFN",3,1,0.572469598535647,"1_of_4"
"HIRIP3",3,1,0.570440560942997,"1_of_4"
"LMNB2",3,1,0.569941265796936,"1_of_4"
"METTL27",3,1,0.569908595193364,"1_of_4"
"ITGB3BP",3,1,0.568768721119706,"1_of_4"
"FRY",3,1,0.564967694551626,"1_of_4"
"C9orf40",3,1,0.562908682216364,"1_of_4"
"SDSL",3,1,0.5628544096933,"1_of_4"
"EXOSC5",3,1,0.560252570245768,"1_of_4"
"MRPL28",3,1,0.553808500966944,"1_of_4"
"TAGAP",3,1,0.552251561031169,"1_of_4"
"ADCY3",3,1,0.552079533854103,"1_of_4"
"AP5Z1",3,1,0.548720692553257,"1_of_4"
"NACC1",3,1,0.54608413528847,"1_of_4"
"ZNF112",3,1,0.545055605630386,"1_of_4"
"NAPB",3,1,0.542951406460693,"1_of_4"
"PDK3",3,1,0.539628043591997,"1_of_4"
"CCDC186",3,1,0.539013450547717,"1_of_4"
"SNTB1",3,1,0.538922504194576,"1_of_4"
"INAFM2",3,1,0.536813654393734,"1_of_4"
"CBLN3",3,1,0.534406404327506,"1_of_4"
"DOCK3",3,1,0.533333723342175,"1_of_4"
"COL4A6",3,1,0.53073265574806,"1_of_4"
"MYO7A",3,1,0.526853074628455,"1_of_4"
"DCK",3,1,0.526198892236194,"1_of_4"
"SVIP",3,1,0.518308306530525,"1_of_4"
"ZNF224",3,1,0.515132256766365,"1_of_4"
"UAP1L1",3,1,0.510294244857779,"1_of_4"
"PHLDB3",3,1,0.508393190958953,"1_of_4"
"ARRDC3",3,1,0.506841722522469,"1_of_4"
"SLC23A3",3,1,0.503592518188379,"1_of_4"
"AGK",3,1,0.500812877979967,"1_of_4"
"TPRA1",3,1,0.500413939752295,"1_of_4"
"ACVR1",3,1,0.499018096502269,"1_of_4"
"ZNF593",3,1,0.49861523634612,"1_of_4"
"ZNF878",3,1,0.491994920417786,"1_of_4"
"EZH1",3,1,0.490551807350294,"1_of_4"
"RAB9A",3,1,0.490281073247614,"1_of_4"
"SLC6A9",3,1,0.484166904651883,"1_of_4"
"PSAT1",3,1,0.482787659209313,"1_of_4"
"ATAD3A",3,1,0.467287809686593,"1_of_4"
"AOX1",3,1,0.464164099721994,"1_of_4"
"SFXN5",3,1,0.462621546464385,"1_of_4"
"CFAP221",3,1,0.447765186351939,"1_of_4"
"POTEC",3,1,0.447410288696108,"1_of_4"
"MMP23B",3,1,0.443095063089822,"1_of_4"
"PHEX",3,1,0.442603092932534,"1_of_4"
"VAMP2",3,1,0.434966617425543,"1_of_4"
"C5AR1",3,1,0.42719038801946,"1_of_4"
"RP1",3,1,0.426256952472076,"1_of_4"
"SLC29A1",3,1,0.416783752308325,"1_of_4"
"PCDHGB4",3,1,0.414965256638634,"1_of_4"
"GPRC5C",3,1,0.406501155147567,"1_of_4"
"GRWD1",3,1,0.397475145037357,"1_of_4"
"DPCD",3,1,0.395271183849898,"1_of_4"
"EPOR",3,1,0.386406659857269,"1_of_4"
"CKLF",3,1,0.384146883496761,"1_of_4"
"CBR3",3,1,0.370899009622709,"1_of_4"
"CISD3",3,1,0.366197586383295,"1_of_4"
"MAMLD1",3,1,0.354852616828191,"1_of_4"
"ATXN1",3,1,0.340019956017396,"1_of_4"
"PRR15",3,1,0.261370956638632,"1_of_4"
"APOC1",3,1,0.195838217159344,"1_of_4"
"AC034102.2",2,1,8.02942626655746,"1_of_4"
"TIMP1",2,1,4.11511418783975,"1_of_4"
"HNMT",2,1,3.78487636947657,"1_of_4"
"PHACTR1",2,1,3.25028885984953,"1_of_4"
"BCOR",2,1,3.21445988937259,"1_of_4"
"UCP3",2,1,2.45306373126763,"1_of_4"
"ACP7",2,1,2.4171222363916,"1_of_4"
"IFRD1",2,1,2.30266782205856,"1_of_4"
"ETFRF1",2,1,2.02205347170925,"1_of_4"
"CHKB.CPT1B",2,1,1.96603264842195,"1_of_4"
"RAP1GDS1",2,1,1.95368366803459,"1_of_4"
"CDK2AP1",2,1,1.94612537967735,"1_of_4"
"AKAP6",2,1,1.93570378322196,"1_of_4"
"ADA",2,1,1.87029424625549,"1_of_4"
"EML1",2,1,1.84903864908937,"1_of_4"
"NT5M",2,1,1.82878770523514,"1_of_4"
"AC068631.3",2,1,1.77927159351754,"1_of_4"
"ENG",2,1,1.76233984385115,"1_of_4"
"FLT3LG",2,1,1.75492836194762,"1_of_4"
"NUTF2",2,1,1.7478338463769,"1_of_4"
"AL121753.1",2,1,1.73659287534238,"1_of_4"
"NECTIN1",2,1,1.70463076830123,"1_of_4"
"RAB3B",2,1,1.675497392004,"1_of_4"
"TNC",2,1,1.66314940655109,"1_of_4"
"PAX6",2,1,1.64310838458357,"1_of_4"
"DGCR6",2,1,1.63681967837553,"1_of_4"
"PRPSAP1",2,1,1.62603472641521,"1_of_4"
"WWC3",2,1,1.62352433510863,"1_of_4"
"PTPN22",2,1,1.61660769736599,"1_of_4"
"SPAG4",2,1,1.604963974151,"1_of_4"
"POU6F1",2,1,1.58588179397106,"1_of_4"
"FAM167B",2,1,1.57848006961621,"1_of_4"
"VPS35",2,1,1.5703518701995,"1_of_4"
"MAN1C1",2,1,1.56721476702948,"1_of_4"
"PAMR1",2,1,1.56443212898289,"1_of_4"
"ITGB7",2,1,1.55234867498311,"1_of_4"
"BTBD19",2,1,1.54551418344347,"1_of_4"
"MCTP2",2,1,1.53208241511978,"1_of_4"
"EFCAB11",2,1,1.50832263877301,"1_of_4"
"FOXP1",2,1,1.4943739152096,"1_of_4"
"FRMD8",2,1,1.49302258722803,"1_of_4"
"SRP9",2,1,1.49218417093047,"1_of_4"
"LYSMD2",2,1,1.47704662887467,"1_of_4"
"BSN",2,1,1.46161764144935,"1_of_4"
"SNX10",2,1,1.46154092981175,"1_of_4"
"AOC2",2,1,1.45983496476996,"1_of_4"
"TMEM130",2,1,1.45741851469128,"1_of_4"
"RND2",2,1,1.4572488489132,"1_of_4"
"INCA1",2,1,1.45436199250704,"1_of_4"
"RRAD",2,1,1.44523687651348,"1_of_4"
"LENG9",2,1,1.4177391687132,"1_of_4"
"DNAH1",2,1,1.41400786509881,"1_of_4"
"RASL10B",2,1,1.41243351806139,"1_of_4"
"MUC16",2,1,1.40845343579956,"1_of_4"
"DNAJA1",2,1,1.40712198109358,"1_of_4"
"CSF3R",2,1,1.39516888457587,"1_of_4"
"CD226",2,1,1.39429840033808,"1_of_4"
"MR1",2,1,1.39343629572928,"1_of_4"
"ZNF333",2,1,1.39221369824405,"1_of_4"
"APOBEC3F",2,1,1.3906543565494,"1_of_4"
"ASB4",2,1,1.38700096748584,"1_of_4"
"TNFAIP8L3",2,1,1.3818015479622,"1_of_4"
"C4orf46",2,1,1.38164096367861,"1_of_4"
"PML",2,1,1.37952447803569,"1_of_4"
"KANK3",2,1,1.37554338070287,"1_of_4"
"EXOG",2,1,1.37390162664882,"1_of_4"
"C20orf204",2,1,1.37241135801181,"1_of_4"
"EI24",2,1,1.37184631073157,"1_of_4"
"DOCK9",2,1,1.36558140758697,"1_of_4"
"NKX2.1",2,1,1.36241605952971,"1_of_4"
"DFFB",2,1,1.36184626562332,"1_of_4"
"NOTCH2NLC",2,1,1.36136851398981,"1_of_4"
"UBXN11",2,1,1.35437818831537,"1_of_4"
"MARCHF9",2,1,1.35415239904498,"1_of_4"
"NPC1L1",2,1,1.35375735238134,"1_of_4"
"HES4",2,1,1.35049965871721,"1_of_4"
"RASSF10",2,1,1.34776531168397,"1_of_4"
"IFI44L",2,1,1.34691130003492,"1_of_4"
"SLC7A2",2,1,1.34569133765487,"1_of_4"
"PRRT3",2,1,1.34517297742217,"1_of_4"
"PRKCA",2,1,1.34258311628322,"1_of_4"
"UNC5CL",2,1,1.32045701435097,"1_of_4"
"MFAP4",2,1,1.30914691977577,"1_of_4"
"GGH",2,1,1.30416346875584,"1_of_4"
"ROR1",2,1,1.30383209361812,"1_of_4"
"GTF2IRD2",2,1,1.30072605980806,"1_of_4"
"NCALD",2,1,1.29902026823568,"1_of_4"
"H4.16",2,1,1.29539818449776,"1_of_4"
"PLCG2",2,1,1.29470841681492,"1_of_4"
"TMEM168",2,1,1.29379011584364,"1_of_4"
"DRAXIN",2,1,1.29120852506508,"1_of_4"
"RIMS3",2,1,1.28908075429158,"1_of_4"
"LEPROTL1",2,1,1.28721935895785,"1_of_4"
"C5AR2",2,1,1.28539901819382,"1_of_4"
"SPATA5",2,1,1.28458349816899,"1_of_4"
"TPCN1",2,1,1.28432501287367,"1_of_4"
"RCN3",2,1,1.28338003570934,"1_of_4"
"SLFN11",2,1,1.28149301358745,"1_of_4"
"TECPR1",2,1,1.28091232863739,"1_of_4"
"PRSS36",2,1,1.27790987358199,"1_of_4"
"RTEL1.TNFRSF6B",2,1,1.27281147016825,"1_of_4"
"TPTEP2.CSNK1E",2,1,1.26857554756976,"1_of_4"
"TNNI1",2,1,1.26838965837229,"1_of_4"
"CDNF",2,1,1.2681140937133,"1_of_4"
"FSTL4",2,1,1.26060735210206,"1_of_4"
"FGFR1",2,1,1.25672282832391,"1_of_4"
"RLN2",2,1,1.25641244930517,"1_of_4"
"RSPH3",2,1,1.25142266491392,"1_of_4"
"HMGN5",2,1,1.24686496622715,"1_of_4"
"SLC6A13",2,1,1.24647261877848,"1_of_4"
"TOGARAM1",2,1,1.24399090858335,"1_of_4"
"KCTD9",2,1,1.24370840491593,"1_of_4"
"ANXA4",2,1,1.24219212676588,"1_of_4"
"NHLRC2",2,1,1.2395469318962,"1_of_4"
"CASTOR2",2,1,1.23795638916012,"1_of_4"
"TYSND1",2,1,1.236630864246,"1_of_4"
"RGS4",2,1,1.23483028320455,"1_of_4"
"GJC1",2,1,1.23418354266412,"1_of_4"
"ZCWPW1",2,1,1.23159122077089,"1_of_4"
"CYSLTR1",2,1,1.23064621284685,"1_of_4"
"SCNN1B",2,1,1.22964986179298,"1_of_4"
"ANP32E",2,1,1.22936416830583,"1_of_4"
"XKR8",2,1,1.22876446020909,"1_of_4"
"PCDHGA4",2,1,1.22616593005141,"1_of_4"
"PSMA1",2,1,1.22506073708982,"1_of_4"
"AK9",2,1,1.22405015238252,"1_of_4"
"VDAC3",2,1,1.21676291694896,"1_of_4"
"MTCH2",2,1,1.21591432178163,"1_of_4"
"MARK4",2,1,1.21385632032841,"1_of_4"
"IGFBP4",2,1,1.21049746469859,"1_of_4"
"FAM110B",2,1,1.20985772035622,"1_of_4"
"ADAMTS1",2,1,1.20667849524549,"1_of_4"
"CXCL3",2,1,1.2053088485592,"1_of_4"
"CA14",2,1,1.20284605992649,"1_of_4"
"RWDD4",2,1,1.19942125240894,"1_of_4"
"NAT1",2,1,1.19602261338611,"1_of_4"
"GLB1L2",2,1,1.19341892096636,"1_of_4"
"ARHGAP26",2,1,1.18886120707536,"1_of_4"
"AOC3",2,1,1.18707455274955,"1_of_4"
"TEX15",2,1,1.18665350448123,"1_of_4"
"LGALS1",2,1,1.18405914237371,"1_of_4"
"TSNAXIP1",2,1,1.18365205275662,"1_of_4"
"PEX3",2,1,1.18241567226925,"1_of_4"
"LYRM7",2,1,1.18102396553016,"1_of_4"
"ENOPH1",2,1,1.17946793144622,"1_of_4"
"CDC27",2,1,1.17920007467659,"1_of_4"
"OGFOD1",2,1,1.17773801431975,"1_of_4"
"NUDT17",2,1,1.17467830409575,"1_of_4"
"PDIK1L",2,1,1.17381499369229,"1_of_4"
"NYNRIN",2,1,1.1730961818537,"1_of_4"
"NBPF10",2,1,1.17159450612527,"1_of_4"
"POLG2",2,1,1.16927070573592,"1_of_4"
"ATP2A3",2,1,1.16806929412714,"1_of_4"
"KNDC1",2,1,1.16696376612544,"1_of_4"
"ADAMTSL3",2,1,1.16693418815641,"1_of_4"
"COG6",2,1,1.16297110876617,"1_of_4"
"PRDX1",2,1,1.16281292814656,"1_of_4"
"ASF1A",2,1,1.16070353714984,"1_of_4"
"TMEM91",2,1,1.15992102061103,"1_of_4"
"ATG2A",2,1,1.1583065294804,"1_of_4"
"MSANTD3",2,1,1.15755747075548,"1_of_4"
"ENTPD5",2,1,1.15747923607492,"1_of_4"
"ADGRE2",2,1,1.15725233575837,"1_of_4"
"ZNF385C",2,1,1.15523033518932,"1_of_4"
"MED30",2,1,1.15521158419623,"1_of_4"
"ATG9B",2,1,1.15496719085149,"1_of_4"
"CACNA1I",2,1,1.15113638786908,"1_of_4"
"SYN3",2,1,1.14858033728031,"1_of_4"
"ZNF783",2,1,1.14856471449357,"1_of_4"
"AGO2",2,1,1.14742761306134,"1_of_4"
"KCNH2",2,1,1.14653024129351,"1_of_4"
"SLC9A4",2,1,1.14503830617861,"1_of_4"
"MITF",2,1,1.14367598357333,"1_of_4"
"IL18BP",2,1,1.139392989545,"1_of_4"
"AC109583.1",2,1,1.13907832851283,"1_of_4"
"TMEM262",2,1,1.13777715964295,"1_of_4"
"LMLN",2,1,1.13750615686445,"1_of_4"
"ACADSB",2,1,1.13482098259898,"1_of_4"
"KCND1",2,1,1.13434381031411,"1_of_4"
"MMP19",2,1,1.13265738413596,"1_of_4"
"GLDC",2,1,1.13097908063588,"1_of_4"
"SLC44A5",2,1,1.12825427211896,"1_of_4"
"SLC27A3",2,1,1.126757083894,"1_of_4"
"ARPC2",2,1,1.12391066337536,"1_of_4"
"THRB",2,1,1.12201117540523,"1_of_4"
"PDLIM3",2,1,1.11887746462452,"1_of_4"
"BMP2K",2,1,1.11843708526696,"1_of_4"
"NR4A1",2,1,1.11782422719669,"1_of_4"
"TMEM144",2,1,1.11619634015561,"1_of_4"
"EFEMP2",2,1,1.1155643174001,"1_of_4"
"COX16",2,1,1.11451563977413,"1_of_4"
"FKBP3",2,1,1.11340070847235,"1_of_4"
"FCGR1A",2,1,1.11275158591739,"1_of_4"
"TCF12",2,1,1.1120629739224,"1_of_4"
"TMEM94",2,1,1.11108779342872,"1_of_4"
"DPYD",2,1,1.11081468198242,"1_of_4"
"AASDHPPT",2,1,1.11078178698191,"1_of_4"
"ENHO",2,1,1.11013277103938,"1_of_4"
"STK19",2,1,1.10966569610525,"1_of_4"
"ZNF701",2,1,1.10764064613766,"1_of_4"
"DCP2",2,1,1.10681181960932,"1_of_4"
"PPIL1",2,1,1.10592172585855,"1_of_4"
"KCNQ5",2,1,1.10575948519726,"1_of_4"
"IFFO2",2,1,1.10233709873264,"1_of_4"
"SAMD9L",2,1,1.10224849673912,"1_of_4"
"TMED3",2,1,1.10205445488908,"1_of_4"
"REV3L",2,1,1.10035302450229,"1_of_4"
"ASCL5",2,1,1.10016234156376,"1_of_4"
"VKORC1",2,1,1.09740036198503,"1_of_4"
"LRRC58",2,1,1.0956263847211,"1_of_4"
"THRA",2,1,1.09516391261085,"1_of_4"
"CBWD2",2,1,1.09394535811637,"1_of_4"
"ALDH4A1",2,1,1.09372579010617,"1_of_4"
"ANAPC15",2,1,1.0925080424855,"1_of_4"
"IL1R1",2,1,1.08928513985591,"1_of_4"
"IGBP1",2,1,1.08906903147533,"1_of_4"
"BET1L",2,1,1.08804082357874,"1_of_4"
"ZNF827",2,1,1.08714380794692,"1_of_4"
"FDX1",2,1,1.08581125921772,"1_of_4"
"CDKN2C",2,1,1.08389176590558,"1_of_4"
"GNAL",2,1,1.08293632214366,"1_of_4"
"RDH5",2,1,1.08134467518979,"1_of_4"
"PCDHB5",2,1,1.08117733802661,"1_of_4"
"ACOT1",2,1,1.0809580346777,"1_of_4"
"PBX2",2,1,1.07994078404532,"1_of_4"
"AC020929.1",2,1,1.07931192685809,"1_of_4"
"MTRF1L",2,1,1.07900944483039,"1_of_4"
"DCP1B",2,1,1.07865060488032,"1_of_4"
"OAS2",2,1,1.07755549953675,"1_of_4"
"CKAP5",2,1,1.07684773380311,"1_of_4"
"CHSY1",2,1,1.07650233715994,"1_of_4"
"LRRIQ1",2,1,1.07606243907399,"1_of_4"
"PREX1",2,1,1.07528694260447,"1_of_4"
"PFN2",2,1,1.07501294177675,"1_of_4"
"RAVER2",2,1,1.07389227340626,"1_of_4"
"NAAA",2,1,1.07287132068378,"1_of_4"
"KCNJ6",2,1,1.07271992049414,"1_of_4"
"ADGRB1",2,1,1.07251655694532,"1_of_4"
"FURIN",2,1,1.07249535096377,"1_of_4"
"SH3BP2",2,1,1.07201917483365,"1_of_4"
"APH1B",2,1,1.07150861377768,"1_of_4"
"ARMC8",2,1,1.07124602510706,"1_of_4"
"NDUFS6",2,1,1.0696157007732,"1_of_4"
"MBLAC2",2,1,1.06912786421589,"1_of_4"
"GPSM3",2,1,1.06881751086181,"1_of_4"
"CNDP2",2,1,1.06841139330526,"1_of_4"
"GABRB3",2,1,1.06725879363486,"1_of_4"
"FILIP1",2,1,1.06643473992174,"1_of_4"
"ZNF598",2,1,1.0647420006745,"1_of_4"
"TMC6",2,1,1.06425551286133,"1_of_4"
"TNFRSF18",2,1,1.06167490463032,"1_of_4"
"CGB5",2,1,1.05933039448754,"1_of_4"
"CHCHD1",2,1,1.05897410604069,"1_of_4"
"MLLT11",2,1,1.05820591074736,"1_of_4"
"FAR2",2,1,1.05687581206009,"1_of_4"
"NPTX2",2,1,1.05611520878453,"1_of_4"
"PDCD1LG2",2,1,1.05500543449976,"1_of_4"
"LRRC20",2,1,1.05497315576185,"1_of_4"
"DCDC1",2,1,1.05399518278698,"1_of_4"
"TMEM88",2,1,1.05359096539869,"1_of_4"
"TUBB2B",2,1,1.05305504109088,"1_of_4"
"CEP97",2,1,1.05156949447926,"1_of_4"
"ZSCAN30",2,1,1.05145703403767,"1_of_4"
"BCL3",2,1,1.04935171612417,"1_of_4"
"GLS2",2,1,1.04878789917757,"1_of_4"
"TRIM21",2,1,1.04871980875708,"1_of_4"
"PNPLA3",2,1,1.04860380862965,"1_of_4"
"BCL2",2,1,1.0478723533772,"1_of_4"
"DNASE1",2,1,1.04696823245204,"1_of_4"
"KIAA0586",2,1,1.04530484493829,"1_of_4"
"NBPF19",2,1,1.04429140429108,"1_of_4"
"NF2",2,1,1.04269736335436,"1_of_4"
"NRXN3",2,1,1.04231032682008,"1_of_4"
"PRX",2,1,1.04074550334691,"1_of_4"
"GRHL3",2,1,1.04043916149875,"1_of_4"
"GDI2",2,1,1.04010423342734,"1_of_4"
"RNGTT",2,1,1.03897804721012,"1_of_4"
"DAPP1",2,1,1.03757835837567,"1_of_4"
"RNF207",2,1,1.03716578330113,"1_of_4"
"SLCO5A1",2,1,1.03650013622786,"1_of_4"
"UCN2",2,1,1.0358371739569,"1_of_4"
"SYN2",2,1,1.03567976587502,"1_of_4"
"RBM25",2,1,1.03552668906949,"1_of_4"
"TENT4B",2,1,1.03473830712546,"1_of_4"
"CYP39A1",2,1,1.03441238256028,"1_of_4"
"PIAS2",2,1,1.03377574274152,"1_of_4"
"KLHL35",2,1,1.03367755580173,"1_of_4"
"TDRKH",2,1,1.03209626026668,"1_of_4"
"COX7B",2,1,1.03114281513708,"1_of_4"
"CORIN",2,1,1.02942653379482,"1_of_4"
"BLMH",2,1,1.02771987005384,"1_of_4"
"SLC12A5",2,1,1.02759499786202,"1_of_4"
"ORAI1",2,1,1.02687633371079,"1_of_4"
"KIFBP",2,1,1.02617235577885,"1_of_4"
"CNOT10",2,1,1.02555229435492,"1_of_4"
"MTUS1",2,1,1.02466256541666,"1_of_4"
"ERBB4",2,1,1.02461978473167,"1_of_4"
"CCDC189",2,1,1.0244039602076,"1_of_4"
"ZNF10",2,1,1.02363046822785,"1_of_4"
"ZNF93",2,1,1.02338478824386,"1_of_4"
"CDK5RAP1",2,1,1.02136108396168,"1_of_4"
"FHL1",2,1,1.01993915526743,"1_of_4"
"C17orf113",2,1,1.01835431484137,"1_of_4"
"MEF2C",2,1,1.0176191666349,"1_of_4"
"LAGE3",2,1,1.01761208804824,"1_of_4"
"ENO4",2,1,1.01760239824944,"1_of_4"
"MAPRE2",2,1,1.01729778477706,"1_of_4"
"SLC13A3",2,1,1.01708609483034,"1_of_4"
"RFX7",2,1,1.01678538009954,"1_of_4"
"KLC3",2,1,1.01589156724502,"1_of_4"
"LRRC4B",2,1,1.01497678362596,"1_of_4"
"PLGLB2",2,1,1.01490411963291,"1_of_4"
"ANKK1",2,1,1.01486200086622,"1_of_4"
"DNAJC8",2,1,1.01455522883928,"1_of_4"
"PHETA1",2,1,1.01418585676416,"1_of_4"
"FGF18",2,1,1.01345714397557,"1_of_4"
"TLE4",2,1,1.01340388247693,"1_of_4"
"PDCD5",2,1,1.01305288563984,"1_of_4"
"CMC1",2,1,1.01290555176896,"1_of_4"
"RTTN",2,1,1.01097789718177,"1_of_4"
"ATP6AP1L",2,1,1.00990658101482,"1_of_4"
"CHPT1",2,1,1.00971042604839,"1_of_4"
"TBC1D16",2,1,1.00944995935596,"1_of_4"
"LRRC56",2,1,1.00858138892548,"1_of_4"
"CARD14",2,1,1.00772468481663,"1_of_4"
"GDPD5",2,1,1.00657892666382,"1_of_4"
"SPIN3",2,1,1.00634850305431,"1_of_4"
"PTGER4",2,1,1.00629841613442,"1_of_4"
"OSCP1",2,1,1.00510725888596,"1_of_4"
"HOMER1",2,1,1.00492213222253,"1_of_4"
"NPY4R",2,1,1.00426031067637,"1_of_4"
"ACTR3",2,1,1.00346353240526,"1_of_4"
"FUOM",2,1,1.00244130386175,"1_of_4"
"CYP4X1",2,1,1.00210037659356,"1_of_4"
"C1orf174",2,1,1.00191640940001,"1_of_4"
"CD4",2,1,1.00074156933002,"1_of_4"
"HOXC6",2,1,1.0003511344705,"1_of_4"
"TTLL9",2,1,0.999243744648703,"1_of_4"
"ZNF555",2,1,0.998830729517962,"1_of_4"
"TMEM249",2,1,0.998774098576343,"1_of_4"
"SLC35F3",2,1,0.998767340077189,"1_of_4"
"BAG2",2,1,0.998580329251221,"1_of_4"
"ARMH1",2,1,0.997957086873531,"1_of_4"
"CPAMD8",2,1,0.997151156129657,"1_of_4"
"INPP5B",2,1,0.996980104034636,"1_of_4"
"ZNF497",2,1,0.996361090059336,"1_of_4"
"GPHN",2,1,0.996201991707546,"1_of_4"
"MYO1D",2,1,0.996197251790037,"1_of_4"
"RAB36",2,1,0.995913352271506,"1_of_4"
"ANKDD1A",2,1,0.994931324363964,"1_of_4"
"CGNL1",2,1,0.994516531163215,"1_of_4"
"SOX9",2,1,0.994282382934174,"1_of_4"
"FOCAD",2,1,0.994199843403285,"1_of_4"
"SRSF10",2,1,0.993926484756782,"1_of_4"
"TBCC",2,1,0.993269306293061,"1_of_4"
"IKZF2",2,1,0.992345856320939,"1_of_4"
"ANKRD24",2,1,0.991615545215595,"1_of_4"
"INMT",2,1,0.991367573892515,"1_of_4"
"NFRKB",2,1,0.99114127420099,"1_of_4"
"AMDHD1",2,1,0.990718629951497,"1_of_4"
"SAMD1",2,1,0.990081919560338,"1_of_4"
"WIPF1",2,1,0.989814697401316,"1_of_4"
"MATK",2,1,0.989563264007689,"1_of_4"
"GALE",2,1,0.986040288382534,"1_of_4"
"BARD1",2,1,0.985744962948786,"1_of_4"
"MPPED2",2,1,0.985688426051927,"1_of_4"
"IGFL2",2,1,0.983663135178673,"1_of_4"
"RASGEF1C",2,1,0.982993427276522,"1_of_4"
"FRMD3",2,1,0.982560556083613,"1_of_4"
"CLDN16",2,1,0.982509708596775,"1_of_4"
"TRIM69",2,1,0.982156393955131,"1_of_4"
"TARBP1",2,1,0.98202451005161,"1_of_4"
"HLA.DPB1",2,1,0.980665643810637,"1_of_4"
"CSRNP2",2,1,0.979752941874444,"1_of_4"
"CPED1",2,1,0.979723210716065,"1_of_4"
"ANKEF1",2,1,0.977924202055356,"1_of_4"
"CDC42EP1",2,1,0.977906076524068,"1_of_4"
"CUEDC1",2,1,0.977886141014576,"1_of_4"
"CUTC",2,1,0.977814242156296,"1_of_4"
"TRPM6",2,1,0.977456978174984,"1_of_4"
"CRLF2",2,1,0.977370867628609,"1_of_4"
"DMC1",2,1,0.97611609005694,"1_of_4"
"BLOC1S2",2,1,0.975463433996085,"1_of_4"
"GPATCH11",2,1,0.974785844824069,"1_of_4"
"GRIN2A",2,1,0.974686511589597,"1_of_4"
"PLCXD2",2,1,0.974179206089864,"1_of_4"
"DHRS2",2,1,0.973608308858656,"1_of_4"
"LGSN",2,1,0.973407928323612,"1_of_4"
"KIF5A",2,1,0.97282469536591,"1_of_4"
"SMARCA4",2,1,0.972712316005747,"1_of_4"
"ZNF610",2,1,0.972591265751662,"1_of_4"
"GLUD1",2,1,0.971061817429711,"1_of_4"
"ZFAND1",2,1,0.970249360466006,"1_of_4"
"ZNF501",2,1,0.970017789179998,"1_of_4"
"TOB1",2,1,0.969690845422053,"1_of_4"
"FBXO43",2,1,0.968654641048388,"1_of_4"
"SEMA4G",2,1,0.968291651296141,"1_of_4"
"TMEM182",2,1,0.96800044489248,"1_of_4"
"MTDH",2,1,0.967331663015417,"1_of_4"
"SLC24A1",2,1,0.966353884615197,"1_of_4"
"HOXC11",2,1,0.966090151279985,"1_of_4"
"ADAMTS9",2,1,0.965294405253191,"1_of_4"
"PYURF",2,1,0.964748680425399,"1_of_4"
"SULF2",2,1,0.964652451089481,"1_of_4"
"NFS1",2,1,0.963268032034005,"1_of_4"
"RAPH1",2,1,0.961156048121147,"1_of_4"
"PABPC1L",2,1,0.960516935043009,"1_of_4"
"ITGAX",2,1,0.960355128059581,"1_of_4"
"TBXA2R",2,1,0.958503556402871,"1_of_4"
"TERF1",2,1,0.957768772555403,"1_of_4"
"PAPSS2",2,1,0.957292845278636,"1_of_4"
"OSGIN2",2,1,0.957183486155562,"1_of_4"
"CEP112",2,1,0.956852324342088,"1_of_4"
"IQUB",2,1,0.956540456861082,"1_of_4"
"TRIM68",2,1,0.953626149794895,"1_of_4"
"MYO1F",2,1,0.953210721702709,"1_of_4"
"VWA7",2,1,0.953162511432786,"1_of_4"
"TMEM243",2,1,0.952992591359041,"1_of_4"
"POGLUT3",2,1,0.951470209356235,"1_of_4"
"TP53I3",2,1,0.951145821597267,"1_of_4"
"MUC4",2,1,0.95086528751393,"1_of_4"
"TCEA1",2,1,0.950575987074241,"1_of_4"
"FBXL15",2,1,0.950292059398488,"1_of_4"
"RORC",2,1,0.950024257546765,"1_of_4"
"APOBEC3G",2,1,0.949947028826879,"1_of_4"
"DUSP22",2,1,0.94970417080883,"1_of_4"
"PACS2",2,1,0.949531080376707,"1_of_4"
"HMCN1",2,1,0.948557953749801,"1_of_4"
"ZFC3H1",2,1,0.946099999449352,"1_of_4"
"PDE11A",2,1,0.945940811441155,"1_of_4"
"POMGNT2",2,1,0.945637107658876,"1_of_4"
"FZD8",2,1,0.945118199542455,"1_of_4"
"RAB15",2,1,0.944273679117182,"1_of_4"
"ZNF703",2,1,0.943838371948929,"1_of_4"
"ZNF319",2,1,0.942387607842796,"1_of_4"
"S100A10",2,1,0.942201479373823,"1_of_4"
"RAD51D",2,1,0.942059795560192,"1_of_4"
"SLC15A2",2,1,0.941123818334557,"1_of_4"
"JADE2",2,1,0.940791747126651,"1_of_4"
"CCL28",2,1,0.939397835098297,"1_of_4"
"MAU2",2,1,0.93926806840108,"1_of_4"
"ESPN",2,1,0.939229404395612,"1_of_4"
"TMEM74B",2,1,0.939210984763367,"1_of_4"
"SOX18",2,1,0.9391300078446,"1_of_4"
"FUCA2",2,1,0.938494469984635,"1_of_4"
"KLHL2",2,1,0.938402218462835,"1_of_4"
"ZNF792",2,1,0.937906742460769,"1_of_4"
"CCDC171",2,1,0.93667547432276,"1_of_4"
"LRRC49",2,1,0.935369806323642,"1_of_4"
"CDH4",2,1,0.934890123728973,"1_of_4"
"ZNF709",2,1,0.933732943175219,"1_of_4"
"SLCO3A1",2,1,0.933627795282634,"1_of_4"
"PPT2.EGFL8",2,1,0.933459697636171,"1_of_4"
"CBS",2,1,0.933330470058649,"1_of_4"
"NFIX",2,1,0.932105314111751,"1_of_4"
"ZNF565",2,1,0.932076586719321,"1_of_4"
"LTK",2,1,0.932006584674343,"1_of_4"
"MICOS10",2,1,0.931211496395263,"1_of_4"
"DLD",2,1,0.930360141824244,"1_of_4"
"AHCTF1",2,1,0.930189877727622,"1_of_4"
"LGALS9",2,1,0.929906135403419,"1_of_4"
"SAYSD1",2,1,0.928816156323579,"1_of_4"
"AQP2",2,1,0.928700532312476,"1_of_4"
"GJA3",2,1,0.928491715031095,"1_of_4"
"ERVMER34.1",2,1,0.928466800833438,"1_of_4"
"HNRNPR",2,1,0.928070593985035,"1_of_4"
"C9orf152",2,1,0.928020170704088,"1_of_4"
"PRKDC",2,1,0.927287940834811,"1_of_4"
"ATP5PD",2,1,0.927249748638294,"1_of_4"
"ARHGAP27",2,1,0.926646877763012,"1_of_4"
"ARPC4.TTLL3",2,1,0.92325686088993,"1_of_4"
"SH3TC2",2,1,0.922960534797682,"1_of_4"
"WDR64",2,1,0.921881489717252,"1_of_4"
"LRP6",2,1,0.921802557041942,"1_of_4"
"NDUFA12",2,1,0.921398719521231,"1_of_4"
"ACSL3",2,1,0.921336078712959,"1_of_4"
"MAP2K1",2,1,0.920853357566388,"1_of_4"
"TACC2",2,1,0.920801473374435,"1_of_4"
"RNASE1",2,1,0.919920931017405,"1_of_4"
"SLC38A1",2,1,0.919546315031575,"1_of_4"
"AC055811.2",2,1,0.918688597576746,"1_of_4"
"NAV2",2,1,0.918523768958327,"1_of_4"
"SYT5",2,1,0.918410276030973,"1_of_4"
"DAAM1",2,1,0.917846489064655,"1_of_4"
"TJP2",2,1,0.917790088194214,"1_of_4"
"GNG5",2,1,0.917335843464891,"1_of_4"
"PSMA2",2,1,0.917011171004153,"1_of_4"
"CLCN7",2,1,0.916466173447924,"1_of_4"
"NUDT18",2,1,0.91589789447191,"1_of_4"
"RNF165",2,1,0.91586445038088,"1_of_4"
"SLC35A2",2,1,0.914847800464355,"1_of_4"
"UPB1",2,1,0.914796905421397,"1_of_4"
"WFDC3",2,1,0.914707280292749,"1_of_4"
"CCDC50",2,1,0.914664144715432,"1_of_4"
"SDK2",2,1,0.914617022085966,"1_of_4"
"TMEM41A",2,1,0.914494189637677,"1_of_4"
"SELPLG",2,1,0.913922645198888,"1_of_4"
"DNPH1",2,1,0.913566311298077,"1_of_4"
"FAAP24",2,1,0.913052492288232,"1_of_4"
"CLEC7A",2,1,0.9122845551978,"1_of_4"
"DCHS2",2,1,0.912227250301687,"1_of_4"
"MARF1",2,1,0.912216073884134,"1_of_4"
"TSNAX.DISC1",2,1,0.910601132002484,"1_of_4"
"PAK3",2,1,0.910341888380904,"1_of_4"
"CHIC1",2,1,0.910322231780075,"1_of_4"
"AC008397.2",2,1,0.909128707467957,"1_of_4"
"EPB41",2,1,0.908740358010081,"1_of_4"
"WARS2",2,1,0.908335010584044,"1_of_4"
"RELB",2,1,0.907948725940232,"1_of_4"
"H2AC13",2,1,0.907700243898199,"1_of_4"
"GPR135",2,1,0.90759284378705,"1_of_4"
"HIF1A",2,1,0.90689086606865,"1_of_4"
"NBPF11",2,1,0.90666385849901,"1_of_4"
"TOM1",2,1,0.906157928840771,"1_of_4"
"KIAA1841",2,1,0.906058499172367,"1_of_4"
"ITGB4",2,1,0.905959637684582,"1_of_4"
"NHS",2,1,0.905564300354788,"1_of_4"
"RBM43",2,1,0.904988207897878,"1_of_4"
"SNRPC",2,1,0.90420851851869,"1_of_4"
"GLIS3",2,1,0.902929547963468,"1_of_4"
"CKMT1B",2,1,0.902882011465556,"1_of_4"
"ZNF805",2,1,0.902700115330805,"1_of_4"
"PCSK6",2,1,0.902528778691507,"1_of_4"
"TTL",2,1,0.902401252205604,"1_of_4"
"ZDBF2",2,1,0.901126610897055,"1_of_4"
"PSG2",2,1,0.900736983046507,"1_of_4"
"KCNQ2",2,1,0.90030380137721,"1_of_4"
"PLIN1",2,1,0.89961953226644,"1_of_4"
"CRYBG2",2,1,0.899022629428281,"1_of_4"
"NUP153",2,1,0.898728903988049,"1_of_4"
"C21orf91",2,1,0.898348481631446,"1_of_4"
"SLC28A3",2,1,0.897645124034508,"1_of_4"
"LEF1",2,1,0.897292970694799,"1_of_4"
"PLXNC1",2,1,0.897142361631108,"1_of_4"
"ZER1",2,1,0.89710919025626,"1_of_4"
"SUPT16H",2,1,0.896996523142735,"1_of_4"
"MAK16",2,1,0.896990167087208,"1_of_4"
"BTG1",2,1,0.896907152795475,"1_of_4"
"PGRMC1",2,1,0.896223981845228,"1_of_4"
"TENT5C",2,1,0.895445982835085,"1_of_4"
"GPR158",2,1,0.895216965628624,"1_of_4"
"NPC1",2,1,0.894628861756104,"1_of_4"
"INAFM1",2,1,0.893959530757712,"1_of_4"
"ECI2",2,1,0.893266436273965,"1_of_4"
"CTDSP2",2,1,0.892479501492272,"1_of_4"
"SLC41A2",2,1,0.891971925973676,"1_of_4"
"PAQR8",2,1,0.891884929520679,"1_of_4"
"SLC49A3",2,1,0.89094699212773,"1_of_4"
"AKR1B15",2,1,0.890773990915558,"1_of_4"
"QARS1",2,1,0.890178219716169,"1_of_4"
"SHOC1",2,1,0.889741636803403,"1_of_4"
"MXD1",2,1,0.889504156571244,"1_of_4"
"SCG2",2,1,0.889144654322941,"1_of_4"
"ZNF655",2,1,0.889010849702965,"1_of_4"
"NOCT",2,1,0.888947662072779,"1_of_4"
"ESPNL",2,1,0.888237917527471,"1_of_4"
"MMP12",2,1,0.888176059789997,"1_of_4"
"NAP1L1",2,1,0.887630580198886,"1_of_4"
"H2AC8",2,1,0.887500386377353,"1_of_4"
"GNL1",2,1,0.88743818178434,"1_of_4"
"SLC39A4",2,1,0.887409293939749,"1_of_4"
"SLC7A8",2,1,0.887032371834717,"1_of_4"
"KIF27",2,1,0.886629056873515,"1_of_4"
"PRUNE2",2,1,0.88634216210629,"1_of_4"
"NOL11",2,1,0.88518578347635,"1_of_4"
"MSMB",2,1,0.884958941976046,"1_of_4"
"ZNF486",2,1,0.884901114871842,"1_of_4"
"PSMA6",2,1,0.884780184373539,"1_of_4"
"DRD1",2,1,0.883697541683378,"1_of_4"
"ROS1",2,1,0.883652902417325,"1_of_4"
"CLDN11",2,1,0.883582800577902,"1_of_4"
"SRGAP2B",2,1,0.883489774124536,"1_of_4"
"SPEF1",2,1,0.882628880973547,"1_of_4"
"NBEAL1",2,1,0.882130571062141,"1_of_4"
"USP39",2,1,0.882060342029006,"1_of_4"
"SMARCB1",2,1,0.882045536985926,"1_of_4"
"OTUD7B",2,1,0.881453674042929,"1_of_4"
"FAM166C",2,1,0.879439871939839,"1_of_4"
"YDJC",2,1,0.878974931841628,"1_of_4"
"RCN2",2,1,0.878910046455663,"1_of_4"
"SLC38A3",2,1,0.878405300636884,"1_of_4"
"SAT1",2,1,0.87833706610337,"1_of_4"
"CHD1L",2,1,0.878315312159236,"1_of_4"
"CCNDBP1",2,1,0.877814503485801,"1_of_4"
"CDC42EP4",2,1,0.877323739163139,"1_of_4"
"MAP2K5",2,1,0.87696280495674,"1_of_4"
"ID1",2,1,0.876912960138542,"1_of_4"
"LRP12",2,1,0.876706633845328,"1_of_4"
"EPB41L4A",2,1,0.876218441834325,"1_of_4"
"LSG1",2,1,0.87556386314545,"1_of_4"
"ZNF609",2,1,0.87474890037169,"1_of_4"
"AQP1",2,1,0.874341073532133,"1_of_4"
"ATP5F1A",2,1,0.874026309238609,"1_of_4"
"FMO3",2,1,0.873856566376398,"1_of_4"
"MRPL14",2,1,0.873617194000173,"1_of_4"
"PLEKHF1",2,1,0.87324764075551,"1_of_4"
"MEGF10",2,1,0.872562231914578,"1_of_4"
"PRRC1",2,1,0.872368159508475,"1_of_4"
"ZNF677",2,1,0.872168088033587,"1_of_4"
"DCPS",2,1,0.872019055777642,"1_of_4"
"MLXIPL",2,1,0.871857574258568,"1_of_4"
"ZHX2",2,1,0.871804208520207,"1_of_4"
"NSL1",2,1,0.871451533174286,"1_of_4"
"PREX2",2,1,0.871356482829738,"1_of_4"
"NUDCD1",2,1,0.871078228419341,"1_of_4"
"ZNF551",2,1,0.87068761381392,"1_of_4"
"CTU2",2,1,0.869549846776172,"1_of_4"
"ZNF226",2,1,0.869465381967038,"1_of_4"
"NHP2",2,1,0.869389088120988,"1_of_4"
"ILF3",2,1,0.869144753201298,"1_of_4"
"DIS3L",2,1,0.869129083977241,"1_of_4"
"ZNF524",2,1,0.868388662231222,"1_of_4"
"LHX3",2,1,0.867761966535952,"1_of_4"
"COLGALT1",2,1,0.866838127819349,"1_of_4"
"SLC39A7",2,1,0.866803636197784,"1_of_4"
"LYRM4",2,1,0.865672681834996,"1_of_4"
"CACNA1A",2,1,0.865497542122182,"1_of_4"
"UQCC2",2,1,0.86538950936279,"1_of_4"
"BORCS7",2,1,0.86497372924905,"1_of_4"
"GLIPR1",2,1,0.86455622590747,"1_of_4"
"VWA5B1",2,1,0.864260972107586,"1_of_4"
"RPP40",2,1,0.863610399300641,"1_of_4"
"BOLA2.SMG1P6",2,1,0.863528870249239,"1_of_4"
"ZNF432",2,1,0.863235372173686,"1_of_4"
"TDRD6",2,1,0.862609314020859,"1_of_4"
"SHC3",2,1,0.862360817909771,"1_of_4"
"CCNO",2,1,0.862069890129151,"1_of_4"
"PLPP5",2,1,0.861857562458778,"1_of_4"
"DHRS11",2,1,0.861342084777893,"1_of_4"
"IVL",2,1,0.860979506339141,"1_of_4"
"SIRT2",2,1,0.860879867006087,"1_of_4"
"CCNB1IP1",2,1,0.860574848869297,"1_of_4"
"LPIN3",2,1,0.860284493252567,"1_of_4"
"CCDC157",2,1,0.859982362035726,"1_of_4"
"AC004922.1",2,1,0.859871939824074,"1_of_4"
"POU5F1B",2,1,0.859553639450291,"1_of_4"
"DYNLL1",2,1,0.859430364750378,"1_of_4"
"RAB42",2,1,0.859375128378049,"1_of_4"
"MCCC2",2,1,0.859086371566602,"1_of_4"
"ERICH2",2,1,0.857950443084076,"1_of_4"
"ZNF582",2,1,0.857903979046524,"1_of_4"
"CTTNBP2",2,1,0.856941148207933,"1_of_4"
"BHLHE40",2,1,0.856349283283918,"1_of_4"
"GCAT",2,1,0.855171760427965,"1_of_4"
"AIFM1",2,1,0.854316641424401,"1_of_4"
"BACH2",2,1,0.854178227168079,"1_of_4"
"RAB7B",2,1,0.853920175275239,"1_of_4"
"PNCK",2,1,0.852481380359414,"1_of_4"
"DTD1",2,1,0.852248216600279,"1_of_4"
"MGAT5B",2,1,0.851353888161285,"1_of_4"
"ID4",2,1,0.851020828368687,"1_of_4"
"ENAH",2,1,0.850571505150429,"1_of_4"
"SLC39A14",2,1,0.85055773002736,"1_of_4"
"COPS8",2,1,0.850465418240057,"1_of_4"
"XKR6",2,1,0.849851942888407,"1_of_4"
"DHDDS",2,1,0.848760048110154,"1_of_4"
"MARCO",2,1,0.848462598137969,"1_of_4"
"EXOC6",2,1,0.848148383601505,"1_of_4"
"CYP1A2",2,1,0.847637513751482,"1_of_4"
"RNF175",2,1,0.847527485704572,"1_of_4"
"DAP",2,1,0.845487786419586,"1_of_4"
"EIF2B2",2,1,0.844954828266389,"1_of_4"
"PSMC2",2,1,0.844373783928213,"1_of_4"
"PLEKHA1",2,1,0.843829481301187,"1_of_4"
"EIF3B",2,1,0.843534176070653,"1_of_4"
"RBMXL1",2,1,0.843488892987456,"1_of_4"
"CD302",2,1,0.843392142421243,"1_of_4"
"TMEM39A",2,1,0.843294188019738,"1_of_4"
"POLR2F",2,1,0.842905698782858,"1_of_4"
"SLC25A15",2,1,0.842016492767301,"1_of_4"
"BAX",2,1,0.841057728030669,"1_of_4"
"GSTT2B",2,1,0.840740889011,"1_of_4"
"NMNAT1",2,1,0.840213047708047,"1_of_4"
"PSMD1",2,1,0.840185938594444,"1_of_4"
"METTL3",2,1,0.840050090545757,"1_of_4"
"METTL8",2,1,0.839569825479894,"1_of_4"
"ZNF75D",2,1,0.839127243756687,"1_of_4"
"ARHGEF3",2,1,0.838824325814001,"1_of_4"
"ZNF426",2,1,0.838530234392054,"1_of_4"
"FAM98A",2,1,0.837886860806288,"1_of_4"
"EPHX3",2,1,0.837843962881773,"1_of_4"
"NBR1",2,1,0.837779412613567,"1_of_4"
"PSG11",2,1,0.837142872509225,"1_of_4"
"HEY1",2,1,0.83700223330469,"1_of_4"
"DGAT1",2,1,0.836806403648408,"1_of_4"
"ZNF215",2,1,0.836389343980597,"1_of_4"
"ZC3HC1",2,1,0.835939028413881,"1_of_4"
"FAM126A",2,1,0.835285970335243,"1_of_4"
"NDST2",2,1,0.835180306121007,"1_of_4"
"TSFM",2,1,0.83497161558762,"1_of_4"
"ABCA1",2,1,0.834700509702156,"1_of_4"
"PCDHB13",2,1,0.834197431178876,"1_of_4"
"GPR75",2,1,0.833614344730108,"1_of_4"
"EEF1AKMT3",2,1,0.832491913533971,"1_of_4"
"NPHP1",2,1,0.832210742152602,"1_of_4"
"GBP5",2,1,0.83188368796442,"1_of_4"
"HIVEP2",2,1,0.831181164285948,"1_of_4"
"CR2",2,1,0.831078453177705,"1_of_4"
"CCSER1",2,1,0.830843475818742,"1_of_4"
"BICDL2",2,1,0.830043074891132,"1_of_4"
"KIAA0825",2,1,0.830029880516543,"1_of_4"
"OSBPL3",2,1,0.829329122667466,"1_of_4"
"PNPLA6",2,1,0.829053584352193,"1_of_4"
"AC098850.3",2,1,0.828981956353373,"1_of_4"
"ARHGEF2",2,1,0.828846918031279,"1_of_4"
"LSM2",2,1,0.828538465588035,"1_of_4"
"RAI2",2,1,0.828480242697912,"1_of_4"
"C8orf82",2,1,0.828351772924375,"1_of_4"
"FAR1",2,1,0.828256087175987,"1_of_4"
"MICAL2",2,1,0.828238043975104,"1_of_4"
"AGRN",2,1,0.827704367854341,"1_of_4"
"COA3",2,1,0.826772611796383,"1_of_4"
"PLTP",2,1,0.825714127456553,"1_of_4"
"GPT2",2,1,0.825548374522001,"1_of_4"
"PALD1",2,1,0.825498117215113,"1_of_4"
"ACADS",2,1,0.825123028864049,"1_of_4"
"PPP2CA",2,1,0.825107921912523,"1_of_4"
"IER3",2,1,0.824727165026041,"1_of_4"
"JRKL",2,1,0.823512964551782,"1_of_4"
"GIMAP2",2,1,0.823333603179625,"1_of_4"
"THOC7",2,1,0.823224067104798,"1_of_4"
"SZRD1",2,1,0.821537515650299,"1_of_4"
"PPFIA4",2,1,0.821266935980159,"1_of_4"
"LY75.CD302",2,1,0.821085044056371,"1_of_4"
"SMC3",2,1,0.820406110102462,"1_of_4"
"ESYT1",2,1,0.82039135139889,"1_of_4"
"NEURL1",2,1,0.819433549199443,"1_of_4"
"TMEM80",2,1,0.818602564742807,"1_of_4"
"HDAC10",2,1,0.818170176584388,"1_of_4"
"ARHGAP12",2,1,0.817798578635263,"1_of_4"
"SH3BP4",2,1,0.817634975076547,"1_of_4"
"ZNF391",2,1,0.817550925749652,"1_of_4"
"KCNK1",2,1,0.817390650190309,"1_of_4"
"EXOC7",2,1,0.81623800552597,"1_of_4"
"H3C4",2,1,0.815933316949367,"1_of_4"
"RWDD1",2,1,0.815408139206958,"1_of_4"
"IRF6",2,1,0.815312520470966,"1_of_4"
"GPC2",2,1,0.815223717681061,"1_of_4"
"FBP2",2,1,0.81401469415404,"1_of_4"
"MYPN",2,1,0.813798295581972,"1_of_4"
"PRDM2",2,1,0.813081715413542,"1_of_4"
"GLO1",2,1,0.812576359310692,"1_of_4"
"ABI2",2,1,0.811226328016142,"1_of_4"
"B3GNT8",2,1,0.810839762118375,"1_of_4"
"YBX2",2,1,0.809379692126844,"1_of_4"
"ECE1",2,1,0.807862514066554,"1_of_4"
"PARP6",2,1,0.807273411333382,"1_of_4"
"MRPL42",2,1,0.806313145215761,"1_of_4"
"DLST",2,1,0.806256009843225,"1_of_4"
"CCDC191",2,1,0.806249747843165,"1_of_4"
"MED12",2,1,0.806122087058631,"1_of_4"
"ROBO2",2,1,0.805833021320719,"1_of_4"
"LYSMD1",2,1,0.805495271582864,"1_of_4"
"ALPK3",2,1,0.805314045200689,"1_of_4"
"TPK1",2,1,0.805235900568318,"1_of_4"
"ZFYVE26",2,1,0.805126121609654,"1_of_4"
"CD68",2,1,0.805039487936533,"1_of_4"
"TEX45",2,1,0.804897652066922,"1_of_4"
"USP20",2,1,0.804860859201285,"1_of_4"
"TSEN15",2,1,0.804275320222819,"1_of_4"
"GPR157",2,1,0.804219176822593,"1_of_4"
"STEAP1B",2,1,0.804118290612946,"1_of_4"
"CLIP4",2,1,0.803369969536526,"1_of_4"
"OCM",2,1,0.802156446776192,"1_of_4"
"ZBTB41",2,1,0.801946963324448,"1_of_4"
"ACTR3B",2,1,0.801817490098878,"1_of_4"
"PACSIN3",2,1,0.801462829055907,"1_of_4"
"RBPMS2",2,1,0.801231484004786,"1_of_4"
"CLCN4",2,1,0.801074351179703,"1_of_4"
"NDUFS1",2,1,0.801014290706314,"1_of_4"
"SUSD5",2,1,0.801000278849318,"1_of_4"
"MACROH2A1",2,1,0.800934732964783,"1_of_4"
"ATP1A2",2,1,0.800293509537896,"1_of_4"
"AP000295.1",2,1,0.799922241019939,"1_of_4"
"COX6B2",2,1,0.799912881090598,"1_of_4"
"GALT",2,1,0.799459626129122,"1_of_4"
"C1orf54",2,1,0.799307867931965,"1_of_4"
"TNXB",2,1,0.797495195846821,"1_of_4"
"LARP6",2,1,0.796904138219274,"1_of_4"
"EIF4EBP3",2,1,0.79612239006258,"1_of_4"
"H2BS1",2,1,0.795950712282818,"1_of_4"
"NAPRT",2,1,0.795533300119608,"1_of_4"
"PLD5",2,1,0.79552236998483,"1_of_4"
"LIMK2",2,1,0.795177450439206,"1_of_4"
"IGF1",2,1,0.795156797852724,"1_of_4"
"HSD11B2",2,1,0.795098392762923,"1_of_4"
"SOBP",2,1,0.794088721238614,"1_of_4"
"TERF2",2,1,0.793559824093804,"1_of_4"
"MSANTD4",2,1,0.792531474650038,"1_of_4"
"SOX6",2,1,0.792525827411734,"1_of_4"
"F2RL3",2,1,0.791833158358717,"1_of_4"
"SORCS2",2,1,0.791102165038382,"1_of_4"
"PHYHD1",2,1,0.791062415066729,"1_of_4"
"CLCC1",2,1,0.790780809213249,"1_of_4"
"DERL3",2,1,0.790660312160954,"1_of_4"
"NSMCE4A",2,1,0.790297171876464,"1_of_4"
"IL9R",2,1,0.790271211316632,"1_of_4"
"SPSB3",2,1,0.789607552122309,"1_of_4"
"SORBS2",2,1,0.789412702029119,"1_of_4"
"AJUBA",2,1,0.789339365199026,"1_of_4"
"DSCAML1",2,1,0.789161879798577,"1_of_4"
"HLTF",2,1,0.78828449424724,"1_of_4"
"PDCD2",2,1,0.787793343760675,"1_of_4"
"ACTR3C",2,1,0.787142551621344,"1_of_4"
"TSPAN1",2,1,0.7867886489988,"1_of_4"
"SERTAD1",2,1,0.786551723466707,"1_of_4"
"YBX1",2,1,0.786337768485418,"1_of_4"
"RANGRF",2,1,0.786231890119023,"1_of_4"
"FRMD4A",2,1,0.785608564614206,"1_of_4"
"ZSCAN21",2,1,0.784448914631797,"1_of_4"
"SAV1",2,1,0.784355210568616,"1_of_4"
"LFNG",2,1,0.784005089345552,"1_of_4"
"SPNS2",2,1,0.783487005339479,"1_of_4"
"ZFYVE19",2,1,0.783103931343794,"1_of_4"
"CELSR2",2,1,0.782804699911363,"1_of_4"
"COL28A1",2,1,0.782231876350473,"1_of_4"
"PAK1IP1",2,1,0.781921898980156,"1_of_4"
"JSRP1",2,1,0.781819548330222,"1_of_4"
"MRPS16",2,1,0.781710352952778,"1_of_4"
"LPAR4",2,1,0.781355561253132,"1_of_4"
"ZNF211",2,1,0.781243670135119,"1_of_4"
"LPCAT1",2,1,0.781079300321915,"1_of_4"
"APOL2",2,1,0.781061292030174,"1_of_4"
"CIR1",2,1,0.780524012556627,"1_of_4"
"ZNF16",2,1,0.780411915092415,"1_of_4"
"ZHX3",2,1,0.780024655181274,"1_of_4"
"PIP4K2A",2,1,0.779703040219417,"1_of_4"
"TIGAR",2,1,0.778870788322271,"1_of_4"
"MOB3C",2,1,0.778315041957616,"1_of_4"
"DLG2",2,1,0.77830331815018,"1_of_4"
"OGA",2,1,0.778174229208055,"1_of_4"
"ARID4A",2,1,0.777584325489292,"1_of_4"
"AATK",2,1,0.777441351282564,"1_of_4"
"SLC52A1",2,1,0.777309002053381,"1_of_4"
"TAS1R3",2,1,0.775941518160556,"1_of_4"
"KRR1",2,1,0.77511524149321,"1_of_4"
"RECQL5",2,1,0.774893907943992,"1_of_4"
"XPO5",2,1,0.774139059156649,"1_of_4"
"KCNMB4",2,1,0.77355687668088,"1_of_4"
"PSME3",2,1,0.772322779018181,"1_of_4"
"CSE1L",2,1,0.771984609460241,"1_of_4"
"VLDLR",2,1,0.771817600241991,"1_of_4"
"CYP2W1",2,1,0.771560855136413,"1_of_4"
"SLC66A1L",2,1,0.771485312296141,"1_of_4"
"ACOX1",2,1,0.771250492163074,"1_of_4"
"DDX21",2,1,0.769787896949691,"1_of_4"
"PRDM6",2,1,0.769447094796718,"1_of_4"
"CBX3",2,1,0.769011210808988,"1_of_4"
"ILF2",2,1,0.768932536892095,"1_of_4"
"PARP12",2,1,0.768783470507437,"1_of_4"
"EYA4",2,1,0.766343993102841,"1_of_4"
"RIOX1",2,1,0.766317508846146,"1_of_4"
"UQCRFS1",2,1,0.765075535218615,"1_of_4"
"CYP11A1",2,1,0.765058761333441,"1_of_4"
"RNPS1",2,1,0.764440831506834,"1_of_4"
"CWF19L1",2,1,0.763897233208393,"1_of_4"
"ZFP69B",2,1,0.76323881297724,"1_of_4"
"BOD1",2,1,0.761807470642323,"1_of_4"
"DGKI",2,1,0.761475939599661,"1_of_4"
"CHRNA5",2,1,0.760731945797717,"1_of_4"
"NKX3.2",2,1,0.759381477054433,"1_of_4"
"PKP1",2,1,0.759160008892316,"1_of_4"
"TMEM270",2,1,0.75890734907016,"1_of_4"
"IP6K2",2,1,0.757824422645116,"1_of_4"
"CAPN14",2,1,0.756844358472975,"1_of_4"
"TCERG1",2,1,0.75592834576077,"1_of_4"
"ANK3",2,1,0.755633253160646,"1_of_4"
"SLC46A3",2,1,0.75492970118823,"1_of_4"
"ATP7A",2,1,0.754894246625852,"1_of_4"
"PMAIP1",2,1,0.754164256714013,"1_of_4"
"UPRT",2,1,0.753628552816159,"1_of_4"
"MAP2K6",2,1,0.752758074368117,"1_of_4"
"EPHX4",2,1,0.752752216831095,"1_of_4"
"WDR82",2,1,0.752652431464058,"1_of_4"
"LRRIQ3",2,1,0.75255352387354,"1_of_4"
"CAT",2,1,0.752197392308638,"1_of_4"
"MRPL51",2,1,0.752170364665492,"1_of_4"
"GLA",2,1,0.751007487731641,"1_of_4"
"TNPO3",2,1,0.750998165022219,"1_of_4"
"MUC5B",2,1,0.750876060567357,"1_of_4"
"ARNT",2,1,0.750548730129038,"1_of_4"
"FAM86C1",2,1,0.750411157318843,"1_of_4"
"PCDH10",2,1,0.749886011928877,"1_of_4"
"EPX",2,1,0.748871843491135,"1_of_4"
"SPATA33",2,1,0.74874470639152,"1_of_4"
"NDUFV2",2,1,0.748441322542116,"1_of_4"
"RAB34",2,1,0.748127661964753,"1_of_4"
"KDM4B",2,1,0.747937318251175,"1_of_4"
"MINK1",2,1,0.747670815246403,"1_of_4"
"DDX51",2,1,0.7474587520332,"1_of_4"
"COPG2",2,1,0.747047408824924,"1_of_4"
"ANKFN1",2,1,0.747019428901991,"1_of_4"
"SMARCD1",2,1,0.746999481363124,"1_of_4"
"IL2RG",2,1,0.746516047376651,"1_of_4"
"MAGOHB",2,1,0.746331503315116,"1_of_4"
"PGF",2,1,0.745984434000303,"1_of_4"
"FRS2",2,1,0.745924737476853,"1_of_4"
"C15orf62",2,1,0.74556605009692,"1_of_4"
"PGM5",2,1,0.745395228104831,"1_of_4"
"EIF4A2",2,1,0.745114264552347,"1_of_4"
"SECISBP2L",2,1,0.745075365887327,"1_of_4"
"C3orf18",2,1,0.745035668685236,"1_of_4"
"ANKRD65",2,1,0.743494872253816,"1_of_4"
"PSMD7",2,1,0.743298675147283,"1_of_4"
"TMEM106C",2,1,0.742821709232729,"1_of_4"
"HOXC4",2,1,0.742810584182517,"1_of_4"
"MAPK12",2,1,0.742789697920467,"1_of_4"
"TNKS1BP1",2,1,0.742612576817304,"1_of_4"
"THAP12",2,1,0.742442595997884,"1_of_4"
"DDT",2,1,0.741650515835288,"1_of_4"
"RAB6A",2,1,0.741425959362278,"1_of_4"
"KATNA1",2,1,0.741243635545903,"1_of_4"
"SPRYD7",2,1,0.740413591165922,"1_of_4"
"ZNF189",2,1,0.739148407961544,"1_of_4"
"SPEF2",2,1,0.738918243648256,"1_of_4"
"PQBP1",2,1,0.738161924014476,"1_of_4"
"TMEM52",2,1,0.737501215776397,"1_of_4"
"TIMM23",2,1,0.737141324722396,"1_of_4"
"WDYHV1",2,1,0.735814092785576,"1_of_4"
"RERE",2,1,0.734839198968639,"1_of_4"
"PPP5C",2,1,0.734181967502953,"1_of_4"
"CARD10",2,1,0.734016711988756,"1_of_4"
"SPIN2A",2,1,0.733523751188766,"1_of_4"
"TRNP1",2,1,0.73321015332971,"1_of_4"
"FAM214A",2,1,0.73301031126446,"1_of_4"
"SEC63",2,1,0.732566645533419,"1_of_4"
"NEK8",2,1,0.732487886444791,"1_of_4"
"PRTG",2,1,0.732365939972037,"1_of_4"
"DHTKD1",2,1,0.732211980005061,"1_of_4"
"PLEKHA7",2,1,0.73197463337827,"1_of_4"
"CALML4",2,1,0.731925310351943,"1_of_4"
"SHLD1",2,1,0.730048747855609,"1_of_4"
"SLC22A4",2,1,0.729910366901428,"1_of_4"
"SLC25A3",2,1,0.729597238424122,"1_of_4"
"MMAA",2,1,0.729527860599097,"1_of_4"
"LBP",2,1,0.729303573028246,"1_of_4"
"PRDX3",2,1,0.727922812471683,"1_of_4"
"GLT8D1",2,1,0.727600974321716,"1_of_4"
"RSPH1",2,1,0.726974949919926,"1_of_4"
"XK",2,1,0.72647229431009,"1_of_4"
"FZD9",2,1,0.725520343723421,"1_of_4"
"TEP1",2,1,0.725307769073267,"1_of_4"
"C19orf81",2,1,0.725268426360015,"1_of_4"
"SUMO3",2,1,0.725092934767164,"1_of_4"
"RPP21",2,1,0.72497230180843,"1_of_4"
"BAZ1B",2,1,0.724541935916865,"1_of_4"
"LPGAT1",2,1,0.723479368629467,"1_of_4"
"RBIS",2,1,0.723417497335788,"1_of_4"
"CNTN1",2,1,0.723380928840351,"1_of_4"
"IGSF23",2,1,0.72298923640066,"1_of_4"
"PSMD3",2,1,0.722055903157705,"1_of_4"
"C11orf45",2,1,0.721623049233548,"1_of_4"
"FXN",2,1,0.720891477162513,"1_of_4"
"CACNG1",2,1,0.720888835413181,"1_of_4"
"TSPAN31",2,1,0.71971588469585,"1_of_4"
"NLE1",2,1,0.719656910811855,"1_of_4"
"PPM1L",2,1,0.719151086288635,"1_of_4"
"ZSWIM8",2,1,0.71882310323637,"1_of_4"
"AIG1",2,1,0.718777995059362,"1_of_4"
"FAM216A",2,1,0.718077253046036,"1_of_4"
"PPP1R3C",2,1,0.71759124023089,"1_of_4"
"FKBP5",2,1,0.717136263972604,"1_of_4"
"TIMP4",2,1,0.716905502418738,"1_of_4"
"KPNA4",2,1,0.716769265074771,"1_of_4"
"SNRPN",2,1,0.716122079474843,"1_of_4"
"RORA",2,1,0.71545878498147,"1_of_4"
"WDFY3",2,1,0.715387242936786,"1_of_4"
"GCNT3",2,1,0.714990013134459,"1_of_4"
"VPS13B",2,1,0.714595336827794,"1_of_4"
"MYH14",2,1,0.71451536516364,"1_of_4"
"COMMD4",2,1,0.713656404224067,"1_of_4"
"ZNF19",2,1,0.713356188639735,"1_of_4"
"SPSB2",2,1,0.71332286740865,"1_of_4"
"ARID5A",2,1,0.712223386153239,"1_of_4"
"DGKA",2,1,0.712169693904399,"1_of_4"
"ADCK1",2,1,0.711801507750947,"1_of_4"
"ZC3H10",2,1,0.711587707788724,"1_of_4"
"ACAD10",2,1,0.710847848037395,"1_of_4"
"PCYT2",2,1,0.710548653085345,"1_of_4"
"RABGAP1L",2,1,0.709812395339761,"1_of_4"
"CUL1",2,1,0.709717520121121,"1_of_4"
"SOX8",2,1,0.709549561987553,"1_of_4"
"NFKBIB",2,1,0.709402051522481,"1_of_4"
"PSTPIP2",2,1,0.708586548010771,"1_of_4"
"MINDY1",2,1,0.707834972125365,"1_of_4"
"KLHL30",2,1,0.707602734881075,"1_of_4"
"PLSCR1",2,1,0.707581571418181,"1_of_4"
"SP110",2,1,0.707018314198854,"1_of_4"
"RNF145",2,1,0.706710551780958,"1_of_4"
"WDR97",2,1,0.706366252428509,"1_of_4"
"ALCAM",2,1,0.704202346739909,"1_of_4"
"FP565260.4",2,1,0.703312759746835,"1_of_4"
"CMTM4",2,1,0.703173453283414,"1_of_4"
"TAB3",2,1,0.702987483310532,"1_of_4"
"TNFRSF12A",2,1,0.702392286977405,"1_of_4"
"CHD1",2,1,0.701253056698486,"1_of_4"
"NRGN",2,1,0.701136074859824,"1_of_4"
"TSEN2",2,1,0.700956126325716,"1_of_4"
"TENT5A",2,1,0.700323567593354,"1_of_4"
"EPHA4",2,1,0.699734379894541,"1_of_4"
"IPO4",2,1,0.699676101465472,"1_of_4"
"PLCXD3",2,1,0.699528569311095,"1_of_4"
"OLA1",2,1,0.699419820643945,"1_of_4"
"SH3BP5L",2,1,0.699070528164215,"1_of_4"
"LIN7B",2,1,0.698604484268163,"1_of_4"
"TMBIM4",2,1,0.6983971641134,"1_of_4"
"PUF60",2,1,0.697831450485324,"1_of_4"
"PLCE1",2,1,0.697695036356171,"1_of_4"
"MADCAM1",2,1,0.697494362561046,"1_of_4"
"NDUFB9",2,1,0.697364350564244,"1_of_4"
"FMO4",2,1,0.696853157938299,"1_of_4"
"STS",2,1,0.696724873674063,"1_of_4"
"FAM131C",2,1,0.696622536191337,"1_of_4"
"SEC14L2",2,1,0.696395737308869,"1_of_4"
"SLC9C1",2,1,0.69365539159625,"1_of_4"
"CST2",2,1,0.693534458178172,"1_of_4"
"HDLBP",2,1,0.693409572561444,"1_of_4"
"RPL26L1",2,1,0.693274432673455,"1_of_4"
"RGS19",2,1,0.692534110167743,"1_of_4"
"TRIM31",2,1,0.692122828099134,"1_of_4"
"RNF217",2,1,0.691142207363338,"1_of_4"
"DCAF1",2,1,0.690908559816336,"1_of_4"
"DPH3",2,1,0.690304479219945,"1_of_4"
"CLEC4E",2,1,0.690132010965936,"1_of_4"
"EIF1AD",2,1,0.690108698792685,"1_of_4"
"PNMA1",2,1,0.689623637614983,"1_of_4"
"DTX3",2,1,0.68954059562106,"1_of_4"
"PRSS16",2,1,0.689088207594365,"1_of_4"
"LIN7A",2,1,0.688379661835789,"1_of_4"
"ANO4",2,1,0.688311242654692,"1_of_4"
"NIPSNAP3B",2,1,0.687852191249892,"1_of_4"
"ABCE1",2,1,0.686180784642088,"1_of_4"
"XBP1",2,1,0.686075753508189,"1_of_4"
"VAPB",2,1,0.68606887076137,"1_of_4"
"CEP68",2,1,0.685464961972334,"1_of_4"
"SLC25A22",2,1,0.685251159924755,"1_of_4"
"NIFK",2,1,0.68515323493136,"1_of_4"
"STARD13",2,1,0.684804475155138,"1_of_4"
"AC087632.2",2,1,0.684127015876235,"1_of_4"
"FGD2",2,1,0.683826554619309,"1_of_4"
"FAM20A",2,1,0.683348595114981,"1_of_4"
"ZNF738",2,1,0.683248896508576,"1_of_4"
"IL1RAPL1",2,1,0.682108242485961,"1_of_4"
"HEATR4",2,1,0.681260451259095,"1_of_4"
"SOCS7",2,1,0.680483403291962,"1_of_4"
"SERINC2",2,1,0.68000832172566,"1_of_4"
"AGXT",2,1,0.679993413604909,"1_of_4"
"PSME4",2,1,0.678952434372432,"1_of_4"
"PRCD",2,1,0.677553010515953,"1_of_4"
"USP10",2,1,0.676321063182954,"1_of_4"
"WDR18",2,1,0.676093121623721,"1_of_4"
"PARK7",2,1,0.675987246873669,"1_of_4"
"RNF138",2,1,0.675420776995817,"1_of_4"
"ERVV.2",2,1,0.674844073134467,"1_of_4"
"FCRL6",2,1,0.674715307825907,"1_of_4"
"PSORS1C2",2,1,0.674600421104428,"1_of_4"
"ZNF529",2,1,0.674189396059252,"1_of_4"
"CIAO2B",2,1,0.674162316271026,"1_of_4"
"ALDOC",2,1,0.673824619383529,"1_of_4"
"KLHDC9",2,1,0.673808672827706,"1_of_4"
"SLC35B4",2,1,0.673626138745619,"1_of_4"
"PIK3C2B",2,1,0.673479733238713,"1_of_4"
"USP53",2,1,0.673364922467545,"1_of_4"
"ARAP1",2,1,0.67285203766057,"1_of_4"
"TRIM38",2,1,0.672843636823092,"1_of_4"
"TIGD6",2,1,0.672755805412605,"1_of_4"
"RNF121",2,1,0.672439673442722,"1_of_4"
"MAP3K4",2,1,0.672128280586529,"1_of_4"
"RRP12",2,1,0.671119955969577,"1_of_4"
"RAB17",2,1,0.670801107782486,"1_of_4"
"FH",2,1,0.670722576435758,"1_of_4"
"MMACHC",2,1,0.670465906578944,"1_of_4"
"ZNF500",2,1,0.670318265408107,"1_of_4"
"MRPS18A",2,1,0.669208823845572,"1_of_4"
"PTPRZ1",2,1,0.668528000590846,"1_of_4"
"ATG2B",2,1,0.668093086340446,"1_of_4"
"DNAH10",2,1,0.667813808346553,"1_of_4"
"WSCD1",2,1,0.667525140719228,"1_of_4"
"SLC7A5",2,1,0.667074602661532,"1_of_4"
"CNGA4",2,1,0.666533528883514,"1_of_4"
"ANK1",2,1,0.665897937773979,"1_of_4"
"SORL1",2,1,0.665577573977226,"1_of_4"
"KLHL23",2,1,0.664848027468808,"1_of_4"
"SLC6A4",2,1,0.664727405544381,"1_of_4"
"GBP4",2,1,0.664063906994994,"1_of_4"
"SLC19A1",2,1,0.663644012249541,"1_of_4"
"AC008397.1",2,1,0.663524749759229,"1_of_4"
"SPINT1",2,1,0.663453358724408,"1_of_4"
"COQ7",2,1,0.663008967073342,"1_of_4"
"TOGARAM2",2,1,0.662660929466128,"1_of_4"
"LAMA5",2,1,0.662497215086552,"1_of_4"
"CCDC110",2,1,0.662122506329633,"1_of_4"
"SAMD5",2,1,0.661371920634015,"1_of_4"
"ADAM23",2,1,0.661309122936469,"1_of_4"
"STPG4",2,1,0.661195582837459,"1_of_4"
"PPT1",2,1,0.661079341997205,"1_of_4"
"MYL5",2,1,0.661011557387851,"1_of_4"
"ENO2",2,1,0.660746208297307,"1_of_4"
"CSTA",2,1,0.659822119822124,"1_of_4"
"ARMC12",2,1,0.659754774758548,"1_of_4"
"ALDH9A1",2,1,0.659200965730975,"1_of_4"
"WARS1",2,1,0.659041007301214,"1_of_4"
"CRPPA",2,1,0.65874797696547,"1_of_4"
"CEP131",2,1,0.658506467284472,"1_of_4"
"UBA2",2,1,0.658446237968068,"1_of_4"
"DNAH14",2,1,0.658023828042723,"1_of_4"
"GALNT15",2,1,0.657289659539825,"1_of_4"
"PPARGC1A",2,1,0.657086153628617,"1_of_4"
"PRODH",2,1,0.656503713180975,"1_of_4"
"RNF215",2,1,0.656301453906345,"1_of_4"
"MRGBP",2,1,0.656262002460626,"1_of_4"
"ZC3HAV1L",2,1,0.656160325099548,"1_of_4"
"VPS18",2,1,0.65557962582963,"1_of_4"
"FGF17",2,1,0.655053853098613,"1_of_4"
"NABP2",2,1,0.654590314642618,"1_of_4"
"RSL1D1",2,1,0.65428425449033,"1_of_4"
"AC008687.8",2,1,0.653694038073096,"1_of_4"
"MUCL3",2,1,0.652208515666372,"1_of_4"
"GART",2,1,0.651971134970129,"1_of_4"
"UBE2E2",2,1,0.651670576942887,"1_of_4"
"MRPS22",2,1,0.650093132459414,"1_of_4"
"MCOLN1",2,1,0.648191152549978,"1_of_4"
"SMPD4",2,1,0.64790975718286,"1_of_4"
"CDK3",2,1,0.647259964039037,"1_of_4"
"MOAP1",2,1,0.646707548175202,"1_of_4"
"TMEM175",2,1,0.646084190022671,"1_of_4"
"KLF11",2,1,0.646065913834543,"1_of_4"
"TOR1AIP1",2,1,0.645759829886485,"1_of_4"
"FOXP2",2,1,0.645022387331303,"1_of_4"
"SNRPD2",2,1,0.644986341982982,"1_of_4"
"RPS16",2,1,0.64489888022169,"1_of_4"
"PIH1D1",2,1,0.644873504633919,"1_of_4"
"ABCF2",2,1,0.643712228425354,"1_of_4"
"MCU",2,1,0.643669651445555,"1_of_4"
"MAT2A",2,1,0.642990387607018,"1_of_4"
"DNAJC28",2,1,0.64278728179705,"1_of_4"
"CNOT6",2,1,0.642400871437907,"1_of_4"
"SKIV2L",2,1,0.641733263474417,"1_of_4"
"TIMM21",2,1,0.641625975782151,"1_of_4"
"SLC4A5",2,1,0.63983530603117,"1_of_4"
"ICAM5",2,1,0.639834816666849,"1_of_4"
"ARHGEF37",2,1,0.639574624213608,"1_of_4"
"DNTTIP1",2,1,0.639396922032799,"1_of_4"
"SPACA9",2,1,0.638835637485776,"1_of_4"
"TNFRSF21",2,1,0.637207395333596,"1_of_4"
"PDE12",2,1,0.636727040215467,"1_of_4"
"KATNAL1",2,1,0.635082097892321,"1_of_4"
"NRCAM",2,1,0.633817977082471,"1_of_4"
"ZNF841",2,1,0.632427446639167,"1_of_4"
"GOLGA2",2,1,0.631831468413919,"1_of_4"
"ZNF678",2,1,0.631736945029264,"1_of_4"
"GOLGA8R",2,1,0.631279332361927,"1_of_4"
"TGM1",2,1,0.631013461151301,"1_of_4"
"SLC30A4",2,1,0.630151514976682,"1_of_4"
"CEP295NL",2,1,0.629113648143966,"1_of_4"
"CYS1",2,1,0.628549443667662,"1_of_4"
"FAM120A",2,1,0.628540801886369,"1_of_4"
"CLEC2D",2,1,0.628447826814802,"1_of_4"
"ITPKA",2,1,0.626595568921746,"1_of_4"
"RHNO1",2,1,0.626441156132014,"1_of_4"
"PPP2R3C",2,1,0.625885475754576,"1_of_4"
"PSPH",2,1,0.625758083649625,"1_of_4"
"TMEM209",2,1,0.624957612317369,"1_of_4"
"AC009690.1",2,1,0.624885730438622,"1_of_4"
"DOLPP1",2,1,0.624836147979258,"1_of_4"
"CASP10",2,1,0.623912976921247,"1_of_4"
"TUBB4A",2,1,0.623660032551016,"1_of_4"
"LNPK",2,1,0.623269590673703,"1_of_4"
"FCHSD1",2,1,0.622988768808061,"1_of_4"
"SPINDOC",2,1,0.622343514122357,"1_of_4"
"TMEM185B",2,1,0.622200100072487,"1_of_4"
"NOTCH2NLB",2,1,0.621104177286244,"1_of_4"
"FAM120B",2,1,0.618538381058024,"1_of_4"
"GDPD3",2,1,0.618346345668818,"1_of_4"
"C19orf33",2,1,0.617995794941251,"1_of_4"
"ZNF665",2,1,0.617868384873485,"1_of_4"
"CORO1A",2,1,0.616255749793546,"1_of_4"
"CEP78",2,1,0.615869397794324,"1_of_4"
"SERPINI1",2,1,0.6158689323586,"1_of_4"
"KCNMA1",2,1,0.615809201843023,"1_of_4"
"PPDPF",2,1,0.614895159472351,"1_of_4"
"XYLB",2,1,0.614805305802811,"1_of_4"
"C12orf43",2,1,0.614755659909591,"1_of_4"
"MSRB1",2,1,0.614641350865623,"1_of_4"
"DOCK10",2,1,0.614506232646956,"1_of_4"
"KRT8",2,1,0.613749632700949,"1_of_4"
"RAB4A",2,1,0.613426036509284,"1_of_4"
"PLCH2",2,1,0.612943890640156,"1_of_4"
"SLC5A3",2,1,0.6122403502965,"1_of_4"
"SLC30A2",2,1,0.611821492978998,"1_of_4"
"SLC16A5",2,1,0.611705141799241,"1_of_4"
"DPH1",2,1,0.611300933295132,"1_of_4"
"SMPD3",2,1,0.61020529117778,"1_of_4"
"STK38L",2,1,0.609856256323213,"1_of_4"
"CST5",2,1,0.609814900421283,"1_of_4"
"ZBTB20",2,1,0.609768975383883,"1_of_4"
"MPIG6B",2,1,0.609684636277766,"1_of_4"
"COL9A3",2,1,0.608408557146645,"1_of_4"
"PADI3",2,1,0.607163929959381,"1_of_4"
"RPL8",2,1,0.607115007628877,"1_of_4"
"PJVK",2,1,0.60523217737841,"1_of_4"
"SIRPB1",2,1,0.60414418625171,"1_of_4"
"WDR6",2,1,0.603425708822354,"1_of_4"
"WNT5B",2,1,0.603272428077166,"1_of_4"
"HFE",2,1,0.602389838924085,"1_of_4"
"WDR48",2,1,0.602160865571398,"1_of_4"
"MTRR",2,1,0.602048368430686,"1_of_4"
"AVIL",2,1,0.601409789074848,"1_of_4"
"BAAT",2,1,0.601403733335333,"1_of_4"
"KDM4C",2,1,0.601271447644725,"1_of_4"
"RNF146",2,1,0.600537648984083,"1_of_4"
"PSMB10",2,1,0.599537048139327,"1_of_4"
"ANKRD35",2,1,0.598962217478409,"1_of_4"
"CYP3A5",2,1,0.598930214448452,"1_of_4"
"VPS41",2,1,0.598375945800023,"1_of_4"
"ZNF69",2,1,0.59750621505424,"1_of_4"
"PGM2L1",2,1,0.597489716832241,"1_of_4"
"HIC1",2,1,0.596787678893077,"1_of_4"
"PAFAH1B2",2,1,0.596758894414262,"1_of_4"
"MSANTD2",2,1,0.595855112005337,"1_of_4"
"CCDC155",2,1,0.595351562532522,"1_of_4"
"RIPOR2",2,1,0.593890034284118,"1_of_4"
"TPRG1",2,1,0.593717592619509,"1_of_4"
"NBPF14",2,1,0.592954509290908,"1_of_4"
"MYH7B",2,1,0.592733374763307,"1_of_4"
"GLRX",2,1,0.592424531179564,"1_of_4"
"ZNF175",2,1,0.592124870883189,"1_of_4"
"COL14A1",2,1,0.591963759311416,"1_of_4"
"FUT1",2,1,0.591367772508006,"1_of_4"
"FAM83B",2,1,0.591352842903071,"1_of_4"
"GPR68",2,1,0.591327308439207,"1_of_4"
"MVB12B",2,1,0.591221650993593,"1_of_4"
"LYPD5",2,1,0.59098468662823,"1_of_4"
"BMPR1B",2,1,0.590811704581586,"1_of_4"
"WDR81",2,1,0.590684336756127,"1_of_4"
"CD320",2,1,0.59038094456929,"1_of_4"
"SLFN12",2,1,0.590245991519689,"1_of_4"
"SATB1",2,1,0.588017110672656,"1_of_4"
"AHDC1",2,1,0.58795991527851,"1_of_4"
"ANAPC1",2,1,0.586967361089294,"1_of_4"
"BORCS6",2,1,0.585832442143539,"1_of_4"
"ACBD3",2,1,0.585485480487568,"1_of_4"
"PROM1",2,1,0.585446350267176,"1_of_4"
"ENDOG",2,1,0.584846728017968,"1_of_4"
"STXBP1",2,1,0.584231212516361,"1_of_4"
"PHB2",2,1,0.583587548673277,"1_of_4"
"FAM47E.STBD1",2,1,0.582531628118377,"1_of_4"
"HDHD5",2,1,0.581008768693947,"1_of_4"
"AC003688.2",2,1,0.580468491323525,"1_of_4"
"DMBX1",2,1,0.579924964511904,"1_of_4"
"PBDC1",2,1,0.579609310256616,"1_of_4"
"SEPTIN9",2,1,0.576840231218457,"1_of_4"
"ASPG",2,1,0.576457647391688,"1_of_4"
"ADGRE5",2,1,0.576080683257269,"1_of_4"
"EEFSEC",2,1,0.576040391026335,"1_of_4"
"DHX40",2,1,0.574930567246664,"1_of_4"
"PHGDH",2,1,0.574735813884931,"1_of_4"
"SYPL2",2,1,0.574455512221653,"1_of_4"
"SLC24A3",2,1,0.574371794422932,"1_of_4"
"CLPB",2,1,0.573175856088302,"1_of_4"
"CD2BP2",2,1,0.572415274618749,"1_of_4"
"METTL26",2,1,0.572373639705355,"1_of_4"
"ATP6V1H",2,1,0.5714252918391,"1_of_4"
"WDR3",2,1,0.57137567650072,"1_of_4"
"C2orf92",2,1,0.570410901642761,"1_of_4"
"GOLGA5",2,1,0.569953179013356,"1_of_4"
"AP003419.1",2,1,0.568226934081497,"1_of_4"
"EPB41L3",2,1,0.56724422293792,"1_of_4"
"PIK3R4",2,1,0.565758076296022,"1_of_4"
"USP44",2,1,0.565336794366188,"1_of_4"
"MANEAL",2,1,0.56449739076978,"1_of_4"
"BNIP3L",2,1,0.56443185331043,"1_of_4"
"TBL1X",2,1,0.561877938347646,"1_of_4"
"LIMD2",2,1,0.561791092948655,"1_of_4"
"AFAP1L1",2,1,0.558615987390687,"1_of_4"
"CHAD",2,1,0.558391318034945,"1_of_4"
"C12orf49",2,1,0.558069684821356,"1_of_4"
"EGFL8",2,1,0.55532723868299,"1_of_4"
"LSM8",2,1,0.554699261496437,"1_of_4"
"GATAD1",2,1,0.552407184004857,"1_of_4"
"GFPT1",2,1,0.551135051123683,"1_of_4"
"NOB1",2,1,0.550613410532599,"1_of_4"
"CRYBB3",2,1,0.549355405370581,"1_of_4"
"KIAA0556",2,1,0.549208773840812,"1_of_4"
"CLUH",2,1,0.548172741525891,"1_of_4"
"NTN5",2,1,0.546956720288964,"1_of_4"
"KL",2,1,0.545497470906813,"1_of_4"
"NUP62CL",2,1,0.5452529359698,"1_of_4"
"SLC7A11",2,1,0.544523743725813,"1_of_4"
"BZW2",2,1,0.543508946881776,"1_of_4"
"LSM7",2,1,0.542515280786589,"1_of_4"
"NOVA2",2,1,0.540172068461281,"1_of_4"
"ANKRD18B",2,1,0.53971241534664,"1_of_4"
"BEND3",2,1,0.539625475082064,"1_of_4"
"HUNK",2,1,0.539543518876122,"1_of_4"
"PLA2G10",2,1,0.538888846880604,"1_of_4"
"SNAI1",2,1,0.538202256676626,"1_of_4"
"EEF1AKMT1",2,1,0.53786294259095,"1_of_4"
"ZNF292",2,1,0.537849510200769,"1_of_4"
"TMEM201",2,1,0.534902748697967,"1_of_4"
"ANKRD13A",2,1,0.533469543151408,"1_of_4"
"UNC79",2,1,0.53288443343383,"1_of_4"
"F5",2,1,0.531662251901616,"1_of_4"
"CEBPB",2,1,0.530498005767997,"1_of_4"
"SLC1A1",2,1,0.52878506516319,"1_of_4"
"TTC4",2,1,0.528065757536025,"1_of_4"
"KCTD5",2,1,0.524968878929006,"1_of_4"
"AGPAT2",2,1,0.524355935584522,"1_of_4"
"C19orf54",2,1,0.523981752430084,"1_of_4"
"CDKN1A",2,1,0.520562790095305,"1_of_4"
"KRT18",2,1,0.520383295249687,"1_of_4"
"OSBPL9",2,1,0.519350456184021,"1_of_4"
"APOM",2,1,0.519196379152132,"1_of_4"
"CDRT1",2,1,0.519128077238974,"1_of_4"
"TMEM171",2,1,0.518998397730444,"1_of_4"
"ZFP36L2",2,1,0.518243485924434,"1_of_4"
"TMEM39B",2,1,0.517694418651872,"1_of_4"
"CAPS",2,1,0.517365779350537,"1_of_4"
"STAT6",2,1,0.515452642460315,"1_of_4"
"REN",2,1,0.514733314364431,"1_of_4"
"WNT11",2,1,0.513622968973129,"1_of_4"
"IGFBP6",2,1,0.513430128871727,"1_of_4"
"MEST",2,1,0.512292641955969,"1_of_4"
"ASB13",2,1,0.512105447668706,"1_of_4"
"PTPRG",2,1,0.511094876337089,"1_of_4"
"RBL2",2,1,0.507314549010524,"1_of_4"
"XPOT",2,1,0.507190155600077,"1_of_4"
"RNF213",2,1,0.506622426736568,"1_of_4"
"GOLPH3L",2,1,0.506257720740284,"1_of_4"
"IPO9",2,1,0.503957464097651,"1_of_4"
"FAM200B",2,1,0.49944316617442,"1_of_4"
"TRPM2",2,1,0.496841990178915,"1_of_4"
"ADGRL1",2,1,0.496383018996374,"1_of_4"
"ADAT2",2,1,0.496014629429293,"1_of_4"
"GNG4",2,1,0.495924730623848,"1_of_4"
"NFAT5",2,1,0.494481630397392,"1_of_4"
"FAM218A",2,1,0.493712059015339,"1_of_4"
"ANO1",2,1,0.492775958113773,"1_of_4"
"CEP70",2,1,0.491411856421006,"1_of_4"
"DNMT3L",2,1,0.491069271730452,"1_of_4"
"PCDH20",2,1,0.490630717988315,"1_of_4"
"ISLR",2,1,0.49060113889745,"1_of_4"
"GPR146",2,1,0.489141466036325,"1_of_4"
"EPHA1",2,1,0.488719206587067,"1_of_4"
"BIN1",2,1,0.48859984974824,"1_of_4"
"TBC1D32",2,1,0.488595956753924,"1_of_4"
"ZXDB",2,1,0.488138034785112,"1_of_4"
"CSF1R",2,1,0.487839142690854,"1_of_4"
"ZBTB3",2,1,0.486934084009215,"1_of_4"
"RPS17",2,1,0.486151601390492,"1_of_4"
"TMEM165",2,1,0.481343036707736,"1_of_4"
"HACD1",2,1,0.479163655043445,"1_of_4"
"TBC1D17",2,1,0.478323565857628,"1_of_4"
"CALB1",2,1,0.478277015075142,"1_of_4"
"FAS",2,1,0.476911849554743,"1_of_4"
"TANGO6",2,1,0.476815110681416,"1_of_4"
"IFT20",2,1,0.476049961219637,"1_of_4"
"C4B",2,1,0.473188271608376,"1_of_4"
"TMEM184A",2,1,0.468065513391204,"1_of_4"
"CCDC120",2,1,0.466671966665943,"1_of_4"
"DCLRE1C",2,1,0.466163130911405,"1_of_4"
"PRR7",2,1,0.465158431635268,"1_of_4"
"PXMP2",2,1,0.464237343676563,"1_of_4"
"PWWP3B",2,1,0.461957439481747,"1_of_4"
"POLD4",2,1,0.458700029719557,"1_of_4"
"PFAS",2,1,0.457898981932792,"1_of_4"
"ATP5MF.PTCD1",2,1,0.455231849011973,"1_of_4"
"GRID1",2,1,0.454998273031587,"1_of_4"
"FOXA3",2,1,0.453717007888218,"1_of_4"
"GOLGA3",2,1,0.45312998036995,"1_of_4"
"SLFN5",2,1,0.449430697528909,"1_of_4"
"FNIP1",2,1,0.448527665255241,"1_of_4"
"TAPT1",2,1,0.444702798934096,"1_of_4"
"FGF2",2,1,0.444293185450215,"1_of_4"
"TBRG1",2,1,0.441378152573637,"1_of_4"
"FAM107A",2,1,0.440531150111318,"1_of_4"
"NOD2",2,1,0.439765521532552,"1_of_4"
"SCAI",2,1,0.43878572838763,"1_of_4"
"KLF6",2,1,0.435599900992069,"1_of_4"
"RCC1L",2,1,0.435484711121367,"1_of_4"
"ADRA2C",2,1,0.435281802259099,"1_of_4"
"ENPP1",2,1,0.434723727787036,"1_of_4"
"DIAPH1",2,1,0.434243231623031,"1_of_4"
"CTDSPL",2,1,0.432358696126048,"1_of_4"
"TRHDE",2,1,0.429548598962,"1_of_4"
"ZCWPW2",2,1,0.427920134175266,"1_of_4"
"PCDHAC2",2,1,0.427482028476115,"1_of_4"
"TRPM4",2,1,0.426745854306743,"1_of_4"
"HAGHL",2,1,0.424374206955806,"1_of_4"
"IL1RN",2,1,0.424183953362588,"1_of_4"
"VANGL1",2,1,0.422894705045913,"1_of_4"
"LTB4R",2,1,0.420036423378183,"1_of_4"
"ITGAE",2,1,0.417502908512324,"1_of_4"
"NMB",2,1,0.411421464275114,"1_of_4"
"CCDC71L",2,1,0.408840655968833,"1_of_4"
"PGPEP1",2,1,0.407393020479638,"1_of_4"
"ANTKMT",2,1,0.406142540557567,"1_of_4"
"POLR1E",2,1,0.404943670873499,"1_of_4"
"ARAP2",2,1,0.404286868890122,"1_of_4"
"GPRIN1",2,1,0.4004011503389,"1_of_4"
"ALS2CL",2,1,0.396517964597002,"1_of_4"
"PLGLB1",2,1,0.3956158315118,"1_of_4"
"ZNF561",2,1,0.393997501994668,"1_of_4"
"DCLRE1B",2,1,0.393162147088364,"1_of_4"
"ZNF382",2,1,0.392817393518087,"1_of_4"
"EPHA7",2,1,0.391363774006878,"1_of_4"
"PRDM4",2,1,0.391100638042471,"1_of_4"
"APOBR",2,1,0.389442777639958,"1_of_4"
"PSCA",2,1,0.389143005509866,"1_of_4"
"ANKRA2",2,1,0.387263094495173,"1_of_4"
"TTC14",2,1,0.381259665652548,"1_of_4"
"DGKE",2,1,0.378565036535397,"1_of_4"
"SLC25A34",2,1,0.373988629890493,"1_of_4"
"POLR2L",2,1,0.362539659492592,"1_of_4"
"TAF6",2,1,0.35840982502773,"1_of_4"
"KLF10",2,1,0.355645321512757,"1_of_4"
"RAD23A",2,1,0.354310891704759,"1_of_4"
"MICB",2,1,0.352254855384635,"1_of_4"
"HYDIN",2,1,0.351320723943471,"1_of_4"
"SLC6A3",2,1,0.349181741157995,"1_of_4"
"FAM229A",2,1,0.347707841840959,"1_of_4"
"MFSD4A",2,1,0.347654909051138,"1_of_4"
"NFIB",2,1,0.343004747348449,"1_of_4"
"GPAT2",2,1,0.32882112709171,"1_of_4"
"NAT8L",2,1,0.326246303341718,"1_of_4"
"KBTBD3",2,1,0.325793522586666,"1_of_4"
"DOCK2",2,1,0.316080197972177,"1_of_4"
"HYI",2,1,0.312537352317425,"1_of_4"
"POU2F3",2,1,0.285984567575505,"1_of_4"
"VAV3",2,1,0.28150422932918,"1_of_4"
"DNAJB13",2,1,0.279463089645199,"1_of_4"
"KIAA0895",2,1,0.27276383759664,"1_of_4"
"PER2",2,1,0.247507003350492,"1_of_4"
"SLC34A2",2,1,0.227106447451301,"1_of_4"
"SEMA3C",2,1,0.212058888773492,"1_of_4"
"DRP2",2,1,0.158069156573642,"1_of_4"
"CEACAM7",1,1,45.8672715630963,"1_of_4"
"RAET1E",1,1,41.9898181370567,"1_of_4"
"TSPAN7",1,1,35.7266181549249,"1_of_4"
"WFDC10B",1,1,28.3762635135691,"1_of_4"
"IGFL1",1,1,22.551903271187,"1_of_4"
"AC011498.4",1,1,15.403817193376,"1_of_4"
"HLA.DPA1",1,1,14.4078884971205,"1_of_4"
"IRAK3",1,1,13.7941406704762,"1_of_4"
"LIMS3",1,1,13.7849326313415,"1_of_4"
"ANKS1A",1,1,12.4700652427002,"1_of_4"
"APOD",1,1,10.9433873714329,"1_of_4"
"ADAT3",1,1,7.10554378563156,"1_of_4"
"LGALS12",1,1,6.87112486735025,"1_of_4"
"TTC39C",1,1,6.09890393678902,"1_of_4"
"SPTSSB",1,1,5.87947691990026,"1_of_4"
"TREM1",1,1,5.45736499358638,"1_of_4"
"GABRA3",1,1,5.0658559922357,"1_of_4"
"MUC5AC",1,1,4.90656563120789,"1_of_4"
"SERPINB8",1,1,4.66523765421069,"1_of_4"
"SIX3",1,1,4.57188365757714,"1_of_4"
"SLC25A4",1,1,4.5697807363186,"1_of_4"
"PPP1R14D",1,1,4.56636896691112,"1_of_4"
"C9orf85",1,1,4.52181185714703,"1_of_4"
"FBN2",1,1,4.51731488558687,"1_of_4"
"FMNL3",1,1,4.49916251256117,"1_of_4"
"AC007325.4",1,1,4.2443066984405,"1_of_4"
"ZNF417",1,1,4.24127193404286,"1_of_4"
"FLACC1",1,1,4.21790400176043,"1_of_4"
"GAD1",1,1,4.1465267887445,"1_of_4"
"MMP28",1,1,3.98733938654869,"1_of_4"
"DNAJB5",1,1,3.96809464989332,"1_of_4"
"EIF2B5",1,1,3.89560755632916,"1_of_4"
"TIAF1",1,1,3.80810576198323,"1_of_4"
"RBM41",1,1,3.68924584217432,"1_of_4"
"PTPN12",1,1,3.64259892599675,"1_of_4"
"GAPVD1",1,1,3.59472022701579,"1_of_4"
"ATP1A4",1,1,3.55998691302377,"1_of_4"
"SRSF12",1,1,3.52902287190008,"1_of_4"
"SMIM10",1,1,3.4190111862265,"1_of_4"
"MIDN",1,1,3.36958424680355,"1_of_4"
"GAS2L1",1,1,3.36914930213267,"1_of_4"
"STK32C",1,1,3.36720240454039,"1_of_4"
"SIGIRR",1,1,3.36430309176588,"1_of_4"
"PPARGC1B",1,1,3.32641828372024,"1_of_4"
"ODC1",1,1,3.31907750532661,"1_of_4"
"PTPN13",1,1,3.24262941119254,"1_of_4"
"C12orf56",1,1,3.1137703150267,"1_of_4"
"YARS2",1,1,3.08896741173471,"1_of_4"
"GLB1L3",1,1,3.02112034475366,"1_of_4"
"TSPAN2",1,1,2.99335919060723,"1_of_4"
"DUSP13",1,1,2.97404023461258,"1_of_4"
"ROBO4",1,1,2.95043360726212,"1_of_4"
"CABLES2",1,1,2.94158258079776,"1_of_4"
"TH",1,1,2.88117136214717,"1_of_4"
"INKA1",1,1,2.88022755009445,"1_of_4"
"ADAMTSL1",1,1,2.87286882684919,"1_of_4"
"ZCCHC12",1,1,2.85474418621207,"1_of_4"
"KCNK3",1,1,2.85464945558808,"1_of_4"
"ZNF793",1,1,2.83728003601173,"1_of_4"
"ZFYVE16",1,1,2.81679908813306,"1_of_4"
"PYGB",1,1,2.77970934783984,"1_of_4"
"TRMT9B",1,1,2.7561481312934,"1_of_4"
"RASAL1",1,1,2.7416720328876,"1_of_4"
"TYW5",1,1,2.73599817987706,"1_of_4"
"ISYNA1",1,1,2.71405340421164,"1_of_4"
"CSK",1,1,2.67656180334742,"1_of_4"
"TMEM179",1,1,2.67366843674056,"1_of_4"
"STK17A",1,1,2.66588034625859,"1_of_4"
"TTYH2",1,1,2.63090693615582,"1_of_4"
"NAB1",1,1,2.6032881674667,"1_of_4"
"TRIM54",1,1,2.59480355085611,"1_of_4"
"TKFC",1,1,2.59044923862472,"1_of_4"
"NCAM2",1,1,2.56294468004384,"1_of_4"
"CHI3L2",1,1,2.54799017109273,"1_of_4"
"GSKIP",1,1,2.54315119762244,"1_of_4"
"RGPD5",1,1,2.53406881747231,"1_of_4"
"NDUFA5",1,1,2.53221773517262,"1_of_4"
"BAHCC1",1,1,2.52818411618107,"1_of_4"
"GGT6",1,1,2.51752138129276,"1_of_4"
"TNFSF14",1,1,2.49953515025924,"1_of_4"
"TNIP2",1,1,2.49579516520313,"1_of_4"
"RNF227",1,1,2.49578481177084,"1_of_4"
"VEGFC",1,1,2.46411698339315,"1_of_4"
"SLC1A6",1,1,2.44856323089369,"1_of_4"
"EDA",1,1,2.44337303257044,"1_of_4"
"DNM3",1,1,2.43911986699135,"1_of_4"
"C5orf51",1,1,2.43518647998768,"1_of_4"
"SRSF8",1,1,2.39826730498319,"1_of_4"
"KLHL4",1,1,2.37641452861462,"1_of_4"
"ZNF22",1,1,2.37431084648578,"1_of_4"
"APAF1",1,1,2.35439621545963,"1_of_4"
"GIN1",1,1,2.35332616938747,"1_of_4"
"FPR1",1,1,2.34900945776569,"1_of_4"
"TRAF3",1,1,2.34559800846989,"1_of_4"
"TBL1Y",1,1,2.34072205457544,"1_of_4"
"PRR14",1,1,2.33819233486544,"1_of_4"
"FAM3B",1,1,2.3276175572184,"1_of_4"
"GRM2",1,1,2.3130872510023,"1_of_4"
"RTL1",1,1,2.3092261133298,"1_of_4"
"LCN2",1,1,2.30503618160286,"1_of_4"
"DPYSL5",1,1,2.28272818284175,"1_of_4"
"RNF125",1,1,2.27412807911628,"1_of_4"
"RAB3IP",1,1,2.27178796815031,"1_of_4"
"DAAM2",1,1,2.26207423074937,"1_of_4"
"UEVLD",1,1,2.25625977413753,"1_of_4"
"AQP11",1,1,2.25299760747527,"1_of_4"
"CYP24A1",1,1,2.24291484336018,"1_of_4"
"SNAP25",1,1,2.2426982905621,"1_of_4"
"SLC30A8",1,1,2.23666072562393,"1_of_4"
"MKLN1",1,1,2.23547160103182,"1_of_4"
"USP37",1,1,2.23081862376293,"1_of_4"
"ZNF606",1,1,2.22719019572349,"1_of_4"
"SP5",1,1,2.21941623028397,"1_of_4"
"CCDC88B",1,1,2.21711454265004,"1_of_4"
"TMEM200B",1,1,2.21435956387352,"1_of_4"
"TXNRD1",1,1,2.18634179625308,"1_of_4"
"VPS37A",1,1,2.18330681826265,"1_of_4"
"ZNF611",1,1,2.18148384599384,"1_of_4"
"TBL1XR1",1,1,2.17956213027579,"1_of_4"
"RAB3D",1,1,2.17872529194169,"1_of_4"
"CNNM1",1,1,2.17766200914325,"1_of_4"
"GLI1",1,1,2.17603044946604,"1_of_4"
"C19orf71",1,1,2.17216217027321,"1_of_4"
"TKT",1,1,2.17035346288423,"1_of_4"
"SYNE3",1,1,2.16549867074347,"1_of_4"
"ARG2",1,1,2.16479328017066,"1_of_4"
"SLC9A3R2",1,1,2.16161467900351,"1_of_4"
"BMP8B",1,1,2.15800343527636,"1_of_4"
"TSPAN33",1,1,2.15461420150152,"1_of_4"
"NSMAF",1,1,2.14515943306318,"1_of_4"
"PLIN5",1,1,2.13786035189717,"1_of_4"
"MTSS1",1,1,2.1372260000413,"1_of_4"
"AC011473.4",1,1,2.13718708889248,"1_of_4"
"ZG16",1,1,2.13553635338184,"1_of_4"
"ZNF239",1,1,2.12750741525366,"1_of_4"
"MERTK",1,1,2.12007675743881,"1_of_4"
"AK5",1,1,2.11724645036789,"1_of_4"
"ZKSCAN2",1,1,2.11239574978145,"1_of_4"
"CYP4V2",1,1,2.10704294754301,"1_of_4"
"AC139530.2",1,1,2.10573375105797,"1_of_4"
"MYOM3",1,1,2.10047497659798,"1_of_4"
"RNF152",1,1,2.09675028907424,"1_of_4"
"CLGN",1,1,2.09661150926601,"1_of_4"
"SGPP2",1,1,2.09220122495466,"1_of_4"
"FECH",1,1,2.08619795949512,"1_of_4"
"RGS7",1,1,2.08017695520236,"1_of_4"
"HOXA1",1,1,2.07758577780576,"1_of_4"
"DNAJC22",1,1,2.04026154836666,"1_of_4"
"HRH1",1,1,2.03503070622833,"1_of_4"
"SLC25A43",1,1,2.03351517019949,"1_of_4"
"PIGH",1,1,2.02577421768471,"1_of_4"
"HSPA12B",1,1,2.01921978940253,"1_of_4"
"GRIN1",1,1,2.01816387886171,"1_of_4"
"DNAL1",1,1,2.01678118101163,"1_of_4"
"FAM174B",1,1,2.01431403951004,"1_of_4"
"MEIS2",1,1,2.01254478605891,"1_of_4"
"C9orf116",1,1,2.00766664166102,"1_of_4"
"PIP5KL1",1,1,1.99375481494547,"1_of_4"
"ETV3",1,1,1.99255971619252,"1_of_4"
"TWNK",1,1,1.99221168432251,"1_of_4"
"RFLNA",1,1,1.99047662890356,"1_of_4"
"GATA2",1,1,1.98377112142997,"1_of_4"
"MTMR12",1,1,1.9830617599991,"1_of_4"
"TSHZ2",1,1,1.97941616548474,"1_of_4"
"CLPSL2",1,1,1.97507534256333,"1_of_4"
"MMP7",1,1,1.97415157201931,"1_of_4"
"ACVR1B",1,1,1.97069460243699,"1_of_4"
"MYO1G",1,1,1.95428312510609,"1_of_4"
"TNFRSF10C",1,1,1.95145642968839,"1_of_4"
"ECH1",1,1,1.94875251832457,"1_of_4"
"SLC26A10",1,1,1.94119314828418,"1_of_4"
"FAXDC2",1,1,1.94110190658791,"1_of_4"
"STX4",1,1,1.93654694018866,"1_of_4"
"TTC37",1,1,1.93503031886545,"1_of_4"
"CLDN2",1,1,1.93254379614254,"1_of_4"
"TWIST1",1,1,1.92882116117929,"1_of_4"
"ACP5",1,1,1.92481313134806,"1_of_4"
"SAA4",1,1,1.92061154516087,"1_of_4"
"TPM4",1,1,1.90850654976466,"1_of_4"
"CCL5",1,1,1.90378337607078,"1_of_4"
"HSPB7",1,1,1.89431067423098,"1_of_4"
"ESYT2",1,1,1.89187220818263,"1_of_4"
"MMP17",1,1,1.88864663096659,"1_of_4"
"AC025165.6",1,1,1.87332391414759,"1_of_4"
"GOLGA8T",1,1,1.87202855063579,"1_of_4"
"KRT71",1,1,1.8695324558947,"1_of_4"
"PAK2",1,1,1.86868694500419,"1_of_4"
"DDA1",1,1,1.86830352469178,"1_of_4"
"CHMP6",1,1,1.86176049775887,"1_of_4"
"SSC4D",1,1,1.8615930070374,"1_of_4"
"HORMAD1",1,1,1.85809537903897,"1_of_4"
"MARCHF10",1,1,1.85774645356202,"1_of_4"
"DCAF10",1,1,1.85577769436792,"1_of_4"
"SLC15A1",1,1,1.8553328799723,"1_of_4"
"KPNA7",1,1,1.8533694183952,"1_of_4"
"RHCE",1,1,1.85146738550949,"1_of_4"
"C2orf76",1,1,1.84923151755173,"1_of_4"
"TFAP2A",1,1,1.84791211344883,"1_of_4"
"CES1",1,1,1.84697257003258,"1_of_4"
"KRT13",1,1,1.84545106971357,"1_of_4"
"RASIP1",1,1,1.84398574264618,"1_of_4"
"RDH10",1,1,1.84017899925515,"1_of_4"
"NIPAL1",1,1,1.82583085272881,"1_of_4"
"HOXA2",1,1,1.81385341362401,"1_of_4"
"ATP9B",1,1,1.81227140761884,"1_of_4"
"FUZ",1,1,1.81161076807981,"1_of_4"
"NCMAP",1,1,1.80526504633812,"1_of_4"
"NADSYN1",1,1,1.80168359819314,"1_of_4"
"AAK1",1,1,1.79561120570596,"1_of_4"
"POLR2K",1,1,1.78684285549568,"1_of_4"
"EMILIN2",1,1,1.78594920232972,"1_of_4"
"TRAF5",1,1,1.78399611527347,"1_of_4"
"CLIC6",1,1,1.78289548228445,"1_of_4"
"SYCE2",1,1,1.78115064685728,"1_of_4"
"GAMT",1,1,1.77891710258225,"1_of_4"
"ASRGL1",1,1,1.77733523994889,"1_of_4"
"XPNPEP1",1,1,1.76900534727814,"1_of_4"
"GNG2",1,1,1.76715055123841,"1_of_4"
"PHTF2",1,1,1.76442228511937,"1_of_4"
"LDAH",1,1,1.76066945217761,"1_of_4"
"SPRYD4",1,1,1.76061567644536,"1_of_4"
"MAPRE3",1,1,1.75625311531611,"1_of_4"
"CCR3",1,1,1.75060555444771,"1_of_4"
"EXD3",1,1,1.74954556859448,"1_of_4"
"CYB5A",1,1,1.74722483339391,"1_of_4"
"EGFL7",1,1,1.7465582767904,"1_of_4"
"RNF113A",1,1,1.74503206339425,"1_of_4"
"TPMT",1,1,1.74154771478089,"1_of_4"
"GDE1",1,1,1.73973256747425,"1_of_4"
"CHGB",1,1,1.73768383519815,"1_of_4"
"COL22A1",1,1,1.73097474160813,"1_of_4"
"RIMBP3",1,1,1.7289688768735,"1_of_4"
"STARD3NL",1,1,1.72507887923098,"1_of_4"
"PDSS2",1,1,1.72268861549324,"1_of_4"
"DBNDD1",1,1,1.7176480333044,"1_of_4"
"KIFC3",1,1,1.71442112654649,"1_of_4"
"DENND4A",1,1,1.71188031246145,"1_of_4"
"DLG1",1,1,1.71045844041004,"1_of_4"
"DNAJC27",1,1,1.70988065597535,"1_of_4"
"DNAJC21",1,1,1.70523120879223,"1_of_4"
"TSPAN18",1,1,1.69928901503509,"1_of_4"
"SAMD10",1,1,1.69736334743679,"1_of_4"
"LGR6",1,1,1.6932032510517,"1_of_4"
"TNFRSF1A",1,1,1.68778400994222,"1_of_4"
"TMEM241",1,1,1.68222297549616,"1_of_4"
"IL1A",1,1,1.68057841108712,"1_of_4"
"PCDHGA12",1,1,1.67837524302571,"1_of_4"
"ABO",1,1,1.67660607312621,"1_of_4"
"HSPB6",1,1,1.67534211542672,"1_of_4"
"TRIM16L",1,1,1.66991471595564,"1_of_4"
"KCNV1",1,1,1.66394356701483,"1_of_4"
"B3GLCT",1,1,1.66361243625957,"1_of_4"
"TMEM63A",1,1,1.66164805579313,"1_of_4"
"KIAA1217",1,1,1.66038644444604,"1_of_4"
"ARHGAP10",1,1,1.65988749691075,"1_of_4"
"UGGT2",1,1,1.6585482609688,"1_of_4"
"INTS2",1,1,1.6579851426765,"1_of_4"
"KRT6A",1,1,1.65624148751053,"1_of_4"
"ZNF101",1,1,1.65435445467206,"1_of_4"
"TFAP2C",1,1,1.64992645066211,"1_of_4"
"COPS4",1,1,1.64217875683223,"1_of_4"
"RHBDL1",1,1,1.64184562262142,"1_of_4"
"IRF2BP1",1,1,1.63662540359548,"1_of_4"
"LDOC1",1,1,1.6324198869206,"1_of_4"
"PRXL2A",1,1,1.63038244718098,"1_of_4"
"GPN2",1,1,1.62968819388018,"1_of_4"
"RNF32",1,1,1.62931281893546,"1_of_4"
"PRDX6",1,1,1.62555275604512,"1_of_4"
"ATP1B2",1,1,1.62169783363031,"1_of_4"
"HOXB2",1,1,1.62029517095388,"1_of_4"
"CRYL1",1,1,1.61986106360302,"1_of_4"
"PAIP2B",1,1,1.61928963271186,"1_of_4"
"SIGLEC9",1,1,1.61856887402911,"1_of_4"
"RNF208",1,1,1.61614291127465,"1_of_4"
"CAMK2A",1,1,1.61471385936008,"1_of_4"
"MYO18B",1,1,1.61408456692161,"1_of_4"
"ZNF334",1,1,1.61184348540431,"1_of_4"
"ELAVL2",1,1,1.61103208431364,"1_of_4"
"ZBTB12",1,1,1.61064638020338,"1_of_4"
"ABHD1",1,1,1.61026448859796,"1_of_4"
"IL7R",1,1,1.60987895803633,"1_of_4"
"ACTL8",1,1,1.60827852643367,"1_of_4"
"FUT4",1,1,1.60551637165841,"1_of_4"
"CLMN",1,1,1.59820999586547,"1_of_4"
"CYP21A2",1,1,1.59808350910094,"1_of_4"
"PCDHA13",1,1,1.5971234440965,"1_of_4"
"ZSWIM9",1,1,1.59642985087711,"1_of_4"
"TMEM238",1,1,1.59642674320608,"1_of_4"
"SLC35E3",1,1,1.59397467071089,"1_of_4"
"HMGN3",1,1,1.59380745039375,"1_of_4"
"LPAR6",1,1,1.58786820729584,"1_of_4"
"YY1",1,1,1.5849754188945,"1_of_4"
"RET",1,1,1.58379047962484,"1_of_4"
"DDHD2",1,1,1.58316931035327,"1_of_4"
"AC005747.1",1,1,1.57949047747382,"1_of_4"
"TBX15",1,1,1.5790623427846,"1_of_4"
"ADCK5",1,1,1.57810593302082,"1_of_4"
"ITPR2",1,1,1.57602401251971,"1_of_4"
"PIGF",1,1,1.57263011646795,"1_of_4"
"MMEL1",1,1,1.57045538173045,"1_of_4"
"NR0B1",1,1,1.56951500559777,"1_of_4"
"GGCX",1,1,1.56229748368481,"1_of_4"
"C22orf39",1,1,1.5621364288903,"1_of_4"
"ZCCHC4",1,1,1.56019157662658,"1_of_4"
"CLEC11A",1,1,1.55396178840485,"1_of_4"
"NHSL2",1,1,1.55052431972483,"1_of_4"
"GLDN",1,1,1.55038157317509,"1_of_4"
"GFOD1",1,1,1.54610106640317,"1_of_4"
"ZNF454",1,1,1.54453228044011,"1_of_4"
"WDR5B",1,1,1.54445655245048,"1_of_4"
"FFAR4",1,1,1.5436547994974,"1_of_4"
"FAN1",1,1,1.54164091572546,"1_of_4"
"FAM131B",1,1,1.54112607446335,"1_of_4"
"NFASC",1,1,1.5397169158909,"1_of_4"
"ONECUT3",1,1,1.53722170447439,"1_of_4"
"GAB3",1,1,1.53202251495953,"1_of_4"
"MS4A6A",1,1,1.5315982909697,"1_of_4"
"MB",1,1,1.53137456455612,"1_of_4"
"SFTPA2",1,1,1.52924659095197,"1_of_4"
"RALA",1,1,1.52918168170501,"1_of_4"
"RASL11A",1,1,1.5260775543392,"1_of_4"
"ZNF649",1,1,1.52575357047917,"1_of_4"
"GALK2",1,1,1.52543637672556,"1_of_4"
"BMP3",1,1,1.52504275581111,"1_of_4"
"SYT1",1,1,1.52208657038975,"1_of_4"
"SUDS3",1,1,1.52140645201674,"1_of_4"
"CPPED1",1,1,1.5196424526682,"1_of_4"
"MPND",1,1,1.51913210978153,"1_of_4"
"RTL3",1,1,1.51050285382333,"1_of_4"
"TLCD4.RWDD3",1,1,1.5103542764298,"1_of_4"
"BMP8A",1,1,1.50784048324302,"1_of_4"
"IFT22",1,1,1.50698441342475,"1_of_4"
"PHYHIP",1,1,1.50654039114853,"1_of_4"
"STX7",1,1,1.50607236618703,"1_of_4"
"FRMD5",1,1,1.50533113167624,"1_of_4"
"LRCH4",1,1,1.504833928892,"1_of_4"
"SLC47A2",1,1,1.50480262238078,"1_of_4"
"ZNF596",1,1,1.50459978878203,"1_of_4"
"PDE6B",1,1,1.5016949521569,"1_of_4"
"TRPA1",1,1,1.50151362069979,"1_of_4"
"UPF2",1,1,1.50083066304254,"1_of_4"
"H1.5",1,1,1.49959913651712,"1_of_4"
"KIAA0319",1,1,1.49902952422228,"1_of_4"
"HDGFL3",1,1,1.49557688933639,"1_of_4"
"DCUN1D1",1,1,1.49427875339361,"1_of_4"
"CYP46A1",1,1,1.49170506738244,"1_of_4"
"GVQW3",1,1,1.4907333127898,"1_of_4"
"TSC2",1,1,1.49065425522495,"1_of_4"
"PTGES3L",1,1,1.49031177212456,"1_of_4"
"GNRH1",1,1,1.48951218534789,"1_of_4"
"HDHD2",1,1,1.48785270468509,"1_of_4"
"PTCH2",1,1,1.486387168349,"1_of_4"
"ZMYND12",1,1,1.48627195104668,"1_of_4"
"FBXO7",1,1,1.48426515033535,"1_of_4"
"MSX2",1,1,1.48325505986625,"1_of_4"
"LGR4",1,1,1.48255316662302,"1_of_4"
"SYT13",1,1,1.48184977358641,"1_of_4"
"MTFMT",1,1,1.48079018409867,"1_of_4"
"ACSS2",1,1,1.48037567220827,"1_of_4"
"PSME1",1,1,1.4802657707106,"1_of_4"
"GATD1",1,1,1.47970663808173,"1_of_4"
"IL21R",1,1,1.4794506473439,"1_of_4"
"TRO",1,1,1.47841817886573,"1_of_4"
"EHBP1L1",1,1,1.47640073002262,"1_of_4"
"TBCE",1,1,1.47632884849417,"1_of_4"
"AC104532.1",1,1,1.47548678673464,"1_of_4"
"PKDCC",1,1,1.4743225952409,"1_of_4"
"SMAD3",1,1,1.47425839994763,"1_of_4"
"ITGA10",1,1,1.47387180169098,"1_of_4"
"HDAC9",1,1,1.47331730548336,"1_of_4"
"H3C6",1,1,1.47310344530137,"1_of_4"
"CERS6",1,1,1.4716758195492,"1_of_4"
"RPL36AL",1,1,1.47070382075673,"1_of_4"
"WDR13",1,1,1.47006780216573,"1_of_4"
"TECTA",1,1,1.46510030346583,"1_of_4"
"IGSF9",1,1,1.4646798280117,"1_of_4"
"PELI3",1,1,1.46301416850622,"1_of_4"
"FKBP10",1,1,1.46284744421299,"1_of_4"
"DIRAS2",1,1,1.46283649847568,"1_of_4"
"TRPM8",1,1,1.46235415421265,"1_of_4"
"F8A1",1,1,1.45748775652147,"1_of_4"
"RAB19",1,1,1.45699702327005,"1_of_4"
"PRELID2",1,1,1.45587589958477,"1_of_4"
"NME3",1,1,1.45440138848282,"1_of_4"
"BDKRB2",1,1,1.45393269882187,"1_of_4"
"UQCRB",1,1,1.45358541882462,"1_of_4"
"DOP1A",1,1,1.45326184221353,"1_of_4"
"YIPF1",1,1,1.44913436694661,"1_of_4"
"TUBB6",1,1,1.44900694402372,"1_of_4"
"CELSR1",1,1,1.44895101217436,"1_of_4"
"ARL5A",1,1,1.44880670320328,"1_of_4"
"HSPA4L",1,1,1.44758016316,"1_of_4"
"OTULIN",1,1,1.44656856088794,"1_of_4"
"IRF2BP2",1,1,1.44342974792565,"1_of_4"
"GLB1L",1,1,1.44251600032201,"1_of_4"
"KIAA1143",1,1,1.44199503904493,"1_of_4"
"SIGLEC1",1,1,1.44150134928824,"1_of_4"
"B4GALNT3",1,1,1.43996869927707,"1_of_4"
"ACY1",1,1,1.43924024184914,"1_of_4"
"WDR17",1,1,1.43873352333978,"1_of_4"
"GGACT",1,1,1.43740972343736,"1_of_4"
"AC022384.1",1,1,1.4367811190288,"1_of_4"
"GPA33",1,1,1.43631479145413,"1_of_4"
"NDUFAF7",1,1,1.43520269619995,"1_of_4"
"KRTAP3.1",1,1,1.43463297518316,"1_of_4"
"AP5S1",1,1,1.43435135408475,"1_of_4"
"STAG3",1,1,1.42801914892367,"1_of_4"
"ZNF519",1,1,1.42695757846232,"1_of_4"
"OGT",1,1,1.42680422083899,"1_of_4"
"C10orf95",1,1,1.426490357699,"1_of_4"
"MRPL33",1,1,1.42630458388235,"1_of_4"
"SMIM27",1,1,1.42607797429879,"1_of_4"
"CCDC66",1,1,1.42515389630386,"1_of_4"
"ZNF32",1,1,1.42498229320582,"1_of_4"
"SLC25A35",1,1,1.4235438950755,"1_of_4"
"CAMSAP3",1,1,1.42294735775399,"1_of_4"
"SLC29A2",1,1,1.42187168342578,"1_of_4"
"KPNA5",1,1,1.41965465213562,"1_of_4"
"LETM2",1,1,1.41786030789958,"1_of_4"
"DMAC2L",1,1,1.41721865660712,"1_of_4"
"CD79A",1,1,1.41544398677535,"1_of_4"
"TSTA3",1,1,1.41408892320371,"1_of_4"
"MCF2L2",1,1,1.41393110624085,"1_of_4"
"EDEM3",1,1,1.41363444940914,"1_of_4"
"EIF4E3",1,1,1.41251584146139,"1_of_4"
"RMDN1",1,1,1.41171427671914,"1_of_4"
"AP4E1",1,1,1.41110785057887,"1_of_4"
"KHDC1",1,1,1.41110247115241,"1_of_4"
"MIA",1,1,1.41030718776047,"1_of_4"
"OR2H2",1,1,1.40852820000525,"1_of_4"
"EIF4B",1,1,1.4080819854131,"1_of_4"
"CACNG3",1,1,1.40782708640043,"1_of_4"
"SLC25A46",1,1,1.40760282667666,"1_of_4"
"LIPT2",1,1,1.40633647405462,"1_of_4"
"PMFBP1",1,1,1.40587213855133,"1_of_4"
"PTN",1,1,1.40487392054816,"1_of_4"
"PSD3",1,1,1.40483668243446,"1_of_4"
"SSC5D",1,1,1.40478297450114,"1_of_4"
"PIR",1,1,1.40277354354409,"1_of_4"
"ZNF521",1,1,1.40220573681833,"1_of_4"
"TEPSIN",1,1,1.40184445442442,"1_of_4"
"PPIL3",1,1,1.40166450943368,"1_of_4"
"NBN",1,1,1.40164901882057,"1_of_4"
"PLEKHH2",1,1,1.40133375041974,"1_of_4"
"ICAM3",1,1,1.4009378210695,"1_of_4"
"IQSEC1",1,1,1.40087500595996,"1_of_4"
"ZNF518B",1,1,1.39852860408013,"1_of_4"
"ZNF467",1,1,1.39817792321511,"1_of_4"
"NT5DC1",1,1,1.39776954274373,"1_of_4"
"PPP1R26",1,1,1.39702128020674,"1_of_4"
"PEX13",1,1,1.39566395325372,"1_of_4"
"ZFP3",1,1,1.39521440997685,"1_of_4"
"ZNF66",1,1,1.39464808889218,"1_of_4"
"STK17B",1,1,1.39398167987541,"1_of_4"
"ERGIC2",1,1,1.39338617275138,"1_of_4"
"LGALS8",1,1,1.38906690202584,"1_of_4"
"MAGEA1",1,1,1.38855238994507,"1_of_4"
"NDUFAF5",1,1,1.3876406879,"1_of_4"
"PCDHGC4",1,1,1.3862595025812,"1_of_4"
"CATSPERZ",1,1,1.3842404943169,"1_of_4"
"INPP5D",1,1,1.38320401995656,"1_of_4"
"KRCC1",1,1,1.38223759193695,"1_of_4"
"KRT5",1,1,1.38141343889221,"1_of_4"
"SLC2A4",1,1,1.38130541278691,"1_of_4"
"AC004832.3",1,1,1.38124768286418,"1_of_4"
"AC022400.7",1,1,1.38060114625576,"1_of_4"
"PHPT1",1,1,1.38055248519042,"1_of_4"
"COL19A1",1,1,1.380371523094,"1_of_4"
"MAMDC2",1,1,1.38010361370659,"1_of_4"
"H2AC16",1,1,1.37961677983884,"1_of_4"
"ZNF74",1,1,1.37809334102145,"1_of_4"
"HSPA9",1,1,1.37746643693074,"1_of_4"
"SLC17A9",1,1,1.37703856358659,"1_of_4"
"NR1H2",1,1,1.37609231279077,"1_of_4"
"IL1B",1,1,1.37468882761842,"1_of_4"
"PFDN4",1,1,1.37461188901269,"1_of_4"
"NSG1",1,1,1.37292907789158,"1_of_4"
"ALOX15",1,1,1.37279903011611,"1_of_4"
"STAT5B",1,1,1.37233691939677,"1_of_4"
"ABRACL",1,1,1.37189466996672,"1_of_4"
"FAM151A",1,1,1.3718162576299,"1_of_4"
"GNB5",1,1,1.37088408617049,"1_of_4"
"BNC2",1,1,1.36964177928581,"1_of_4"
"CUEDC2",1,1,1.3688384130061,"1_of_4"
"AMN",1,1,1.36844808251299,"1_of_4"
"PRICKLE4",1,1,1.36789826098477,"1_of_4"
"SNX19",1,1,1.36729165732626,"1_of_4"
"BRD2",1,1,1.36685060415516,"1_of_4"
"RGS12",1,1,1.36565689968472,"1_of_4"
"MAP7D2",1,1,1.36483116194019,"1_of_4"
"WDR41",1,1,1.36474447072039,"1_of_4"
"PARP9",1,1,1.36350672524886,"1_of_4"
"TATDN3",1,1,1.3630645353593,"1_of_4"
"GALNT14",1,1,1.3609517848913,"1_of_4"
"NFE2L3",1,1,1.35965257413737,"1_of_4"
"MRLN",1,1,1.35773615954113,"1_of_4"
"KCNK6",1,1,1.35681973080932,"1_of_4"
"LTBP3",1,1,1.35500344410735,"1_of_4"
"CHAT",1,1,1.35445357852188,"1_of_4"
"KCNAB3",1,1,1.35440436688,"1_of_4"
"TCAIM",1,1,1.35270288520751,"1_of_4"
"RIPK2",1,1,1.35241942728689,"1_of_4"
"SEPTIN10",1,1,1.35148211625456,"1_of_4"
"OGFOD3",1,1,1.3509424725767,"1_of_4"
"ASMTL",1,1,1.35071378064075,"1_of_4"
"SH2D1B",1,1,1.34970269035163,"1_of_4"
"AC092042.3",1,1,1.34928261882668,"1_of_4"
"KCNA7",1,1,1.34888562089106,"1_of_4"
"MLLT6",1,1,1.34741721546449,"1_of_4"
"FAAP100",1,1,1.34731442578889,"1_of_4"
"ACKR4",1,1,1.34704074345452,"1_of_4"
"TSC22D1",1,1,1.34599222682556,"1_of_4"
"DUSP11",1,1,1.34576637959746,"1_of_4"
"LPP",1,1,1.34571161693422,"1_of_4"
"DNAJC30",1,1,1.34544480577458,"1_of_4"
"TNFSF15",1,1,1.34544061257766,"1_of_4"
"RXRA",1,1,1.34537362997562,"1_of_4"
"FOXO3",1,1,1.34510060786185,"1_of_4"
"LRCOL1",1,1,1.34424694719008,"1_of_4"
"ILVBL",1,1,1.34420455835895,"1_of_4"
"DDR2",1,1,1.34330373023398,"1_of_4"
"FERMT3",1,1,1.34303203037741,"1_of_4"
"MAMDC4",1,1,1.34260195363137,"1_of_4"
"NTNG1",1,1,1.34252353951753,"1_of_4"
"CLVS1",1,1,1.34239945529895,"1_of_4"
"GSTA1",1,1,1.34158535303595,"1_of_4"
"KRT7",1,1,1.34150678644217,"1_of_4"
"HTR2B",1,1,1.34122071702509,"1_of_4"
"ANO7",1,1,1.33997871945431,"1_of_4"
"RALGAPA2",1,1,1.33960979545183,"1_of_4"
"CYP2E1",1,1,1.33914126793633,"1_of_4"
"ACAD8",1,1,1.33913868340155,"1_of_4"
"CXCL8",1,1,1.33873625422616,"1_of_4"
"B4GALT5",1,1,1.33816207600801,"1_of_4"
"NFKB1",1,1,1.33799528369538,"1_of_4"
"AZGP1",1,1,1.33718374931855,"1_of_4"
"LTBR",1,1,1.33496945257191,"1_of_4"
"HPSE",1,1,1.33375101490708,"1_of_4"
"AKIRIN1",1,1,1.33100412888096,"1_of_4"
"CST3",1,1,1.32989724146376,"1_of_4"
"KREMEN1",1,1,1.32944572682066,"1_of_4"
"CLK4",1,1,1.3293799783999,"1_of_4"
"QRSL1",1,1,1.32872942301308,"1_of_4"
"RALGDS",1,1,1.32841614769271,"1_of_4"
"GPR137C",1,1,1.3280421645427,"1_of_4"
"RRN3",1,1,1.32641669889574,"1_of_4"
"ZNF692",1,1,1.32564346387725,"1_of_4"
"FRRS1",1,1,1.32502361189427,"1_of_4"
"GKAP1",1,1,1.32477166494617,"1_of_4"
"ZNF214",1,1,1.32443679134405,"1_of_4"
"BASP1",1,1,1.32320195150086,"1_of_4"
"SLCO1B7",1,1,1.32312894574445,"1_of_4"
"EFR3B",1,1,1.32165645450479,"1_of_4"
"IPCEF1",1,1,1.32074831055612,"1_of_4"
"KCNJ1",1,1,1.31918257455252,"1_of_4"
"SEMA4A",1,1,1.31878083507472,"1_of_4"
"SREBF2",1,1,1.3174999439514,"1_of_4"
"UPK3BL1",1,1,1.31697164353266,"1_of_4"
"FAM184B",1,1,1.31681101592422,"1_of_4"
"RSAD1",1,1,1.31571101783753,"1_of_4"
"STIMATE.MUSTN1",1,1,1.31558381783253,"1_of_4"
"DHX36",1,1,1.31539181158097,"1_of_4"
"CAVIN2",1,1,1.31497890280078,"1_of_4"
"AL365214.2",1,1,1.31295012895981,"1_of_4"
"FIGNL2",1,1,1.31277077710169,"1_of_4"
"RGS7BP",1,1,1.31178040675259,"1_of_4"
"PLAAT3",1,1,1.31125671703294,"1_of_4"
"BCAT2",1,1,1.31043335657586,"1_of_4"
"ATP5MD",1,1,1.30986494351043,"1_of_4"
"TCTN1",1,1,1.3091756730588,"1_of_4"
"UBQLNL",1,1,1.30915340817483,"1_of_4"
"NKX1.2",1,1,1.30862017248671,"1_of_4"
"CD2AP",1,1,1.30799479727567,"1_of_4"
"AC008758.1",1,1,1.30792930451742,"1_of_4"
"ZNF845",1,1,1.3077352221213,"1_of_4"
"VAV1",1,1,1.30739885679918,"1_of_4"
"GBP6",1,1,1.30707991024905,"1_of_4"
"PLXNA1",1,1,1.30657350103615,"1_of_4"
"OGFR",1,1,1.30608276783637,"1_of_4"
"CNRIP1",1,1,1.30572854126695,"1_of_4"
"C2",1,1,1.3054603375737,"1_of_4"
"CLDN10",1,1,1.30533659649911,"1_of_4"
"AC007325.1",1,1,1.3052769691687,"1_of_4"
"E2F6",1,1,1.30509095321611,"1_of_4"
"FIGN",1,1,1.30458074890774,"1_of_4"
"NFYB",1,1,1.30357309452792,"1_of_4"
"CCDC6",1,1,1.30199846895488,"1_of_4"
"ZNF532",1,1,1.30167064583192,"1_of_4"
"SALL4",1,1,1.30032191064348,"1_of_4"
"PSMD10",1,1,1.29948997832062,"1_of_4"
"DMXL2",1,1,1.29890036026515,"1_of_4"
"LAMP3",1,1,1.29791589265125,"1_of_4"
"PPP1R13B",1,1,1.29783301722228,"1_of_4"
"TBC1D4",1,1,1.2965028205035,"1_of_4"
"DUOXA1",1,1,1.29314109611513,"1_of_4"
"GMEB1",1,1,1.29163496348803,"1_of_4"
"ENTPD1",1,1,1.29124273142452,"1_of_4"
"IGDCC3",1,1,1.29048145292103,"1_of_4"
"POLL",1,1,1.29016265396094,"1_of_4"
"CHKB",1,1,1.28977348151173,"1_of_4"
"FTH1",1,1,1.28901682284133,"1_of_4"
"ZC3H7B",1,1,1.28845526587716,"1_of_4"
"FAXC",1,1,1.28517797293237,"1_of_4"
"RBP4",1,1,1.2842007449598,"1_of_4"
"CFAP57",1,1,1.28399240572359,"1_of_4"
"SLC9A7",1,1,1.28397969348234,"1_of_4"
"TMEM225B",1,1,1.28299428073489,"1_of_4"
"TOP2B",1,1,1.28294679904295,"1_of_4"
"CDK20",1,1,1.2809594668313,"1_of_4"
"MATR3",1,1,1.28063945182484,"1_of_4"
"GTPBP2",1,1,1.28050503994077,"1_of_4"
"KLK1",1,1,1.28042115698307,"1_of_4"
"PCED1B",1,1,1.28023471207969,"1_of_4"
"CNIH4",1,1,1.27995145174702,"1_of_4"
"DSN1",1,1,1.27937917338217,"1_of_4"
"ZNF502",1,1,1.27895942005356,"1_of_4"
"POLM",1,1,1.27798358348073,"1_of_4"
"HOXA3",1,1,1.27706931097496,"1_of_4"
"TMEM254",1,1,1.27697166888545,"1_of_4"
"ZNF57",1,1,1.27670686714648,"1_of_4"
"KLRC4.KLRK1",1,1,1.27647835249864,"1_of_4"
"PLEKHH1",1,1,1.27612600802434,"1_of_4"
"HEPH",1,1,1.27602565021994,"1_of_4"
"PCDH9",1,1,1.27488600722136,"1_of_4"
"UNKL",1,1,1.27463693181969,"1_of_4"
"ANKRD13D",1,1,1.27415087783494,"1_of_4"
"IL17REL",1,1,1.27405153877403,"1_of_4"
"CNPY3",1,1,1.27385287151615,"1_of_4"
"PELO",1,1,1.27269076372642,"1_of_4"
"ABCB6",1,1,1.27139827518457,"1_of_4"
"CPNE4",1,1,1.27066661402713,"1_of_4"
"ZNF76",1,1,1.27020318506947,"1_of_4"
"RAB23",1,1,1.2692804150097,"1_of_4"
"CCNB3",1,1,1.26898002431643,"1_of_4"
"MECP2",1,1,1.26759033311378,"1_of_4"
"OAT",1,1,1.26735407053435,"1_of_4"
"LRRC34",1,1,1.26727872310648,"1_of_4"
"CYP7B1",1,1,1.26632351174697,"1_of_4"
"IL18R1",1,1,1.26561984860872,"1_of_4"
"CXCL17",1,1,1.26540070025704,"1_of_4"
"GRIK4",1,1,1.26468782037901,"1_of_4"
"UNC45A",1,1,1.26399622675861,"1_of_4"
"CPNE5",1,1,1.26359683146821,"1_of_4"
"ENPP2",1,1,1.26287293633928,"1_of_4"
"THADA",1,1,1.26199347773731,"1_of_4"
"TPP2",1,1,1.26172360146288,"1_of_4"
"LRRC41",1,1,1.26088028569632,"1_of_4"
"GGT2",1,1,1.26057129185834,"1_of_4"
"CRP",1,1,1.2600973609974,"1_of_4"
"CCDC28B",1,1,1.25935209845277,"1_of_4"
"LCOR",1,1,1.25930487141822,"1_of_4"
"NOS1AP",1,1,1.2592599665491,"1_of_4"
"MRPL52",1,1,1.25886897360098,"1_of_4"
"LRMDA",1,1,1.25884059631831,"1_of_4"
"SLCO4C1",1,1,1.25863654051841,"1_of_4"
"EYA3",1,1,1.25829446800502,"1_of_4"
"GOLIM4",1,1,1.25766857325684,"1_of_4"
"RASGRP2",1,1,1.25753162869256,"1_of_4"
"SMC5",1,1,1.25705396344727,"1_of_4"
"PIGQ",1,1,1.25683856000019,"1_of_4"
"SLC45A1",1,1,1.25512354669616,"1_of_4"
"PPFIA3",1,1,1.25485673348654,"1_of_4"
"SPCS3",1,1,1.25418377568604,"1_of_4"
"KIF21A",1,1,1.25308394481321,"1_of_4"
"EHHADH",1,1,1.25293959647676,"1_of_4"
"TEX19",1,1,1.25172694166258,"1_of_4"
"DCAF11",1,1,1.25125160338028,"1_of_4"
"SSB",1,1,1.25123446844683,"1_of_4"
"NRROS",1,1,1.25078261810223,"1_of_4"
"TIMMDC1",1,1,1.2496147338507,"1_of_4"
"AGAP2",1,1,1.24747580358519,"1_of_4"
"EPHA3",1,1,1.24710170020456,"1_of_4"
"HOMER2",1,1,1.24697580563452,"1_of_4"
"SESN2",1,1,1.24645618221378,"1_of_4"
"HNRNPH2",1,1,1.24435261127696,"1_of_4"
"CMAS",1,1,1.24403793573752,"1_of_4"
"EIF3M",1,1,1.24344477728676,"1_of_4"
"TTC39A",1,1,1.24306454373704,"1_of_4"
"SIAE",1,1,1.24294684417862,"1_of_4"
"ABCB7",1,1,1.24271175973523,"1_of_4"
"HLA.DQB1",1,1,1.24256897739108,"1_of_4"
"ATG12",1,1,1.24219517077211,"1_of_4"
"HSD17B1",1,1,1.24192582453772,"1_of_4"
"NPLOC4",1,1,1.2417460700551,"1_of_4"
"CIC",1,1,1.24146045248277,"1_of_4"
"ZNF766",1,1,1.2413127478292,"1_of_4"
"GSTP1",1,1,1.24039767034078,"1_of_4"
"VOPP1",1,1,1.24007543037151,"1_of_4"
"SNAI3",1,1,1.23969271089679,"1_of_4"
"PEX5L",1,1,1.23947095397219,"1_of_4"
"ATF1",1,1,1.23910420105869,"1_of_4"
"BAALC",1,1,1.23906797989026,"1_of_4"
"RBMS2",1,1,1.23799903623656,"1_of_4"
"NPR2",1,1,1.23734358633437,"1_of_4"
"UNC5C",1,1,1.23697392529992,"1_of_4"
"MARCKS",1,1,1.23561611609531,"1_of_4"
"B4GALT4",1,1,1.23560472444042,"1_of_4"
"CRYZ",1,1,1.23526911253907,"1_of_4"
"SLC2A1",1,1,1.23464071184965,"1_of_4"
"CLEC3B",1,1,1.23429002476299,"1_of_4"
"SETDB2",1,1,1.23427183607027,"1_of_4"
"ZDHHC23",1,1,1.23426438260289,"1_of_4"
"CHST9",1,1,1.23420405952551,"1_of_4"
"DUOXA2",1,1,1.23268808397892,"1_of_4"
"CRACR2B",1,1,1.23226396919142,"1_of_4"
"TMEM266",1,1,1.23144667866647,"1_of_4"
"TMEM140",1,1,1.23112610924417,"1_of_4"
"ORMDL2",1,1,1.23034572552608,"1_of_4"
"RAD51B",1,1,1.22936632054511,"1_of_4"
"NR1D1",1,1,1.22889048772498,"1_of_4"
"NLRP3",1,1,1.2288782827502,"1_of_4"
"SLC38A5",1,1,1.22883791578024,"1_of_4"
"CGB8",1,1,1.22872838275402,"1_of_4"
"PROB1",1,1,1.22811508028425,"1_of_4"
"GSE1",1,1,1.22718179296621,"1_of_4"
"TMEM120A",1,1,1.22692445109922,"1_of_4"
"IDO1",1,1,1.22635288497391,"1_of_4"
"EEF2",1,1,1.22457610050589,"1_of_4"
"LAMA2",1,1,1.22430348560406,"1_of_4"
"CCDC12",1,1,1.22396282542068,"1_of_4"
"ZNF480",1,1,1.22332197689254,"1_of_4"
"CA3",1,1,1.22269758566111,"1_of_4"
"ZMAT4",1,1,1.2226273303818,"1_of_4"
"C6",1,1,1.22233434891823,"1_of_4"
"HOXD8",1,1,1.22223492605958,"1_of_4"
"RHBDD2",1,1,1.22082644352666,"1_of_4"
"NUP54",1,1,1.22039604296996,"1_of_4"
"LRFN3",1,1,1.21997531062887,"1_of_4"
"KLRC3",1,1,1.21945317472263,"1_of_4"
"ZNF853",1,1,1.21885637700803,"1_of_4"
"CCDC24",1,1,1.21723954147446,"1_of_4"
"SEC14L1",1,1,1.21715829404772,"1_of_4"
"SLC25A26",1,1,1.21712412852527,"1_of_4"
"DSG1",1,1,1.21680923365723,"1_of_4"
"FKRP",1,1,1.21517326891458,"1_of_4"
"CARD11",1,1,1.21370313243917,"1_of_4"
"ITIH5",1,1,1.21222744222916,"1_of_4"
"IFT52",1,1,1.21200345443249,"1_of_4"
"SMIM10L2A",1,1,1.21154874345033,"1_of_4"
"TMEM155",1,1,1.21147317130277,"1_of_4"
"SLC2A8",1,1,1.21142056818359,"1_of_4"
"CAVIN3",1,1,1.21133974763564,"1_of_4"
"RBBP5",1,1,1.21095577164956,"1_of_4"
"ST6GALNAC1",1,1,1.21061633007538,"1_of_4"
"C10orf55",1,1,1.21024028655303,"1_of_4"
"CCDC121",1,1,1.20977315127786,"1_of_4"
"RIPK4",1,1,1.20963455154046,"1_of_4"
"ADD2",1,1,1.20905826173124,"1_of_4"
"ADIPOR2",1,1,1.20880638765944,"1_of_4"
"HMGN1",1,1,1.20846515041105,"1_of_4"
"MAP6D1",1,1,1.20824148145639,"1_of_4"
"PDS5B",1,1,1.20778774023433,"1_of_4"
"POR",1,1,1.20778650113286,"1_of_4"
"TGFBR2",1,1,1.20773946624015,"1_of_4"
"PHF1",1,1,1.2074534997266,"1_of_4"
"NKX2.8",1,1,1.2073930825182,"1_of_4"
"ATP6V1C2",1,1,1.20732005655919,"1_of_4"
"SIRT3",1,1,1.20729410145549,"1_of_4"
"PRSS50",1,1,1.2070577505221,"1_of_4"
"SUCLG2",1,1,1.20690991113538,"1_of_4"
"STARD7",1,1,1.20637415181075,"1_of_4"
"PTBP3",1,1,1.20571014634996,"1_of_4"
"RAB7A",1,1,1.20536763136231,"1_of_4"
"ATP6V0D2",1,1,1.20506634355463,"1_of_4"
"KLHL29",1,1,1.20375779850721,"1_of_4"
"DCST2",1,1,1.20359111028022,"1_of_4"
"SLC6A14",1,1,1.19959596183181,"1_of_4"
"SSBP4",1,1,1.19919627998301,"1_of_4"
"ANXA2R",1,1,1.19895434206816,"1_of_4"
"FASTKD3",1,1,1.19877623245545,"1_of_4"
"PLAGL1",1,1,1.19867900552289,"1_of_4"
"TRPC4",1,1,1.19863449020485,"1_of_4"
"UMAD1",1,1,1.19852538806591,"1_of_4"
"RCHY1",1,1,1.19720484827414,"1_of_4"
"MYL4",1,1,1.19647159097741,"1_of_4"
"MRFAP1",1,1,1.19611894698341,"1_of_4"
"PRKN",1,1,1.1946279456774,"1_of_4"
"NCOA3",1,1,1.19334686015425,"1_of_4"
"H1.2",1,1,1.19314195051795,"1_of_4"
"IL15",1,1,1.19265922520056,"1_of_4"
"KCNIP4",1,1,1.19223553798287,"1_of_4"
"ANGPTL2",1,1,1.19204659227448,"1_of_4"
"GOLGA8G",1,1,1.19191712322234,"1_of_4"
"SETX",1,1,1.19168406614573,"1_of_4"
"C12orf60",1,1,1.19084046446934,"1_of_4"
"KCNJ9",1,1,1.19050797123347,"1_of_4"
"PFN4",1,1,1.19001083868522,"1_of_4"
"RNF2",1,1,1.18974000001494,"1_of_4"
"FBXO4",1,1,1.18868854804193,"1_of_4"
"ZNF765",1,1,1.18828827828499,"1_of_4"
"IQCF1",1,1,1.18818507498662,"1_of_4"
"DNAJC10",1,1,1.18806533787519,"1_of_4"
"AMPH",1,1,1.18747336341983,"1_of_4"
"RABIF",1,1,1.1871827504727,"1_of_4"
"CARMIL1",1,1,1.18649483690785,"1_of_4"
"OR2T33",1,1,1.185941063167,"1_of_4"
"KLHL18",1,1,1.18581288620133,"1_of_4"
"ZCCHC3",1,1,1.18575463856251,"1_of_4"
"CLYBL",1,1,1.18535382154516,"1_of_4"
"TRIM27",1,1,1.1851035184868,"1_of_4"
"RPS9",1,1,1.18502053599506,"1_of_4"
"RNF216",1,1,1.18492620664526,"1_of_4"
"RUBCNL",1,1,1.18469877054101,"1_of_4"
"NCCRP1",1,1,1.18448184137528,"1_of_4"
"MUC19",1,1,1.18447665082465,"1_of_4"
"ZDHHC20",1,1,1.18393889275657,"1_of_4"
"PCNX2",1,1,1.183414759614,"1_of_4"
"ANGPT4",1,1,1.18307748250152,"1_of_4"
"MKX",1,1,1.18296672196173,"1_of_4"
"RSRP1",1,1,1.18296234700903,"1_of_4"
"PCNX1",1,1,1.18261997916685,"1_of_4"
"SPSB4",1,1,1.18229939148353,"1_of_4"
"PACSIN2",1,1,1.18149911715225,"1_of_4"
"PPIB",1,1,1.18130279703888,"1_of_4"
"TATDN1",1,1,1.17992937236038,"1_of_4"
"ZNF660",1,1,1.17966724103407,"1_of_4"
"GTF3C3",1,1,1.17818637042412,"1_of_4"
"ADAM9",1,1,1.17804022659271,"1_of_4"
"CD200",1,1,1.17537706790177,"1_of_4"
"CCDC190",1,1,1.17471776661748,"1_of_4"
"TSPAN13",1,1,1.17415358016054,"1_of_4"
"TMEM86B",1,1,1.17405680901236,"1_of_4"
"AC007244.1",1,1,1.17324848390205,"1_of_4"
"NEU3",1,1,1.17292780635577,"1_of_4"
"SMARCA2",1,1,1.17266841883016,"1_of_4"
"GRAMD4",1,1,1.17214740169667,"1_of_4"
"RBM4B",1,1,1.17209785928385,"1_of_4"
"ENOX2",1,1,1.17130357037395,"1_of_4"
"ASCC1",1,1,1.17124566690884,"1_of_4"
"TSPAN32",1,1,1.17086543585693,"1_of_4"
"HEBP1",1,1,1.17029785156114,"1_of_4"
"SERPINB7",1,1,1.17018095363736,"1_of_4"
"MAOB",1,1,1.16993496936756,"1_of_4"
"OOEP",1,1,1.16974088252504,"1_of_4"
"WEE1",1,1,1.16971688857618,"1_of_4"
"FOXRED2",1,1,1.16922794611528,"1_of_4"
"DDX1",1,1,1.16855960491792,"1_of_4"
"PHACTR3",1,1,1.16805278239509,"1_of_4"
"CAMTA2",1,1,1.16693362294252,"1_of_4"
"REEP5",1,1,1.16586287390706,"1_of_4"
"ZCCHC18",1,1,1.1658498079555,"1_of_4"
"NAT9",1,1,1.16493752482614,"1_of_4"
"DNMT3A",1,1,1.16470864441817,"1_of_4"
"SECISBP2",1,1,1.16426835020245,"1_of_4"
"NFYA",1,1,1.16417487731165,"1_of_4"
"WDCP",1,1,1.16414788475819,"1_of_4"
"CDH5",1,1,1.16398931337895,"1_of_4"
"ROM1",1,1,1.16398058179372,"1_of_4"
"IL10RB",1,1,1.16355363467482,"1_of_4"
"CASP8AP2",1,1,1.16332137173087,"1_of_4"
"PCDHGA5",1,1,1.16122032419479,"1_of_4"
"NCBP2AS2",1,1,1.16090816049397,"1_of_4"
"CACNA1G",1,1,1.16084643754631,"1_of_4"
"FGFBP3",1,1,1.16063369750323,"1_of_4"
"ZDHHC21",1,1,1.16060937879845,"1_of_4"
"CPLX1",1,1,1.16052716307998,"1_of_4"
"PIK3R5",1,1,1.15967896943254,"1_of_4"
"KLF3",1,1,1.15949699859469,"1_of_4"
"ARPIN",1,1,1.15912811691826,"1_of_4"
"EPHB1",1,1,1.15807122616353,"1_of_4"
"TXNL1",1,1,1.15795935860161,"1_of_4"
"ATP2B1",1,1,1.15786995399203,"1_of_4"
"ACOT8",1,1,1.15782721062205,"1_of_4"
"TASOR2",1,1,1.15746447694382,"1_of_4"
"NKAIN3",1,1,1.15662559450858,"1_of_4"
"KCNJ18",1,1,1.1559154192336,"1_of_4"
"NDUFB2",1,1,1.15587182864291,"1_of_4"
"SMARCC2",1,1,1.15538021787548,"1_of_4"
"PIEZO2",1,1,1.15482218531519,"1_of_4"
"FANCF",1,1,1.15460136391321,"1_of_4"
"ALDH7A1",1,1,1.15437301414116,"1_of_4"
"PHLPP2",1,1,1.15434135383696,"1_of_4"
"SLTM",1,1,1.15367450549883,"1_of_4"
"ADGRE1",1,1,1.15357026594534,"1_of_4"
"ANGPT2",1,1,1.15267647738234,"1_of_4"
"SLC18B1",1,1,1.15254642732081,"1_of_4"
"PPP1R9A",1,1,1.15192161421556,"1_of_4"
"TMEM187",1,1,1.15118736103765,"1_of_4"
"RSPH4A",1,1,1.15084519144993,"1_of_4"
"GPD1L",1,1,1.15034280532376,"1_of_4"
"COL3A1",1,1,1.15018118860786,"1_of_4"
"TMEM161A",1,1,1.14980771461075,"1_of_4"
"RNF19B",1,1,1.1496415184753,"1_of_4"
"ABCA2",1,1,1.14963206276623,"1_of_4"
"CARS2",1,1,1.14892200751988,"1_of_4"
"HPCA",1,1,1.14875426524271,"1_of_4"
"ZNF599",1,1,1.14854879552474,"1_of_4"
"H2AC15",1,1,1.14819497577683,"1_of_4"
"DNALI1",1,1,1.14780414540748,"1_of_4"
"STARD5",1,1,1.14767008854604,"1_of_4"
"CNOT7",1,1,1.14741230268581,"1_of_4"
"C11orf86",1,1,1.14728151345636,"1_of_4"
"KBTBD11",1,1,1.14693832643499,"1_of_4"
"CLK3",1,1,1.14646642892425,"1_of_4"
"BTF3L4",1,1,1.14643563540305,"1_of_4"
"PTX3",1,1,1.14476946061966,"1_of_4"
"ZNF600",1,1,1.14450869090593,"1_of_4"
"SLIT3",1,1,1.14420403418294,"1_of_4"
"SLC45A4",1,1,1.14388341099704,"1_of_4"
"BEND4",1,1,1.14316778899962,"1_of_4"
"MEA1",1,1,1.14307269464243,"1_of_4"
"CIAO1",1,1,1.1429109417254,"1_of_4"
"VPS52",1,1,1.14199989477093,"1_of_4"
"TGM3",1,1,1.14168638758002,"1_of_4"
"MFSD14B",1,1,1.14133271479753,"1_of_4"
"PRY",1,1,1.14071647770936,"1_of_4"
"ZSCAN25",1,1,1.14061749655542,"1_of_4"
"FMC1.LUC7L2",1,1,1.13986457361682,"1_of_4"
"WDR20",1,1,1.13965349961242,"1_of_4"
"HOXB13",1,1,1.13942517191013,"1_of_4"
"C1D",1,1,1.13931321515061,"1_of_4"
"DGKB",1,1,1.13889176768921,"1_of_4"
"GRIP1",1,1,1.13848100920588,"1_of_4"
"MACF1",1,1,1.13840332258114,"1_of_4"
"CTBS",1,1,1.13820228742843,"1_of_4"
"SLC16A1",1,1,1.13797275385383,"1_of_4"
"TDRD3",1,1,1.13792645533693,"1_of_4"
"MRPS25",1,1,1.1377415365824,"1_of_4"
"SLK",1,1,1.13768301069224,"1_of_4"
"DSC3",1,1,1.13725663453766,"1_of_4"
"CDAN1",1,1,1.13698512648298,"1_of_4"
"TRIM67",1,1,1.13680585319596,"1_of_4"
"MCHR1",1,1,1.13649042703729,"1_of_4"
"ATG4C",1,1,1.13626284118522,"1_of_4"
"PRKAR1B",1,1,1.1360114164176,"1_of_4"
"ITGA4",1,1,1.13594356190425,"1_of_4"
"ATP2C1",1,1,1.13590518660769,"1_of_4"
"HHEX",1,1,1.13558142381653,"1_of_4"
"KCNE3",1,1,1.13540969051678,"1_of_4"
"CHST2",1,1,1.13527946987346,"1_of_4"
"ZNF446",1,1,1.13517968410186,"1_of_4"
"BPIFC",1,1,1.135164940679,"1_of_4"
"UGT1A6",1,1,1.134622891482,"1_of_4"
"DPP7",1,1,1.13416715623998,"1_of_4"
"SCN8A",1,1,1.13349378626635,"1_of_4"
"FGD1",1,1,1.13305239979306,"1_of_4"
"MYL6B",1,1,1.13244889344144,"1_of_4"
"FXYD3",1,1,1.13195131349109,"1_of_4"
"RAP2C",1,1,1.13185112658595,"1_of_4"
"ITGA11",1,1,1.13138112482407,"1_of_4"
"GFM2",1,1,1.1312225826788,"1_of_4"
"HOXD10",1,1,1.13095032218059,"1_of_4"
"MPST",1,1,1.13094710023385,"1_of_4"
"LBHD1",1,1,1.13057590334097,"1_of_4"
"GREM1",1,1,1.13043985716727,"1_of_4"
"TNFAIP3",1,1,1.13017861359581,"1_of_4"
"PCDH8",1,1,1.12992288849089,"1_of_4"
"PIAS3",1,1,1.12915218894933,"1_of_4"
"IFI30",1,1,1.12871408251032,"1_of_4"
"SDCCAG8",1,1,1.12847305637671,"1_of_4"
"ATG101",1,1,1.12823039115802,"1_of_4"
"NUDT3",1,1,1.12790389543845,"1_of_4"
"JTB",1,1,1.12787401538509,"1_of_4"
"C10orf143",1,1,1.12779725511986,"1_of_4"
"TUSC2",1,1,1.12759777952344,"1_of_4"
"MKNK2",1,1,1.1274986641593,"1_of_4"
"RALGPS1",1,1,1.12745272637762,"1_of_4"
"BTG3",1,1,1.12691192906936,"1_of_4"
"CCDC82",1,1,1.12646447803612,"1_of_4"
"QSOX1",1,1,1.12629078698928,"1_of_4"
"MRO",1,1,1.12625479573601,"1_of_4"
"MT.CO3",1,1,1.12613136852115,"1_of_4"
"DHX57",1,1,1.12598025023577,"1_of_4"
"SCN4B",1,1,1.12594843395632,"1_of_4"
"SRRM3",1,1,1.12507727139964,"1_of_4"
"PLAC1",1,1,1.12462331869061,"1_of_4"
"ELL2",1,1,1.12413755173129,"1_of_4"
"NPIPB12",1,1,1.12413125678361,"1_of_4"
"SRXN1",1,1,1.12405406583184,"1_of_4"
"NUMBL",1,1,1.12315364370821,"1_of_4"
"SLC35A1",1,1,1.12265927807954,"1_of_4"
"SFT2D2",1,1,1.12247623157459,"1_of_4"
"NTSR1",1,1,1.12052623610939,"1_of_4"
"ANKRD17",1,1,1.12043613049255,"1_of_4"
"ZFAND2A",1,1,1.12037915892861,"1_of_4"
"SPACA7",1,1,1.12032986333757,"1_of_4"
"TNNI2",1,1,1.12003868506841,"1_of_4"
"TTC30B",1,1,1.12001360679734,"1_of_4"
"SP3",1,1,1.11953249079227,"1_of_4"
"HOXC10",1,1,1.1194812792465,"1_of_4"
"NXPH4",1,1,1.11892119135526,"1_of_4"
"DNAJC7",1,1,1.11845354370194,"1_of_4"
"CCDC122",1,1,1.1183304430895,"1_of_4"
"LRBA",1,1,1.11827830338866,"1_of_4"
"SHANK2",1,1,1.11738487210286,"1_of_4"
"HAPLN1",1,1,1.11696098413161,"1_of_4"
"CCL26",1,1,1.11624343430951,"1_of_4"
"C3orf80",1,1,1.1155650684523,"1_of_4"
"NPBWR2",1,1,1.11490005463187,"1_of_4"
"LY6G5C",1,1,1.11456849328159,"1_of_4"
"NXPH2",1,1,1.11313195154895,"1_of_4"
"TEX9",1,1,1.11241939660843,"1_of_4"
"LEPR",1,1,1.11124078894038,"1_of_4"
"VGLL1",1,1,1.11103054818058,"1_of_4"
"HELB",1,1,1.11023725700771,"1_of_4"
"RHOB",1,1,1.10962381975448,"1_of_4"
"MACROD1",1,1,1.10955212853017,"1_of_4"
"TTC21B",1,1,1.10949535951353,"1_of_4"
"SEMA4D",1,1,1.1093929327529,"1_of_4"
"ZAP70",1,1,1.10935946604537,"1_of_4"
"ITM2B",1,1,1.10918705425097,"1_of_4"
"RAB29",1,1,1.1091151109597,"1_of_4"
"SSBP3",1,1,1.10882048652843,"1_of_4"
"CT45A3",1,1,1.10857277885188,"1_of_4"
"RPL12",1,1,1.10781088453842,"1_of_4"
"CASD1",1,1,1.1077197349814,"1_of_4"
"SPANXN3",1,1,1.10759153827579,"1_of_4"
"CDHR2",1,1,1.10699519324258,"1_of_4"
"PAFAH1B1",1,1,1.10684511605706,"1_of_4"
"TGIF2",1,1,1.10625905577956,"1_of_4"
"SNX15",1,1,1.1058143664796,"1_of_4"
"LRRC26",1,1,1.10561381097213,"1_of_4"
"THSD7B",1,1,1.10560138166613,"1_of_4"
"TSC22D2",1,1,1.10559167781523,"1_of_4"
"SPON2",1,1,1.1049147935395,"1_of_4"
"OR2T8",1,1,1.10481628944265,"1_of_4"
"SP2",1,1,1.10429489938512,"1_of_4"
"KRT20",1,1,1.10381711214665,"1_of_4"
"STRADB",1,1,1.10370438784076,"1_of_4"
"PRAME",1,1,1.1033582928086,"1_of_4"
"PLCB2",1,1,1.10265140457456,"1_of_4"
"TMEM115",1,1,1.10257169382437,"1_of_4"
"HOXA5",1,1,1.10166646395228,"1_of_4"
"CEP192",1,1,1.10144945173498,"1_of_4"
"POLH",1,1,1.1010987294437,"1_of_4"
"MYO18A",1,1,1.10098088706088,"1_of_4"
"XKR5",1,1,1.10046656517111,"1_of_4"
"NARF",1,1,1.10031233642325,"1_of_4"
"MICU2",1,1,1.09986065432082,"1_of_4"
"IVNS1ABP",1,1,1.09949086530407,"1_of_4"
"MAGT1",1,1,1.09946878068623,"1_of_4"
"CRTC1",1,1,1.09922261848006,"1_of_4"
"BCAN",1,1,1.09919291770895,"1_of_4"
"ZNF730",1,1,1.09875062480742,"1_of_4"
"POLR2J3",1,1,1.09844034391024,"1_of_4"
"ZMPSTE24",1,1,1.09697690686258,"1_of_4"
"RPGRIP1L",1,1,1.09664722383022,"1_of_4"
"CHMP4A",1,1,1.09634198020326,"1_of_4"
"KLRC4",1,1,1.09630449372329,"1_of_4"
"GOLGA8F",1,1,1.09627720276032,"1_of_4"
"KNOP1",1,1,1.09562403501422,"1_of_4"
"ALG12",1,1,1.0954591778739,"1_of_4"
"SPAG17",1,1,1.09495122543633,"1_of_4"
"PDPN",1,1,1.09471766297591,"1_of_4"
"DENR",1,1,1.09442267671177,"1_of_4"
"TSEN54",1,1,1.09424290618906,"1_of_4"
"ABCA8",1,1,1.09423904721751,"1_of_4"
"H4C11",1,1,1.09409916614938,"1_of_4"
"GUCA2A",1,1,1.09401431648153,"1_of_4"
"OXTR",1,1,1.09373357987878,"1_of_4"
"PDE10A",1,1,1.09348723314946,"1_of_4"
"VRK3",1,1,1.09346792028206,"1_of_4"
"KCNT1",1,1,1.09317728979239,"1_of_4"
"NBEAL2",1,1,1.09277979412642,"1_of_4"
"PHF7",1,1,1.09217890981006,"1_of_4"
"S100A11",1,1,1.09215358799869,"1_of_4"
"CDK5RAP2",1,1,1.09213914771916,"1_of_4"
"LEXM",1,1,1.09202111110443,"1_of_4"
"TAL1",1,1,1.09188747460526,"1_of_4"
"ZNF562",1,1,1.09143934621615,"1_of_4"
"CDC26",1,1,1.09140668383865,"1_of_4"
"ZNF443",1,1,1.09137713944863,"1_of_4"
"FAM43B",1,1,1.09130597407045,"1_of_4"
"ACTR2",1,1,1.09103188568394,"1_of_4"
"PDCD10",1,1,1.09100905292738,"1_of_4"
"GSTA2",1,1,1.09092982629395,"1_of_4"
"XCL1",1,1,1.09079947659185,"1_of_4"
"NLGN4Y",1,1,1.09062017832837,"1_of_4"
"SDR16C5",1,1,1.09038916443393,"1_of_4"
"TMEM38B",1,1,1.09029855163435,"1_of_4"
"SHC1",1,1,1.0896968657146,"1_of_4"
"PIK3R2",1,1,1.08936341991157,"1_of_4"
"CT45A5",1,1,1.08932789337986,"1_of_4"
"CHMP7",1,1,1.08851169842276,"1_of_4"
"FAM167A",1,1,1.08845116807235,"1_of_4"
"SNX8",1,1,1.08819773114035,"1_of_4"
"LANCL1",1,1,1.08796232796305,"1_of_4"
"GABRD",1,1,1.08792977952713,"1_of_4"
"MIPOL1",1,1,1.08757382662574,"1_of_4"
"ADD1",1,1,1.0875458450922,"1_of_4"
"MRPL54",1,1,1.0870976333407,"1_of_4"
"BEX3",1,1,1.08694174883123,"1_of_4"
"SHH",1,1,1.08686026081087,"1_of_4"
"BLOC1S4",1,1,1.08673216892497,"1_of_4"
"SAMD14",1,1,1.08657703496633,"1_of_4"
"ERMARD",1,1,1.08651794525218,"1_of_4"
"NBPF9",1,1,1.08642223459322,"1_of_4"
"MRFAP1L1",1,1,1.08641502190042,"1_of_4"
"ZNF528",1,1,1.08640207027844,"1_of_4"
"PCGF2",1,1,1.08620761791527,"1_of_4"
"PLCB4",1,1,1.08521725503104,"1_of_4"
"AC119396.1",1,1,1.08501892855332,"1_of_4"
"CRTAP",1,1,1.08462939847285,"1_of_4"
"USP31",1,1,1.08461406183677,"1_of_4"
"NRIP1",1,1,1.08373316845588,"1_of_4"
"AC073610.2",1,1,1.08309994624712,"1_of_4"
"ARL14EPL",1,1,1.08244904743327,"1_of_4"
"TMBIM6",1,1,1.08226644198254,"1_of_4"
"SLC37A4",1,1,1.08178835393864,"1_of_4"
"MEDAG",1,1,1.08157654207507,"1_of_4"
"CCDC144A",1,1,1.08038636742414,"1_of_4"
"SLC12A7",1,1,1.08011991336215,"1_of_4"
"FAM98B",1,1,1.08003543058397,"1_of_4"
"HECW2",1,1,1.0790831507481,"1_of_4"
"SBF1",1,1,1.07877046576676,"1_of_4"
"SIPA1L1",1,1,1.07805602074717,"1_of_4"
"PCDHGA11",1,1,1.07794777489035,"1_of_4"
"CBX6",1,1,1.07769084518397,"1_of_4"
"ELAC2",1,1,1.07764632617056,"1_of_4"
"VPS37D",1,1,1.07576169314469,"1_of_4"
"UROC1",1,1,1.07534959614209,"1_of_4"
"MAEL",1,1,1.07449654766358,"1_of_4"
"FCHO1",1,1,1.07387431515444,"1_of_4"
"SGK3",1,1,1.07335362786588,"1_of_4"
"BNIP5",1,1,1.07329472330548,"1_of_4"
"MAD2L1BP",1,1,1.07310497427016,"1_of_4"
"DPP3",1,1,1.07236699372045,"1_of_4"
"ARMH3",1,1,1.07222027663588,"1_of_4"
"F3",1,1,1.07173596816215,"1_of_4"
"RPL13",1,1,1.07167746626512,"1_of_4"
"CAD",1,1,1.07142947109893,"1_of_4"
"RTP3",1,1,1.07124623886227,"1_of_4"
"MAGEC1",1,1,1.07120387708071,"1_of_4"
"BORCS8.MEF2B",1,1,1.07075791070496,"1_of_4"
"INTS6",1,1,1.07051643947845,"1_of_4"
"CT45A9",1,1,1.07013109742403,"1_of_4"
"KLK10",1,1,1.06995619435534,"1_of_4"
"GATA4",1,1,1.06991465077383,"1_of_4"
"PSME3IP1",1,1,1.06991399108177,"1_of_4"
"GPR27",1,1,1.0694740909336,"1_of_4"
"COPS5",1,1,1.06870907885753,"1_of_4"
"IRX1",1,1,1.06864954695496,"1_of_4"
"NDUFA4",1,1,1.06864400648424,"1_of_4"
"RECK",1,1,1.06815689405891,"1_of_4"
"TMEM121B",1,1,1.0676990095268,"1_of_4"
"APEX1",1,1,1.06768141580355,"1_of_4"
"FAHD2B",1,1,1.06767841784551,"1_of_4"
"ANKRD33",1,1,1.06752590090677,"1_of_4"
"ASTE1",1,1,1.06713575684653,"1_of_4"
"ETNK2",1,1,1.06683535862883,"1_of_4"
"RSL24D1",1,1,1.06676562760454,"1_of_4"
"PRKACB",1,1,1.066685150875,"1_of_4"
"ATF7",1,1,1.06626849656863,"1_of_4"
"PACS1",1,1,1.06620589896117,"1_of_4"
"LGALS9C",1,1,1.0658476930468,"1_of_4"
"CCNC",1,1,1.06517368658633,"1_of_4"
"VMA21",1,1,1.06491473922635,"1_of_4"
"FGF12",1,1,1.06490622043132,"1_of_4"
"CFAP206",1,1,1.064259427503,"1_of_4"
"SARS1",1,1,1.06418325443163,"1_of_4"
"DYNC1I1",1,1,1.06375871788594,"1_of_4"
"KLF15",1,1,1.06367216756582,"1_of_4"
"ERLEC1",1,1,1.06354574166226,"1_of_4"
"AKR1C1",1,1,1.06348934650267,"1_of_4"
"CT45A1",1,1,1.06320420202223,"1_of_4"
"CASP7",1,1,1.06297296866768,"1_of_4"
"GKN2",1,1,1.06163544302739,"1_of_4"
"LRP11",1,1,1.06118987592909,"1_of_4"
"STRAP",1,1,1.06099676983222,"1_of_4"
"FBXO3",1,1,1.06088361574922,"1_of_4"
"ZNF557",1,1,1.06059831870637,"1_of_4"
"DCDC2",1,1,1.06040170147239,"1_of_4"
"STAM2",1,1,1.05975324066519,"1_of_4"
"NMI",1,1,1.05932672999365,"1_of_4"
"NUDT11",1,1,1.05886675734888,"1_of_4"
"CBFA2T3",1,1,1.05885850623258,"1_of_4"
"CMTM7",1,1,1.05864143861075,"1_of_4"
"RANBP17",1,1,1.05812493234466,"1_of_4"
"PI4KA",1,1,1.0581113409256,"1_of_4"
"CLNS1A",1,1,1.05808652371672,"1_of_4"
"SLC41A3",1,1,1.05803975852147,"1_of_4"
"PECAM1",1,1,1.05769069244046,"1_of_4"
"SP1",1,1,1.05755846437686,"1_of_4"
"SWI5",1,1,1.05753346246938,"1_of_4"
"CCNK",1,1,1.05744877853036,"1_of_4"
"CYP2C9",1,1,1.05734278778234,"1_of_4"
"TMED7",1,1,1.05710305179008,"1_of_4"
"PAXBP1",1,1,1.0570678267231,"1_of_4"
"EDA2R",1,1,1.05681138188771,"1_of_4"
"RPAP2",1,1,1.05666847761219,"1_of_4"
"GAS2",1,1,1.05657080780803,"1_of_4"
"PCDHB4",1,1,1.05548586693859,"1_of_4"
"SP8",1,1,1.05540973348226,"1_of_4"
"AUP1",1,1,1.0553902314325,"1_of_4"
"PPP3CC",1,1,1.05535633864612,"1_of_4"
"TMEM189.UBE2V1",1,1,1.05503639364569,"1_of_4"
"C2CD2",1,1,1.05444473898905,"1_of_4"
"TXNRD3",1,1,1.0542435724624,"1_of_4"
"CFH",1,1,1.05420255984704,"1_of_4"
"CYTL1",1,1,1.05369711643382,"1_of_4"
"TTLL2",1,1,1.05362002825515,"1_of_4"
"TMEM106A",1,1,1.05360305042987,"1_of_4"
"NACC2",1,1,1.05349429091694,"1_of_4"
"DDX55",1,1,1.0533973284395,"1_of_4"
"KRIT1",1,1,1.05315167617408,"1_of_4"
"ARHGAP29",1,1,1.05277059460458,"1_of_4"
"SPTBN1",1,1,1.05265900229571,"1_of_4"
"PRR29",1,1,1.05264000849622,"1_of_4"
"HOOK2",1,1,1.05193315537029,"1_of_4"
"ZNF488",1,1,1.05147367650375,"1_of_4"
"CLCN5",1,1,1.05144809160277,"1_of_4"
"NR1I3",1,1,1.0505656861935,"1_of_4"
"DUSP27",1,1,1.05009151668134,"1_of_4"
"ANKRD31",1,1,1.05000433140194,"1_of_4"
"ITSN1",1,1,1.04972257212932,"1_of_4"
"TBC1D10C",1,1,1.04962423642584,"1_of_4"
"GPR89B",1,1,1.04893467645131,"1_of_4"
"RNF141",1,1,1.04831700617028,"1_of_4"
"CBY3",1,1,1.0482860099537,"1_of_4"
"EIF2AK4",1,1,1.04823665931427,"1_of_4"
"PLCL2",1,1,1.04807616024974,"1_of_4"
"BHLHB9",1,1,1.04791956987967,"1_of_4"
"TBX20",1,1,1.04786840065594,"1_of_4"
"METTL15",1,1,1.04760991425228,"1_of_4"
"RFXANK",1,1,1.04718589977046,"1_of_4"
"TMEM208",1,1,1.04716516047043,"1_of_4"
"PDCD6IP",1,1,1.04702430294302,"1_of_4"
"BRD9",1,1,1.04694892800538,"1_of_4"
"DSG2",1,1,1.04642331019184,"1_of_4"
"SLC12A8",1,1,1.04636044587733,"1_of_4"
"DOK3",1,1,1.04607711501268,"1_of_4"
"MPZL1",1,1,1.04600463878658,"1_of_4"
"GNG11",1,1,1.04557288342407,"1_of_4"
"GP6",1,1,1.04524583946024,"1_of_4"
"PPP1R3G",1,1,1.04512691732517,"1_of_4"
"CRTAC1",1,1,1.04445021160159,"1_of_4"
"RAB11B",1,1,1.04374084456001,"1_of_4"
"CXCR4",1,1,1.04353675140254,"1_of_4"
"RDH12",1,1,1.04331539514555,"1_of_4"
"CDH3",1,1,1.04316473636362,"1_of_4"
"CBSL",1,1,1.04310473015124,"1_of_4"
"CYP27A1",1,1,1.0430057465163,"1_of_4"
"SCO2",1,1,1.04289052172356,"1_of_4"
"MUC22",1,1,1.04286236495294,"1_of_4"
"ZNF658",1,1,1.04276846697622,"1_of_4"
"SETD3",1,1,1.04266293267758,"1_of_4"
"VSNL1",1,1,1.0424803055013,"1_of_4"
"ZNF174",1,1,1.04234795135086,"1_of_4"
"HTR3A",1,1,1.04222422511638,"1_of_4"
"MTG2",1,1,1.04216262528291,"1_of_4"
"SMU1",1,1,1.04214825642846,"1_of_4"
"NKPD1",1,1,1.04180126164081,"1_of_4"
"C10orf82",1,1,1.04174564470414,"1_of_4"
"DCTD",1,1,1.04154892315556,"1_of_4"
"ATP6V1G1",1,1,1.04153886358215,"1_of_4"
"LRTOMT",1,1,1.04076449853725,"1_of_4"
"ATP6V0E2",1,1,1.04075745628131,"1_of_4"
"MRPL17",1,1,1.0406442563901,"1_of_4"
"TMEM18",1,1,1.04059226427332,"1_of_4"
"NXPE3",1,1,1.04017317811723,"1_of_4"
"FAM90A1",1,1,1.0401411714213,"1_of_4"
"TSPAN5",1,1,1.03999472527797,"1_of_4"
"TTC22",1,1,1.03935827052415,"1_of_4"
"TARBP2",1,1,1.03908741806194,"1_of_4"
"SMIM15",1,1,1.03897446578146,"1_of_4"
"SH3BGRL2",1,1,1.03889835435437,"1_of_4"
"RBMX2",1,1,1.03889764992742,"1_of_4"
"SLC2A5",1,1,1.03873525610997,"1_of_4"
"ALKBH1",1,1,1.03864059167287,"1_of_4"
"ZNF85",1,1,1.03857898768158,"1_of_4"
"LTF",1,1,1.03852422705677,"1_of_4"
"FAM204A",1,1,1.03849978244804,"1_of_4"
"ACVR2A",1,1,1.03831580725736,"1_of_4"
"UBA3",1,1,1.03794247044128,"1_of_4"
"RAB37",1,1,1.03758383748189,"1_of_4"
"GET4",1,1,1.03758237220656,"1_of_4"
"CFDP1",1,1,1.03742827700607,"1_of_4"
"KLHL21",1,1,1.03730398026786,"1_of_4"
"KCTD2",1,1,1.03720747077182,"1_of_4"
"VSIG10L",1,1,1.03716694463607,"1_of_4"
"PDE2A",1,1,1.03708074252991,"1_of_4"
"SAP18",1,1,1.03673178135976,"1_of_4"
"SLAMF8",1,1,1.03619413930881,"1_of_4"
"ENTPD7",1,1,1.03601182103766,"1_of_4"
"MESP2",1,1,1.03550375000628,"1_of_4"
"TFEC",1,1,1.03532852402965,"1_of_4"
"DLAT",1,1,1.03531308781672,"1_of_4"
"PRDM13",1,1,1.03519832444221,"1_of_4"
"PPM1M",1,1,1.03519520361579,"1_of_4"
"SLC47A1",1,1,1.0351844182788,"1_of_4"
"RPS6KA1",1,1,1.03500654792883,"1_of_4"
"MOV10L1",1,1,1.03489377532075,"1_of_4"
"MAGEB2",1,1,1.03480181139549,"1_of_4"
"CREB3L3",1,1,1.03417823135254,"1_of_4"
"PHF11",1,1,1.03410936692701,"1_of_4"
"ELF1",1,1,1.03386167632662,"1_of_4"
"GCFC2",1,1,1.03366799814549,"1_of_4"
"TTC1",1,1,1.03337724104815,"1_of_4"
"MTRF1",1,1,1.03308262856579,"1_of_4"
"AC135178.3",1,1,1.03281895778854,"1_of_4"
"MAEA",1,1,1.03230482625041,"1_of_4"
"MYO1B",1,1,1.03197247283139,"1_of_4"
"MYZAP",1,1,1.03192451143843,"1_of_4"
"PCDHA8",1,1,1.03188537693298,"1_of_4"
"KIF1A",1,1,1.03151685270883,"1_of_4"
"CDC42BPA",1,1,1.03071546193814,"1_of_4"
"ALLC",1,1,1.0304259199759,"1_of_4"
"GALNT13",1,1,1.0303189727951,"1_of_4"
"DOK7",1,1,1.03005655454024,"1_of_4"
"MTX3",1,1,1.02965314646253,"1_of_4"
"IL3RA",1,1,1.02940468633554,"1_of_4"
"SLC27A6",1,1,1.02933494548146,"1_of_4"
"SSPN",1,1,1.02924598993969,"1_of_4"
"RHOA",1,1,1.02903254914712,"1_of_4"
"ILDR1",1,1,1.02878909869076,"1_of_4"
"NKAPD1",1,1,1.02857205078669,"1_of_4"
"DGKZ",1,1,1.02845848141717,"1_of_4"
"SPSB1",1,1,1.02833910952549,"1_of_4"
"USP3",1,1,1.0283064724521,"1_of_4"
"NIBAN2",1,1,1.0276099811407,"1_of_4"
"HHLA3",1,1,1.02751658692055,"1_of_4"
"OLFML1",1,1,1.02734587083305,"1_of_4"
"PLEKHJ1",1,1,1.02711909565625,"1_of_4"
"OGG1",1,1,1.02702539048204,"1_of_4"
"RASGEF1A",1,1,1.02701434909675,"1_of_4"
"H2BC9",1,1,1.02661171130075,"1_of_4"
"YIPF4",1,1,1.02640734131935,"1_of_4"
"BOD1L1",1,1,1.02634516291529,"1_of_4"
"NAGPA",1,1,1.0263386236617,"1_of_4"
"LRATD2",1,1,1.02595558248706,"1_of_4"
"POLR2I",1,1,1.02553523842329,"1_of_4"
"MOB1A",1,1,1.02552149961004,"1_of_4"
"SMCR8",1,1,1.02504893912953,"1_of_4"
"NBPF20",1,1,1.02444092494806,"1_of_4"
"CT45A8",1,1,1.02423664077807,"1_of_4"
"GLIS1",1,1,1.02402915523064,"1_of_4"
"CRCT1",1,1,1.02378379935857,"1_of_4"
"BARX1",1,1,1.02369185323748,"1_of_4"
"IL13RA2",1,1,1.02355413798848,"1_of_4"
"SLC66A3",1,1,1.02351442431412,"1_of_4"
"RPL26",1,1,1.02330510530112,"1_of_4"
"KLHL38",1,1,1.02329251845584,"1_of_4"
"H2BW2",1,1,1.02326304670863,"1_of_4"
"ATP5ME",1,1,1.02307236831553,"1_of_4"
"TSKS",1,1,1.02295989516569,"1_of_4"
"FBXO22",1,1,1.02250942501967,"1_of_4"
"FIBCD1",1,1,1.02240301937687,"1_of_4"
"MID2",1,1,1.02236601352666,"1_of_4"
"TTC30A",1,1,1.02206773575274,"1_of_4"
"SUPT20H",1,1,1.02190866552082,"1_of_4"
"SYNE4",1,1,1.02171786988695,"1_of_4"
"RPN1",1,1,1.0212641622218,"1_of_4"
"CAST",1,1,1.02126301388739,"1_of_4"
"HSD3B7",1,1,1.02120933425965,"1_of_4"
"PTER",1,1,1.02119689091471,"1_of_4"
"B3GALT1",1,1,1.0211061043826,"1_of_4"
"SEC11A",1,1,1.02093220527589,"1_of_4"
"C10orf105",1,1,1.0207066302545,"1_of_4"
"MEPCE",1,1,1.02030589824046,"1_of_4"
"PYROXD2",1,1,1.02023913713442,"1_of_4"
"STK26",1,1,1.02021963396285,"1_of_4"
"VDAC2",1,1,1.02008528058126,"1_of_4"
"FAM155B",1,1,1.0199035584853,"1_of_4"
"DGUOK",1,1,1.01950258559566,"1_of_4"
"MORN4",1,1,1.01911331667588,"1_of_4"
"MAP3K2",1,1,1.0189270185444,"1_of_4"
"FLYWCH1",1,1,1.01884620658684,"1_of_4"
"NKX2.5",1,1,1.01872667832576,"1_of_4"
"PTPRB",1,1,1.01797450862944,"1_of_4"
"C1orf109",1,1,1.01785239554083,"1_of_4"
"PPP1R9B",1,1,1.01772333404114,"1_of_4"
"MNAT1",1,1,1.01728877910453,"1_of_4"
"ZNF628",1,1,1.01724294098204,"1_of_4"
"LRCH2",1,1,1.01699544412219,"1_of_4"
"FMOD",1,1,1.01671612141881,"1_of_4"
"PLRG1",1,1,1.01655559822329,"1_of_4"
"SAMM50",1,1,1.01604065634543,"1_of_4"
"NUDT6",1,1,1.01588295697736,"1_of_4"
"C6orf47",1,1,1.01558044676225,"1_of_4"
"WWOX",1,1,1.01555464868026,"1_of_4"
"EID3",1,1,1.01505467594406,"1_of_4"
"PLPP4",1,1,1.01504717349222,"1_of_4"
"ARF6",1,1,1.01464588820359,"1_of_4"
"SLC16A12",1,1,1.01462827160115,"1_of_4"
"DYNC1H1",1,1,1.01440716214444,"1_of_4"
"DOCK1",1,1,1.01376193220598,"1_of_4"
"SOX11",1,1,1.01333349625069,"1_of_4"
"SLCO2A1",1,1,1.01313190587493,"1_of_4"
"GTF2H2C",1,1,1.01301285303289,"1_of_4"
"CHURC1.FNTB",1,1,1.01282823181509,"1_of_4"
"PWP1",1,1,1.01276628359499,"1_of_4"
"RAB22A",1,1,1.01272543336194,"1_of_4"
"ZC3H6",1,1,1.01259223039613,"1_of_4"
"PHF21B",1,1,1.01253919433681,"1_of_4"
"SFRP4",1,1,1.01244606720539,"1_of_4"
"TMEM104",1,1,1.01234638050645,"1_of_4"
"DOCK5",1,1,1.0115308373231,"1_of_4"
"SCN4A",1,1,1.01139195013593,"1_of_4"
"JPH3",1,1,1.01136102618366,"1_of_4"
"CBL",1,1,1.01114547096448,"1_of_4"
"RSPO4",1,1,1.01058421665894,"1_of_4"
"FIP1L1",1,1,1.01004528006675,"1_of_4"
"NR4A2",1,1,1.00984650348134,"1_of_4"
"GPR153",1,1,1.00982492080283,"1_of_4"
"FBXO34",1,1,1.00978917332161,"1_of_4"
"RECQL",1,1,1.00943809798646,"1_of_4"
"ZFAND3",1,1,1.0092268079705,"1_of_4"
"UTP3",1,1,1.00905141634737,"1_of_4"
"SH3GLB2",1,1,1.00889032642711,"1_of_4"
"PRRG1",1,1,1.00866997595594,"1_of_4"
"YIF1A",1,1,1.00866859429633,"1_of_4"
"RHBDL3",1,1,1.00846892296913,"1_of_4"
"DVL2",1,1,1.00834109327587,"1_of_4"
"C5orf15",1,1,1.00826569137909,"1_of_4"
"PLEKHF2",1,1,1.00825273198621,"1_of_4"
"ADAMTS2",1,1,1.00797469745688,"1_of_4"
"AL359736.1",1,1,1.00708214985463,"1_of_4"
"RNMT",1,1,1.00703074610987,"1_of_4"
"TYK2",1,1,1.0067131498597,"1_of_4"
"KIAA1549",1,1,1.00636634574086,"1_of_4"
"SMG9",1,1,1.00621193678161,"1_of_4"
"ATP1A3",1,1,1.00616732361468,"1_of_4"
"ARHGEF18",1,1,1.00606496383259,"1_of_4"
"ISL2",1,1,1.00548185251061,"1_of_4"
"CRYBG3",1,1,1.00539792502474,"1_of_4"
"ZNF773",1,1,1.00539477934143,"1_of_4"
"MED6",1,1,1.00493232423045,"1_of_4"
"VTI1B",1,1,1.00454722726647,"1_of_4"
"AMY1C",1,1,1.00427436930974,"1_of_4"
"PCDHA10",1,1,1.00395869300157,"1_of_4"
"DUSP19",1,1,1.00360683683338,"1_of_4"
"PCDHGA8",1,1,1.00349922006582,"1_of_4"
"VPS37C",1,1,1.00349848810318,"1_of_4"
"CNOT3",1,1,1.00311968500207,"1_of_4"
"ATG4A",1,1,1.00293865993933,"1_of_4"
"UVSSA",1,1,1.00277071105733,"1_of_4"
"STAMBP",1,1,1.00207087833103,"1_of_4"
"SEPTIN6",1,1,1.00160278625495,"1_of_4"
"RPL10A",1,1,1.00135182747742,"1_of_4"
"SGCG",1,1,1.00115049172693,"1_of_4"
"THOC1",1,1,1.0009212306711,"1_of_4"
"BRF2",1,1,1.00089528451225,"1_of_4"
"TGS1",1,1,1.00036064345302,"1_of_4"
"PTPN1",1,1,1.00022117479412,"1_of_4"
"CASP14",1,1,1.00001909468415,"1_of_4"
"CD99",1,1,0.999727413347851,"1_of_4"
"RTL8A",1,1,0.999516020052929,"1_of_4"
"FKBP8",1,1,0.999499656516105,"1_of_4"
"PTPRN2",1,1,0.999321081876608,"1_of_4"
"AREL1",1,1,0.999133393591661,"1_of_4"
"TMEM210",1,1,0.998803793463004,"1_of_4"
"NUDT12",1,1,0.998500013504895,"1_of_4"
"SCRN2",1,1,0.998149557405315,"1_of_4"
"LIPE",1,1,0.998048795071153,"1_of_4"
"FBXL7",1,1,0.997998774815652,"1_of_4"
"RSU1",1,1,0.997841081635481,"1_of_4"
"CT45A2",1,1,0.997762578867164,"1_of_4"
"CAPNS2",1,1,0.997298497899126,"1_of_4"
"GRIP2",1,1,0.997287650729379,"1_of_4"
"EPGN",1,1,0.99684247689061,"1_of_4"
"KCNS1",1,1,0.9967699685444,"1_of_4"
"GPATCH1",1,1,0.996547011023585,"1_of_4"
"RRAGA",1,1,0.996415173930331,"1_of_4"
"TM9SF2",1,1,0.996255149234254,"1_of_4"
"SPESP1",1,1,0.996220396268876,"1_of_4"
"MYO1C",1,1,0.996107582777931,"1_of_4"
"PTPN18",1,1,0.995813851255281,"1_of_4"
"HSPB11",1,1,0.995800970066655,"1_of_4"
"FES",1,1,0.995796299062626,"1_of_4"
"APBA3",1,1,0.994883562159977,"1_of_4"
"CYB5RL",1,1,0.994549261798533,"1_of_4"
"ZNF624",1,1,0.994353499366581,"1_of_4"
"ZNF558",1,1,0.993792622761726,"1_of_4"
"IRF3",1,1,0.993571168515588,"1_of_4"
"FOXF1",1,1,0.993337569434878,"1_of_4"
"AP002373.1",1,1,0.993167776247284,"1_of_4"
"USE1",1,1,0.993042638005474,"1_of_4"
"ABCC3",1,1,0.992709930199003,"1_of_4"
"IFT74",1,1,0.992463816428394,"1_of_4"
"PON2",1,1,0.992416183686886,"1_of_4"
"KIAA0930",1,1,0.991590419988867,"1_of_4"
"SF1",1,1,0.991426915119358,"1_of_4"
"DAW1",1,1,0.991279554326961,"1_of_4"
"CCDC148",1,1,0.991207334837358,"1_of_4"
"TPGS1",1,1,0.991042368171047,"1_of_4"
"ATF6B",1,1,0.990913154105384,"1_of_4"
"MYO5C",1,1,0.989929320363649,"1_of_4"
"METTL17",1,1,0.989527847420183,"1_of_4"
"NDUFB4",1,1,0.989516329263587,"1_of_4"
"ZBTB24",1,1,0.98947179741645,"1_of_4"
"BIRC2",1,1,0.989452021238564,"1_of_4"
"PLD2",1,1,0.989371351509662,"1_of_4"
"FUT6",1,1,0.988783523122913,"1_of_4"
"DIP2B",1,1,0.988200387302693,"1_of_4"
"NEGR1",1,1,0.988038243341949,"1_of_4"
"PCMT1",1,1,0.987795949323332,"1_of_4"
"RIMS1",1,1,0.987415291427768,"1_of_4"
"TAF9",1,1,0.987226861519091,"1_of_4"
"MANBAL",1,1,0.987176171055778,"1_of_4"
"SULF1",1,1,0.986862439508722,"1_of_4"
"SLITRK4",1,1,0.986016142361359,"1_of_4"
"SV2B",1,1,0.985968025233797,"1_of_4"
"MRPL50",1,1,0.98588944501265,"1_of_4"
"WSB2",1,1,0.985857026342313,"1_of_4"
"BLVRB",1,1,0.985255416712506,"1_of_4"
"CPNE3",1,1,0.984957528540124,"1_of_4"
"IKBKG",1,1,0.984794181492805,"1_of_4"
"TMTC3",1,1,0.984672261213893,"1_of_4"
"CAMTA1",1,1,0.984277443700281,"1_of_4"
"MFN2",1,1,0.983751222308581,"1_of_4"
"COL23A1",1,1,0.98347971084143,"1_of_4"
"RNF24",1,1,0.983016821441839,"1_of_4"
"INTU",1,1,0.982891762118281,"1_of_4"
"GMCL2",1,1,0.982779272929227,"1_of_4"
"SEMA6B",1,1,0.982716053419442,"1_of_4"
"AARD",1,1,0.982660686282763,"1_of_4"
"UNC93A",1,1,0.982476067682469,"1_of_4"
"EDNRA",1,1,0.982288469297006,"1_of_4"
"CHRFAM7A",1,1,0.982183598976467,"1_of_4"
"LZTS1",1,1,0.982068076445485,"1_of_4"
"NOA1",1,1,0.981976617558206,"1_of_4"
"APPL2",1,1,0.981941756790037,"1_of_4"
"HIP1R",1,1,0.981758801036475,"1_of_4"
"ZNF507",1,1,0.981606393463742,"1_of_4"
"HNRNPH1",1,1,0.981315072290241,"1_of_4"
"A4GALT",1,1,0.981294896835559,"1_of_4"
"ESF1",1,1,0.980068979762349,"1_of_4"
"LRRTM1",1,1,0.979961716690621,"1_of_4"
"EEF1AKNMT",1,1,0.979163682062882,"1_of_4"
"DERL2",1,1,0.978841376640557,"1_of_4"
"ZNF492",1,1,0.978365373355499,"1_of_4"
"ZNF718",1,1,0.978295598687573,"1_of_4"
"LINC00634",1,1,0.978174541987372,"1_of_4"
"SMURF1",1,1,0.978168972661171,"1_of_4"
"MAX",1,1,0.978089326415736,"1_of_4"
"C2CD4B",1,1,0.977954998487129,"1_of_4"
"TTC8",1,1,0.977928521812541,"1_of_4"
"BAG6",1,1,0.977788451651233,"1_of_4"
"RPL28",1,1,0.977644189564209,"1_of_4"
"CYREN",1,1,0.977506108234576,"1_of_4"
"SMO",1,1,0.977343410565353,"1_of_4"
"PACC1",1,1,0.977207219867615,"1_of_4"
"DEAF1",1,1,0.977154148629473,"1_of_4"
"HSD17B8",1,1,0.976723308595046,"1_of_4"
"PPP4R1",1,1,0.976406451082079,"1_of_4"
"GRSF1",1,1,0.976141235800416,"1_of_4"
"ABCC1",1,1,0.975510662630403,"1_of_4"
"PTPRA",1,1,0.975330039547031,"1_of_4"
"VASP",1,1,0.974958159053189,"1_of_4"
"SRP19",1,1,0.974882967004262,"1_of_4"
"CHST1",1,1,0.974646972353112,"1_of_4"
"AC108941.2",1,1,0.9745901157111,"1_of_4"
"KIF3A",1,1,0.974498872067314,"1_of_4"
"TREX2",1,1,0.974378972303094,"1_of_4"
"JUP",1,1,0.974345960637974,"1_of_4"
"WDR33",1,1,0.9743385105751,"1_of_4"
"CNOT6L",1,1,0.974295254763466,"1_of_4"
"AC114267.1",1,1,0.973736504227831,"1_of_4"
"ETHE1",1,1,0.973460707842631,"1_of_4"
"CD160",1,1,0.973385933364056,"1_of_4"
"AGO3",1,1,0.973166395696001,"1_of_4"
"AC068946.2",1,1,0.972912713144237,"1_of_4"
"CD200R1",1,1,0.972637494400802,"1_of_4"
"MAP3K11",1,1,0.972577645416334,"1_of_4"
"RBFOX3",1,1,0.972490032814299,"1_of_4"
"HADHB",1,1,0.972102615666994,"1_of_4"
"NID2",1,1,0.972033788427253,"1_of_4"
"RAB8A",1,1,0.972026191117174,"1_of_4"
"ESX1",1,1,0.971842848393001,"1_of_4"
"NFKBIE",1,1,0.971771547451383,"1_of_4"
"ATF5",1,1,0.971362428900626,"1_of_4"
"LMO1",1,1,0.971296598417878,"1_of_4"
"GPR19",1,1,0.971201060295094,"1_of_4"
"HAS2",1,1,0.971190107728547,"1_of_4"
"HPN",1,1,0.971181556477938,"1_of_4"
"TRAF7",1,1,0.971164702590494,"1_of_4"
"ATP6V0D1",1,1,0.970911686768189,"1_of_4"
"PARP4",1,1,0.970542236415088,"1_of_4"
"EHD4",1,1,0.970359385954283,"1_of_4"
"IFIH1",1,1,0.970133045653381,"1_of_4"
"HSPA12A",1,1,0.969805882131056,"1_of_4"
"DNAJB14",1,1,0.969773728129579,"1_of_4"
"TTI2",1,1,0.96971612302444,"1_of_4"
"NKD1",1,1,0.969619907882267,"1_of_4"
"POMT2",1,1,0.969552679985842,"1_of_4"
"PIWIL1",1,1,0.969177165342163,"1_of_4"
"RHEBL1",1,1,0.969057794301536,"1_of_4"
"COX7A2",1,1,0.9688073111746,"1_of_4"
"ZC3H12C",1,1,0.96863286613195,"1_of_4"
"KCNAB1",1,1,0.968570534901948,"1_of_4"
"IDS",1,1,0.968517360725137,"1_of_4"
"UNK",1,1,0.96813583259502,"1_of_4"
"AC005041.1",1,1,0.967970562632402,"1_of_4"
"WDR37",1,1,0.967952577524229,"1_of_4"
"LRCH1",1,1,0.967164262272699,"1_of_4"
"PTGES3L.AARSD1",1,1,0.967031245229196,"1_of_4"
"RYR1",1,1,0.966913524120302,"1_of_4"
"STX16",1,1,0.966588477432458,"1_of_4"
"ADAMTS5",1,1,0.96656776443904,"1_of_4"
"CC2D1A",1,1,0.966129748889037,"1_of_4"
"AGPAT4",1,1,0.965902125976246,"1_of_4"
"VPS28",1,1,0.965794655205783,"1_of_4"
"CBX2",1,1,0.964967711887289,"1_of_4"
"AGL",1,1,0.964860546487584,"1_of_4"
"ITLN1",1,1,0.964491100455998,"1_of_4"
"EFCAB14",1,1,0.964230077105898,"1_of_4"
"CENPC",1,1,0.964151716250157,"1_of_4"
"STAG2",1,1,0.963988344441691,"1_of_4"
"CHI3L1",1,1,0.963838349423263,"1_of_4"
"SUFU",1,1,0.963755046646949,"1_of_4"
"KRT33B",1,1,0.963547922580572,"1_of_4"
"SDC4",1,1,0.963283854369102,"1_of_4"
"KCNJ2",1,1,0.963219488078994,"1_of_4"
"CCNA1",1,1,0.96271825643819,"1_of_4"
"CD207",1,1,0.962685281393133,"1_of_4"
"USPL1",1,1,0.9625482444085,"1_of_4"
"EVC2",1,1,0.96250046619533,"1_of_4"
"DOCK7",1,1,0.962364677212014,"1_of_4"
"RAD51AP2",1,1,0.961887702182224,"1_of_4"
"CCDC59",1,1,0.960922313050046,"1_of_4"
"PRDM5",1,1,0.960845598466895,"1_of_4"
"E2F5",1,1,0.960658915257872,"1_of_4"
"SEMA6D",1,1,0.960600949749048,"1_of_4"
"CLDN18",1,1,0.960527165453609,"1_of_4"
"NDUFS3",1,1,0.960491489631861,"1_of_4"
"MIS12",1,1,0.960444076041096,"1_of_4"
"SMUG1",1,1,0.96039192124672,"1_of_4"
"SH3GL3",1,1,0.959894102574598,"1_of_4"
"NEUROG2",1,1,0.959802887353753,"1_of_4"
"PPP2R3A",1,1,0.9597378811768,"1_of_4"
"RABGGTB",1,1,0.959652247905704,"1_of_4"
"ACOT11",1,1,0.959605984256805,"1_of_4"
"DYDC2",1,1,0.959006362661957,"1_of_4"
"CNTNAP2",1,1,0.958948834257228,"1_of_4"
"EIF3E",1,1,0.958614767595192,"1_of_4"
"CRTC3",1,1,0.958534514862164,"1_of_4"
"VN1R1",1,1,0.958484092665444,"1_of_4"
"CTSE",1,1,0.958118862410568,"1_of_4"
"ADI1",1,1,0.957339421364532,"1_of_4"
"ICMT",1,1,0.957084930401004,"1_of_4"
"ZNF621",1,1,0.957081834285897,"1_of_4"
"TLCD1",1,1,0.956673144192308,"1_of_4"
"RPS19",1,1,0.956472214808716,"1_of_4"
"SFXN4",1,1,0.956446624427528,"1_of_4"
"UBE2Q2L",1,1,0.95607263261343,"1_of_4"
"SLC25A21",1,1,0.955950744010459,"1_of_4"
"PRPF38B",1,1,0.955664525225403,"1_of_4"
"DRC1",1,1,0.955650417634972,"1_of_4"
"PCK2",1,1,0.955339218374122,"1_of_4"
"OTOF",1,1,0.955136145944731,"1_of_4"
"TEX261",1,1,0.955048349675372,"1_of_4"
"GPR160",1,1,0.954863361915135,"1_of_4"
"HCAR3",1,1,0.954504064437712,"1_of_4"
"GFRA1",1,1,0.954014212068113,"1_of_4"
"CCDC87",1,1,0.953849739602126,"1_of_4"
"GK5",1,1,0.953698991914176,"1_of_4"
"PRPF6",1,1,0.953219905849374,"1_of_4"
"CFAP20",1,1,0.951906606385272,"1_of_4"
"NT5C2",1,1,0.951519215290141,"1_of_4"
"SRGN",1,1,0.951197454405321,"1_of_4"
"RBPJ",1,1,0.951145758207623,"1_of_4"
"ZNF813",1,1,0.951045973937796,"1_of_4"
"ATF4",1,1,0.950955102305155,"1_of_4"
"NKX2.2",1,1,0.950798732423084,"1_of_4"
"FCRL5",1,1,0.950539750751095,"1_of_4"
"RANBP3L",1,1,0.950535039326475,"1_of_4"
"SOCS5",1,1,0.950458522207575,"1_of_4"
"ZC3HAV1",1,1,0.950364948033148,"1_of_4"
"SPDYE3",1,1,0.950358886530976,"1_of_4"
"NUDT16",1,1,0.95022701209865,"1_of_4"
"YLPM1",1,1,0.949870531491045,"1_of_4"
"ATG9A",1,1,0.949817729563307,"1_of_4"
"RNF19A",1,1,0.949624091431878,"1_of_4"
"MCCC1",1,1,0.949590396063868,"1_of_4"
"CDC5L",1,1,0.948881372291227,"1_of_4"
"CDK17",1,1,0.948493082527054,"1_of_4"
"ZNF346",1,1,0.94795975499625,"1_of_4"
"PDPR",1,1,0.947737081739961,"1_of_4"
"WNK1",1,1,0.947544214840029,"1_of_4"
"TENT2",1,1,0.947405392871316,"1_of_4"
"SRC",1,1,0.94739664014751,"1_of_4"
"TET1",1,1,0.94729106444583,"1_of_4"
"ADIPOR1",1,1,0.946803000494761,"1_of_4"
"B4GALT1",1,1,0.946494199674021,"1_of_4"
"CABCOCO1",1,1,0.94625765336702,"1_of_4"
"NCDN",1,1,0.946111027301366,"1_of_4"
"ABCG2",1,1,0.94564952718803,"1_of_4"
"CPA3",1,1,0.945628384185914,"1_of_4"
"JPT2",1,1,0.945564844775456,"1_of_4"
"SDHA",1,1,0.945458686113942,"1_of_4"
"FLII",1,1,0.94518296320828,"1_of_4"
"PLA1A",1,1,0.945020093755981,"1_of_4"
"TPST1",1,1,0.944881115952632,"1_of_4"
"FCHSD2",1,1,0.944705239307025,"1_of_4"
"MRE11",1,1,0.94456491403674,"1_of_4"
"GOLM1",1,1,0.944559970587936,"1_of_4"
"TECPR2",1,1,0.944347058513569,"1_of_4"
"MRPL44",1,1,0.944158993171088,"1_of_4"
"IL23A",1,1,0.943937077663554,"1_of_4"
"MEX3D",1,1,0.943778109631086,"1_of_4"
"DCUN1D3",1,1,0.943618373937058,"1_of_4"
"FAM169A",1,1,0.943500347273734,"1_of_4"
"FCF1",1,1,0.943270648256404,"1_of_4"
"RSPH14",1,1,0.942996862052383,"1_of_4"
"PDIA3",1,1,0.942696818816362,"1_of_4"
"EFCAB1",1,1,0.942506911492492,"1_of_4"
"FEZF1",1,1,0.942388549960831,"1_of_4"
"CCDC88A",1,1,0.942074867789463,"1_of_4"
"FIG4",1,1,0.942030335991127,"1_of_4"
"TSKU",1,1,0.941943988455284,"1_of_4"
"KCNH1",1,1,0.941819591237673,"1_of_4"
"ITCH",1,1,0.941064465635693,"1_of_4"
"SELENBP1",1,1,0.940680315311623,"1_of_4"
"FAM78B",1,1,0.940109663334256,"1_of_4"
"TRIM11",1,1,0.940086454529105,"1_of_4"
"AP1G1",1,1,0.940006219890158,"1_of_4"
"LYZ",1,1,0.93978811451588,"1_of_4"
"RSRC1",1,1,0.939643127140528,"1_of_4"
"CCDC130",1,1,0.939599368343407,"1_of_4"
"ABCB9",1,1,0.939538918677727,"1_of_4"
"DMRT2",1,1,0.939506168022798,"1_of_4"
"TRMT10C",1,1,0.939484676664875,"1_of_4"
"ZNF829",1,1,0.93907147096003,"1_of_4"
"NDUFA10",1,1,0.938979025896821,"1_of_4"
"EFNA2",1,1,0.938510610385088,"1_of_4"
"LITAF",1,1,0.938486149096919,"1_of_4"
"RTCA",1,1,0.938455457150452,"1_of_4"
"CCR10",1,1,0.938415391051466,"1_of_4"
"FOXI1",1,1,0.938211944597669,"1_of_4"
"KIDINS220",1,1,0.938197647714868,"1_of_4"
"DTNA",1,1,0.93786542879479,"1_of_4"
"TMEM230",1,1,0.937661325122977,"1_of_4"
"IFT43",1,1,0.937282779644002,"1_of_4"
"SFXN3",1,1,0.937238666670716,"1_of_4"
"CIB2",1,1,0.93608134634587,"1_of_4"
"FAM189B",1,1,0.936010842968559,"1_of_4"
"ZNF576",1,1,0.936010355791431,"1_of_4"
"RBP7",1,1,0.935911307377746,"1_of_4"
"OPHN1",1,1,0.935847468652912,"1_of_4"
"MCM9",1,1,0.935806831253655,"1_of_4"
"ZNF556",1,1,0.935700094553792,"1_of_4"
"TFRC",1,1,0.935517284792595,"1_of_4"
"CALML6",1,1,0.935369209273688,"1_of_4"
"LRRC24",1,1,0.935318253723275,"1_of_4"
"FAM183A",1,1,0.935139015677532,"1_of_4"
"SLC7A10",1,1,0.935022459277721,"1_of_4"
"SCAF4",1,1,0.934921710225249,"1_of_4"
"A2M",1,1,0.934653020886221,"1_of_4"
"CDKN1B",1,1,0.934217316391948,"1_of_4"
"INTS13",1,1,0.933877306176067,"1_of_4"
"ARIH2OS",1,1,0.933873257328387,"1_of_4"
"UBE2A",1,1,0.932957236039167,"1_of_4"
"CAMSAP2",1,1,0.932535230522368,"1_of_4"
"ZYG11B",1,1,0.932427318027886,"1_of_4"
"CFAP47",1,1,0.932425979020793,"1_of_4"
"RPAP1",1,1,0.932350030102824,"1_of_4"
"PRORP",1,1,0.932306681957554,"1_of_4"
"DHRS1",1,1,0.931893435525519,"1_of_4"
"PLA2G12A",1,1,0.931306652484175,"1_of_4"
"AGO1",1,1,0.931258659400157,"1_of_4"
"LAX1",1,1,0.931165105218386,"1_of_4"
"RGS18",1,1,0.930823479222425,"1_of_4"
"LARP1B",1,1,0.930712921921305,"1_of_4"
"TMCO6",1,1,0.930261034800381,"1_of_4"
"NOP10",1,1,0.930052714850685,"1_of_4"
"GRPEL2",1,1,0.930043188757252,"1_of_4"
"ADAT1",1,1,0.929938334762999,"1_of_4"
"FAHD2A",1,1,0.929230908298964,"1_of_4"
"TMEM17",1,1,0.92914002715909,"1_of_4"
"HOXC12",1,1,0.929017914643786,"1_of_4"
"SHISA5",1,1,0.928628471645444,"1_of_4"
"AC013470.2",1,1,0.928532432585029,"1_of_4"
"PRDM8",1,1,0.928514569983555,"1_of_4"
"KANK4",1,1,0.928332357769041,"1_of_4"
"TOMM20",1,1,0.92820396538861,"1_of_4"
"SNX24",1,1,0.927599238371462,"1_of_4"
"TSTD1",1,1,0.927510048610426,"1_of_4"
"RIOK2",1,1,0.927328896619879,"1_of_4"
"CALU",1,1,0.92728091571892,"1_of_4"
"RDH13",1,1,0.927240574097879,"1_of_4"
"EYA2",1,1,0.927051019924269,"1_of_4"
"ARV1",1,1,0.926901261260506,"1_of_4"
"BRD3",1,1,0.926748954311791,"1_of_4"
"MRPL30",1,1,0.926703386208305,"1_of_4"
"ABCB8",1,1,0.926509424699678,"1_of_4"
"MRPL32",1,1,0.92626152490117,"1_of_4"
"CLSTN2",1,1,0.925408896840016,"1_of_4"
"CXorf38",1,1,0.925372545195593,"1_of_4"
"SHB",1,1,0.924968833720142,"1_of_4"
"SEC11C",1,1,0.924930026085273,"1_of_4"
"MAFG",1,1,0.924915654050627,"1_of_4"
"CBLL1",1,1,0.924828979913907,"1_of_4"
"PLA2G7",1,1,0.924464968276123,"1_of_4"
"KLKB1",1,1,0.924452299087139,"1_of_4"
"HSPA5",1,1,0.923936951440634,"1_of_4"
"PSD2",1,1,0.923914896691936,"1_of_4"
"AP1M1",1,1,0.923900667587462,"1_of_4"
"BRWD1",1,1,0.923845535602978,"1_of_4"
"CEBPZ",1,1,0.923738222750998,"1_of_4"
"DOC2B",1,1,0.923665646163473,"1_of_4"
"PDE4A",1,1,0.923555880497992,"1_of_4"
"EPN1",1,1,0.92224562991044,"1_of_4"
"CRLS1",1,1,0.922195841071353,"1_of_4"
"PPFIBP1",1,1,0.922170054840802,"1_of_4"
"PCNX4",1,1,0.922038373242614,"1_of_4"
"ISL1",1,1,0.921098230173392,"1_of_4"
"DDX27",1,1,0.921088290195715,"1_of_4"
"S100A13",1,1,0.921028194636183,"1_of_4"
"PROSER1",1,1,0.920987264232419,"1_of_4"
"HEATR1",1,1,0.92087998310899,"1_of_4"
"KCTD18",1,1,0.920618449484915,"1_of_4"
"DMXL1",1,1,0.920555157855884,"1_of_4"
"MED31",1,1,0.920407846020804,"1_of_4"
"OAZ1",1,1,0.920240157367825,"1_of_4"
"CPSF6",1,1,0.920025124336374,"1_of_4"
"NIT1",1,1,0.920001515867978,"1_of_4"
"TP53BP1",1,1,0.91943375862255,"1_of_4"
"CFAP52",1,1,0.919165399712129,"1_of_4"
"MTRNR2L12",1,1,0.918920872466931,"1_of_4"
"UIMC1",1,1,0.918125880653868,"1_of_4"
"SCOC",1,1,0.91806000201996,"1_of_4"
"GPM6B",1,1,0.917993449655921,"1_of_4"
"TUBB1",1,1,0.917729314236123,"1_of_4"
"ZBED5",1,1,0.91762218316228,"1_of_4"
"KMO",1,1,0.917521117521121,"1_of_4"
"DYNLRB1",1,1,0.917228815572965,"1_of_4"
"ZNF330",1,1,0.916601584036568,"1_of_4"
"CTDSPL2",1,1,0.91634533042939,"1_of_4"
"CARM1",1,1,0.916306668098119,"1_of_4"
"COQ8A",1,1,0.916088034108669,"1_of_4"
"DHX32",1,1,0.915940407513131,"1_of_4"
"NDUFC2",1,1,0.915757473056835,"1_of_4"
"CEP170B",1,1,0.915692398976818,"1_of_4"
"ZFP91",1,1,0.915611375414529,"1_of_4"
"SMG7",1,1,0.915198351828713,"1_of_4"
"BCL2L13",1,1,0.915059644132205,"1_of_4"
"KRT38",1,1,0.914996014969528,"1_of_4"
"PTPRO",1,1,0.914648171830732,"1_of_4"
"DCAF16",1,1,0.914109853129395,"1_of_4"
"CEP44",1,1,0.913946461653642,"1_of_4"
"PPM1D",1,1,0.913917625037675,"1_of_4"
"RTL6",1,1,0.913329634713963,"1_of_4"
"RPL9",1,1,0.912932144102232,"1_of_4"
"ARHGEF10",1,1,0.912596957493025,"1_of_4"
"CREB3",1,1,0.912350672964942,"1_of_4"
"ANKS1B",1,1,0.91216599869647,"1_of_4"
"SLC37A3",1,1,0.911835530279254,"1_of_4"
"OSGIN1",1,1,0.911770366643712,"1_of_4"
"TMPRSS7",1,1,0.911681335733342,"1_of_4"
"ERMP1",1,1,0.911632499253134,"1_of_4"
"ZCCHC14",1,1,0.910955694867119,"1_of_4"
"NAT10",1,1,0.910819594063184,"1_of_4"
"GPIHBP1",1,1,0.910350983991864,"1_of_4"
"CACNA2D3",1,1,0.909436443910871,"1_of_4"
"SEPTIN8",1,1,0.909265025133595,"1_of_4"
"AAAS",1,1,0.909087363215368,"1_of_4"
"PHF20",1,1,0.908509773959123,"1_of_4"
"VEZF1",1,1,0.908439587431117,"1_of_4"
"TXNL4B",1,1,0.908385624915671,"1_of_4"
"PGM1",1,1,0.908351682619581,"1_of_4"
"TOX3",1,1,0.908142402166198,"1_of_4"
"ZBTB26",1,1,0.907974312715196,"1_of_4"
"CHTF8",1,1,0.907743874072094,"1_of_4"
"BRK1",1,1,0.907707876790566,"1_of_4"
"IPO11",1,1,0.907494646238703,"1_of_4"
"TGFBRAP1",1,1,0.907319722795068,"1_of_4"
"SCN2A",1,1,0.907210497190868,"1_of_4"
"CFAP54",1,1,0.907112655752333,"1_of_4"
"EAPP",1,1,0.906892564377848,"1_of_4"
"ZNF676",1,1,0.906669588392688,"1_of_4"
"ARHGAP28",1,1,0.906618532482835,"1_of_4"
"RRP1B",1,1,0.906129143777708,"1_of_4"
"SLC16A3",1,1,0.906046815352066,"1_of_4"
"WRN",1,1,0.90547578406031,"1_of_4"
"TMEM181",1,1,0.905342170728245,"1_of_4"
"BAG3",1,1,0.905273081806216,"1_of_4"
"C11orf49",1,1,0.905179622221291,"1_of_4"
"ARCN1",1,1,0.905043022475102,"1_of_4"
"MTMR9",1,1,0.904599040742203,"1_of_4"
"JMJD6",1,1,0.904304301283224,"1_of_4"
"COPB1",1,1,0.903851888515047,"1_of_4"
"SEMA3G",1,1,0.903735337524324,"1_of_4"
"SGF29",1,1,0.903502900158655,"1_of_4"
"CAMK1G",1,1,0.903164729551232,"1_of_4"
"TRIM65",1,1,0.903027341340779,"1_of_4"
"ACTC1",1,1,0.902934762084995,"1_of_4"
"SFT2D1",1,1,0.90257655608932,"1_of_4"
"OSGEP",1,1,0.902320974363113,"1_of_4"
"ZNF706",1,1,0.90208995226492,"1_of_4"
"MB21D2",1,1,0.901566154946126,"1_of_4"
"STAT1",1,1,0.901330805235639,"1_of_4"
"SEC16B",1,1,0.901158380773846,"1_of_4"
"MCRS1",1,1,0.900970598122389,"1_of_4"
"DPYSL3",1,1,0.900276251095243,"1_of_4"
"USO1",1,1,0.900260416976775,"1_of_4"
"SIRPB2",1,1,0.900082080412757,"1_of_4"
"CXCL12",1,1,0.899995093188562,"1_of_4"
"CLTCL1",1,1,0.899726264066518,"1_of_4"
"ZMIZ2",1,1,0.899717722796202,"1_of_4"
"WASHC3",1,1,0.89948188560967,"1_of_4"
"THTPA",1,1,0.899463803370384,"1_of_4"
"PROSER2",1,1,0.899302861158033,"1_of_4"
"NUTM1",1,1,0.899259441848031,"1_of_4"
"COQ8B",1,1,0.898972278599182,"1_of_4"
"TEX29",1,1,0.898969923042756,"1_of_4"
"CNTF",1,1,0.898752032734775,"1_of_4"
"NDUFA3",1,1,0.898717885095366,"1_of_4"
"PIGO",1,1,0.898591941261843,"1_of_4"
"CLN8",1,1,0.897991630371207,"1_of_4"
"THOC6",1,1,0.897825507215534,"1_of_4"
"XKR3",1,1,0.897629522891018,"1_of_4"
"ECSIT",1,1,0.897270675314167,"1_of_4"
"BTBD6",1,1,0.896007988471993,"1_of_4"
"GCA",1,1,0.895790698071913,"1_of_4"
"EIF3F",1,1,0.895701760567855,"1_of_4"
"LIN7C",1,1,0.895564905144441,"1_of_4"
"RHEB",1,1,0.893994431672521,"1_of_4"
"SLC10A4",1,1,0.89375748469265,"1_of_4"
"ZSWIM7",1,1,0.893633651867371,"1_of_4"
"ISM2",1,1,0.893474229991261,"1_of_4"
"KIAA1324L",1,1,0.89338151722594,"1_of_4"
"EIF5B",1,1,0.893288546783968,"1_of_4"
"SPRED3",1,1,0.892778621251213,"1_of_4"
"ZNF875",1,1,0.89248541436449,"1_of_4"
"SSUH2",1,1,0.892269671917244,"1_of_4"
"IVD",1,1,0.891914854511372,"1_of_4"
"BRICD5",1,1,0.891749096463909,"1_of_4"
"MGAT4C",1,1,0.891426999893024,"1_of_4"
"GABPB1",1,1,0.891408755030594,"1_of_4"
"CALML3",1,1,0.891407678020483,"1_of_4"
"QKI",1,1,0.891337212991131,"1_of_4"
"UBOX5",1,1,0.891064286987749,"1_of_4"
"MRPL2",1,1,0.891037253613078,"1_of_4"
"RBM3",1,1,0.89087179279233,"1_of_4"
"CCDC106",1,1,0.89083812426096,"1_of_4"
"NSMCE3",1,1,0.890741910539794,"1_of_4"
"HCFC2",1,1,0.890593762257364,"1_of_4"
"LRRC14",1,1,0.89013638397316,"1_of_4"
"LATS1",1,1,0.889949511032626,"1_of_4"
"DCTN2",1,1,0.889592684086003,"1_of_4"
"TRANK1",1,1,0.889377552394919,"1_of_4"
"ZMYM1",1,1,0.889267320945555,"1_of_4"
"FLT1",1,1,0.889093721576809,"1_of_4"
"MYLK2",1,1,0.888503324618756,"1_of_4"
"PCBP2",1,1,0.888399821270884,"1_of_4"
"CTPS2",1,1,0.888188674242444,"1_of_4"
"USP30",1,1,0.887110511913451,"1_of_4"
"TAF2",1,1,0.887068756024513,"1_of_4"
"CDC42",1,1,0.886982302017386,"1_of_4"
"NPSR1",1,1,0.886463075230449,"1_of_4"
"YTHDF3",1,1,0.885523247748939,"1_of_4"
"STT3A",1,1,0.88546349177507,"1_of_4"
"FASTK",1,1,0.88530460116648,"1_of_4"
"CDK5",1,1,0.88499569540255,"1_of_4"
"ENTPD4",1,1,0.884958609203512,"1_of_4"
"RSF1",1,1,0.884892582308235,"1_of_4"
"PPIE",1,1,0.884754519634458,"1_of_4"
"SRD5A3",1,1,0.884599514209513,"1_of_4"
"SHISA2",1,1,0.884548197502619,"1_of_4"
"PEAR1",1,1,0.884544515160108,"1_of_4"
"MTRNR2L8",1,1,0.883907296063714,"1_of_4"
"USP6NL",1,1,0.883714120186817,"1_of_4"
"MTMR11",1,1,0.883467712088644,"1_of_4"
"FKBP1C",1,1,0.883161677624174,"1_of_4"
"GNAI2",1,1,0.882991177893053,"1_of_4"
"FEM1C",1,1,0.882897752580292,"1_of_4"
"TMEM190",1,1,0.882747241972864,"1_of_4"
"IRF2BPL",1,1,0.882422911901392,"1_of_4"
"DIS3L2",1,1,0.882412879590596,"1_of_4"
"FAM135A",1,1,0.882238647376192,"1_of_4"
"FARS2",1,1,0.882144801351638,"1_of_4"
"ABHD14A",1,1,0.882117689785401,"1_of_4"
"PYCARD",1,1,0.882048240062919,"1_of_4"
"ZNF572",1,1,0.882037807265898,"1_of_4"
"ATP10A",1,1,0.881920644906426,"1_of_4"
"USP7",1,1,0.881479896372211,"1_of_4"
"CREG1",1,1,0.881451861697796,"1_of_4"
"SNAPC3",1,1,0.881139146809109,"1_of_4"
"TBC1D19",1,1,0.881086150154331,"1_of_4"
"THOC2",1,1,0.880959284432439,"1_of_4"
"RCN1",1,1,0.880942456074611,"1_of_4"
"ELMOD2",1,1,0.880778499015012,"1_of_4"
"CLSTN1",1,1,0.880690099576493,"1_of_4"
"SCMH1",1,1,0.880593310118549,"1_of_4"
"POF1B",1,1,0.880538653554243,"1_of_4"
"IGSF9B",1,1,0.880507223698381,"1_of_4"
"FBXL5",1,1,0.880486352378409,"1_of_4"
"RAB1B",1,1,0.880418628716619,"1_of_4"
"HOXB4",1,1,0.880375903812735,"1_of_4"
"SLC12A4",1,1,0.880204267146808,"1_of_4"
"IPMK",1,1,0.8799518768281,"1_of_4"
"ZNF506",1,1,0.87995007096548,"1_of_4"
"SAFB",1,1,0.879928874079158,"1_of_4"
"SEC23B",1,1,0.879749299454351,"1_of_4"
"DNAJA2",1,1,0.87962947384101,"1_of_4"
"ABCC2",1,1,0.879443805954506,"1_of_4"
"FKBP1A",1,1,0.879321565857037,"1_of_4"
"ALG8",1,1,0.878742754350752,"1_of_4"
"PADI4",1,1,0.878632707802419,"1_of_4"
"TET3",1,1,0.878413047562407,"1_of_4"
"TRIT1",1,1,0.878209823466777,"1_of_4"
"AIM2",1,1,0.878015170296403,"1_of_4"
"ZNF727",1,1,0.877978633987889,"1_of_4"
"ENDOD1",1,1,0.877910906476815,"1_of_4"
"PHF20L1",1,1,0.877848607506279,"1_of_4"
"XAGE2",1,1,0.877751032274325,"1_of_4"
"DNAJC25",1,1,0.877688111379654,"1_of_4"
"NSA2",1,1,0.877114909588111,"1_of_4"
"FRYL",1,1,0.876879023272281,"1_of_4"
"FBXO48",1,1,0.876481899147637,"1_of_4"
"TBXT",1,1,0.876473298888808,"1_of_4"
"RABGEF1",1,1,0.87624561986407,"1_of_4"
"FAM133B",1,1,0.876167653301313,"1_of_4"
"CETN2",1,1,0.875984631750357,"1_of_4"
"ANKS3",1,1,0.875878260688555,"1_of_4"
"FBXO39",1,1,0.875850368732341,"1_of_4"
"ZGLP1",1,1,0.87578734782669,"1_of_4"
"VARS2",1,1,0.875750362667713,"1_of_4"
"ZNF223",1,1,0.875511429878306,"1_of_4"
"PARM1",1,1,0.87549565209487,"1_of_4"
"NEK10",1,1,0.875490320305743,"1_of_4"
"RAP2A",1,1,0.875395027903731,"1_of_4"
"MARK3",1,1,0.875223160825082,"1_of_4"
"CHMP5",1,1,0.874921036021234,"1_of_4"
"TMEM164",1,1,0.874767807954379,"1_of_4"
"SLC26A8",1,1,0.87476242628457,"1_of_4"
"RPS15A",1,1,0.874688287078172,"1_of_4"
"FRMD6",1,1,0.874389691454664,"1_of_4"
"KIF17",1,1,0.873684918133693,"1_of_4"
"ADRA2B",1,1,0.873665261145375,"1_of_4"
"ZNF559.ZNF177",1,1,0.873606913360526,"1_of_4"
"CLDN3",1,1,0.873601346299975,"1_of_4"
"CPA6",1,1,0.873201295391883,"1_of_4"
"ZNF799",1,1,0.873100909455556,"1_of_4"
"ACP1",1,1,0.87272180423383,"1_of_4"
"GEMIN5",1,1,0.872463121550846,"1_of_4"
"TBC1D22B",1,1,0.872395423104551,"1_of_4"
"SNTA1",1,1,0.872299886297003,"1_of_4"
"PSENEN",1,1,0.872233308061962,"1_of_4"
"UBE2D4",1,1,0.872139724334225,"1_of_4"
"RAB33B",1,1,0.872111379061287,"1_of_4"
"SCUBE2",1,1,0.871326954682101,"1_of_4"
"PRELID3B",1,1,0.871189114578486,"1_of_4"
"OCRL",1,1,0.871117549361359,"1_of_4"
"IKBKB",1,1,0.870909531694892,"1_of_4"
"SDAD1",1,1,0.87086535303614,"1_of_4"
"TGIF1",1,1,0.870830661411979,"1_of_4"
"ARF1",1,1,0.870828185927674,"1_of_4"
"GAS1",1,1,0.870315724288001,"1_of_4"
"DYNLT3",1,1,0.870223021234046,"1_of_4"
"ABHD17A",1,1,0.869986647123419,"1_of_4"
"RPS4X",1,1,0.869781810162408,"1_of_4"
"INF2",1,1,0.869290130075568,"1_of_4"
"VWDE",1,1,0.869063581879536,"1_of_4"
"MYOZ2",1,1,0.868978053142895,"1_of_4"
"LARS2",1,1,0.86889486835165,"1_of_4"
"NTS",1,1,0.868831047498643,"1_of_4"
"MDM2",1,1,0.868798617218183,"1_of_4"
"MAMSTR",1,1,0.868751417610647,"1_of_4"
"L3MBTL4",1,1,0.868732358511146,"1_of_4"
"MSI2",1,1,0.86833270521099,"1_of_4"
"UQCRH",1,1,0.868323170697455,"1_of_4"
"ZSCAN2",1,1,0.868261204718729,"1_of_4"
"VRTN",1,1,0.868210943525907,"1_of_4"
"TTC6",1,1,0.867755864775959,"1_of_4"
"CCDC115",1,1,0.86752446890764,"1_of_4"
"JUN",1,1,0.867438866271912,"1_of_4"
"ZFAND6",1,1,0.867347074595189,"1_of_4"
"NBPF15",1,1,0.866988231886645,"1_of_4"
"ETFA",1,1,0.866617204412718,"1_of_4"
"VCX",1,1,0.866555477760964,"1_of_4"
"LCN15",1,1,0.865945172714176,"1_of_4"
"MED24",1,1,0.865887210083174,"1_of_4"
"GTF2IRD2B",1,1,0.865466692936335,"1_of_4"
"LYNX1.SLURP2",1,1,0.865213356688443,"1_of_4"
"CUL4B",1,1,0.86508027023151,"1_of_4"
"SPTAN1",1,1,0.864878241563053,"1_of_4"
"BTN2A1",1,1,0.864681598414807,"1_of_4"
"C2orf68",1,1,0.864113312942816,"1_of_4"
"CALM3",1,1,0.863978964292355,"1_of_4"
"GREM2",1,1,0.863754211590115,"1_of_4"
"BBS5",1,1,0.863628877441995,"1_of_4"
"INO80B.WBP1",1,1,0.863451644742969,"1_of_4"
"TP53TG5",1,1,0.863339214980807,"1_of_4"
"CLDND1",1,1,0.863012663185158,"1_of_4"
"CCDC160",1,1,0.863005025423438,"1_of_4"
"GBP3",1,1,0.862803192079097,"1_of_4"
"ING3",1,1,0.862695036780782,"1_of_4"
"IMPAD1",1,1,0.862353686993712,"1_of_4"
"IRF1",1,1,0.862334651819888,"1_of_4"
"NRARP",1,1,0.862290490389685,"1_of_4"
"ECI1",1,1,0.862239409152975,"1_of_4"
"AC010326.1",1,1,0.862218137906904,"1_of_4"
"COMMD9",1,1,0.862070846321728,"1_of_4"
"DUSP12",1,1,0.861674282147326,"1_of_4"
"ZNHIT2",1,1,0.861516097987574,"1_of_4"
"HACE1",1,1,0.861469929899242,"1_of_4"
"AC243967.1",1,1,0.861226448411691,"1_of_4"
"ANKRD18A",1,1,0.86068494509843,"1_of_4"
"TAF4B",1,1,0.860260974555627,"1_of_4"
"AC021092.2",1,1,0.859257305538406,"1_of_4"
"NME5",1,1,0.859143756258781,"1_of_4"
"UBLCP1",1,1,0.858646008908135,"1_of_4"
"ATP5PO",1,1,0.858206044311589,"1_of_4"
"ERF",1,1,0.858159572749446,"1_of_4"
"LVRN",1,1,0.8579809674079,"1_of_4"
"AC004151.1",1,1,0.857781600153509,"1_of_4"
"TFDP2",1,1,0.857452371534823,"1_of_4"
"C2CD4A",1,1,0.857373298188012,"1_of_4"
"TSHZ1",1,1,0.857358637450286,"1_of_4"
"PRR20G",1,1,0.856723085219483,"1_of_4"
"LIPH",1,1,0.856535861962342,"1_of_4"
"MT.CO1",1,1,0.856242547350735,"1_of_4"
"ODAM",1,1,0.856156570651776,"1_of_4"
"PDE3B",1,1,0.856083020961829,"1_of_4"
"ARHGEF38",1,1,0.856003348127351,"1_of_4"
"SNX25",1,1,0.855977525354877,"1_of_4"
"FADS1",1,1,0.855762188170549,"1_of_4"
"RPL7",1,1,0.855656701037525,"1_of_4"
"ULK4",1,1,0.855631332102688,"1_of_4"
"CPSF3",1,1,0.855523779936673,"1_of_4"
"NEBL",1,1,0.855487185201102,"1_of_4"
"RNF181",1,1,0.855257263032966,"1_of_4"
"HSDL1",1,1,0.854781602755727,"1_of_4"
"BCAP31",1,1,0.854690740799261,"1_of_4"
"SERPIND1",1,1,0.854630333259215,"1_of_4"
"TNFRSF10B",1,1,0.854389011887029,"1_of_4"
"FITM1",1,1,0.853752899862944,"1_of_4"
"CAMK2G",1,1,0.853732581069978,"1_of_4"
"LMBRD2",1,1,0.853690091581246,"1_of_4"
"USH2A",1,1,0.85364773186394,"1_of_4"
"PKHD1",1,1,0.853011678941719,"1_of_4"
"TEN1",1,1,0.852976481120096,"1_of_4"
"SLC35E1",1,1,0.852472692723474,"1_of_4"
"PACSIN1",1,1,0.852404033206442,"1_of_4"
"ELOVL1",1,1,0.852039377677666,"1_of_4"
"VGLL4",1,1,0.851489849193818,"1_of_4"
"PPP6R2",1,1,0.851186343004362,"1_of_4"
"SMG5",1,1,0.851075291277905,"1_of_4"
"ITGB1BP1",1,1,0.850659204077295,"1_of_4"
"EDARADD",1,1,0.850480116763435,"1_of_4"
"TCAF1",1,1,0.850450545759007,"1_of_4"
"TXLNG",1,1,0.850129408668521,"1_of_4"
"MYO1A",1,1,0.849847849234686,"1_of_4"
"MTIF2",1,1,0.849397305970812,"1_of_4"
"FAM83H",1,1,0.849201686011356,"1_of_4"
"GATM",1,1,0.848686134599858,"1_of_4"
"RPL15",1,1,0.848092153621171,"1_of_4"
"ABCB1",1,1,0.847819292559957,"1_of_4"
"BACH1",1,1,0.847591488926045,"1_of_4"
"THPO",1,1,0.847062949125912,"1_of_4"
"XG",1,1,0.846854208524206,"1_of_4"
"FOXD3",1,1,0.846646969406738,"1_of_4"
"TNNT1",1,1,0.846364545738898,"1_of_4"
"URGCP",1,1,0.845986569213077,"1_of_4"
"VSTM4",1,1,0.845739372604466,"1_of_4"
"RAB4B",1,1,0.845462776065272,"1_of_4"
"PCDHA2",1,1,0.845409708173528,"1_of_4"
"TMEM35B",1,1,0.845189556437655,"1_of_4"
"CAMK4",1,1,0.845114306959603,"1_of_4"
"KCNJ4",1,1,0.845031229279561,"1_of_4"
"SELENOH",1,1,0.84478848409725,"1_of_4"
"MYRFL",1,1,0.844249610285116,"1_of_4"
"ELOVL7",1,1,0.843633759341745,"1_of_4"
"C1orf216",1,1,0.843611529896679,"1_of_4"
"MTREX",1,1,0.843543183122339,"1_of_4"
"NEK9",1,1,0.843531011322453,"1_of_4"
"PPME1",1,1,0.843256197892425,"1_of_4"
"TNKS",1,1,0.843051946494509,"1_of_4"
"TFB2M",1,1,0.842739901930011,"1_of_4"
"ATP2B2",1,1,0.842250622715419,"1_of_4"
"TMEM233",1,1,0.842096275672557,"1_of_4"
"NCK1",1,1,0.841978804896401,"1_of_4"
"TRMT1L",1,1,0.841920179955602,"1_of_4"
"CCDC102B",1,1,0.841722362200861,"1_of_4"
"SPECC1",1,1,0.841521751625137,"1_of_4"
"NAA20",1,1,0.841502856402335,"1_of_4"
"SLC5A4",1,1,0.841483585715491,"1_of_4"
"IQCE",1,1,0.841437579556165,"1_of_4"
"CHST13",1,1,0.841329253181872,"1_of_4"
"ARFIP1",1,1,0.841291443850019,"1_of_4"
"KLHDC7A",1,1,0.841056008849537,"1_of_4"
"FADS6",1,1,0.840958608061692,"1_of_4"
"CASP9",1,1,0.840919285628464,"1_of_4"
"ZC3H14",1,1,0.840297991440848,"1_of_4"
"ERGIC1",1,1,0.840152015851287,"1_of_4"
"RBP1",1,1,0.839817004402715,"1_of_4"
"SOX7",1,1,0.839717975782288,"1_of_4"
"PCDHA6",1,1,0.839688593350225,"1_of_4"
"MLC1",1,1,0.839648195608742,"1_of_4"
"ACOT9",1,1,0.839310617314762,"1_of_4"
"TRABD",1,1,0.839059521428076,"1_of_4"
"ZNF248",1,1,0.839053631547033,"1_of_4"
"PKNOX2",1,1,0.839038643455265,"1_of_4"
"RPL10",1,1,0.838922078748317,"1_of_4"
"B3GNTL1",1,1,0.83863930725233,"1_of_4"
"AP006333.1",1,1,0.838562557708513,"1_of_4"
"UQCR10",1,1,0.838194273148775,"1_of_4"
"CHN2",1,1,0.838090637676447,"1_of_4"
"BAG5",1,1,0.838080380099265,"1_of_4"
"AC011043.1",1,1,0.837952457694945,"1_of_4"
"LIX1",1,1,0.837827619903465,"1_of_4"
"GALNT4",1,1,0.837512956222012,"1_of_4"
"NOL9",1,1,0.837435025280039,"1_of_4"
"CREBBP",1,1,0.837166146893066,"1_of_4"
"UHRF1BP1",1,1,0.836772862827097,"1_of_4"
"TEC",1,1,0.836501220154307,"1_of_4"
"DNAH6",1,1,0.836063934999966,"1_of_4"
"RPL7A",1,1,0.835143653201173,"1_of_4"
"CNP",1,1,0.835065357376093,"1_of_4"
"MTMR2",1,1,0.83490105162488,"1_of_4"
"C1QTNF2",1,1,0.834898417437097,"1_of_4"
"DEF6",1,1,0.834548315432607,"1_of_4"
"TMEM63B",1,1,0.834337724568017,"1_of_4"
"ZNF322",1,1,0.833918479577497,"1_of_4"
"DEFB1",1,1,0.833789388774621,"1_of_4"
"KCTD20",1,1,0.83360005221385,"1_of_4"
"STARD3",1,1,0.833402518074401,"1_of_4"
"GRID2IP",1,1,0.833394321223684,"1_of_4"
"CDS2",1,1,0.833359760417057,"1_of_4"
"SEPTIN1",1,1,0.833285031616837,"1_of_4"
"ELP6",1,1,0.833254340241757,"1_of_4"
"WWP2",1,1,0.83286324630615,"1_of_4"
"PGS1",1,1,0.832599404587543,"1_of_4"
"NPM2",1,1,0.832125263260756,"1_of_4"
"SELL",1,1,0.832111483543903,"1_of_4"
"ETV2",1,1,0.832057068126605,"1_of_4"
"ZNF18",1,1,0.831464881832437,"1_of_4"
"NSMCE2",1,1,0.831117059751755,"1_of_4"
"MTA1",1,1,0.830029788054735,"1_of_4"
"NRM",1,1,0.829356808064431,"1_of_4"
"TYRP1",1,1,0.829138904397613,"1_of_4"
"SVBP",1,1,0.82894864935748,"1_of_4"
"DPEP1",1,1,0.828929231179572,"1_of_4"
"HSD3B1",1,1,0.828783991134025,"1_of_4"
"TNFRSF8",1,1,0.82875263685753,"1_of_4"
"USP9X",1,1,0.828495530588012,"1_of_4"
"CSNK2B",1,1,0.828339107453391,"1_of_4"
"USH1G",1,1,0.828195617534351,"1_of_4"
"RANBP6",1,1,0.82787064057913,"1_of_4"
"TMED5",1,1,0.827513693394504,"1_of_4"
"TNFRSF10A",1,1,0.827037219374156,"1_of_4"
"FLOT2",1,1,0.826792436669566,"1_of_4"
"LRWD1",1,1,0.82669929128533,"1_of_4"
"EXOSC4",1,1,0.825606522123055,"1_of_4"
"ZNF75A",1,1,0.825469999040219,"1_of_4"
"PEX7",1,1,0.825444425530389,"1_of_4"
"TXNRD2",1,1,0.825382021884915,"1_of_4"
"NDUFA1",1,1,0.825369001927813,"1_of_4"
"KANSL3",1,1,0.825327002118911,"1_of_4"
"MAFB",1,1,0.825297070648387,"1_of_4"
"USP35",1,1,0.824494592116902,"1_of_4"
"CALB2",1,1,0.824270215690754,"1_of_4"
"TAMM41",1,1,0.824146626480634,"1_of_4"
"RALY",1,1,0.824033468789747,"1_of_4"
"LBX2",1,1,0.823897677674669,"1_of_4"
"ZNF264",1,1,0.823683051386145,"1_of_4"
"LRRC8E",1,1,0.823367597335104,"1_of_4"
"GEMIN8",1,1,0.823316292226182,"1_of_4"
"AC022137.3",1,1,0.823302259731068,"1_of_4"
"TRMT5",1,1,0.823141239526404,"1_of_4"
"NECAB1",1,1,0.82283487365177,"1_of_4"
"PRKCD",1,1,0.822550814516276,"1_of_4"
"HBS1L",1,1,0.82253225023444,"1_of_4"
"TOR1B",1,1,0.822461527931804,"1_of_4"
"KLF12",1,1,0.822449236193635,"1_of_4"
"SFTPC",1,1,0.822236721733705,"1_of_4"
"SPINK5",1,1,0.822147049101167,"1_of_4"
"F13A1",1,1,0.822094741250601,"1_of_4"
"BRPF1",1,1,0.822053787988745,"1_of_4"
"TRIM56",1,1,0.821863072782454,"1_of_4"
"CHD4",1,1,0.821535242517206,"1_of_4"
"CFAP58",1,1,0.82146955260064,"1_of_4"
"CLDN12",1,1,0.821459122279568,"1_of_4"
"TFCP2",1,1,0.821278439558746,"1_of_4"
"STX8",1,1,0.820866093014466,"1_of_4"
"NIPSNAP1",1,1,0.819793464802963,"1_of_4"
"COX6A1",1,1,0.819197358383034,"1_of_4"
"USP40",1,1,0.818693647907867,"1_of_4"
"CDC37",1,1,0.818613047239525,"1_of_4"
"UGT1A7",1,1,0.818595487289107,"1_of_4"
"STRIP1",1,1,0.818205026215355,"1_of_4"
"VASH2",1,1,0.818152855643567,"1_of_4"
"GGTLC2",1,1,0.818018250521617,"1_of_4"
"ASB9",1,1,0.817883137665332,"1_of_4"
"FAM3D",1,1,0.817322329601968,"1_of_4"
"ITPRIP",1,1,0.817247928410683,"1_of_4"
"CSPP1",1,1,0.817026975973001,"1_of_4"
"MFSD10",1,1,0.816434873368553,"1_of_4"
"CCT3",1,1,0.8162733735604,"1_of_4"
"MKRN3",1,1,0.8158040447759,"1_of_4"
"IL27RA",1,1,0.815645921951485,"1_of_4"
"TUBG2",1,1,0.815604364637857,"1_of_4"
"SMCO4",1,1,0.81554987999673,"1_of_4"
"HCFC1",1,1,0.815545178185493,"1_of_4"
"GNL2",1,1,0.815539742522239,"1_of_4"
"HNRNPDL",1,1,0.815452625156419,"1_of_4"
"RPE65",1,1,0.815366852817705,"1_of_4"
"SPAST",1,1,0.815226400335648,"1_of_4"
"ADAM32",1,1,0.814770827601758,"1_of_4"
"FAM13A",1,1,0.81474030465681,"1_of_4"
"PLEKHG3",1,1,0.814527822992551,"1_of_4"
"ATRX",1,1,0.8141458647569,"1_of_4"
"CIAO2A",1,1,0.8139196355359,"1_of_4"
"POP5",1,1,0.81368689810918,"1_of_4"
"TMPRSS9",1,1,0.813679900932903,"1_of_4"
"HOXB7",1,1,0.813647370037194,"1_of_4"
"MSANTD1",1,1,0.813546729558917,"1_of_4"
"BCHE",1,1,0.813255485534353,"1_of_4"
"MRPL1",1,1,0.813224733328324,"1_of_4"
"UQCRC1",1,1,0.813035873628103,"1_of_4"
"PSMD5",1,1,0.812284480616126,"1_of_4"
"RIMKLB",1,1,0.812106391352341,"1_of_4"
"TADA3",1,1,0.812021361736667,"1_of_4"
"PFDN5",1,1,0.811904030337868,"1_of_4"
"EGLN1",1,1,0.811886610115473,"1_of_4"
"CYB5D1",1,1,0.811716906367872,"1_of_4"
"Z83844.1",1,1,0.811674595411255,"1_of_4"
"ABHD2",1,1,0.811520338014358,"1_of_4"
"SRL",1,1,0.811201086938852,"1_of_4"
"SCG3",1,1,0.811059755882964,"1_of_4"
"IAH1",1,1,0.810866391273561,"1_of_4"
"MTM1",1,1,0.810853748706172,"1_of_4"
"MIPEP",1,1,0.810540797821046,"1_of_4"
"SNURF",1,1,0.810448890595024,"1_of_4"
"LTO1",1,1,0.810329500218558,"1_of_4"
"PHC3",1,1,0.810180594336431,"1_of_4"
"RHBDL2",1,1,0.810095488753696,"1_of_4"
"RBM26",1,1,0.810007094386544,"1_of_4"
"B3GALT6",1,1,0.809796811625084,"1_of_4"
"TMEM189",1,1,0.809699688134092,"1_of_4"
"PIGT",1,1,0.809528309591321,"1_of_4"
"TSPAN14",1,1,0.80945309161889,"1_of_4"
"TRIOBP",1,1,0.809434236907262,"1_of_4"
"TCF3",1,1,0.809410156138726,"1_of_4"
"EN2",1,1,0.809208183870514,"1_of_4"
"FBXO41",1,1,0.808982316185756,"1_of_4"
"AKR7A2",1,1,0.808747976741281,"1_of_4"
"ZNF512",1,1,0.808480503014678,"1_of_4"
"ANKMY2",1,1,0.808382707040375,"1_of_4"
"SYT14",1,1,0.808130559570389,"1_of_4"
"MMP15",1,1,0.808087448439391,"1_of_4"
"ZNF700",1,1,0.808047817521107,"1_of_4"
"AMTN",1,1,0.807778040467684,"1_of_4"
"RPL31",1,1,0.807583973153428,"1_of_4"
"GTF2H1",1,1,0.807558560438226,"1_of_4"
"FBXO10",1,1,0.807198108759986,"1_of_4"
"FAM117B",1,1,0.807013229559538,"1_of_4"
"ERVFRD.1",1,1,0.806761456270829,"1_of_4"
"RPL27A",1,1,0.806713723370538,"1_of_4"
"STK35",1,1,0.806712607197303,"1_of_4"
"ANKRD27",1,1,0.80629943302406,"1_of_4"
"KEL",1,1,0.805917310730206,"1_of_4"
"ADCK2",1,1,0.805723825750215,"1_of_4"
"DMAC1",1,1,0.805039333118372,"1_of_4"
"UBE3D",1,1,0.804662568296528,"1_of_4"
"IPO13",1,1,0.804571770530804,"1_of_4"
"PSMB5",1,1,0.804213361069164,"1_of_4"
"TBC1D2B",1,1,0.804099464705452,"1_of_4"
"EDC4",1,1,0.803971880401535,"1_of_4"
"MBD4",1,1,0.803769464051978,"1_of_4"
"TOMM40L",1,1,0.803270593142901,"1_of_4"
"VPS37B",1,1,0.803155276775559,"1_of_4"
"CLEC2L",1,1,0.802922243817493,"1_of_4"
"SART3",1,1,0.802567080643603,"1_of_4"
"ANKRD46",1,1,0.802565945161248,"1_of_4"
"BORCS5",1,1,0.801910546540434,"1_of_4"
"UBE2QL1",1,1,0.801813349384143,"1_of_4"
"CFAP97",1,1,0.801809930908215,"1_of_4"
"ELMO2",1,1,0.801617313669227,"1_of_4"
"ZFP92",1,1,0.801521652204836,"1_of_4"
"EMC10",1,1,0.800967180768911,"1_of_4"
"CDH15",1,1,0.800603895146448,"1_of_4"
"MAPKBP1",1,1,0.800116373284152,"1_of_4"
"ZNF585B",1,1,0.799652601854322,"1_of_4"
"UTRN",1,1,0.799041847074992,"1_of_4"
"MSC",1,1,0.798963082418331,"1_of_4"
"RPLP0",1,1,0.798754940142415,"1_of_4"
"ITGB1",1,1,0.798512343665753,"1_of_4"
"BHMT2",1,1,0.798398448468798,"1_of_4"
"NPRL3",1,1,0.798212792857332,"1_of_4"
"C12orf10",1,1,0.798198935344434,"1_of_4"
"ZNF274",1,1,0.797443115135882,"1_of_4"
"DNAJC3",1,1,0.797219826917649,"1_of_4"
"RACK1",1,1,0.797134471190965,"1_of_4"
"ASB1",1,1,0.796736579781468,"1_of_4"
"NUDT4",1,1,0.796669710440709,"1_of_4"
"FAM53C",1,1,0.796541526296027,"1_of_4"
"GLMN",1,1,0.796537139766047,"1_of_4"
"CYP4F2",1,1,0.796453123358785,"1_of_4"
"SULT1A1",1,1,0.796242279465722,"1_of_4"
"ACO2",1,1,0.795991550028812,"1_of_4"
"IER2",1,1,0.794821686556065,"1_of_4"
"WDR36",1,1,0.794677055624611,"1_of_4"
"DFFA",1,1,0.794578774270239,"1_of_4"
"PRKD3",1,1,0.794338945253577,"1_of_4"
"CCNG1",1,1,0.793606339302137,"1_of_4"
"CCDC39",1,1,0.793398497276884,"1_of_4"
"ANKRD50",1,1,0.793251760985116,"1_of_4"
"CXCL10",1,1,0.793184290352351,"1_of_4"
"TCEAL3",1,1,0.79284390094594,"1_of_4"
"CBX4",1,1,0.792632539548739,"1_of_4"
"WDR63",1,1,0.7925947728949,"1_of_4"
"ANKRD13C",1,1,0.792009286783616,"1_of_4"
"TRIM4",1,1,0.792004279958539,"1_of_4"
"TMEM41B",1,1,0.791426511972773,"1_of_4"
"MAPK6",1,1,0.790618971011176,"1_of_4"
"PRPF8",1,1,0.790022138579927,"1_of_4"
"PRPF40A",1,1,0.7899887806456,"1_of_4"
"BNIPL",1,1,0.78972754940869,"1_of_4"
"PIGS",1,1,0.789595293729385,"1_of_4"
"KLRG1",1,1,0.789478177701281,"1_of_4"
"ACAP1",1,1,0.789391486796029,"1_of_4"
"MRPS14",1,1,0.788571057634907,"1_of_4"
"NDRG3",1,1,0.78853003506012,"1_of_4"
"MOB1B",1,1,0.788139978386126,"1_of_4"
"ALG1L2",1,1,0.787849159372514,"1_of_4"
"RPS6",1,1,0.787715976187524,"1_of_4"
"IMP3",1,1,0.787486677978168,"1_of_4"
"RBM34",1,1,0.787460201567876,"1_of_4"
"UBE3B",1,1,0.787334685907644,"1_of_4"
"RPL37A",1,1,0.786870982868777,"1_of_4"
"ROGDI",1,1,0.786537540859475,"1_of_4"
"LRRN1",1,1,0.786466290696497,"1_of_4"
"SLC12A3",1,1,0.786151196405035,"1_of_4"
"AC080128.3",1,1,0.7858926592417,"1_of_4"
"ZNF316",1,1,0.785730229259797,"1_of_4"
"SVIL",1,1,0.785595983800687,"1_of_4"
"SF3B6",1,1,0.785569601767385,"1_of_4"
"CELF1",1,1,0.785490203368195,"1_of_4"
"IQGAP1",1,1,0.785341596026239,"1_of_4"
"CCR2",1,1,0.785282505763765,"1_of_4"
"CCDC90B",1,1,0.78478651699041,"1_of_4"
"TXNDC15",1,1,0.784457737396834,"1_of_4"
"CD58",1,1,0.78439057862403,"1_of_4"
"NCBP2",1,1,0.784301052545475,"1_of_4"
"MAT1A",1,1,0.784166425197682,"1_of_4"
"TACO1",1,1,0.783676517692963,"1_of_4"
"EXOC3L4",1,1,0.783399364980228,"1_of_4"
"UBN1",1,1,0.78309457131639,"1_of_4"
"SLAIN2",1,1,0.782826159649346,"1_of_4"
"RNF222",1,1,0.782616373737291,"1_of_4"
"FUT9",1,1,0.782464586059646,"1_of_4"
"GTF2H3",1,1,0.782450890755548,"1_of_4"
"IL1RAP",1,1,0.78233088048224,"1_of_4"
"GUK1",1,1,0.782307377477746,"1_of_4"
"ITGAV",1,1,0.782147674777322,"1_of_4"
"C22orf15",1,1,0.781925559781847,"1_of_4"
"MGP",1,1,0.781810732559527,"1_of_4"
"CPT2",1,1,0.781567877887371,"1_of_4"
"SPTY2D1OS",1,1,0.78154800297902,"1_of_4"
"ARHGEF12",1,1,0.781419154489103,"1_of_4"
"CEBPZOS",1,1,0.781260752232172,"1_of_4"
"TBC1D15",1,1,0.781015028455458,"1_of_4"
"FXYD1",1,1,0.780626539971226,"1_of_4"
"NHLRC3",1,1,0.780297313370806,"1_of_4"
"KDM1B",1,1,0.780290644398703,"1_of_4"
"NLRC3",1,1,0.7799546254618,"1_of_4"
"SURF4",1,1,0.779354831370821,"1_of_4"
"PPM1N",1,1,0.779189078944287,"1_of_4"
"GRIN3A",1,1,0.779001768435053,"1_of_4"
"AP3S2",1,1,0.777610822052131,"1_of_4"
"TRIR",1,1,0.777571582220121,"1_of_4"
"CFAP43",1,1,0.777394423008147,"1_of_4"
"SPICE1",1,1,0.777311641233358,"1_of_4"
"VPS25",1,1,0.776959857309659,"1_of_4"
"SIGLEC10",1,1,0.776940882528084,"1_of_4"
"GSTM5",1,1,0.776599222852979,"1_of_4"
"TMEM221",1,1,0.776183356537954,"1_of_4"
"PYCR1",1,1,0.776132588762189,"1_of_4"
"RABGAP1",1,1,0.776003500920365,"1_of_4"
"PCDHB6",1,1,0.775983049712297,"1_of_4"
"PCDHA12",1,1,0.775920814716546,"1_of_4"
"TNFAIP2",1,1,0.775875410230009,"1_of_4"
"FZD1",1,1,0.775201181034602,"1_of_4"
"EXOC3",1,1,0.775183144593906,"1_of_4"
"CRIP3",1,1,0.774913514498443,"1_of_4"
"HLF",1,1,0.774912776112226,"1_of_4"
"CCDC174",1,1,0.774297733459738,"1_of_4"
"CAMKMT",1,1,0.774183779069677,"1_of_4"
"PFDN2",1,1,0.774006178018548,"1_of_4"
"WDR53",1,1,0.772848326407714,"1_of_4"
"CALM2",1,1,0.772824550685735,"1_of_4"
"RLF",1,1,0.772746429826907,"1_of_4"
"DENND1B",1,1,0.772172639413798,"1_of_4"
"RNF135",1,1,0.772161426044457,"1_of_4"
"TNF",1,1,0.77138049988888,"1_of_4"
"CAPS2",1,1,0.770971463887961,"1_of_4"
"CSNK2A1",1,1,0.770908084371046,"1_of_4"
"ZFYVE9",1,1,0.77083846688978,"1_of_4"
"ACAP3",1,1,0.770710721796584,"1_of_4"
"TRAPPC6B",1,1,0.770662177160238,"1_of_4"
"USP42",1,1,0.770372168828575,"1_of_4"
"FKBP14",1,1,0.770297364626834,"1_of_4"
"MTMR1",1,1,0.770019668057313,"1_of_4"
"ZNF207",1,1,0.769749584153816,"1_of_4"
"TLR7",1,1,0.769516233879091,"1_of_4"
"USP12",1,1,0.769444651738663,"1_of_4"
"RAPGEF1",1,1,0.769413068632401,"1_of_4"
"CACNA2D1",1,1,0.768884454919929,"1_of_4"
"HINT3",1,1,0.768684837665724,"1_of_4"
"SLITRK1",1,1,0.768487734432687,"1_of_4"
"STUB1",1,1,0.768439219080743,"1_of_4"
"IPO8",1,1,0.768280166984484,"1_of_4"
"TCF4",1,1,0.768110150836586,"1_of_4"
"STX19",1,1,0.76789559534131,"1_of_4"
"NRIP3",1,1,0.767549231302397,"1_of_4"
"DNAJC11",1,1,0.766994140559366,"1_of_4"
"DYRK3",1,1,0.766954193878132,"1_of_4"
"THNSL1",1,1,0.766896066125151,"1_of_4"
"ZDHHC24",1,1,0.766815481668536,"1_of_4"
"DNM2",1,1,0.766503777811019,"1_of_4"
"YY1AP1",1,1,0.766292450117235,"1_of_4"
"SEC24A",1,1,0.766089163859452,"1_of_4"
"MAPK3",1,1,0.765837603666606,"1_of_4"
"SYP",1,1,0.765613539803971,"1_of_4"
"UBXN2B",1,1,0.765103012294767,"1_of_4"
"LMAN2L",1,1,0.764402093204739,"1_of_4"
"SLC44A1",1,1,0.764236162566121,"1_of_4"
"RPS12",1,1,0.764162104561929,"1_of_4"
"NAPA",1,1,0.764020315575775,"1_of_4"
"CCM2L",1,1,0.763950150944082,"1_of_4"
"RPS6KB2",1,1,0.763912595462839,"1_of_4"
"SCCPDH",1,1,0.763831017624774,"1_of_4"
"FAM76A",1,1,0.763720058650812,"1_of_4"
"HARS1",1,1,0.76365714509322,"1_of_4"
"IQCB1",1,1,0.763502892639058,"1_of_4"
"ACTA2",1,1,0.763488060168848,"1_of_4"
"TMEM87A",1,1,0.763469202456841,"1_of_4"
"TMEM192",1,1,0.763459105406809,"1_of_4"
"MECR",1,1,0.763435874363119,"1_of_4"
"DLX6",1,1,0.763423971580134,"1_of_4"
"SPTBN2",1,1,0.763339750947436,"1_of_4"
"DNAJB11",1,1,0.76313337564459,"1_of_4"
"DHRS13",1,1,0.762966965569446,"1_of_4"
"SHCBP1L",1,1,0.762667261378845,"1_of_4"
"ASB7",1,1,0.761519896301873,"1_of_4"
"GNL3L",1,1,0.761448036776331,"1_of_4"
"RPS6KC1",1,1,0.760857415401276,"1_of_4"
"GPR108",1,1,0.760771922431502,"1_of_4"
"RPS3",1,1,0.760546664302071,"1_of_4"
"SMDT1",1,1,0.760320470063934,"1_of_4"
"PMPCA",1,1,0.760283845597435,"1_of_4"
"RNF114",1,1,0.760248863231372,"1_of_4"
"RNF167",1,1,0.759980525865944,"1_of_4"
"SLC66A1",1,1,0.759706876821271,"1_of_4"
"CD63",1,1,0.759666090434262,"1_of_4"
"SHE",1,1,0.759032320268994,"1_of_4"
"NUDCD3",1,1,0.75891050658168,"1_of_4"
"TULP4",1,1,0.757431592853615,"1_of_4"
"MFSD5",1,1,0.757302147382888,"1_of_4"
"FBXW7",1,1,0.756959424501946,"1_of_4"
"CR589904.2",1,1,0.756913922743175,"1_of_4"
"PIP5K1B",1,1,0.756804557039839,"1_of_4"
"AC006254.1",1,1,0.756085266674365,"1_of_4"
"POLR1D",1,1,0.755727568624016,"1_of_4"
"TRDMT1",1,1,0.75566808706462,"1_of_4"
"BRAT1",1,1,0.75531913656295,"1_of_4"
"DSTN",1,1,0.754474731112706,"1_of_4"
"OLAH",1,1,0.754444329364841,"1_of_4"
"HEATR6",1,1,0.754379474656195,"1_of_4"
"SEMA4C",1,1,0.754185556100431,"1_of_4"
"DOCK6",1,1,0.754068665151312,"1_of_4"
"AP2S1",1,1,0.753968861990449,"1_of_4"
"GTDC1",1,1,0.753952798782248,"1_of_4"
"WDR26",1,1,0.753606239139947,"1_of_4"
"OTX1",1,1,0.753017265701892,"1_of_4"
"MAP3K13",1,1,0.752957590522094,"1_of_4"
"DPH2",1,1,0.75291636194206,"1_of_4"
"POLRMT",1,1,0.752248467609391,"1_of_4"
"FOXP4",1,1,0.751850607093692,"1_of_4"
"YRDC",1,1,0.751708015792665,"1_of_4"
"APOC2",1,1,0.751236204448718,"1_of_4"
"SUMO1",1,1,0.751029761025756,"1_of_4"
"GAL3ST2",1,1,0.750666402597627,"1_of_4"
"CYB561D1",1,1,0.750282212819039,"1_of_4"
"PSPC1",1,1,0.750256069553688,"1_of_4"
"HMGXB4",1,1,0.749947445878749,"1_of_4"
"DOT1L",1,1,0.749918138787564,"1_of_4"
"STARD10",1,1,0.749378812321345,"1_of_4"
"USP27X",1,1,0.749221928028103,"1_of_4"
"RIC8B",1,1,0.749166089062171,"1_of_4"
"ZNF329",1,1,0.748869508191477,"1_of_4"
"CALHM2",1,1,0.748652575641542,"1_of_4"
"PMF1",1,1,0.747962438897283,"1_of_4"
"MRPS30",1,1,0.747956175863395,"1_of_4"
"MED17",1,1,0.747737065084361,"1_of_4"
"KRT33A",1,1,0.747478473503745,"1_of_4"
"DDX23",1,1,0.747457335633946,"1_of_4"
"PRRX1",1,1,0.747281609385412,"1_of_4"
"HYAL2",1,1,0.747235130995881,"1_of_4"
"ZNF30",1,1,0.747190882973312,"1_of_4"
"AK7",1,1,0.747049700136192,"1_of_4"
"CALR",1,1,0.746725583366683,"1_of_4"
"STAP2",1,1,0.746705918546138,"1_of_4"
"ZNF780A",1,1,0.74613709724293,"1_of_4"
"ANKH",1,1,0.745875355461121,"1_of_4"
"C7orf61",1,1,0.74582974833263,"1_of_4"
"FAU",1,1,0.745465995149479,"1_of_4"
"COPB2",1,1,0.745333065522122,"1_of_4"
"POLR3B",1,1,0.74490012350089,"1_of_4"
"U2AF1L4",1,1,0.743842541444222,"1_of_4"
"PSMB9",1,1,0.743604221210315,"1_of_4"
"EXOSC1",1,1,0.743355292149164,"1_of_4"
"TMEM167B",1,1,0.742922146278005,"1_of_4"
"CWC22",1,1,0.742885843834461,"1_of_4"
"KDELR2",1,1,0.742791491590391,"1_of_4"
"ZPR1",1,1,0.74242212515011,"1_of_4"
"COL9A2",1,1,0.741978746810543,"1_of_4"
"NIN",1,1,0.741645747781582,"1_of_4"
"STX1B",1,1,0.741566842068217,"1_of_4"
"PCBD1",1,1,0.741460202167884,"1_of_4"
"BUD31",1,1,0.741308946101312,"1_of_4"
"SPATA5L1",1,1,0.741106792727735,"1_of_4"
"SF3B4",1,1,0.741073604902487,"1_of_4"
"MRPS24",1,1,0.740883431104449,"1_of_4"
"ZNF623",1,1,0.7408009614803,"1_of_4"
"CSF2RB",1,1,0.740657802579731,"1_of_4"
"POLR3D",1,1,0.74047206009681,"1_of_4"
"VPS35L",1,1,0.740203061536211,"1_of_4"
"TBL2",1,1,0.739752656686114,"1_of_4"
"XPR1",1,1,0.739730651571332,"1_of_4"
"ZBTB49",1,1,0.739552082563448,"1_of_4"
"TEX10",1,1,0.739185771038719,"1_of_4"
"YIF1B",1,1,0.739094097308802,"1_of_4"
"ZNF343",1,1,0.738813439605138,"1_of_4"
"ATP1B1",1,1,0.738719844034301,"1_of_4"
"EPHB6",1,1,0.738371331524426,"1_of_4"
"ZNF708",1,1,0.73836001984805,"1_of_4"
"HADHA",1,1,0.738271622933277,"1_of_4"
"RPUSD4",1,1,0.737978998461001,"1_of_4"
"MAGEA6",1,1,0.737580028435729,"1_of_4"
"ENTR1",1,1,0.737270143869218,"1_of_4"
"GJA5",1,1,0.737083129771556,"1_of_4"
"BCO1",1,1,0.73668050267244,"1_of_4"
"WDR91",1,1,0.736479260820474,"1_of_4"
"RPRD1A",1,1,0.736273460022507,"1_of_4"
"EPAS1",1,1,0.736109340979911,"1_of_4"
"GM2A",1,1,0.736044760799701,"1_of_4"
"NSFL1C",1,1,0.736001240396559,"1_of_4"
"SPOPL",1,1,0.735879329854541,"1_of_4"
"CREBL2",1,1,0.735350631119703,"1_of_4"
"IL17C",1,1,0.735315168020532,"1_of_4"
"APC",1,1,0.73523158926916,"1_of_4"
"RPL18",1,1,0.735022765471586,"1_of_4"
"DIMT1",1,1,0.734987235714084,"1_of_4"
"VCPIP1",1,1,0.734673435118387,"1_of_4"
"CDIPT",1,1,0.734371040893552,"1_of_4"
"TMEM126A",1,1,0.734163961843141,"1_of_4"
"SGSM3",1,1,0.733856557526979,"1_of_4"
"YY2",1,1,0.733773058357361,"1_of_4"
"ADGRF2",1,1,0.73276805851914,"1_of_4"
"HOXD9",1,1,0.732348822355102,"1_of_4"
"CASS4",1,1,0.732139589345076,"1_of_4"
"TTC7A",1,1,0.73208819635213,"1_of_4"
"RNF168",1,1,0.732044533572145,"1_of_4"
"PPIG",1,1,0.73199926336255,"1_of_4"
"INHBE",1,1,0.731837506947491,"1_of_4"
"SMIM20",1,1,0.731826947244923,"1_of_4"
"FN3KRP",1,1,0.731813343388981,"1_of_4"
"ZNF354C",1,1,0.731726914615593,"1_of_4"
"GATA5",1,1,0.731527583704647,"1_of_4"
"NEMF",1,1,0.731478099782642,"1_of_4"
"LYRM2",1,1,0.731404501657299,"1_of_4"
"C7orf26",1,1,0.730712809457959,"1_of_4"
"DTX3L",1,1,0.730637284680556,"1_of_4"
"ATXN3",1,1,0.730587949559905,"1_of_4"
"HRCT1",1,1,0.730390753726206,"1_of_4"
"CAPNS1",1,1,0.729610169186081,"1_of_4"
"ADARB1",1,1,0.729110334558122,"1_of_4"
"WDFY1",1,1,0.729080360978618,"1_of_4"
"EPC2",1,1,0.72902160452466,"1_of_4"
"CTNNBL1",1,1,0.729017240940439,"1_of_4"
"RPLP2",1,1,0.728901278260645,"1_of_4"
"ARRDC4",1,1,0.728871766248965,"1_of_4"
"ZC2HC1A",1,1,0.728647900449546,"1_of_4"
"TP53I13",1,1,0.72857983612106,"1_of_4"
"SRI",1,1,0.728389460672944,"1_of_4"
"POLR2C",1,1,0.728332671681996,"1_of_4"
"CD8A",1,1,0.728152332339249,"1_of_4"
"KCNE4",1,1,0.727445722383572,"1_of_4"
"ETFDH",1,1,0.727324809084146,"1_of_4"
"NRG2",1,1,0.727186639071478,"1_of_4"
"CERS5",1,1,0.72684908546545,"1_of_4"
"CARD19",1,1,0.726763609848906,"1_of_4"
"KCTD19",1,1,0.726262694795047,"1_of_4"
"ACOX3",1,1,0.726179866833056,"1_of_4"
"RTL10",1,1,0.726009233263488,"1_of_4"
"CCDC61",1,1,0.725707243969902,"1_of_4"
"SLC23A1",1,1,0.725572952933947,"1_of_4"
"YTHDF1",1,1,0.725204547859707,"1_of_4"
"PAQR3",1,1,0.724809667978663,"1_of_4"
"SH3GLB1",1,1,0.724776266036682,"1_of_4"
"CORO1B",1,1,0.724752740809124,"1_of_4"
"CYP2C8",1,1,0.724389710929491,"1_of_4"
"CFHR3",1,1,0.72437917199359,"1_of_4"
"ZDHHC4",1,1,0.724299831857741,"1_of_4"
"PMS2",1,1,0.723298306281202,"1_of_4"
"OSBPL2",1,1,0.722688026216088,"1_of_4"
"TTC39B",1,1,0.722567978655802,"1_of_4"
"MTG1",1,1,0.722053124473725,"1_of_4"
"AFG3L2",1,1,0.721996520555821,"1_of_4"
"C11orf80",1,1,0.721924644555886,"1_of_4"
"INPP5E",1,1,0.721686813204004,"1_of_4"
"PALM3",1,1,0.72166679911774,"1_of_4"
"TUT7",1,1,0.721648974116126,"1_of_4"
"MAP2K3",1,1,0.721605101620693,"1_of_4"
"CNKSR2",1,1,0.721571086308426,"1_of_4"
"ISG20L2",1,1,0.721419763013115,"1_of_4"
"CPEB1",1,1,0.721239610929392,"1_of_4"
"SYNGR4",1,1,0.720267708160646,"1_of_4"
"AC006978.2",1,1,0.719720758424435,"1_of_4"
"BSG",1,1,0.719085913048026,"1_of_4"
"NAGLU",1,1,0.719037988477892,"1_of_4"
"C11orf24",1,1,0.71852867155433,"1_of_4"
"PTRH2",1,1,0.718063478556633,"1_of_4"
"HMGCLL1",1,1,0.717828504730836,"1_of_4"
"MAN2A2",1,1,0.717541286104798,"1_of_4"
"EXOC4",1,1,0.717207611757745,"1_of_4"
"ALAD",1,1,0.717081372407142,"1_of_4"
"PPP2R1A",1,1,0.716944310799287,"1_of_4"
"SPRYD3",1,1,0.716417080626163,"1_of_4"
"N4BP2",1,1,0.715909272547684,"1_of_4"
"KRTAP5.9",1,1,0.715175315367904,"1_of_4"
"PATL1",1,1,0.715034113306926,"1_of_4"
"MORC4",1,1,0.714969860713675,"1_of_4"
"FTSJ3",1,1,0.714938892580711,"1_of_4"
"RPL34",1,1,0.714885598316456,"1_of_4"
"PTPN7",1,1,0.714753807750407,"1_of_4"
"TEAD2",1,1,0.714558343110141,"1_of_4"
"NBDY",1,1,0.714303435609744,"1_of_4"
"DYNLT1",1,1,0.714253918071712,"1_of_4"
"PIP4P2",1,1,0.713540558120641,"1_of_4"
"WDR75",1,1,0.71321306670172,"1_of_4"
"ACY3",1,1,0.712092476271383,"1_of_4"
"DPY30",1,1,0.711790843046455,"1_of_4"
"TMEM74",1,1,0.71170671310801,"1_of_4"
"MCAT",1,1,0.711647651054749,"1_of_4"
"SH2D4A",1,1,0.711260032027887,"1_of_4"
"CPNE2",1,1,0.711087063819362,"1_of_4"
"GAS8",1,1,0.711046103233638,"1_of_4"
"TMEM143",1,1,0.710373632407246,"1_of_4"
"PYCR2",1,1,0.71033078948408,"1_of_4"
"CHD7",1,1,0.710211445096137,"1_of_4"
"MGAT1",1,1,0.710039007590515,"1_of_4"
"PLCB3",1,1,0.70976097465784,"1_of_4"
"CISD1",1,1,0.709684038694076,"1_of_4"
"ZNF652",1,1,0.709559279493358,"1_of_4"
"INTS6L",1,1,0.709019772678069,"1_of_4"
"EPS15L1",1,1,0.708835324295656,"1_of_4"
"RNF170",1,1,0.708658504657976,"1_of_4"
"CCDC62",1,1,0.707911158563112,"1_of_4"
"ERI2",1,1,0.707908302034235,"1_of_4"
"DAXX",1,1,0.707593061820875,"1_of_4"
"THAP7",1,1,0.707231212007621,"1_of_4"
"SMOX",1,1,0.707129382946206,"1_of_4"
"WASHC5",1,1,0.707103579633171,"1_of_4"
"PTPRC",1,1,0.706838094319022,"1_of_4"
"TRMT61B",1,1,0.706774087474134,"1_of_4"
"LXN",1,1,0.706745654807172,"1_of_4"
"RNF187",1,1,0.70668960141984,"1_of_4"
"ZNF461",1,1,0.706218808790289,"1_of_4"
"DSEL",1,1,0.706196734429584,"1_of_4"
"SF3B2",1,1,0.705955853218219,"1_of_4"
"ZNF804A",1,1,0.705917135192769,"1_of_4"
"SEPSECS",1,1,0.705913736266321,"1_of_4"
"EML6",1,1,0.705787990462679,"1_of_4"
"BBS7",1,1,0.705718477432275,"1_of_4"
"IGSF11",1,1,0.705660958788678,"1_of_4"
"AMDHD2",1,1,0.705614416847582,"1_of_4"
"MOSMO",1,1,0.705214782722394,"1_of_4"
"TNFSF8",1,1,0.705152157373935,"1_of_4"
"KCNC3",1,1,0.705130752309827,"1_of_4"
"CCM2",1,1,0.704985179505492,"1_of_4"
"SNRPB2",1,1,0.704568378780988,"1_of_4"
"TERF2IP",1,1,0.704427265063902,"1_of_4"
"SELP",1,1,0.70435282596877,"1_of_4"
"CALCR",1,1,0.704132147201764,"1_of_4"
"GPR180",1,1,0.703998548344166,"1_of_4"
"CYP2A6",1,1,0.703709867754332,"1_of_4"
"PDP2",1,1,0.703615575490206,"1_of_4"
"HECTD2",1,1,0.703591801512969,"1_of_4"
"METTL9",1,1,0.703412432335959,"1_of_4"
"CHD2",1,1,0.703024073380655,"1_of_4"
"TINF2",1,1,0.702924560915633,"1_of_4"
"ZNF630",1,1,0.702823246138325,"1_of_4"
"BET1",1,1,0.702709393900853,"1_of_4"
"ZNF213",1,1,0.702589241618108,"1_of_4"
"FAM25C",1,1,0.701769168421118,"1_of_4"
"DDX5",1,1,0.701603681970754,"1_of_4"
"KCNN4",1,1,0.701461723209038,"1_of_4"
"ZNF865",1,1,0.701342655348423,"1_of_4"
"RPS23",1,1,0.701119603934433,"1_of_4"
"KRT9",1,1,0.700465955995154,"1_of_4"
"FXYD4",1,1,0.700417044557195,"1_of_4"
"PRPF39",1,1,0.700073101158135,"1_of_4"
"ITGB5",1,1,0.699890996517345,"1_of_4"
"TNFSF13",1,1,0.698380363846951,"1_of_4"
"ZSWIM6",1,1,0.698008608061502,"1_of_4"
"NSMCE1",1,1,0.697656657074876,"1_of_4"
"TSPAN15",1,1,0.697379886677853,"1_of_4"
"ZMYND15",1,1,0.696898221592395,"1_of_4"
"TMEM53",1,1,0.696713813609332,"1_of_4"
"SH3YL1",1,1,0.696707431214852,"1_of_4"
"NAA35",1,1,0.696501214242906,"1_of_4"
"VAMP7",1,1,0.696353186191572,"1_of_4"
"DDX6",1,1,0.695949165440878,"1_of_4"
"CYBB",1,1,0.695659548808046,"1_of_4"
"ZNF273",1,1,0.695380305976892,"1_of_4"
"LRRC14B",1,1,0.69535866780553,"1_of_4"
"NAT2",1,1,0.695051050144775,"1_of_4"
"GGA2",1,1,0.694529428901004,"1_of_4"
"POGZ",1,1,0.693410977653735,"1_of_4"
"DACH1",1,1,0.693341802821318,"1_of_4"
"TWISTNB",1,1,0.693252893365242,"1_of_4"
"CASP6",1,1,0.693116963185724,"1_of_4"
"MBNL1",1,1,0.692678510914818,"1_of_4"
"XAGE1A",1,1,0.691863589419331,"1_of_4"
"COA8",1,1,0.6918575721227,"1_of_4"
"BAZ2A",1,1,0.691645758207011,"1_of_4"
"VPS13A",1,1,0.690992360748575,"1_of_4"
"ISG20",1,1,0.690958884440521,"1_of_4"
"EIF3A",1,1,0.690324186392566,"1_of_4"
"AC074143.1",1,1,0.690129067752444,"1_of_4"
"C15orf40",1,1,0.690061928287996,"1_of_4"
"CYP8B1",1,1,0.689819715032229,"1_of_4"
"CXCL16",1,1,0.689227113685263,"1_of_4"
"RB1CC1",1,1,0.689166132605588,"1_of_4"
"C16orf87",1,1,0.689018031978644,"1_of_4"
"MT1E",1,1,0.689013997091974,"1_of_4"
"FAM189A1",1,1,0.688733022128482,"1_of_4"
"ESD",1,1,0.688501913640051,"1_of_4"
"TLDC2",1,1,0.688299522501347,"1_of_4"
"RCOR3",1,1,0.687797600755853,"1_of_4"
"PAFAH1B3",1,1,0.687725669633645,"1_of_4"
"DCAF6",1,1,0.687612475706636,"1_of_4"
"DYNC1LI1",1,1,0.68748803429759,"1_of_4"
"KIFAP3",1,1,0.687344187909537,"1_of_4"
"DNAJC17",1,1,0.686769037010882,"1_of_4"
"NAA60",1,1,0.686721878483101,"1_of_4"
"ZNF721",1,1,0.686640977852355,"1_of_4"
"RBM12",1,1,0.686444200024741,"1_of_4"
"TMEM191B",1,1,0.686375499259467,"1_of_4"
"CCDC152",1,1,0.68619726283657,"1_of_4"
"BATF",1,1,0.686076507071481,"1_of_4"
"EEF1D",1,1,0.685873310233724,"1_of_4"
"LARP4B",1,1,0.68570321554725,"1_of_4"
"BSCL2",1,1,0.685683710986247,"1_of_4"
"TLE3",1,1,0.685269828784133,"1_of_4"
"HERPUD2",1,1,0.685194781327153,"1_of_4"
"SNX7",1,1,0.684931311004976,"1_of_4"
"ANGPTL4",1,1,0.684706697788314,"1_of_4"
"TAF13",1,1,0.684460367639826,"1_of_4"
"ARMC7",1,1,0.68443882309511,"1_of_4"
"MFAP3",1,1,0.683809280198602,"1_of_4"
"CMPK1",1,1,0.68366470574879,"1_of_4"
"NUP42",1,1,0.683499022051795,"1_of_4"
"TSPYL5",1,1,0.683479047506239,"1_of_4"
"BNIP3",1,1,0.683469147640968,"1_of_4"
"GRHPR",1,1,0.683383375586065,"1_of_4"
"IQCC",1,1,0.682684233741907,"1_of_4"
"BLNK",1,1,0.682623561403347,"1_of_4"
"SLC22A14",1,1,0.681841319775926,"1_of_4"
"CDC42BPG",1,1,0.681818507868648,"1_of_4"
"LONP1",1,1,0.681369326331994,"1_of_4"
"PPP2R3B",1,1,0.6813410878116,"1_of_4"
"SELENOW",1,1,0.680615333140197,"1_of_4"
"TDRP",1,1,0.680401519503026,"1_of_4"
"SPP1",1,1,0.680375757382609,"1_of_4"
"PDXDC1",1,1,0.680356674604197,"1_of_4"
"SRA1",1,1,0.68029152209388,"1_of_4"
"PI3",1,1,0.680200718334414,"1_of_4"
"PSMD9",1,1,0.680068684499266,"1_of_4"
"WT1",1,1,0.679952964010358,"1_of_4"
"PIP4K2B",1,1,0.678512525695798,"1_of_4"
"TARS1",1,1,0.678499709683232,"1_of_4"
"PRKCI",1,1,0.677762694495692,"1_of_4"
"LRRC4",1,1,0.677155418587784,"1_of_4"
"ACTR5",1,1,0.676933835691654,"1_of_4"
"FMR1",1,1,0.6768258997087,"1_of_4"
"NDUFB6",1,1,0.676624474718709,"1_of_4"
"TDG",1,1,0.675400113977907,"1_of_4"
"ATP5IF1",1,1,0.674922080057317,"1_of_4"
"GPN1",1,1,0.673983884068956,"1_of_4"
"CTRB2",1,1,0.67388361109065,"1_of_4"
"SSH3",1,1,0.673604845486563,"1_of_4"
"SLC38A7",1,1,0.673558901260019,"1_of_4"
"FUT11",1,1,0.673482060739258,"1_of_4"
"SGSM1",1,1,0.673026199213568,"1_of_4"
"RELL1",1,1,0.672757735444816,"1_of_4"
"AC098582.1",1,1,0.672646367541632,"1_of_4"
"AL121594.1",1,1,0.672505292353807,"1_of_4"
"DNAJA3",1,1,0.672488892457336,"1_of_4"
"SPRR1A",1,1,0.672424535030884,"1_of_4"
"RESF1",1,1,0.672414071054599,"1_of_4"
"SYVN1",1,1,0.67239456011606,"1_of_4"
"HDHD3",1,1,0.671752453869979,"1_of_4"
"CCSER2",1,1,0.671676202168544,"1_of_4"
"RBP3",1,1,0.671644123103132,"1_of_4"
"MYADM",1,1,0.671334804820648,"1_of_4"
"SLC7A9",1,1,0.671230016262762,"1_of_4"
"IL17RD",1,1,0.670528071157044,"1_of_4"
"SLC5A6",1,1,0.670310584687939,"1_of_4"
"MRM3",1,1,0.670224761033653,"1_of_4"
"MYO15A",1,1,0.670064969194464,"1_of_4"
"DPH5",1,1,0.66998436687366,"1_of_4"
"DECR1",1,1,0.669512774427011,"1_of_4"
"ATP8A2",1,1,0.669347304664266,"1_of_4"
"COL17A1",1,1,0.669190363977643,"1_of_4"
"RBM10",1,1,0.668803307154479,"1_of_4"
"ACADL",1,1,0.668744312872138,"1_of_4"
"MYLK3",1,1,0.668656045833754,"1_of_4"
"PRPF31",1,1,0.668260249690609,"1_of_4"
"POC1B.GALNT4",1,1,0.668227188625428,"1_of_4"
"SIL1",1,1,0.668156701378023,"1_of_4"
"ATXN2",1,1,0.667743934067805,"1_of_4"
"DDX50",1,1,0.667580501056344,"1_of_4"
"PAK1",1,1,0.667240552943936,"1_of_4"
"NAMPT",1,1,0.66715208753361,"1_of_4"
"NPY1R",1,1,0.666960759752644,"1_of_4"
"MNX1",1,1,0.666603695394346,"1_of_4"
"YJU2",1,1,0.666253428688848,"1_of_4"
"RPP25L",1,1,0.666196960101691,"1_of_4"
"EIF3K",1,1,0.665555592058837,"1_of_4"
"RNASE10",1,1,0.665466171587628,"1_of_4"
"LDLRAP1",1,1,0.665447054359201,"1_of_4"
"H2AC14",1,1,0.665149109443329,"1_of_4"
"INTS14",1,1,0.665124977915912,"1_of_4"
"RPUSD2",1,1,0.664438987515947,"1_of_4"
"DDN",1,1,0.662700338381686,"1_of_4"
"CTR9",1,1,0.662611931485275,"1_of_4"
"WBP1L",1,1,0.662423525685299,"1_of_4"
"PRMT2",1,1,0.662323255915145,"1_of_4"
"TIMM10B",1,1,0.661927354226038,"1_of_4"
"ECM2",1,1,0.661400458348818,"1_of_4"
"GABRQ",1,1,0.660394964904288,"1_of_4"
"C17orf80",1,1,0.660333379770062,"1_of_4"
"MYCN",1,1,0.660143623816979,"1_of_4"
"SURF6",1,1,0.659970568420858,"1_of_4"
"SHROOM1",1,1,0.659225096063031,"1_of_4"
"KITLG",1,1,0.658980888610569,"1_of_4"
"IREB2",1,1,0.658486481942588,"1_of_4"
"PERP",1,1,0.657737024977023,"1_of_4"
"CSH2",1,1,0.657624042627721,"1_of_4"
"KTI12",1,1,0.65761833789534,"1_of_4"
"SCFD2",1,1,0.657200178499845,"1_of_4"
"EIF2AK2",1,1,0.657018449017564,"1_of_4"
"HMBOX1",1,1,0.656686639094873,"1_of_4"
"CHMP1A",1,1,0.655802249763928,"1_of_4"
"FSCN2",1,1,0.65574566985084,"1_of_4"
"LTC4S",1,1,0.655712712606296,"1_of_4"
"MED25",1,1,0.655673320471663,"1_of_4"
"RNF25",1,1,0.65509657631132,"1_of_4"
"NODAL",1,1,0.654952023806995,"1_of_4"
"C1orf226",1,1,0.654561752580635,"1_of_4"
"FAM122B",1,1,0.654249539581188,"1_of_4"
"GYS1",1,1,0.653926713887826,"1_of_4"
"VPS13D",1,1,0.65371037285131,"1_of_4"
"CCDC33",1,1,0.653158768031338,"1_of_4"
"RBM42",1,1,0.65265386816142,"1_of_4"
"SLC25A23",1,1,0.652120113205902,"1_of_4"
"ZNF25",1,1,0.651996945069585,"1_of_4"
"ANO10",1,1,0.651885902764297,"1_of_4"
"DUSP28",1,1,0.651771420725523,"1_of_4"
"GTPBP3",1,1,0.651217549575742,"1_of_4"
"SYNJ1",1,1,0.65114940320222,"1_of_4"
"XRCC1",1,1,0.651145541114584,"1_of_4"
"MIGA1",1,1,0.651035545885068,"1_of_4"
"AC118281.1",1,1,0.650558159046974,"1_of_4"
"ETNK1",1,1,0.650450500815964,"1_of_4"
"CIRBP",1,1,0.649801589177495,"1_of_4"
"DDX28",1,1,0.649775379430533,"1_of_4"
"NFE4",1,1,0.648823498895616,"1_of_4"
"SMTNL2",1,1,0.647977276294432,"1_of_4"
"CA9",1,1,0.647852446730415,"1_of_4"
"LPAR3",1,1,0.647282550978446,"1_of_4"
"FXYD5",1,1,0.64703424959625,"1_of_4"
"PLAC8L1",1,1,0.646898660852856,"1_of_4"
"PPP6C",1,1,0.646501376080162,"1_of_4"
"TUBB2A",1,1,0.645395780915917,"1_of_4"
"XKR4",1,1,0.644440990669648,"1_of_4"
"PHF6",1,1,0.643890935517572,"1_of_4"
"HTATIP2",1,1,0.643621022282774,"1_of_4"
"CTRB1",1,1,0.643337192595075,"1_of_4"
"KRI1",1,1,0.643033220907902,"1_of_4"
"SPRR2D",1,1,0.642878760825671,"1_of_4"
"GLCE",1,1,0.642444823593193,"1_of_4"
"MED29",1,1,0.642355425768945,"1_of_4"
"EARS2",1,1,0.642222969123268,"1_of_4"
"GOLGA7",1,1,0.641740211957372,"1_of_4"
"CDH6",1,1,0.641280846082289,"1_of_4"
"TCTA",1,1,0.641232182778599,"1_of_4"
"C18orf25",1,1,0.64095545912461,"1_of_4"
"CUL5",1,1,0.640659859412342,"1_of_4"
"NT5C",1,1,0.640563709602132,"1_of_4"
"MCUR1",1,1,0.639462897873305,"1_of_4"
"KRAS",1,1,0.637964401610429,"1_of_4"
"PYCR3",1,1,0.6378528120812,"1_of_4"
"SETD5",1,1,0.637391422294051,"1_of_4"
"VAT1",1,1,0.637018894432423,"1_of_4"
"FAM49B",1,1,0.636681059993798,"1_of_4"
"STIM1",1,1,0.636530509023123,"1_of_4"
"G3BP2",1,1,0.635259048816609,"1_of_4"
"NDUFAF6",1,1,0.635238909597718,"1_of_4"
"AAMP",1,1,0.633525384214291,"1_of_4"
"NCLN",1,1,0.631559450231945,"1_of_4"
"TNK1",1,1,0.631345280388317,"1_of_4"
"KDM1A",1,1,0.631296931691261,"1_of_4"
"AANAT",1,1,0.63077170596301,"1_of_4"
"KLK4",1,1,0.629824714580538,"1_of_4"
"RREB1",1,1,0.62962494215818,"1_of_4"
"IL17RA",1,1,0.629511116955858,"1_of_4"
"TMEM64",1,1,0.627995071253318,"1_of_4"
"MLLT1",1,1,0.627397457467262,"1_of_4"
"FANCC",1,1,0.625518562140421,"1_of_4"
"ZPLD1",1,1,0.62331528713036,"1_of_4"
"MLST8",1,1,0.623303304765802,"1_of_4"
"OAZ2",1,1,0.623027909732882,"1_of_4"
"PRSS12",1,1,0.622985615652794,"1_of_4"
"TRIQK",1,1,0.622583745159433,"1_of_4"
"CHST3",1,1,0.621002896824329,"1_of_4"
"CSAG3",1,1,0.62097120107214,"1_of_4"
"RBM19",1,1,0.620767614491093,"1_of_4"
"NRN1",1,1,0.620472860455817,"1_of_4"
"DYM",1,1,0.620302815760114,"1_of_4"
"H3C15",1,1,0.619959123103542,"1_of_4"
"USP9Y",1,1,0.61963750167535,"1_of_4"
"TMEM253",1,1,0.619295405612918,"1_of_4"
"TMCC3",1,1,0.619261403590175,"1_of_4"
"MEIS1",1,1,0.618898681860823,"1_of_4"
"NUDT4B",1,1,0.618751443695279,"1_of_4"
"FAM178B",1,1,0.618551197499227,"1_of_4"
"CDK8",1,1,0.617946465561707,"1_of_4"
"PDIA5",1,1,0.617489547963111,"1_of_4"
"SRPRA",1,1,0.617113112992955,"1_of_4"
"UBE2J2",1,1,0.615589181834697,"1_of_4"
"CLIC4",1,1,0.615329526133539,"1_of_4"
"LRP5",1,1,0.615090198062146,"1_of_4"
"CLHC1",1,1,0.614747128703458,"1_of_4"
"LCT",1,1,0.614497114907826,"1_of_4"
"NDUFS7",1,1,0.61406454738194,"1_of_4"
"IFIT5",1,1,0.612869447724004,"1_of_4"
"RPL23A",1,1,0.612591782292156,"1_of_4"
"KHDRBS2",1,1,0.612531570051417,"1_of_4"
"GPR143",1,1,0.612440971251994,"1_of_4"
"B3GNT6",1,1,0.612407484334455,"1_of_4"
"TCF20",1,1,0.612292903332571,"1_of_4"
"AC073111.4",1,1,0.611967692162394,"1_of_4"
"COG4",1,1,0.61121730027797,"1_of_4"
"BCL7C",1,1,0.610828222873854,"1_of_4"
"EHF",1,1,0.61072408447088,"1_of_4"
"TRAF2",1,1,0.610355363201205,"1_of_4"
"BAG1",1,1,0.609091601026528,"1_of_4"
"BTBD16",1,1,0.609085835767326,"1_of_4"
"DMRTA1",1,1,0.608109930120341,"1_of_4"
"OR4C6",1,1,0.607857193013176,"1_of_4"
"ENKUR",1,1,0.607749258420822,"1_of_4"
"NFATC3",1,1,0.606436130775248,"1_of_4"
"PPP1R16A",1,1,0.606292410841696,"1_of_4"
"FNIP2",1,1,0.606016268384847,"1_of_4"
"ZFAND5",1,1,0.604504479920151,"1_of_4"
"TMCO4",1,1,0.604320310523958,"1_of_4"
"SARS2",1,1,0.603930891865035,"1_of_4"
"ZNF814",1,1,0.603594254109374,"1_of_4"
"ESAM",1,1,0.603262852498105,"1_of_4"
"TMEM127",1,1,0.602881803731228,"1_of_4"
"SH3D19",1,1,0.602225362136542,"1_of_4"
"CEP89",1,1,0.601106592491266,"1_of_4"
"EIF4EBP2",1,1,0.600748920276784,"1_of_4"
"ZNF786",1,1,0.59946585064156,"1_of_4"
"RNF14",1,1,0.599433030726052,"1_of_4"
"SLC25A36",1,1,0.599366166295014,"1_of_4"
"RNF185",1,1,0.598781547417108,"1_of_4"
"TSPYL1",1,1,0.598424928226539,"1_of_4"
"NHLRC1",1,1,0.598214580718606,"1_of_4"
"NTN3",1,1,0.597926044034403,"1_of_4"
"CHCHD5",1,1,0.59754872782531,"1_of_4"
"C3orf38",1,1,0.595999823275234,"1_of_4"
"EOGT",1,1,0.595237966937967,"1_of_4"
"DNAJA4",1,1,0.59502855234424,"1_of_4"
"TAOK1",1,1,0.59479636754764,"1_of_4"
"TENM1",1,1,0.594209924883001,"1_of_4"
"DLK2",1,1,0.593737025212874,"1_of_4"
"HGF",1,1,0.593725745601723,"1_of_4"
"MUC15",1,1,0.593501395419306,"1_of_4"
"MYL6",1,1,0.593210142264123,"1_of_4"
"ZNF699",1,1,0.59279247475856,"1_of_4"
"PAIP1",1,1,0.592739896105156,"1_of_4"
"CNR1",1,1,0.591242857594395,"1_of_4"
"C1GALT1C1L",1,1,0.591020100384639,"1_of_4"
"SCN3B",1,1,0.590647424770912,"1_of_4"
"RTL9",1,1,0.590434894563558,"1_of_4"
"RAB10",1,1,0.590396089619512,"1_of_4"
"ABL1",1,1,0.590127240693647,"1_of_4"
"DCAF15",1,1,0.588982536588226,"1_of_4"
"RFPL4B",1,1,0.588950296440831,"1_of_4"
"ZSCAN20",1,1,0.588548662471289,"1_of_4"
"SMURF2",1,1,0.587097391339525,"1_of_4"
"CHST15",1,1,0.586392952959248,"1_of_4"
"CDV3",1,1,0.586092234684828,"1_of_4"
"SELENOS",1,1,0.585900038055428,"1_of_4"
"TMEM9",1,1,0.585858191799241,"1_of_4"
"CEP85L",1,1,0.585096493056248,"1_of_4"
"CAPN2",1,1,0.58438977500836,"1_of_4"
"DOCK8",1,1,0.584238555140398,"1_of_4"
"RP9",1,1,0.583944644214914,"1_of_4"
"TAC3",1,1,0.583628639478442,"1_of_4"
"ARFIP2",1,1,0.58301669545605,"1_of_4"
"STK32B",1,1,0.583013468618788,"1_of_4"
"EMX1",1,1,0.582556737590683,"1_of_4"
"KCNIP1",1,1,0.582065302973296,"1_of_4"
"INSIG2",1,1,0.581253178813536,"1_of_4"
"GLYR1",1,1,0.581211318055735,"1_of_4"
"OTUD3",1,1,0.581181129479151,"1_of_4"
"SFTPD",1,1,0.580873235389303,"1_of_4"
"CD7",1,1,0.580547102026666,"1_of_4"
"SESTD1",1,1,0.580385924351606,"1_of_4"
"C8G",1,1,0.580301768524396,"1_of_4"
"PNKP",1,1,0.5802221546122,"1_of_4"
"CCDC22",1,1,0.580195412299957,"1_of_4"
"RAB5B",1,1,0.580184524869769,"1_of_4"
"ELP1",1,1,0.580097693548949,"1_of_4"
"GTF2F2",1,1,0.579609516540818,"1_of_4"
"CORO2A",1,1,0.57940203204526,"1_of_4"
"TMUB1",1,1,0.578918458566911,"1_of_4"
"SRP72",1,1,0.578588813486051,"1_of_4"
"GLUD2",1,1,0.576925378238722,"1_of_4"
"CNPY2",1,1,0.57682394493079,"1_of_4"
"XPC",1,1,0.576144308437681,"1_of_4"
"URB1",1,1,0.575594868730291,"1_of_4"
"OTUD4",1,1,0.57332165293842,"1_of_4"
"CANX",1,1,0.570115528193837,"1_of_4"
"TRIM47",1,1,0.570029488009425,"1_of_4"
"ANKRD54",1,1,0.56998536882564,"1_of_4"
"NPIPA9",1,1,0.569761507794982,"1_of_4"
"MAP4K2",1,1,0.567612317534241,"1_of_4"
"CLDN24",1,1,0.566579728942061,"1_of_4"
"CSF2",1,1,0.565815957018833,"1_of_4"
"SEC14L6",1,1,0.565323225433846,"1_of_4"
"RAPGEF4",1,1,0.565273661753079,"1_of_4"
"ZFP64",1,1,0.563956394054943,"1_of_4"
"RASSF3",1,1,0.563913350200159,"1_of_4"
"SSR3",1,1,0.563878149820943,"1_of_4"
"SLC8A1",1,1,0.562892519413636,"1_of_4"
"MDM4",1,1,0.562755760820959,"1_of_4"
"BCAR1",1,1,0.562488642157761,"1_of_4"
"MYLPF",1,1,0.562222051360054,"1_of_4"
"GALNT1",1,1,0.561629024666157,"1_of_4"
"GSR",1,1,0.559477975703402,"1_of_4"
"ZNF548",1,1,0.559443646838856,"1_of_4"
"MPDU1",1,1,0.559405711798546,"1_of_4"
"MLH3",1,1,0.559304279280693,"1_of_4"
"AKNA",1,1,0.558745110909556,"1_of_4"
"MT1F",1,1,0.558632909709184,"1_of_4"
"ZNF772",1,1,0.558089905148287,"1_of_4"
"PITPNC1",1,1,0.557213945276765,"1_of_4"
"TIE1",1,1,0.557179204089781,"1_of_4"
"TRMT1",1,1,0.556827229206297,"1_of_4"
"FKBPL",1,1,0.555258601344658,"1_of_4"
"SERTM2",1,1,0.554570691547321,"1_of_4"
"ARSK",1,1,0.552488207664601,"1_of_4"
"MAGEA3",1,1,0.55245092321222,"1_of_4"
"LCAT",1,1,0.55112353777027,"1_of_4"
"PILRA",1,1,0.550870997455031,"1_of_4"
"KCNMB3",1,1,0.55076453583414,"1_of_4"
"SIPA1",1,1,0.550682856025997,"1_of_4"
"CSGALNACT1",1,1,0.54975197506619,"1_of_4"
"RNF13",1,1,0.54952652004345,"1_of_4"
"ANXA11",1,1,0.549382746036838,"1_of_4"
"LSM11",1,1,0.546236730790852,"1_of_4"
"DESI1",1,1,0.545971556937292,"1_of_4"
"DNAAF3",1,1,0.544511394124489,"1_of_4"
"GTF2H5",1,1,0.5438202681099,"1_of_4"
"MT1M",1,1,0.543600043296824,"1_of_4"
"FAM234B",1,1,0.543560136572449,"1_of_4"
"FAM166B",1,1,0.542846415004016,"1_of_4"
"AC005261.1",1,1,0.542129825872469,"1_of_4"
"SLC39A9",1,1,0.542010794874707,"1_of_4"
"MARCHF6",1,1,0.541889836816772,"1_of_4"
"DUSP2",1,1,0.541676313655181,"1_of_4"
"KIF13A",1,1,0.541581376276747,"1_of_4"
"SERTM1",1,1,0.540775516860667,"1_of_4"
"GARS1",1,1,0.539373904643912,"1_of_4"
"MUC12",1,1,0.53903430188059,"1_of_4"
"BRWD3",1,1,0.538227578831998,"1_of_4"
"NMRAL1",1,1,0.537407322999812,"1_of_4"
"DPY19L1",1,1,0.537209767003949,"1_of_4"
"TAF5L",1,1,0.536039896633413,"1_of_4"
"DNAJB1",1,1,0.533440338381548,"1_of_4"
"MRPS27",1,1,0.532922149486255,"1_of_4"
"FGFR2",1,1,0.531785105553826,"1_of_4"
"KAT8",1,1,0.531578971227872,"1_of_4"
"ZNF146",1,1,0.530516614723541,"1_of_4"
"MMP25",1,1,0.528393218908044,"1_of_4"
"C6orf15",1,1,0.528239801958151,"1_of_4"
"AKIRIN2",1,1,0.52785916214296,"1_of_4"
"MYBPHL",1,1,0.524206091975162,"1_of_4"
"STARD4",1,1,0.52403438817518,"1_of_4"
"PRKAR2A",1,1,0.522789057444716,"1_of_4"
"CCDC85C",1,1,0.520710725539068,"1_of_4"
"ZNF790",1,1,0.520539636424298,"1_of_4"
"OSER1",1,1,0.520379445660158,"1_of_4"
"TRIM25",1,1,0.519810311948328,"1_of_4"
"UXS1",1,1,0.517059982102051,"1_of_4"
"SPNS3",1,1,0.516670240993391,"1_of_4"
"IDH3G",1,1,0.51618593799582,"1_of_4"
"HAUS4",1,1,0.515611162099082,"1_of_4"
"ISCA1",1,1,0.513854087297207,"1_of_4"
"KIAA1522",1,1,0.513349411618796,"1_of_4"
"DNPEP",1,1,0.513307932603298,"1_of_4"
"KIAA1324",1,1,0.513303653727807,"1_of_4"
"PRKCZ",1,1,0.51227180625758,"1_of_4"
"GCN1",1,1,0.511741524117176,"1_of_4"
"PTTG1IP",1,1,0.511525070203619,"1_of_4"
"CFAP45",1,1,0.509039948856362,"1_of_4"
"STK4",1,1,0.508480201191017,"1_of_4"
"LYPD2",1,1,0.507650700236819,"1_of_4"
"M1AP",1,1,0.507455946787266,"1_of_4"
"ENDOV",1,1,0.507386585035877,"1_of_4"
"GNPDA1",1,1,0.507371193872215,"1_of_4"
"ZSCAN18",1,1,0.507150993604143,"1_of_4"
"FBXL19",1,1,0.506548284014024,"1_of_4"
"MED14",1,1,0.505986465992351,"1_of_4"
"MYD88",1,1,0.505485078202984,"1_of_4"
"MIF4GD",1,1,0.504187692734329,"1_of_4"
"CHRDL1",1,1,0.504139368335096,"1_of_4"
"SRF",1,1,0.503051079400673,"1_of_4"
"ITFG1",1,1,0.502700604824416,"1_of_4"
"WDR31",1,1,0.502415718932231,"1_of_4"
"SMCHD1",1,1,0.502158101738661,"1_of_4"
"AC008750.8",1,1,0.500782692995316,"1_of_4"
"ZG16B",1,1,0.499629001625754,"1_of_4"
"PMS1",1,1,0.499233860834589,"1_of_4"
"TLE6",1,1,0.497464637060426,"1_of_4"
"UBXN8",1,1,0.496165417634766,"1_of_4"
"PSKH1",1,1,0.496041965046438,"1_of_4"
"MYBL1",1,1,0.495827948646067,"1_of_4"
"FBXW10",1,1,0.495503982890131,"1_of_4"
"SMIM14",1,1,0.495259500908172,"1_of_4"
"CTBP1",1,1,0.494771075522737,"1_of_4"
"ZNF544",1,1,0.492908096683127,"1_of_4"
"FAM76B",1,1,0.491827056452853,"1_of_4"
"ADGRL2",1,1,0.491666161686308,"1_of_4"
"OSBPL8",1,1,0.491649420241823,"1_of_4"
"CCDC9",1,1,0.49047183489754,"1_of_4"
"ZNF140",1,1,0.488646366464274,"1_of_4"
"SP100",1,1,0.487745404922898,"1_of_4"
"SNX2",1,1,0.487395653543975,"1_of_4"
"TMEM14B",1,1,0.487277236895522,"1_of_4"
"TXNDC11",1,1,0.485423206868651,"1_of_4"
"NRBP1",1,1,0.4848241259501,"1_of_4"
"THAP4",1,1,0.484570043881371,"1_of_4"
"ZNF395",1,1,0.482932014260468,"1_of_4"
"ATG13",1,1,0.482648025410317,"1_of_4"
"BCR",1,1,0.481965632116089,"1_of_4"
"SH3BP1",1,1,0.48135230031049,"1_of_4"
"CENPT",1,1,0.481210083654646,"1_of_4"
"ENGASE",1,1,0.480474307993298,"1_of_4"
"PRSS35",1,1,0.479218006511682,"1_of_4"
"CBX7",1,1,0.477377078117848,"1_of_4"
"ATP13A3",1,1,0.475765301652859,"1_of_4"
"CACNA1F",1,1,0.475017097270552,"1_of_4"
"ZMYM3",1,1,0.474673016720424,"1_of_4"
"PICK1",1,1,0.470795604796381,"1_of_4"
"ARL1",1,1,0.470678922018554,"1_of_4"
"EIF2AK1",1,1,0.469763436102875,"1_of_4"
"ZNF84",1,1,0.468203537845103,"1_of_4"
"PAPPA2",1,1,0.464214939587623,"1_of_4"
"DDX31",1,1,0.463549839661035,"1_of_4"
"SLC25A51",1,1,0.463260892481802,"1_of_4"
"SHISAL2A",1,1,0.463142858155706,"1_of_4"
"HERC2",1,1,0.462347665150798,"1_of_4"
"CCNH",1,1,0.462191905489504,"1_of_4"
"ARHGAP32",1,1,0.461890052797534,"1_of_4"
"SELENON",1,1,0.458464344408308,"1_of_4"
"CHAMP1",1,1,0.457771451300322,"1_of_4"
"RPLP1",1,1,0.456635554471179,"1_of_4"
"GOLGA8K",1,1,0.456549602141849,"1_of_4"
"LMO3",1,1,0.455418109744296,"1_of_4"
"MAL",1,1,0.450867886251601,"1_of_4"
"NFIC",1,1,0.449955448627687,"1_of_4"
"HSDL2",1,1,0.449799621794383,"1_of_4"
"PMEL",1,1,0.448800881316452,"1_of_4"
"MAN2A1",1,1,0.447428974491586,"1_of_4"
"ATXN7L1",1,1,0.447350045193409,"1_of_4"
"GNG13",1,1,0.446841446995659,"1_of_4"
"TMTC2",1,1,0.44387073717436,"1_of_4"
"PLAC9",1,1,0.440596163507443,"1_of_4"
"ALDH1A2",1,1,0.439476213724988,"1_of_4"
"TOR1AIP2",1,1,0.435852214466323,"1_of_4"
"NEK11",1,1,0.435234542763611,"1_of_4"
"MALRD1",1,1,0.434684252499133,"1_of_4"
"GPS1",1,1,0.433037110249877,"1_of_4"
"PTPRCAP",1,1,0.431516088770091,"1_of_4"
"EXTL3",1,1,0.43107907413025,"1_of_4"
"SUPV3L1",1,1,0.43069800090078,"1_of_4"
"MFAP5",1,1,0.430210282973074,"1_of_4"
"ARFGEF2",1,1,0.430141395211338,"1_of_4"
"TRADD",1,1,0.42852177742173,"1_of_4"
"UTP14C",1,1,0.427805144844602,"1_of_4"
"PLEC",1,1,0.424918808580367,"1_of_4"
"UFSP1",1,1,0.424288180339861,"1_of_4"
"PLAAT1",1,1,0.423436136825142,"1_of_4"
"TCFL5",1,1,0.42212929124716,"1_of_4"
"GOLT1B",1,1,0.417387241480232,"1_of_4"
"RNF139",1,1,0.415959650025081,"1_of_4"
"RHPN1",1,1,0.41372112179703,"1_of_4"
"DNASE1L1",1,1,0.412611271097906,"1_of_4"
"ST8SIA4",1,1,0.412425522399107,"1_of_4"
"SNX6",1,1,0.411830055907098,"1_of_4"
"SLC12A2",1,1,0.411653986392166,"1_of_4"
"PANK4",1,1,0.410756403157193,"1_of_4"
"RP2",1,1,0.406769310962664,"1_of_4"
"CARD8",1,1,0.406037887610103,"1_of_4"
"NR2F1",1,1,0.401955531859702,"1_of_4"
"KDM4A",1,1,0.396654939657424,"1_of_4"
"ZNF45",1,1,0.394563448050968,"1_of_4"
"CELF4",1,1,0.393157370514091,"1_of_4"
"UBE2V1",1,1,0.390411039399577,"1_of_4"
"CCDC71",1,1,0.389530100933805,"1_of_4"
"CASTOR3",1,1,0.389258420272179,"1_of_4"
"PI16",1,1,0.388463387172971,"1_of_4"
"ZBTB9",1,1,0.3857040368422,"1_of_4"
"TDRD7",1,1,0.38447712561157,"1_of_4"
"CEP164",1,1,0.375552631513008,"1_of_4"
"GBA2",1,1,0.373892056721034,"1_of_4"
"MED15",1,1,0.373380622913714,"1_of_4"
"SH2D2A",1,1,0.369714311435985,"1_of_4"
"FAM104B",1,1,0.366127323203968,"1_of_4"
"FAM102A",1,1,0.363657129734914,"1_of_4"
"CCDC144NL",1,1,0.362847877249878,"1_of_4"
"LIPM",1,1,0.358290231657084,"1_of_4"
"R3HCC1",1,1,0.35708347167152,"1_of_4"
"PRXL2B",1,1,0.351203459154909,"1_of_4"
"APOBEC2",1,1,0.351172351559491,"1_of_4"
"RGS10",1,1,0.344688497410764,"1_of_4"
"BMPR1A",1,1,0.338703388746739,"1_of_4"
"ZNF746",1,1,0.328855659840027,"1_of_4"
"MIB1",1,1,0.303917266955139,"1_of_4"
"PI4K2B",1,1,0.288043200571297,"1_of_4"
"DVL1",1,1,0.285196035802461,"1_of_4"
"TMEM102",1,1,0.265950458768195,"1_of_4"
"ARHGEF33",1,1,0.220468337557527,"1_of_4"
"ARL6IP6",1,1,0.216123186921895,"1_of_4"
"BATF3",1,1,0.175893035324695,"1_of_4"
"FAM71F1",1,1,0.0975520312459731,"1_of_4"
"PCDHA7",1,1,0.0964586770351981,"1_of_4"
"CTSK",4,0,0.474362279088714,"0_of_4"
"ZNF433",4,0,0.391378120577837,"0_of_4"
"TIGD3",3,0,0.731562065854629,"0_of_4"
"KSR1",3,0,0.718910626082494,"0_of_4"
"KANSL1L",3,0,0.676622106613127,"0_of_4"
"TLCD3B",3,0,0.654861233968607,"0_of_4"
"SLC48A1",3,0,0.651459425137526,"0_of_4"
"DTX2",3,0,0.623175981755992,"0_of_4"
"FAM9B",3,0,0.618809654599084,"0_of_4"
"CHAC1",3,0,0.616571903248413,"0_of_4"
"MAD2L2",3,0,0.60814758165344,"0_of_4"
"SPIN2B",3,0,0.587936318541057,"0_of_4"
"UBALD2",3,0,0.57942552459186,"0_of_4"
"HOXA10",3,0,0.579013610335706,"0_of_4"
"C4orf3",3,0,0.575734421122826,"0_of_4"
"SYTL1",3,0,0.572786331184852,"0_of_4"
"ZDHHC11B",3,0,0.571987719847203,"0_of_4"
"STRA6",3,0,0.56446207807514,"0_of_4"
"SOX15",3,0,0.56212913320777,"0_of_4"
"PCOLCE",3,0,0.535133340217919,"0_of_4"
"URB2",3,0,0.524010934420904,"0_of_4"
"PKIA",3,0,0.509726690445773,"0_of_4"
"KCNJ13",3,0,0.50198478075879,"0_of_4"
"AC012184.2",3,0,0.500010579093,"0_of_4"
"PCLO",3,0,0.4803193092234,"0_of_4"
"ULBP2",3,0,0.470296213745394,"0_of_4"
"FZD3",3,0,0.44497741381265,"0_of_4"
"AEN",3,0,0.43939770504033,"0_of_4"
"DDIT3",3,0,0.432480669977399,"0_of_4"
"HKDC1",3,0,0.414894946395962,"0_of_4"
"ZNF625.ZNF20",3,0,0.40456939635707,"0_of_4"
"AGER",3,0,0.39027839979379,"0_of_4"
"ANKRD42",3,0,0.376689357329219,"0_of_4"
"ZMYND8",3,0,0.361172432319828,"0_of_4"
"GPLD1",3,0,0.352252447938325,"0_of_4"
"MARK1",3,0,0.323108727958024,"0_of_4"
"MCF2L",3,0,0.285977164006549,"0_of_4"
"SPATA9",2,0,5.98217074585985,"0_of_4"
"BCL2L11",2,0,4.87285149422186,"0_of_4"
"RGL3",2,0,3.57294741733143,"0_of_4"
"ZNF808",2,0,2.25313397001347,"0_of_4"
"KLK7",2,0,2.02642569966008,"0_of_4"
"HGH1",2,0,1.93196738136972,"0_of_4"
"ZBED9",2,0,1.68447317299531,"0_of_4"
"TBX19",2,0,1.5787401845958,"0_of_4"
"GORAB",2,0,1.4305856204405,"0_of_4"
"OCLN",2,0,1.36731268888699,"0_of_4"
"SCART1",2,0,1.28172300761833,"0_of_4"
"C5orf34",2,0,1.23228753405598,"0_of_4"
"ZNF350",2,0,1.23024587844715,"0_of_4"
"TRIM46",2,0,1.18435710065343,"0_of_4"
"SLC11A1",2,0,1.16241164117036,"0_of_4"
"SLC22A25",2,0,1.14044186217663,"0_of_4"
"EFNA3",2,0,1.13846840450673,"0_of_4"
"MROH1",2,0,1.12785439696959,"0_of_4"
"HDAC4",2,0,1.102788079887,"0_of_4"
"TLCD4",2,0,1.06259661933066,"0_of_4"
"SCNN1A",2,0,1.04682452267095,"0_of_4"
"ZNF396",2,0,1.03821935083303,"0_of_4"
"PSPN",2,0,1.02607396371194,"0_of_4"
"SPAAR",2,0,1.01711201451958,"0_of_4"
"C19orf44",2,0,1.00465649297797,"0_of_4"
"ANKRD37",2,0,0.997744154656477,"0_of_4"
"ATP2A1",2,0,0.996217946957884,"0_of_4"
"DRC3",2,0,0.992983691474492,"0_of_4"
"PIKFYVE",2,0,0.983607659202126,"0_of_4"
"PDE8B",2,0,0.979472167610846,"0_of_4"
"PJA1",2,0,0.979384238286996,"0_of_4"
"ZNF485",2,0,0.977887884688921,"0_of_4"
"TSPAN12",2,0,0.965128768480868,"0_of_4"
"RDH16",2,0,0.960743878964699,"0_of_4"
"NPHP4",2,0,0.95901410104647,"0_of_4"
"SUCLA2",2,0,0.958333552634194,"0_of_4"
"CCDC200",2,0,0.950922803553385,"0_of_4"
"KLHL31",2,0,0.94623267843655,"0_of_4"
"ARL14EP",2,0,0.945711825520279,"0_of_4"
"CSRNP1",2,0,0.941528459212462,"0_of_4"
"SLC4A8",2,0,0.939719111024826,"0_of_4"
"GLI4",2,0,0.93600085560929,"0_of_4"
"ATP6V1E2",2,0,0.934571782401775,"0_of_4"
"HMCN2",2,0,0.923148074270547,"0_of_4"
"CEP135",2,0,0.917382878058197,"0_of_4"
"ZNF821",2,0,0.914447300028317,"0_of_4"
"TSSK3",2,0,0.911620181623181,"0_of_4"
"PIANP",2,0,0.911298844262621,"0_of_4"
"AGBL2",2,0,0.897260637122949,"0_of_4"
"CXCL2",2,0,0.89267866097577,"0_of_4"
"ATP6V1G2",2,0,0.874037509889272,"0_of_4"
"RABL2A",2,0,0.873196120372874,"0_of_4"
"PCDH12",2,0,0.872802782720913,"0_of_4"
"TCAP",2,0,0.871676982190304,"0_of_4"
"MYH10",2,0,0.86860736622065,"0_of_4"
"NUP43",2,0,0.868197107644523,"0_of_4"
"CUZD1",2,0,0.86563736543207,"0_of_4"
"ALOX12",2,0,0.863883400286811,"0_of_4"
"KCNJ11",2,0,0.860947240782961,"0_of_4"
"DPF1",2,0,0.859903163369691,"0_of_4"
"TUBB",2,0,0.857269551954687,"0_of_4"
"ZMYM6",2,0,0.853453506258414,"0_of_4"
"TMEM125",2,0,0.848680988939319,"0_of_4"
"TBC1D25",2,0,0.847228543477216,"0_of_4"
"IL16",2,0,0.846876129134299,"0_of_4"
"WDSUB1",2,0,0.843571528996665,"0_of_4"
"CRYGN",2,0,0.842038289603603,"0_of_4"
"PPM1J",2,0,0.83603532397194,"0_of_4"
"APOO",2,0,0.833114516473023,"0_of_4"
"TMPRSS4",2,0,0.831552383634808,"0_of_4"
"THAP2",2,0,0.827424178123046,"0_of_4"
"ZNF311",2,0,0.827224869104343,"0_of_4"
"ZP3",2,0,0.825722927840081,"0_of_4"
"FAM169B",2,0,0.821950239791433,"0_of_4"
"DOHH",2,0,0.821063380566451,"0_of_4"
"PCGF6",2,0,0.814011852068907,"0_of_4"
"TRIP11",2,0,0.810891692911787,"0_of_4"
"APOL4",2,0,0.808814530703486,"0_of_4"
"CNIH2",2,0,0.807697570428296,"0_of_4"
"GOLGA6L10",2,0,0.807332065395723,"0_of_4"
"IL2RB",2,0,0.80600615788264,"0_of_4"
"KLRG2",2,0,0.798491860082514,"0_of_4"
"ZNF222",2,0,0.797694963165065,"0_of_4"
"ZBED6CL",2,0,0.795834334312722,"0_of_4"
"GPRASP1",2,0,0.788391606457157,"0_of_4"
"SSTR2",2,0,0.785100641750661,"0_of_4"
"PRSS27",2,0,0.780108843176363,"0_of_4"
"RNASET2",2,0,0.779695611426139,"0_of_4"
"ZDHHC11",2,0,0.779387830688289,"0_of_4"
"ITIH3",2,0,0.777737156253354,"0_of_4"
"GPD1",2,0,0.777696874559765,"0_of_4"
"ALG1L",2,0,0.761454577514786,"0_of_4"
"MRNIP",2,0,0.76106931212917,"0_of_4"
"ANKRD34A",2,0,0.756702549858794,"0_of_4"
"PRKX",2,0,0.756609279732356,"0_of_4"
"PURA",2,0,0.752739625917882,"0_of_4"
"PRRG2",2,0,0.750073200568837,"0_of_4"
"SLAMF9",2,0,0.749443129243026,"0_of_4"
"THAP10",2,0,0.749017252388589,"0_of_4"
"WNT10B",2,0,0.748100304379891,"0_of_4"
"RAET1G",2,0,0.747776812827843,"0_of_4"
"TMEM234",2,0,0.74752082341959,"0_of_4"
"RAPGEF3",2,0,0.743339624502376,"0_of_4"
"KCND2",2,0,0.737964262749353,"0_of_4"
"HOOK3",2,0,0.7358820606581,"0_of_4"
"RAC1",2,0,0.731303725805098,"0_of_4"
"SERINC5",2,0,0.731061470447219,"0_of_4"
"EPHA6",2,0,0.72879693317247,"0_of_4"
"FGGY",2,0,0.728683733753835,"0_of_4"
"FAM50B",2,0,0.728573430288623,"0_of_4"
"LRRC40",2,0,0.725499483787093,"0_of_4"
"H2BU1",2,0,0.724488112012096,"0_of_4"
"SPATA32",2,0,0.723082250701742,"0_of_4"
"KRTAP5.2",2,0,0.716055392749196,"0_of_4"
"HOPX",2,0,0.714125623803733,"0_of_4"
"NAGK",2,0,0.711257263245484,"0_of_4"
"SLC13A5",2,0,0.708034741061727,"0_of_4"
"ERLIN1",2,0,0.706504581550761,"0_of_4"
"LDLRAD1",2,0,0.703730130250707,"0_of_4"
"MAGIX",2,0,0.701293326961504,"0_of_4"
"C2orf66",2,0,0.693270993745097,"0_of_4"
"CMIP",2,0,0.69246383185515,"0_of_4"
"TAS2R3",2,0,0.692379553932194,"0_of_4"
"SLC25A18",2,0,0.686974745051886,"0_of_4"
"BMT2",2,0,0.685293628692025,"0_of_4"
"EMB",2,0,0.682795335195896,"0_of_4"
"KIAA2026",2,0,0.672096811457968,"0_of_4"
"L3MBTL1",2,0,0.671662259149904,"0_of_4"
"CYP2D6",2,0,0.671153057912928,"0_of_4"
"B3GNT10",2,0,0.670261353644959,"0_of_4"
"PLAG1",2,0,0.669165700696835,"0_of_4"
"LRRC17",2,0,0.668788073475317,"0_of_4"
"ERVW.1",2,0,0.667593467996501,"0_of_4"
"NXT1",2,0,0.66704089886218,"0_of_4"
"CASC1",2,0,0.66421392421992,"0_of_4"
"DDTL",2,0,0.664166767621464,"0_of_4"
"C20orf27",2,0,0.663158789219455,"0_of_4"
"CCDC85B",2,0,0.660802703971398,"0_of_4"
"KATNB1",2,0,0.660565219354579,"0_of_4"
"ALK",2,0,0.65879613721141,"0_of_4"
"DHRS9",2,0,0.658153329527263,"0_of_4"
"PCDHGA1",2,0,0.656309729599851,"0_of_4"
"WFDC2",2,0,0.654668302557998,"0_of_4"
"MFSD6",2,0,0.653008327285313,"0_of_4"
"ZNF626",2,0,0.652020196034719,"0_of_4"
"USP51",2,0,0.651652301847251,"0_of_4"
"DDX10",2,0,0.649363015802247,"0_of_4"
"UST",2,0,0.648860549819291,"0_of_4"
"ITPRIPL2",2,0,0.646753729991864,"0_of_4"
"CHMP1B",2,0,0.645166463220814,"0_of_4"
"BAIAP3",2,0,0.644294762498796,"0_of_4"
"GOLGA8N",2,0,0.644221408409803,"0_of_4"
"ADCY4",2,0,0.64383669244382,"0_of_4"
"RNF112",2,0,0.642671893686509,"0_of_4"
"IL6",2,0,0.640483955553679,"0_of_4"
"ASB16",2,0,0.638472251003343,"0_of_4"
"FGFRL1",2,0,0.638031293160313,"0_of_4"
"ZBED8",2,0,0.635567167130576,"0_of_4"
"PGLYRP4",2,0,0.63498513666984,"0_of_4"
"IQCD",2,0,0.634844153583314,"0_of_4"
"OXNAD1",2,0,0.631159896940037,"0_of_4"
"SLC43A3",2,0,0.630074431746269,"0_of_4"
"TREH",2,0,0.62953241822943,"0_of_4"
"HNF1B",2,0,0.627894302581087,"0_of_4"
"SCX",2,0,0.624666922671075,"0_of_4"
"SNORC",2,0,0.621503515692309,"0_of_4"
"KIAA1614",2,0,0.620761453325132,"0_of_4"
"DENND4C",2,0,0.617713960505687,"0_of_4"
"AC010422.6",2,0,0.616813769194708,"0_of_4"
"TMEM191C",2,0,0.611246849325698,"0_of_4"
"ST6GALNAC3",2,0,0.605819944975994,"0_of_4"
"TTC21A",2,0,0.60464320558276,"0_of_4"
"MZT2B",2,0,0.603352053548423,"0_of_4"
"LETM1",2,0,0.601908740480921,"0_of_4"
"ANKRD16",2,0,0.601068589807381,"0_of_4"
"CCDC188",2,0,0.599849836030357,"0_of_4"
"AHCY",2,0,0.598726130186163,"0_of_4"
"CCDC28A",2,0,0.595614762489501,"0_of_4"
"PAQR6",2,0,0.593569589679792,"0_of_4"
"SPDYE5",2,0,0.590226486653413,"0_of_4"
"INO80C",2,0,0.5879507049659,"0_of_4"
"GLTPD2",2,0,0.586820827583225,"0_of_4"
"FSIP2",2,0,0.586527968999589,"0_of_4"
"STPG3",2,0,0.584809648101353,"0_of_4"
"UBN2",2,0,0.584636463195413,"0_of_4"
"GPR85",2,0,0.583442108650083,"0_of_4"
"FBXO8",2,0,0.58225969183541,"0_of_4"
"LRRC2",2,0,0.580263678927072,"0_of_4"
"MSH5",2,0,0.579398904476968,"0_of_4"
"MSH6",2,0,0.578279275032199,"0_of_4"
"ST20.MTHFS",2,0,0.572872627502902,"0_of_4"
"NME1.NME2",2,0,0.562346163452505,"0_of_4"
"BAIAP2L2",2,0,0.561862138286893,"0_of_4"
"PCP2",2,0,0.560334382534429,"0_of_4"
"PPIL6",2,0,0.556349715872483,"0_of_4"
"POLR3E",2,0,0.553740178359256,"0_of_4"
"PSTPIP1",2,0,0.54847904397615,"0_of_4"
"FGD3",2,0,0.542185843931547,"0_of_4"
"DDX11",2,0,0.537395910839694,"0_of_4"
"CLIP3",2,0,0.535662662247828,"0_of_4"
"ESM1",2,0,0.535400292330023,"0_of_4"
"GALNT9",2,0,0.530049990015077,"0_of_4"
"TRMT44",2,0,0.52938563987814,"0_of_4"
"EXTL1",2,0,0.524120043571045,"0_of_4"
"SPRY3",2,0,0.523948309588143,"0_of_4"
"TRIM23",2,0,0.520522806532692,"0_of_4"
"SLC39A8",2,0,0.519470857982101,"0_of_4"
"CHRNB4",2,0,0.517865654418596,"0_of_4"
"PAG1",2,0,0.514455462412908,"0_of_4"
"TTN",2,0,0.514411443620699,"0_of_4"
"CAVIN4",2,0,0.513638605266728,"0_of_4"
"MRPL22",2,0,0.511925854254724,"0_of_4"
"MCTS2P",2,0,0.51127763778185,"0_of_4"
"DPYSL4",2,0,0.507020616696827,"0_of_4"
"RMDN2",2,0,0.506301140114963,"0_of_4"
"MARS2",2,0,0.50512763938982,"0_of_4"
"ZNF460",2,0,0.502843262565769,"0_of_4"
"ITGA3",2,0,0.501291883530564,"0_of_4"
"RNF183",2,0,0.49973698960647,"0_of_4"
"DTD2",2,0,0.499558103840541,"0_of_4"
"CTSC",2,0,0.499229627048029,"0_of_4"
"FRS3",2,0,0.498025438420012,"0_of_4"
"NR4A3",2,0,0.496464921391931,"0_of_4"
"SLC17A7",2,0,0.495536961866774,"0_of_4"
"RGPD2",2,0,0.494992607786324,"0_of_4"
"MRPL40",2,0,0.494051938263964,"0_of_4"
"TRMT112",2,0,0.491625482631282,"0_of_4"
"RABGGTA",2,0,0.48912644486722,"0_of_4"
"PTCHD1",2,0,0.487192463869292,"0_of_4"
"NOS3",2,0,0.48587850945241,"0_of_4"
"PREPL",2,0,0.48537639562143,"0_of_4"
"PAFAH2",2,0,0.467510446083274,"0_of_4"
"GPT",2,0,0.467077759561658,"0_of_4"
"CHEK2",2,0,0.466250660260292,"0_of_4"
"GHDC",2,0,0.464051994864503,"0_of_4"
"AL589666.1",2,0,0.45954062334379,"0_of_4"
"NPHP3",2,0,0.456125297779219,"0_of_4"
"ZFP62",2,0,0.455114172914733,"0_of_4"
"NEDD4",2,0,0.453363676317573,"0_of_4"
"SWT1",2,0,0.450470339016104,"0_of_4"
"PHYKPL",2,0,0.450011086299578,"0_of_4"
"GET3",2,0,0.439491584849626,"0_of_4"
"LST1",2,0,0.434938271870796,"0_of_4"
"ATP13A5",2,0,0.434679163128813,"0_of_4"
"FBXO24",2,0,0.433102808736811,"0_of_4"
"NR2C2AP",2,0,0.43227068529878,"0_of_4"
"SYNPO2L",2,0,0.425663283188015,"0_of_4"
"ZBTB37",2,0,0.422109086937344,"0_of_4"
"LINC00672",2,0,0.409211155246503,"0_of_4"
"ARHGEF6",2,0,0.408688556855574,"0_of_4"
"SMPDL3A",2,0,0.405562003878175,"0_of_4"
"LGALS9B",2,0,0.40277091885538,"0_of_4"
"ACTL10",2,0,0.400280289457334,"0_of_4"
"ATAD3C",2,0,0.397728432278543,"0_of_4"
"AOC1",2,0,0.393651366640544,"0_of_4"
"GEMIN4",2,0,0.385014743659024,"0_of_4"
"RNF126",2,0,0.382137761434417,"0_of_4"
"C19orf48",2,0,0.375921683243924,"0_of_4"
"KCNMB1",2,0,0.371287332387675,"0_of_4"
"DENND3",2,0,0.370929908243514,"0_of_4"
"LURAP1",2,0,0.355929846928446,"0_of_4"
"AKR1B10",2,0,0.353382734067945,"0_of_4"
"ZNF563",2,0,0.348247885064539,"0_of_4"
"GCOM1",2,0,0.347528240666318,"0_of_4"
"PRRC2A",2,0,0.344042648542427,"0_of_4"
"OSBPL7",2,0,0.340472772120621,"0_of_4"
"ADAM15",2,0,0.338969137096033,"0_of_4"
"ZNF625",2,0,0.328880159603841,"0_of_4"
"GK",2,0,0.321962443886811,"0_of_4"
"OXCT1",2,0,0.311694838630496,"0_of_4"
"NOS2",2,0,0.308585864658293,"0_of_4"
"HELZ",2,0,0.304979547657711,"0_of_4"
"LAT",2,0,0.298332630395191,"0_of_4"
"USP6",2,0,0.295122798773916,"0_of_4"
"PLCD1",2,0,0.291097315903389,"0_of_4"
"ARID4B",2,0,0.29098785216875,"0_of_4"
"ZNF737",2,0,0.283213609165433,"0_of_4"
"MPV17L",2,0,0.275628699695009,"0_of_4"
"NDUFS8",2,0,0.269901448592366,"0_of_4"
"HMBS",2,0,0.259868567804418,"0_of_4"
"IL15RA",2,0,0.257027183746704,"0_of_4"
"FNDC11",2,0,0.251993420995882,"0_of_4"
"LY6D",2,0,0.239714206548408,"0_of_4"
"TRIM63",2,0,0.23488694224553,"0_of_4"
"TMPRSS6",2,0,0.233694498277516,"0_of_4"
"EPM2A",2,0,0.227496234206383,"0_of_4"
"UBE2B",2,0,0.214314708475458,"0_of_4"
"PERM1",2,0,0.198731359954975,"0_of_4"
"N4BP2L2",2,0,0.164342223485784,"0_of_4"
"CDC25B",2,0,0.145290543710065,"0_of_4"
"ADGRG3",2,0,0.0550197080748531,"0_of_4"
"PRRG3",1,0,14.8940629751525,"0_of_4"
"TGFBR3L",1,0,10.9389420965809,"0_of_4"
"LSMEM2",1,0,8.85438420893668,"0_of_4"
"FAM71D",1,0,7.9508894965234,"0_of_4"
"TUBA4A",1,0,7.9222309537982,"0_of_4"
"CDH16",1,0,7.78255950413565,"0_of_4"
"B4GALT2",1,0,6.8821736678644,"0_of_4"
"CHRND",1,0,6.31876037814968,"0_of_4"
"SPECC1L.ADORA2A",1,0,6.14505985087669,"0_of_4"
"ANKRD34C",1,0,5.11876566620712,"0_of_4"
"CHML",1,0,4.81269731014772,"0_of_4"
"LMBRD1",1,0,4.81056601139058,"0_of_4"
"C3orf70",1,0,4.80026291585175,"0_of_4"
"KCNIP2",1,0,4.63659401088707,"0_of_4"
"IZUMO1",1,0,4.59572538228814,"0_of_4"
"CNTD1",1,0,4.53503942770812,"0_of_4"
"C11orf16",1,0,4.21382812124911,"0_of_4"
"RP1L1",1,0,4.1869630815851,"0_of_4"
"IP6K3",1,0,4.15206172409746,"0_of_4"
"ADGB",1,0,4.10773449163815,"0_of_4"
"SLC5A11",1,0,3.97307667375169,"0_of_4"
"SLC35A3",1,0,3.76088595353523,"0_of_4"
"ASAP2",1,0,3.63504170396343,"0_of_4"
"IQSEC3",1,0,3.58696630419997,"0_of_4"
"JADE3",1,0,3.38919834276541,"0_of_4"
"KCNK7",1,0,3.20853928667847,"0_of_4"
"PRDM10",1,0,3.1852555762114,"0_of_4"
"SFI1",1,0,3.11242875559115,"0_of_4"
"DTX4",1,0,3.08873303224338,"0_of_4"
"RASSF6",1,0,3.08378442352193,"0_of_4"
"TNRC6B",1,0,3.07164167735545,"0_of_4"
"IL7",1,0,3.01051429708684,"0_of_4"
"C6orf163",1,0,3.00773858973513,"0_of_4"
"SPDYE6",1,0,2.78719294398749,"0_of_4"
"ZNF774",1,0,2.77833841689006,"0_of_4"
"CNGB3",1,0,2.7743778678738,"0_of_4"
"MAP7D3",1,0,2.75518459908276,"0_of_4"
"AC105052.1",1,0,2.6931307612123,"0_of_4"
"TLCD3A",1,0,2.6685000770236,"0_of_4"
"PEMT",1,0,2.66301369569099,"0_of_4"
"DUOX1",1,0,2.65351484855609,"0_of_4"
"C10orf88",1,0,2.61581363603834,"0_of_4"
"DDB2",1,0,2.58699693507683,"0_of_4"
"FOXD4",1,0,2.57713076533375,"0_of_4"
"TTC16",1,0,2.56568117793247,"0_of_4"
"B4GALNT2",1,0,2.53269155837845,"0_of_4"
"KCNC4",1,0,2.4798876072868,"0_of_4"
"GGN",1,0,2.47980301765368,"0_of_4"
"FEZ2",1,0,2.47591337345733,"0_of_4"
"MAPK8",1,0,2.46578834931461,"0_of_4"
"ERCC8",1,0,2.44691114533653,"0_of_4"
"MAP3K15",1,0,2.44446906148415,"0_of_4"
"ADGRL3",1,0,2.4424465808412,"0_of_4"
"RHBDD3",1,0,2.40038068082603,"0_of_4"
"SFMBT1",1,0,2.39205849711193,"0_of_4"
"HOXA6",1,0,2.38792963830486,"0_of_4"
"YES1",1,0,2.36843465639447,"0_of_4"
"FSD1",1,0,2.35841732411137,"0_of_4"
"STMN1",1,0,2.34448698321737,"0_of_4"
"SHISA9",1,0,2.34030100983709,"0_of_4"
"HSPBAP1",1,0,2.33391348346388,"0_of_4"
"VSIG8",1,0,2.32912765164096,"0_of_4"
"FBXL3",1,0,2.31780955196435,"0_of_4"
"ZFP36",1,0,2.29267967773854,"0_of_4"
"TMEM160",1,0,2.27842169163175,"0_of_4"
"PIM2",1,0,2.27291909140308,"0_of_4"
"NRG4",1,0,2.26770133062716,"0_of_4"
"ACER2",1,0,2.21103175908503,"0_of_4"
"ETFBKMT",1,0,2.20823007795648,"0_of_4"
"RTN4R",1,0,2.20199892010675,"0_of_4"
"CACNB4",1,0,2.18945297209987,"0_of_4"
"TTC13",1,0,2.18433894961755,"0_of_4"
"CPT1B",1,0,2.17881240812296,"0_of_4"
"KIF9",1,0,2.17778425094837,"0_of_4"
"SEPTIN4",1,0,2.14979136566939,"0_of_4"
"AC096887.1",1,0,2.14863759793126,"0_of_4"
"RRP8",1,0,2.11074327072066,"0_of_4"
"LDHAL6A",1,0,2.10862063517997,"0_of_4"
"ATPSCKMT",1,0,2.08443428327775,"0_of_4"
"CALCB",1,0,2.0690483689536,"0_of_4"
"EPS8L3",1,0,2.05956247841954,"0_of_4"
"HMGN4",1,0,2.05007932865613,"0_of_4"
"MAST4",1,0,2.0489004769343,"0_of_4"
"C16orf86",1,0,2.03084454132215,"0_of_4"
"RPP14",1,0,2.01870671895382,"0_of_4"
"ASIC4",1,0,1.99875203592973,"0_of_4"
"NELFA",1,0,1.98811808850515,"0_of_4"
"HSD17B6",1,0,1.98701618966667,"0_of_4"
"MMRN2",1,0,1.98470213958722,"0_of_4"
"KLHL17",1,0,1.98003262623135,"0_of_4"
"C2CD6",1,0,1.95544681571688,"0_of_4"
"DHRS4L2",1,0,1.95428667884564,"0_of_4"
"LPAR5",1,0,1.95106239615377,"0_of_4"
"SLCO1B3.SLCO1B7",1,0,1.94896913152586,"0_of_4"
"ANKDD1B",1,0,1.94635420951361,"0_of_4"
"AP002990.1",1,0,1.94564949338019,"0_of_4"
"ATP5MG",1,0,1.92870013379498,"0_of_4"
"CDK5RAP3",1,0,1.92226856362703,"0_of_4"
"MESD",1,0,1.91555540324361,"0_of_4"
"GMIP",1,0,1.88302455874627,"0_of_4"
"GRIN2C",1,0,1.88146016225562,"0_of_4"
"SPATA12",1,0,1.86854928513301,"0_of_4"
"NLRP6",1,0,1.86701358883121,"0_of_4"
"GAREM1",1,0,1.8589256081987,"0_of_4"
"ZC3H12A",1,0,1.85825186536606,"0_of_4"
"STAC3",1,0,1.85702349521327,"0_of_4"
"VMP1",1,0,1.84656562018781,"0_of_4"
"ZSCAN5A",1,0,1.84151412908684,"0_of_4"
"C9orf50",1,0,1.84007284785433,"0_of_4"
"ABCC4",1,0,1.83927813605707,"0_of_4"
"LAPTM4B",1,0,1.83760849289072,"0_of_4"
"ZNF682",1,0,1.83258600519137,"0_of_4"
"GALM",1,0,1.82902583154227,"0_of_4"
"LPXN",1,0,1.82752188052103,"0_of_4"
"RSC1A1",1,0,1.82097551685353,"0_of_4"
"SYNDIG1L",1,0,1.81899686136473,"0_of_4"
"ECHDC1",1,0,1.8157730064253,"0_of_4"
"BATF2",1,0,1.80928100291059,"0_of_4"
"TMEM267",1,0,1.80569651424144,"0_of_4"
"APOBEC3A",1,0,1.80536976416063,"0_of_4"
"EFCAB6",1,0,1.79682390161731,"0_of_4"
"NOX1",1,0,1.79423822871741,"0_of_4"
"DGKH",1,0,1.79233146106386,"0_of_4"
"CCER2",1,0,1.79027191794533,"0_of_4"
"ICA1L",1,0,1.78565762441596,"0_of_4"
"ZSCAN16",1,0,1.7834414236903,"0_of_4"
"ACMSD",1,0,1.77604041331594,"0_of_4"
"USP46",1,0,1.77450598381448,"0_of_4"
"PCDHA5",1,0,1.76326929635775,"0_of_4"
"SLC16A13",1,0,1.76285351151346,"0_of_4"
"PDE4C",1,0,1.74241705265481,"0_of_4"
"DOK1",1,0,1.7397686950423,"0_of_4"
"PAN3",1,0,1.73629084805849,"0_of_4"
"AC002985.1",1,0,1.72002290088899,"0_of_4"
"NIT2",1,0,1.71943176224043,"0_of_4"
"CCDC65",1,0,1.7086028835522,"0_of_4"
"ADAM8",1,0,1.70469209235036,"0_of_4"
"HDAC2",1,0,1.69737350156525,"0_of_4"
"C9orf43",1,0,1.69593589616293,"0_of_4"
"PLXDC1",1,0,1.68912915662116,"0_of_4"
"FSD1L",1,0,1.68527249897511,"0_of_4"
"SYT15",1,0,1.67869917283211,"0_of_4"
"ARSB",1,0,1.6760544535098,"0_of_4"
"SUN1",1,0,1.67308265313833,"0_of_4"
"ENC1",1,0,1.67303841938377,"0_of_4"
"AC011448.1",1,0,1.67165967608184,"0_of_4"
"UBE2V2",1,0,1.6643290451041,"0_of_4"
"UROS",1,0,1.66390844182753,"0_of_4"
"KIF13B",1,0,1.66333078745871,"0_of_4"
"LGALS2",1,0,1.66141787643839,"0_of_4"
"MARCHF1",1,0,1.6596443442866,"0_of_4"
"EIF5AL1",1,0,1.65197346490278,"0_of_4"
"IRAK1BP1",1,0,1.65196492580067,"0_of_4"
"NRDC",1,0,1.64622258501064,"0_of_4"
"P4HTM",1,0,1.64498453144636,"0_of_4"
"ZNF320",1,0,1.63978557887008,"0_of_4"
"ABHD14B",1,0,1.63315479107378,"0_of_4"
"SLC2A13",1,0,1.62256718590633,"0_of_4"
"BEST4",1,0,1.61809643429633,"0_of_4"
"PRRT1",1,0,1.61792438831998,"0_of_4"
"SLC9A2",1,0,1.61771718528292,"0_of_4"
"HPX",1,0,1.61650388015296,"0_of_4"
"AVEN",1,0,1.61443883843756,"0_of_4"
"DRICH1",1,0,1.60883630621069,"0_of_4"
"RGS2",1,0,1.60464461784974,"0_of_4"
"OSBPL5",1,0,1.60422734468201,"0_of_4"
"CT62",1,0,1.60248225918189,"0_of_4"
"ADAMTS4",1,0,1.60194246820418,"0_of_4"
"BPIFB1",1,0,1.59567431032696,"0_of_4"
"FAM227A",1,0,1.59468178204019,"0_of_4"
"WSB1",1,0,1.58508228955903,"0_of_4"
"TNFSF12",1,0,1.58243401942986,"0_of_4"
"UBIAD1",1,0,1.57885567483158,"0_of_4"
"MROH2A",1,0,1.57275374671313,"0_of_4"
"HINT1",1,0,1.5680955229052,"0_of_4"
"LAG3",1,0,1.56354262428036,"0_of_4"
"CCDC170",1,0,1.56209366653607,"0_of_4"
"CDKN2D",1,0,1.55898187486431,"0_of_4"
"SUSD3",1,0,1.55711761938199,"0_of_4"
"C6orf136",1,0,1.55705403529165,"0_of_4"
"TMEM68",1,0,1.55262794327389,"0_of_4"
"FAAH2",1,0,1.54871191342147,"0_of_4"
"EVA1C",1,0,1.54647055663511,"0_of_4"
"SMIM5",1,0,1.54372870065079,"0_of_4"
"EID1",1,0,1.54173467579627,"0_of_4"
"HLA.DRB1",1,0,1.53501715523429,"0_of_4"
"SPACA4",1,0,1.52679657290649,"0_of_4"
"BPHL",1,0,1.52367715159498,"0_of_4"
"RBM12B",1,0,1.52236250924619,"0_of_4"
"MALT1",1,0,1.51861321660257,"0_of_4"
"SIGLEC15",1,0,1.51525041657135,"0_of_4"
"GPM6A",1,0,1.5144203223076,"0_of_4"
"LDHD",1,0,1.51040403125756,"0_of_4"
"CWC27",1,0,1.50984716374668,"0_of_4"
"BCL10",1,0,1.50470803279822,"0_of_4"
"FBXO27",1,0,1.49532318834075,"0_of_4"
"SLC22A13",1,0,1.49381129702254,"0_of_4"
"NDUFA9",1,0,1.4932581347531,"0_of_4"
"C12orf50",1,0,1.49321095757675,"0_of_4"
"UGT1A1",1,0,1.49148282474806,"0_of_4"
"AC005943.1",1,0,1.48806939223304,"0_of_4"
"LLGL2",1,0,1.48763747456829,"0_of_4"
"OARD1",1,0,1.48730862884294,"0_of_4"
"ZNF836",1,0,1.48321983934024,"0_of_4"
"SCAND1",1,0,1.48263355647722,"0_of_4"
"PER1",1,0,1.47850597639402,"0_of_4"
"CXCR5",1,0,1.47823605430779,"0_of_4"
"HPF1",1,0,1.47605592939271,"0_of_4"
"ARMCX4",1,0,1.47141714788379,"0_of_4"
"C18orf32",1,0,1.46126688074682,"0_of_4"
"RGL2",1,0,1.45987246535382,"0_of_4"
"FRMD4B",1,0,1.4559517646882,"0_of_4"
"PRPH",1,0,1.45491467720139,"0_of_4"
"CD53",1,0,1.45380532065793,"0_of_4"
"KRT3",1,0,1.45265187602626,"0_of_4"
"PFKM",1,0,1.45222519141532,"0_of_4"
"SPIB",1,0,1.45082500012306,"0_of_4"
"HOXA7",1,0,1.4488804264433,"0_of_4"
"ZNF669",1,0,1.44871602720546,"0_of_4"
"FOXD2",1,0,1.44736474104423,"0_of_4"
"IFNLR1",1,0,1.44568954098405,"0_of_4"
"GOLGA6A",1,0,1.4445798771819,"0_of_4"
"PIM1",1,0,1.44411005570277,"0_of_4"
"NSUN6",1,0,1.44043151132499,"0_of_4"
"IKZF3",1,0,1.43481067385947,"0_of_4"
"DEPDC4",1,0,1.4318597217383,"0_of_4"
"SVEP1",1,0,1.42948131908377,"0_of_4"
"SMARCA5",1,0,1.42849225449366,"0_of_4"
"ZZEF1",1,0,1.42845130248322,"0_of_4"
"LPCAT3",1,0,1.4283782917018,"0_of_4"
"SLC3A1",1,0,1.42141556819815,"0_of_4"
"SLC39A2",1,0,1.42037585168595,"0_of_4"
"SEC14L5",1,0,1.41971977953823,"0_of_4"
"THAP9",1,0,1.41776701665835,"0_of_4"
"SMPD2",1,0,1.411577063169,"0_of_4"
"C1QTNF3.AMACR",1,0,1.40417829652395,"0_of_4"
"ATP1B3",1,0,1.40148605164133,"0_of_4"
"ADIRF",1,0,1.39954378107922,"0_of_4"
"ZNF429",1,0,1.3991876471676,"0_of_4"
"NEDD1",1,0,1.38540675802164,"0_of_4"
"ZBTB14",1,0,1.37754698101404,"0_of_4"
"DPF3",1,0,1.37578994425611,"0_of_4"
"PMCH",1,0,1.37552409518005,"0_of_4"
"ARNTL",1,0,1.37119819419402,"0_of_4"
"COPS9",1,0,1.36755171470375,"0_of_4"
"RGS22",1,0,1.36670842209104,"0_of_4"
"RCOR2",1,0,1.36556608860856,"0_of_4"
"RFESD",1,0,1.36554043966076,"0_of_4"
"CCDC185",1,0,1.35952377828328,"0_of_4"
"IFI35",1,0,1.35805243905051,"0_of_4"
"STOML1",1,0,1.35679865797281,"0_of_4"
"GRAMD1C",1,0,1.35467174557416,"0_of_4"
"DIPK2B",1,0,1.35456972871554,"0_of_4"
"FYB1",1,0,1.35400244828256,"0_of_4"
"DHX37",1,0,1.35397966094562,"0_of_4"
"SLC2A6",1,0,1.35230051499529,"0_of_4"
"VPS26A",1,0,1.34674015203715,"0_of_4"
"PEX6",1,0,1.3465691368372,"0_of_4"
"IBA57",1,0,1.34407749709929,"0_of_4"
"ADGRD1",1,0,1.34049070808062,"0_of_4"
"ZNF613",1,0,1.34008375196498,"0_of_4"
"SLC16A10",1,0,1.33773643184949,"0_of_4"
"TMEM229B",1,0,1.33185117829662,"0_of_4"
"CUL2",1,0,1.32675881753327,"0_of_4"
"NYAP1",1,0,1.32630477124495,"0_of_4"
"GRIA2",1,0,1.32277867793784,"0_of_4"
"OFD1",1,0,1.32183214478704,"0_of_4"
"CENPS.CORT",1,0,1.32125574663363,"0_of_4"
"PTP4A1",1,0,1.3205263614897,"0_of_4"
"JRK",1,0,1.31847037075448,"0_of_4"
"CRHR2",1,0,1.3180304980465,"0_of_4"
"ZNF776",1,0,1.31480328714499,"0_of_4"
"PLIN3",1,0,1.30949398189217,"0_of_4"
"NDUFAF1",1,0,1.30888699252626,"0_of_4"
"HARBI1",1,0,1.30535058368694,"0_of_4"
"TRIAP1",1,0,1.29976924229928,"0_of_4"
"LARP1",1,0,1.2991619050476,"0_of_4"
"DSP",1,0,1.29850111599806,"0_of_4"
"GDF11",1,0,1.29421636704352,"0_of_4"
"ZFP69",1,0,1.29185507742288,"0_of_4"
"YWHAH",1,0,1.291038699996,"0_of_4"
"TRIM17",1,0,1.28984900144214,"0_of_4"
"ZNF326",1,0,1.28947166459572,"0_of_4"
"ZIC2",1,0,1.28835303133179,"0_of_4"
"POLR3F",1,0,1.28712756976467,"0_of_4"
"PLEKHM1",1,0,1.28610003828857,"0_of_4"
"CYTH2",1,0,1.27952401194079,"0_of_4"
"LRGUK",1,0,1.27907909709949,"0_of_4"
"TRIM44",1,0,1.2722061977491,"0_of_4"
"MISP3",1,0,1.27030644900602,"0_of_4"
"ZNF837",1,0,1.26841797099207,"0_of_4"
"PPP1R3F",1,0,1.26527378557994,"0_of_4"
"SCHIP1",1,0,1.26442671798831,"0_of_4"
"ZNF83",1,0,1.26261527664311,"0_of_4"
"HOXA9",1,0,1.26250680001897,"0_of_4"
"PCDHA9",1,0,1.26196405140165,"0_of_4"
"B3GALNT2",1,0,1.26128377621256,"0_of_4"
"PCNT",1,0,1.2600643532217,"0_of_4"
"LECT2",1,0,1.26000756933841,"0_of_4"
"TFPT",1,0,1.25838499923201,"0_of_4"
"EIF4G2",1,0,1.25677568632654,"0_of_4"
"THAP5",1,0,1.25634771881383,"0_of_4"
"MOSPD2",1,0,1.25261280922428,"0_of_4"
"ARID3A",1,0,1.25070330832576,"0_of_4"
"IL12RB2",1,0,1.24794831499296,"0_of_4"
"SAPCD1",1,0,1.24741850052833,"0_of_4"
"PER3",1,0,1.24724619417283,"0_of_4"
"SLC39A10",1,0,1.24170847207188,"0_of_4"
"NUTM2B",1,0,1.23955686158327,"0_of_4"
"NSMF",1,0,1.23938958987357,"0_of_4"
"BBOX1",1,0,1.23911246597936,"0_of_4"
"LRRC46",1,0,1.23817313379788,"0_of_4"
"NCAM1",1,0,1.23630616069197,"0_of_4"
"ZNF143",1,0,1.2359875056381,"0_of_4"
"ZNF197",1,0,1.23254962452698,"0_of_4"
"FAM71F2",1,0,1.23181353675749,"0_of_4"
"ZNF577",1,0,1.23058020801457,"0_of_4"
"KCNG3",1,0,1.22826862620496,"0_of_4"
"AKIP1",1,0,1.22701017301084,"0_of_4"
"DRC7",1,0,1.22626862909156,"0_of_4"
"AC006030.1",1,0,1.22332401333954,"0_of_4"
"KLHL41",1,0,1.22274089766496,"0_of_4"
"KDM2A",1,0,1.22080564440203,"0_of_4"
"PRELID3A",1,0,1.21769116058961,"0_of_4"
"AC073896.1",1,0,1.21515087708609,"0_of_4"
"HYAL1",1,0,1.21403605363932,"0_of_4"
"H2BC7",1,0,1.21286826962275,"0_of_4"
"AC091167.2",1,0,1.21259963149547,"0_of_4"
"CAND1",1,0,1.21208318417127,"0_of_4"
"KIAA2012",1,0,1.21030614815602,"0_of_4"
"TTC9B",1,0,1.20987358332618,"0_of_4"
"PIGP",1,0,1.20059175967334,"0_of_4"
"SMN2",1,0,1.19856973371136,"0_of_4"
"ERV3.1",1,0,1.19803076656874,"0_of_4"
"SP4",1,0,1.1974919091196,"0_of_4"
"SNX32",1,0,1.19630973957333,"0_of_4"
"FBXL22",1,0,1.19479204188279,"0_of_4"
"DOC2A",1,0,1.19451118386813,"0_of_4"
"C1QTNF12",1,0,1.19399075078053,"0_of_4"
"FBXL17",1,0,1.19354724914541,"0_of_4"
"WDR86",1,0,1.19241162682911,"0_of_4"
"EVPLL",1,0,1.19019352406157,"0_of_4"
"LIG4",1,0,1.18971781115025,"0_of_4"
"TRIML2",1,0,1.18826217510128,"0_of_4"
"PPP1R2",1,0,1.18796624201126,"0_of_4"
"MON1A",1,0,1.18789813326508,"0_of_4"
"ZIC5",1,0,1.18453936835768,"0_of_4"
"SAP25",1,0,1.18307190821917,"0_of_4"
"GSS",1,0,1.1829322334497,"0_of_4"
"PLCD4",1,0,1.17957437326186,"0_of_4"
"DCAF17",1,0,1.17954879158406,"0_of_4"
"CEACAM19",1,0,1.17946011020556,"0_of_4"
"AP3M2",1,0,1.17795113074019,"0_of_4"
"RIN2",1,0,1.17726840903106,"0_of_4"
"ISCU",1,0,1.17721865241386,"0_of_4"
"SRGAP3",1,0,1.176401641004,"0_of_4"
"ATXN7",1,0,1.17230423276953,"0_of_4"
"TUBA3D",1,0,1.17175924880804,"0_of_4"
"NIBAN3",1,0,1.1695908792372,"0_of_4"
"CDKL3",1,0,1.1685904265574,"0_of_4"
"SCIN",1,0,1.16788287524356,"0_of_4"
"TEAD4",1,0,1.16772210155647,"0_of_4"
"AKAP9",1,0,1.1673690100822,"0_of_4"
"APLN",1,0,1.16318025342369,"0_of_4"
"GZF1",1,0,1.16070806310159,"0_of_4"
"BST1",1,0,1.16042824739505,"0_of_4"
"DDX46",1,0,1.15965985813558,"0_of_4"
"GHITM",1,0,1.15916244319118,"0_of_4"
"RGS9",1,0,1.15894140559786,"0_of_4"
"C8orf58",1,0,1.1580446171436,"0_of_4"
"SLC25A24",1,0,1.15715268365006,"0_of_4"
"TMEM135",1,0,1.15272621988887,"0_of_4"
"ZSCAN4",1,0,1.15249048750114,"0_of_4"
"ZNRF3",1,0,1.15166732763684,"0_of_4"
"ADAMTS18",1,0,1.15148684387893,"0_of_4"
"C4orf36",1,0,1.1504445682944,"0_of_4"
"VKORC1L1",1,0,1.14916845752606,"0_of_4"
"C2CD3",1,0,1.14866164404048,"0_of_4"
"AC005833.1",1,0,1.145060002015,"0_of_4"
"C20orf141",1,0,1.14490472562469,"0_of_4"
"AC092279.1",1,0,1.14411673179976,"0_of_4"
"PTPDC1",1,0,1.14243690958548,"0_of_4"
"PHYHIPL",1,0,1.14208180658862,"0_of_4"
"POTEI",1,0,1.14116218381143,"0_of_4"
"G3BP1",1,0,1.14004169725776,"0_of_4"
"SLC2A4RG",1,0,1.13969661213005,"0_of_4"
"NDST3",1,0,1.13799904441347,"0_of_4"
"SEC22C",1,0,1.13523276914488,"0_of_4"
"RAB28",1,0,1.13518865621209,"0_of_4"
"MCOLN2",1,0,1.13283071835176,"0_of_4"
"GRIA1",1,0,1.13160638834328,"0_of_4"
"CUL4A",1,0,1.13132000017164,"0_of_4"
"ARHGEF10L",1,0,1.13068472210532,"0_of_4"
"ZC3H12B",1,0,1.13021751283953,"0_of_4"
"NFKB2",1,0,1.12874037940955,"0_of_4"
"CHIA",1,0,1.12626453786173,"0_of_4"
"DZANK1",1,0,1.12354143971998,"0_of_4"
"ANGPTL1",1,0,1.12217421167942,"0_of_4"
"SP140L",1,0,1.12006744308898,"0_of_4"
"MAPK15",1,0,1.11930184057977,"0_of_4"
"IL12A",1,0,1.11746734855706,"0_of_4"
"PRKAB1",1,0,1.11611810194401,"0_of_4"
"DYNAP",1,0,1.11587916333392,"0_of_4"
"TBC1D14",1,0,1.11515188615152,"0_of_4"
"TMC3",1,0,1.11459255551177,"0_of_4"
"KCMF1",1,0,1.11313328886884,"0_of_4"
"ZNF568",1,0,1.1129440128081,"0_of_4"
"PLAAT5",1,0,1.11239634683407,"0_of_4"
"LZTR1",1,0,1.10908176549878,"0_of_4"
"ST6GALNAC5",1,0,1.10835307890597,"0_of_4"
"ELAVL1",1,0,1.10755564537012,"0_of_4"
"ANKAR",1,0,1.10751345105006,"0_of_4"
"TUSC1",1,0,1.10621628714597,"0_of_4"
"TMEM151A",1,0,1.10515976948698,"0_of_4"
"UGT1A4",1,0,1.10426748847901,"0_of_4"
"PEX12",1,0,1.10312112538061,"0_of_4"
"FDXACB1",1,0,1.1026772243798,"0_of_4"
"NTRK2",1,0,1.10265944872259,"0_of_4"
"ATP5PF",1,0,1.10265020779713,"0_of_4"
"CGREF1",1,0,1.1021528904457,"0_of_4"
"TBCA",1,0,1.1006537791469,"0_of_4"
"RNF225",1,0,1.10060811521054,"0_of_4"
"HID1",1,0,1.09944276708469,"0_of_4"
"AL049697.1",1,0,1.09870042585948,"0_of_4"
"ANKRD40",1,0,1.09866876142275,"0_of_4"
"ZNF646",1,0,1.09774433632845,"0_of_4"
"LONRF1",1,0,1.0969123678796,"0_of_4"
"FOXD4L1",1,0,1.09673399243972,"0_of_4"
"LRRC39",1,0,1.09288953747914,"0_of_4"
"CCK",1,0,1.09249246332622,"0_of_4"
"CRISPLD1",1,0,1.09223992638315,"0_of_4"
"KHNYN",1,0,1.09199748615567,"0_of_4"
"ACE",1,0,1.09043872779862,"0_of_4"
"STOX1",1,0,1.08955356170574,"0_of_4"
"ELOVL5",1,0,1.08949625942185,"0_of_4"
"HEMK1",1,0,1.08794485688933,"0_of_4"
"HENMT1",1,0,1.08695610152093,"0_of_4"
"NIPA2",1,0,1.08681849922117,"0_of_4"
"PLA2G6",1,0,1.08516031455204,"0_of_4"
"AC026464.6",1,0,1.08392906844606,"0_of_4"
"ACBD6",1,0,1.08319422784359,"0_of_4"
"GPR78",1,0,1.08276785241342,"0_of_4"
"ABCB10",1,0,1.08216751956942,"0_of_4"
"PANK1",1,0,1.08152785643996,"0_of_4"
"CPOX",1,0,1.08077652057989,"0_of_4"
"UQCR11",1,0,1.07949276946689,"0_of_4"
"SNCG",1,0,1.07945312875472,"0_of_4"
"PRDM1",1,0,1.07838304176858,"0_of_4"
"C2orf88",1,0,1.07624492602301,"0_of_4"
"SPTLC3",1,0,1.07528583278296,"0_of_4"
"ZNF449",1,0,1.0743612226865,"0_of_4"
"TRPM7",1,0,1.0736438643342,"0_of_4"
"MAJIN",1,0,1.0723197714794,"0_of_4"
"AL691442.2",1,0,1.07177288842156,"0_of_4"
"ADRB1",1,0,1.07092209873692,"0_of_4"
"DNAH17",1,0,1.06878234309007,"0_of_4"
"CC2D1B",1,0,1.06869341942954,"0_of_4"
"SLC15A4",1,0,1.06770342992872,"0_of_4"
"TULP1",1,0,1.06654692655765,"0_of_4"
"THG1L",1,0,1.06597208877002,"0_of_4"
"AVPI1",1,0,1.06478690601981,"0_of_4"
"MARS1",1,0,1.06436751769639,"0_of_4"
"TMEM138",1,0,1.06310723707288,"0_of_4"
"STRBP",1,0,1.06306275982676,"0_of_4"
"SPTY2D1",1,0,1.06287038664588,"0_of_4"
"TLX2",1,0,1.06188100465232,"0_of_4"
"ARL11",1,0,1.06171151620331,"0_of_4"
"GFI1B",1,0,1.06156216962621,"0_of_4"
"EFL1",1,0,1.06114583869131,"0_of_4"
"SELENOI",1,0,1.06114065588074,"0_of_4"
"CABYR",1,0,1.06042263100992,"0_of_4"
"LGI4",1,0,1.06010530392264,"0_of_4"
"TMEM126B",1,0,1.05907817079714,"0_of_4"
"CHRM4",1,0,1.05746176061414,"0_of_4"
"UQCRHL",1,0,1.05745843361939,"0_of_4"
"WBP11",1,0,1.05713249067724,"0_of_4"
"MED13L",1,0,1.05642685494841,"0_of_4"
"FASTKD5",1,0,1.05484773113769,"0_of_4"
"VWA5B2",1,0,1.05184722414751,"0_of_4"
"TRIM3",1,0,1.05128779354253,"0_of_4"
"KIF6",1,0,1.05040417678805,"0_of_4"
"NANOS3",1,0,1.04990761763707,"0_of_4"
"JMJD7.PLA2G4B",1,0,1.04951290803853,"0_of_4"
"CCNJ",1,0,1.04892573462356,"0_of_4"
"METTL2B",1,0,1.04839959868198,"0_of_4"
"ZBTB8OS",1,0,1.04795333866317,"0_of_4"
"EPOP",1,0,1.04603711492343,"0_of_4"
"RAB3A",1,0,1.04555857514129,"0_of_4"
"HMGCL",1,0,1.04550020134072,"0_of_4"
"DHRS7B",1,0,1.04506768586783,"0_of_4"
"GBX2",1,0,1.04428310016881,"0_of_4"
"FXYD6",1,0,1.0438982062256,"0_of_4"
"ARSJ",1,0,1.04373369453678,"0_of_4"
"ODF3B",1,0,1.0433331711535,"0_of_4"
"CTAGE8",1,0,1.04309037462338,"0_of_4"
"ELP4",1,0,1.04281716918422,"0_of_4"
"XPO6",1,0,1.04221416847803,"0_of_4"
"C17orf67",1,0,1.039734391106,"0_of_4"
"WDR11",1,0,1.03870999593473,"0_of_4"
"PGBD1",1,0,1.03847696673985,"0_of_4"
"SLC39A5",1,0,1.0379693411731,"0_of_4"
"MORN1",1,0,1.03788799923923,"0_of_4"
"SMIM12",1,0,1.03696359430615,"0_of_4"
"GADL1",1,0,1.03456538877293,"0_of_4"
"CBWD3",1,0,1.03423984788374,"0_of_4"
"URI1",1,0,1.03309359188515,"0_of_4"
"NAPEPLD",1,0,1.03224492596584,"0_of_4"
"FGF1",1,0,1.03159516407036,"0_of_4"
"ARPIN.AP3S2",1,0,1.03000297955234,"0_of_4"
"SLC10A7",1,0,1.02867649524975,"0_of_4"
"ZNF490",1,0,1.02866164755003,"0_of_4"
"USP45",1,0,1.02660933907036,"0_of_4"
"CREBZF",1,0,1.02517569111774,"0_of_4"
"RBKS",1,0,1.02506029175299,"0_of_4"
"COL11A2",1,0,1.02396744009332,"0_of_4"
"GDF1",1,0,1.02355853534801,"0_of_4"
"RBBP4",1,0,1.02280922529106,"0_of_4"
"CCDC114",1,0,1.02151143338356,"0_of_4"
"DNM1L",1,0,1.0193690760779,"0_of_4"
"MAP2K4",1,0,1.01931893632041,"0_of_4"
"ASPDH",1,0,1.0174102092557,"0_of_4"
"CBARP",1,0,1.01683994817083,"0_of_4"
"DMRT3",1,0,1.01646267437584,"0_of_4"
"USP14",1,0,1.01596876573863,"0_of_4"
"GRIK5",1,0,1.01578860582087,"0_of_4"
"TRIM9",1,0,1.01394970531032,"0_of_4"
"PTCD2",1,0,1.01359892334346,"0_of_4"
"C14orf93",1,0,1.01278232374353,"0_of_4"
"NCKAP1",1,0,1.01141449079712,"0_of_4"
"CARD9",1,0,1.01105072724838,"0_of_4"
"UBP1",1,0,1.01099410842265,"0_of_4"
"SCAMP2",1,0,1.00943129412931,"0_of_4"
"TBC1D10A",1,0,1.00899296132419,"0_of_4"
"AGAP4",1,0,1.00757333195348,"0_of_4"
"ZNF439",1,0,1.00663119246746,"0_of_4"
"PCGF5",1,0,1.00639873589438,"0_of_4"
"SLC10A5",1,0,1.00556184230227,"0_of_4"
"C1orf127",1,0,1.00437679674387,"0_of_4"
"ARPP19",1,0,1.00392452703239,"0_of_4"
"HIC2",1,0,1.00271957722157,"0_of_4"
"ZDHHC2",1,0,1.00239401786439,"0_of_4"
"STXBP5",1,0,1.00205443829975,"0_of_4"
"CREB1",1,0,1.00135057857445,"0_of_4"
"C12orf54",1,0,1.00126243473436,"0_of_4"
"SPATA17",1,0,1.00109392003453,"0_of_4"
"GREB1L",1,0,1.00098512148379,"0_of_4"
"DMRTA2",1,0,1.00004074389429,"0_of_4"
"LRRC74B",1,0,0.998796894647565,"0_of_4"
"KLF16",1,0,0.998701895358402,"0_of_4"
"ATPAF1",1,0,0.998530289754237,"0_of_4"
"BICRAL",1,0,0.998323755370581,"0_of_4"
"THEM5",1,0,0.998180558301065,"0_of_4"
"UBAP1L",1,0,0.997377499258998,"0_of_4"
"ANTXRL",1,0,0.996962154082323,"0_of_4"
"SH2D3C",1,0,0.996001795331542,"0_of_4"
"FAM186A",1,0,0.995952149476044,"0_of_4"
"KCNN2",1,0,0.99529070874566,"0_of_4"
"ICAM4",1,0,0.994782241848888,"0_of_4"
"YEATS4",1,0,0.993756693235756,"0_of_4"
"AIFM2",1,0,0.991307996361996,"0_of_4"
"ARL2",1,0,0.990025680831043,"0_of_4"
"LSP1",1,0,0.986465477921046,"0_of_4"
"TRPV3",1,0,0.985996517299929,"0_of_4"
"CLPTM1L",1,0,0.985623668344671,"0_of_4"
"API5",1,0,0.984268591095514,"0_of_4"
"GDPGP1",1,0,0.983175523918533,"0_of_4"
"CEP295",1,0,0.981735675399773,"0_of_4"
"HSD17B12",1,0,0.980410319367931,"0_of_4"
"PURG",1,0,0.979820726445929,"0_of_4"
"TMEM145",1,0,0.977182655346752,"0_of_4"
"ZNF141",1,0,0.977048580944315,"0_of_4"
"KMT2C",1,0,0.975160644712314,"0_of_4"
"UTP25",1,0,0.974531914047242,"0_of_4"
"ATP5F1E",1,0,0.972762786967763,"0_of_4"
"AC091167.6",1,0,0.972722981031081,"0_of_4"
"KCNE2",1,0,0.972404586024032,"0_of_4"
"INPP4A",1,0,0.972356252101415,"0_of_4"
"HOXC9",1,0,0.971322153160315,"0_of_4"
"NQO2",1,0,0.969717514575327,"0_of_4"
"TAF15",1,0,0.968907776944746,"0_of_4"
"RTRAF",1,0,0.968182176916973,"0_of_4"
"ACSM1",1,0,0.967715880460278,"0_of_4"
"IARS2",1,0,0.966928498835599,"0_of_4"
"WBP2NL",1,0,0.966830349806246,"0_of_4"
"XPO7",1,0,0.966516355868323,"0_of_4"
"SYNRG",1,0,0.966473792538002,"0_of_4"
"SENP7",1,0,0.964520437472031,"0_of_4"
"AP1AR",1,0,0.964384604804166,"0_of_4"
"OBI1",1,0,0.963621436906573,"0_of_4"
"PRKCG",1,0,0.962197453313943,"0_of_4"
"TSC22D4",1,0,0.961408612250812,"0_of_4"
"MACO1",1,0,0.960720721453105,"0_of_4"
"TBPL1",1,0,0.960368966055168,"0_of_4"
"MYO6",1,0,0.959531757536394,"0_of_4"
"TNFRSF9",1,0,0.959525445731868,"0_of_4"
"GPR179",1,0,0.95722257635707,"0_of_4"
"RCBTB1",1,0,0.95353727866668,"0_of_4"
"AC138811.2",1,0,0.953425814231091,"0_of_4"
"STMP1",1,0,0.952991054853315,"0_of_4"
"ZNF451",1,0,0.951791915016752,"0_of_4"
"ZW10",1,0,0.950313467469916,"0_of_4"
"UNC13B",1,0,0.949446390746521,"0_of_4"
"KAT2A",1,0,0.949028750511848,"0_of_4"
"ECHS1",1,0,0.946620169638035,"0_of_4"
"SPACA6",1,0,0.945619756641253,"0_of_4"
"ZNF587",1,0,0.945539668271679,"0_of_4"
"FBXL8",1,0,0.94527557393732,"0_of_4"
"OTULINL",1,0,0.944355514346021,"0_of_4"
"C4orf33",1,0,0.943760252730346,"0_of_4"
"CYP4F8",1,0,0.943427170556305,"0_of_4"
"DMRTC1B",1,0,0.942158639210172,"0_of_4"
"PSMC6",1,0,0.941739959099567,"0_of_4"
"CD101",1,0,0.940286863575345,"0_of_4"
"GLRA3",1,0,0.939419911392592,"0_of_4"
"SMIM17",1,0,0.939293831793877,"0_of_4"
"UCN",1,0,0.93881885424686,"0_of_4"
"LRFN1",1,0,0.938713835536006,"0_of_4"
"CASQ2",1,0,0.938574681286493,"0_of_4"
"RNPC3",1,0,0.938029916715658,"0_of_4"
"MBD5",1,0,0.937660474107394,"0_of_4"
"IGFL4",1,0,0.937259738207639,"0_of_4"
"CCNL1",1,0,0.934395739831327,"0_of_4"
"TSSK4",1,0,0.934166569419793,"0_of_4"
"ZNF547",1,0,0.933596872190691,"0_of_4"
"GORASP1",1,0,0.931069539822289,"0_of_4"
"IGFBP1",1,0,0.930934622429974,"0_of_4"
"CARF",1,0,0.930864641510379,"0_of_4"
"ADA2",1,0,0.930293333371987,"0_of_4"
"HK3",1,0,0.929642771560353,"0_of_4"
"CFAP99",1,0,0.92933918169482,"0_of_4"
"SLC2A10",1,0,0.929281743653835,"0_of_4"
"COMMD10",1,0,0.929196355307484,"0_of_4"
"MANEA",1,0,0.928158945663522,"0_of_4"
"ZNF117",1,0,0.927859734541428,"0_of_4"
"KLHDC1",1,0,0.927616510198298,"0_of_4"
"ARL6",1,0,0.925472340857289,"0_of_4"
"CABP1",1,0,0.924795747904657,"0_of_4"
"HAGH",1,0,0.924492025213137,"0_of_4"
"PFDN6",1,0,0.922703220846858,"0_of_4"
"C3orf62",1,0,0.922448407160601,"0_of_4"
"NEK5",1,0,0.921769280468717,"0_of_4"
"SUGP2",1,0,0.921660000287427,"0_of_4"
"RASSF5",1,0,0.920539457034931,"0_of_4"
"LZIC",1,0,0.919455938351647,"0_of_4"
"ZNF816",1,0,0.919410573146779,"0_of_4"
"TRUB1",1,0,0.918654471184104,"0_of_4"
"SLC35F2",1,0,0.918137082306901,"0_of_4"
"YWHAB",1,0,0.917995892193098,"0_of_4"
"ABCG1",1,0,0.917377042303458,"0_of_4"
"CATSPER1",1,0,0.917004099884319,"0_of_4"
"UBQLN1",1,0,0.916592531270272,"0_of_4"
"ATP5F1C",1,0,0.916379034902694,"0_of_4"
"RBP5",1,0,0.916360475942825,"0_of_4"
"ZNF229",1,0,0.913917644429203,"0_of_4"
"TUT4",1,0,0.913626681318223,"0_of_4"
"NCKIPSD",1,0,0.912870456151867,"0_of_4"
"VPS29",1,0,0.912570108116068,"0_of_4"
"CDHR4",1,0,0.911210672532266,"0_of_4"
"LMX1B",1,0,0.910951145947344,"0_of_4"
"QSER1",1,0,0.91054868181702,"0_of_4"
"CDC42EP2",1,0,0.910339098877641,"0_of_4"
"RBM27",1,0,0.910183301644707,"0_of_4"
"MSL2",1,0,0.910102030621429,"0_of_4"
"GDNF",1,0,0.910090305826894,"0_of_4"
"ACLY",1,0,0.910055791219798,"0_of_4"
"INO80B",1,0,0.909916447618649,"0_of_4"
"QSOX2",1,0,0.909505200843495,"0_of_4"
"DLEC1",1,0,0.909498351700404,"0_of_4"
"CHP2",1,0,0.909469719654435,"0_of_4"
"COQ10A",1,0,0.908464527834483,"0_of_4"
"AP5B1",1,0,0.908080667957742,"0_of_4"
"ZUP1",1,0,0.907419348119783,"0_of_4"
"QDPR",1,0,0.906710476163104,"0_of_4"
"MYCBPAP",1,0,0.906672867957246,"0_of_4"
"INTS9",1,0,0.906059238898737,"0_of_4"
"HOXA11",1,0,0.905218301656162,"0_of_4"
"ZNF136",1,0,0.905139458741422,"0_of_4"
"KCTD13",1,0,0.903512349942233,"0_of_4"
"NCOA5",1,0,0.902666818313502,"0_of_4"
"MRPS18C",1,0,0.901865234544206,"0_of_4"
"CHM",1,0,0.901232290935623,"0_of_4"
"UBTF",1,0,0.900898439990975,"0_of_4"
"CHID1",1,0,0.900702128003391,"0_of_4"
"FPGT",1,0,0.899481374778423,"0_of_4"
"TRIM15",1,0,0.898565749784175,"0_of_4"
"CP",1,0,0.898370751040713,"0_of_4"
"ZNF570",1,0,0.89763933040315,"0_of_4"
"DCST1",1,0,0.897341049835881,"0_of_4"
"ZNF575",1,0,0.896110959653488,"0_of_4"
"ELMOD3",1,0,0.895477808532553,"0_of_4"
"HACD3",1,0,0.89536465217841,"0_of_4"
"KBTBD12",1,0,0.894998010400743,"0_of_4"
"TRIM34",1,0,0.893489272268731,"0_of_4"
"TMEM256",1,0,0.893147373954801,"0_of_4"
"C16orf58",1,0,0.893019935053387,"0_of_4"
"AL139353.1",1,0,0.892147983965615,"0_of_4"
"SULT1A2",1,0,0.891735490875654,"0_of_4"
"ZNF398",1,0,0.891517414720047,"0_of_4"
"CAPZA1",1,0,0.890701503715558,"0_of_4"
"NDRG4",1,0,0.89036862926415,"0_of_4"
"ITGAM",1,0,0.88972837180278,"0_of_4"
"VILL",1,0,0.888842689223058,"0_of_4"
"TASOR",1,0,0.888689789046836,"0_of_4"
"SIX1",1,0,0.888064329985184,"0_of_4"
"BCAS2",1,0,0.885972801667679,"0_of_4"
"SEPTIN7",1,0,0.885102847517861,"0_of_4"
"ARHGAP30",1,0,0.884214876921652,"0_of_4"
"AKAP7",1,0,0.883489194130063,"0_of_4"
"PTGER1",1,0,0.88344969737785,"0_of_4"
"AC138696.1",1,0,0.882705161559446,"0_of_4"
"C16orf46",1,0,0.882283712149443,"0_of_4"
"C1GALT1C1",1,0,0.881641238307395,"0_of_4"
"SCGB2B2",1,0,0.88099848778189,"0_of_4"
"PYGM",1,0,0.879999063855506,"0_of_4"
"PKD1L1",1,0,0.879396183753177,"0_of_4"
"ANKRD2",1,0,0.879254180230669,"0_of_4"
"RPS14",1,0,0.878979925518312,"0_of_4"
"C3orf33",1,0,0.877877232199775,"0_of_4"
"YWHAG",1,0,0.877290481299813,"0_of_4"
"TMEM42",1,0,0.875856226801007,"0_of_4"
"UPK1A",1,0,0.874598242345489,"0_of_4"
"AKAP8",1,0,0.874403911138579,"0_of_4"
"APOBEC3D",1,0,0.872439360194001,"0_of_4"
"LNP1",1,0,0.872397075738098,"0_of_4"
"PNN",1,0,0.872150998100431,"0_of_4"
"SIK1",1,0,0.871507454426955,"0_of_4"
"RBX1",1,0,0.869979280950114,"0_of_4"
"RNF38",1,0,0.869789999549158,"0_of_4"
"CFAP53",1,0,0.869505983254757,"0_of_4"
"INPP5F",1,0,0.868453626540966,"0_of_4"
"ZKSCAN1",1,0,0.866840140346693,"0_of_4"
"RAB13",1,0,0.866640014398189,"0_of_4"
"PPP1R8",1,0,0.866303234190999,"0_of_4"
"STAB1",1,0,0.866042739605388,"0_of_4"
"EYS",1,0,0.864181556384294,"0_of_4"
"DDC",1,0,0.864021451983154,"0_of_4"
"WFDC12",1,0,0.863808261400951,"0_of_4"
"RUFY3",1,0,0.86231010850529,"0_of_4"
"MESP1",1,0,0.861367843701658,"0_of_4"
"MPL",1,0,0.859474344783268,"0_of_4"
"DPM3",1,0,0.859431639271564,"0_of_4"
"UCHL1",1,0,0.859212285446252,"0_of_4"
"TMOD4",1,0,0.858789066436084,"0_of_4"
"RICTOR",1,0,0.858605792919686,"0_of_4"
"ABCC9",1,0,0.85841457418419,"0_of_4"
"C6orf58",1,0,0.858154335850193,"0_of_4"
"ABCA9",1,0,0.857826645446748,"0_of_4"
"TIMM8B",1,0,0.857433115602079,"0_of_4"
"JOSD2",1,0,0.857267064903354,"0_of_4"
"PPP1R3E",1,0,0.855924282048625,"0_of_4"
"AC008687.4",1,0,0.855357781813791,"0_of_4"
"PRR19",1,0,0.855159666113601,"0_of_4"
"CYTH4",1,0,0.854967597115532,"0_of_4"
"CCDC30",1,0,0.854047603953179,"0_of_4"
"MBD3",1,0,0.853785399773109,"0_of_4"
"LHFPL5",1,0,0.853455427252662,"0_of_4"
"VAX2",1,0,0.851710950783304,"0_of_4"
"CCDC153",1,0,0.850942770564717,"0_of_4"
"KCNIP3",1,0,0.850850392390107,"0_of_4"
"CNBD2",1,0,0.849726851001,"0_of_4"
"KCNH3",1,0,0.849067511288447,"0_of_4"
"RAB33A",1,0,0.848567997171261,"0_of_4"
"ACER3",1,0,0.848450990363143,"0_of_4"
"EGR4",1,0,0.847684674969648,"0_of_4"
"SH3RF1",1,0,0.846602467820212,"0_of_4"
"CHFR",1,0,0.846313678288966,"0_of_4"
"MFSD11",1,0,0.846165634927122,"0_of_4"
"TEX36",1,0,0.845717743417974,"0_of_4"
"LCN12",1,0,0.845595933300717,"0_of_4"
"FAIM",1,0,0.845409943159054,"0_of_4"
"UBE2L3",1,0,0.844925198849562,"0_of_4"
"SLC39A3",1,0,0.844688969004352,"0_of_4"
"SMKR1",1,0,0.84441987051813,"0_of_4"
"SKP1",1,0,0.844290518765534,"0_of_4"
"HNF4G",1,0,0.84421996570526,"0_of_4"
"ECPAS",1,0,0.844209936180343,"0_of_4"
"ABTB2",1,0,0.843986788703569,"0_of_4"
"SLC12A6",1,0,0.843737912807624,"0_of_4"
"PDHA1",1,0,0.842524409634846,"0_of_4"
"PITPNB",1,0,0.841647331753951,"0_of_4"
"SLC25A20",1,0,0.841538086331404,"0_of_4"
"ELMOD1",1,0,0.840493093170132,"0_of_4"
"TICAM1",1,0,0.8404468092315,"0_of_4"
"RASSF9",1,0,0.839989928963394,"0_of_4"
"AFF1",1,0,0.839963806477915,"0_of_4"
"AC002310.4",1,0,0.839681367170375,"0_of_4"
"COPG1",1,0,0.839118096315439,"0_of_4"
"C19orf47",1,0,0.838997578336572,"0_of_4"
"ZNF397",1,0,0.838801847238187,"0_of_4"
"TRAF4",1,0,0.838450564584522,"0_of_4"
"KANSL2",1,0,0.837663876388779,"0_of_4"
"NOXO1",1,0,0.837617066367305,"0_of_4"
"CHRM5",1,0,0.83621216242202,"0_of_4"
"CENPBD1",1,0,0.835981424601741,"0_of_4"
"CYP17A1",1,0,0.835909032541671,"0_of_4"
"RILPL2",1,0,0.835789694587296,"0_of_4"
"AC005324.3",1,0,0.835464185313735,"0_of_4"
"MYEF2",1,0,0.835313964996034,"0_of_4"
"FAM89A",1,0,0.835210085868044,"0_of_4"
"CA5B",1,0,0.833635294954266,"0_of_4"
"FAM81B",1,0,0.83358156013529,"0_of_4"
"C16orf70",1,0,0.833520633816064,"0_of_4"
"ZNF770",1,0,0.833205550522736,"0_of_4"
"RRNAD1",1,0,0.833033987441642,"0_of_4"
"NR1D2",1,0,0.832902864136657,"0_of_4"
"EMILIN1",1,0,0.831775368461616,"0_of_4"
"OSGEPL1",1,0,0.831439076563703,"0_of_4"
"NEIL2",1,0,0.831130297040382,"0_of_4"
"PIM3",1,0,0.831055381383686,"0_of_4"
"DDX43",1,0,0.829876061419898,"0_of_4"
"VWA3B",1,0,0.829860458114154,"0_of_4"
"CCDC47",1,0,0.829414871208592,"0_of_4"
"IKBKE",1,0,0.828557435508597,"0_of_4"
"MC1R",1,0,0.827943822240413,"0_of_4"
"LYPLA1",1,0,0.826221950175398,"0_of_4"
"YWHAE",1,0,0.825808879409712,"0_of_4"
"PNMA6A",1,0,0.825349835966376,"0_of_4"
"ANKMY1",1,0,0.825298174597874,"0_of_4"
"SNAPC1",1,0,0.824928422138963,"0_of_4"
"GALR2",1,0,0.824922514969317,"0_of_4"
"PGM3",1,0,0.824616883746305,"0_of_4"
"IPO7",1,0,0.824167642686986,"0_of_4"
"CYTIP",1,0,0.823589985218935,"0_of_4"
"GALNT7",1,0,0.823520376154142,"0_of_4"
"CRY1",1,0,0.823297020255266,"0_of_4"
"WBP2",1,0,0.821987214884577,"0_of_4"
"ZNF431",1,0,0.82081879851487,"0_of_4"
"SENP3.EIF4A1",1,0,0.820786765523758,"0_of_4"
"DHRS4",1,0,0.820220154363692,"0_of_4"
"TMEM71",1,0,0.820045927203518,"0_of_4"
"TCEAL1",1,0,0.819790617965869,"0_of_4"
"FCRL1",1,0,0.818922852243836,"0_of_4"
"GRK6",1,0,0.818044569500457,"0_of_4"
"TSPAN19",1,0,0.817821710635292,"0_of_4"
"ZNF444",1,0,0.817777488079547,"0_of_4"
"PNKD",1,0,0.817549743703582,"0_of_4"
"SPINK1",1,0,0.817357007430886,"0_of_4"
"OGFOD2",1,0,0.817261103583724,"0_of_4"
"TAFA2",1,0,0.816860429193847,"0_of_4"
"SZT2",1,0,0.816547875483761,"0_of_4"
"MED23",1,0,0.816361423171242,"0_of_4"
"C17orf49",1,0,0.81580443171325,"0_of_4"
"DPY19L3",1,0,0.81553317884709,"0_of_4"
"PAM16",1,0,0.815223087027133,"0_of_4"
"ZNF816.ZNF321P",1,0,0.815112151661768,"0_of_4"
"RABEPK",1,0,0.814548526239597,"0_of_4"
"SAMSN1",1,0,0.814400810713422,"0_of_4"
"SLC25A42",1,0,0.812442399304863,"0_of_4"
"DRGX",1,0,0.810540516646346,"0_of_4"
"PDCD7",1,0,0.809977357289402,"0_of_4"
"ME2",1,0,0.808642076087982,"0_of_4"
"GNAI3",1,0,0.808525567844429,"0_of_4"
"CBR4",1,0,0.808473401655778,"0_of_4"
"FOSB",1,0,0.80822143853825,"0_of_4"
"MBD6",1,0,0.808117251268127,"0_of_4"
"CERKL",1,0,0.807970450741732,"0_of_4"
"ILRUN",1,0,0.806576718291085,"0_of_4"
"DNAAF4",1,0,0.80650708448128,"0_of_4"
"STK16",1,0,0.805830679967934,"0_of_4"
"AC068896.3",1,0,0.805189370767156,"0_of_4"
"RMC1",1,0,0.80500759613111,"0_of_4"
"CLEC19A",1,0,0.804913294522056,"0_of_4"
"EDDM13",1,0,0.804563671160545,"0_of_4"
"RAP1A",1,0,0.804538116072728,"0_of_4"
"FOPNL",1,0,0.802868560429467,"0_of_4"
"WDR93",1,0,0.801802894242372,"0_of_4"
"AC012254.2",1,0,0.801120776731983,"0_of_4"
"GID4",1,0,0.799751030642421,"0_of_4"
"KBTBD7",1,0,0.795902866646625,"0_of_4"
"EBLN2",1,0,0.795821314680504,"0_of_4"
"HACL1",1,0,0.79206388563265,"0_of_4"
"AC105052.3",1,0,0.791241824859132,"0_of_4"
"AP000812.5",1,0,0.791085362131651,"0_of_4"
"ZNF839",1,0,0.790683915188799,"0_of_4"
"DCUN1D2",1,0,0.790290906361093,"0_of_4"
"UNC13A",1,0,0.790289299902659,"0_of_4"
"UQCRQ",1,0,0.790115120442311,"0_of_4"
"NFX1",1,0,0.790104292078019,"0_of_4"
"ILK",1,0,0.789164133628877,"0_of_4"
"FEZ1",1,0,0.789113748329511,"0_of_4"
"MINDY3",1,0,0.788167887642709,"0_of_4"
"TIMM22",1,0,0.788153474071744,"0_of_4"
"RAB35",1,0,0.787958575784314,"0_of_4"
"PGAP1",1,0,0.787863247711814,"0_of_4"
"MEFV",1,0,0.787686472367114,"0_of_4"
"PLCL1",1,0,0.787532214751302,"0_of_4"
"CFAP157",1,0,0.786810946860148,"0_of_4"
"ZNF48",1,0,0.786464548713591,"0_of_4"
"PARP16",1,0,0.784863127501366,"0_of_4"
"NDEL1",1,0,0.784563151464179,"0_of_4"
"UPK3A",1,0,0.784216614754019,"0_of_4"
"VCP",1,0,0.784059282969221,"0_of_4"
"GSG1L",1,0,0.783434585519209,"0_of_4"
"AAGAB",1,0,0.782602951712232,"0_of_4"
"RNF26",1,0,0.782480756717989,"0_of_4"
"TACR2",1,0,0.78208887421139,"0_of_4"
"CORO6",1,0,0.781502333259809,"0_of_4"
"VSIG2",1,0,0.780667427937438,"0_of_4"
"NAT14",1,0,0.7781937232192,"0_of_4"
"KMT2E",1,0,0.776777328914896,"0_of_4"
"OR10A3",1,0,0.77650027726617,"0_of_4"
"CCDC169",1,0,0.776430665737047,"0_of_4"
"PILRB",1,0,0.776089636776714,"0_of_4"
"SGTA",1,0,0.776033227564505,"0_of_4"
"MLH1",1,0,0.775305168099741,"0_of_4"
"GRIA3",1,0,0.774943274244348,"0_of_4"
"IL13RA1",1,0,0.774107911681593,"0_of_4"
"FBXL13",1,0,0.773860161783447,"0_of_4"
"ADGRF5",1,0,0.772924232928589,"0_of_4"
"COX19",1,0,0.772687138987008,"0_of_4"
"SLC5A12",1,0,0.772615132277328,"0_of_4"
"CHD3",1,0,0.771075816513746,"0_of_4"
"AC093155.3",1,0,0.769164743981429,"0_of_4"
"TEX2",1,0,0.769109207757825,"0_of_4"
"H3C3",1,0,0.768546720888463,"0_of_4"
"APPL1",1,0,0.768101870943181,"0_of_4"
"ANKLE1",1,0,0.767950085698228,"0_of_4"
"WNT8B",1,0,0.767819571325604,"0_of_4"
"NOL3",1,0,0.767795655879994,"0_of_4"
"AL049834.1",1,0,0.766295100366974,"0_of_4"
"AC010547.4",1,0,0.762231060425909,"0_of_4"
"PET100",1,0,0.761738312226393,"0_of_4"
"MACROD2",1,0,0.761098424238851,"0_of_4"
"DRG1",1,0,0.76090524216426,"0_of_4"
"GP1BA",1,0,0.75908933353816,"0_of_4"
"TRIM36",1,0,0.75907695861304,"0_of_4"
"FGFR4",1,0,0.758665978518263,"0_of_4"
"SMYD3",1,0,0.758338311140607,"0_of_4"
"APEX2",1,0,0.757813264036997,"0_of_4"
"CTNNA1",1,0,0.757320328075598,"0_of_4"
"RBFOX1",1,0,0.756527453928494,"0_of_4"
"SDCBP2",1,0,0.756256172579418,"0_of_4"
"CDC14B",1,0,0.756126385385277,"0_of_4"
"PHOSPHO1",1,0,0.755713713154987,"0_of_4"
"RNF34",1,0,0.755582059067171,"0_of_4"
"METAP1D",1,0,0.754949707550417,"0_of_4"
"SMN1",1,0,0.75473568034315,"0_of_4"
"MTCP1",1,0,0.754444692152405,"0_of_4"
"ZFAT",1,0,0.754432517710216,"0_of_4"
"CBLN2",1,0,0.75409781463234,"0_of_4"
"CGB2",1,0,0.75310862466089,"0_of_4"
"AL121845.3",1,0,0.752876326824738,"0_of_4"
"ZNF79",1,0,0.751842815149987,"0_of_4"
"TTC36",1,0,0.751597610137297,"0_of_4"
"RAD54L2",1,0,0.751225218561952,"0_of_4"
"MRPS7",1,0,0.750912299762132,"0_of_4"
"FARP2",1,0,0.750559230310679,"0_of_4"
"SKOR1",1,0,0.750053976597464,"0_of_4"
"ZNF324",1,0,0.749995772329082,"0_of_4"
"ZNF124",1,0,0.749933722102549,"0_of_4"
"EPHB4",1,0,0.749383631120403,"0_of_4"
"MCUB",1,0,0.749050176630812,"0_of_4"
"SPG11",1,0,0.749030793518394,"0_of_4"
"PPP1R12B",1,0,0.748978789316258,"0_of_4"
"LENG8",1,0,0.748262603679577,"0_of_4"
"WDR5",1,0,0.74749674321406,"0_of_4"
"NCAN",1,0,0.746939244129954,"0_of_4"
"SLC35D1",1,0,0.746702638589381,"0_of_4"
"PRKG1",1,0,0.74636838600803,"0_of_4"
"TRAPPC3",1,0,0.745340057172345,"0_of_4"
"LIPC",1,0,0.744899867299684,"0_of_4"
"TMSB15A",1,0,0.744661717045695,"0_of_4"
"ZBTB8A",1,0,0.744611566921785,"0_of_4"
"HTATSF1",1,0,0.743754551398959,"0_of_4"
"RPS10.NUDT3",1,0,0.743732438623804,"0_of_4"
"SYCP2L",1,0,0.743149456934345,"0_of_4"
"TVP23A",1,0,0.741224841433882,"0_of_4"
"FAM221B",1,0,0.740401457094866,"0_of_4"
"SNX1",1,0,0.740332067665268,"0_of_4"
"HTR2C",1,0,0.739868588770709,"0_of_4"
"LARS1",1,0,0.73920901787705,"0_of_4"
"B4GALT7",1,0,0.73832942018655,"0_of_4"
"RHBDF2",1,0,0.73688444277313,"0_of_4"
"LRP2BP",1,0,0.736418444521811,"0_of_4"
"MEOX1",1,0,0.735374669083182,"0_of_4"
"SS18L1",1,0,0.735351255191731,"0_of_4"
"ABHD6",1,0,0.735194340993656,"0_of_4"
"ICE2",1,0,0.735136171045381,"0_of_4"
"RAET1L",1,0,0.73455637935856,"0_of_4"
"NDUFA6",1,0,0.734478472804481,"0_of_4"
"HSD17B4",1,0,0.732383929207811,"0_of_4"
"MRPS10",1,0,0.732191517048097,"0_of_4"
"MEAF6",1,0,0.731964900907499,"0_of_4"
"DENND1C",1,0,0.731820604966332,"0_of_4"
"SETDB1",1,0,0.731428773356837,"0_of_4"
"ITPKC",1,0,0.730134505861722,"0_of_4"
"FUBP1",1,0,0.729846970103454,"0_of_4"
"POMC",1,0,0.729294282729123,"0_of_4"
"SLC39A11",1,0,0.729201366725399,"0_of_4"
"SENP8",1,0,0.72907686022481,"0_of_4"
"PTPN11",1,0,0.728752511474595,"0_of_4"
"FOXN4",1,0,0.72852148625133,"0_of_4"
"AKR7A3",1,0,0.728516718078515,"0_of_4"
"SNTB2",1,0,0.72847165682309,"0_of_4"
"CAB39L",1,0,0.728404661946333,"0_of_4"
"EFCC1",1,0,0.728189660779447,"0_of_4"
"RTCB",1,0,0.728135018151645,"0_of_4"
"IARS1",1,0,0.72570667300391,"0_of_4"
"VPS4A",1,0,0.725127711156204,"0_of_4"
"ANKRD23",1,0,0.724661279225947,"0_of_4"
"LETMD1",1,0,0.724638278020591,"0_of_4"
"ZNF177",1,0,0.724382044666896,"0_of_4"
"DPAGT1",1,0,0.724334096288147,"0_of_4"
"AP003108.2",1,0,0.723667316460128,"0_of_4"
"RND1",1,0,0.722210451607183,"0_of_4"
"MED22",1,0,0.721491604216548,"0_of_4"
"NAXE",1,0,0.72140291304313,"0_of_4"
"CYBA",1,0,0.720635817383558,"0_of_4"
"PSMB4",1,0,0.719649648853167,"0_of_4"
"SAC3D1",1,0,0.719123315396014,"0_of_4"
"ROPN1B",1,0,0.718144949997582,"0_of_4"
"PCID2",1,0,0.717574445880827,"0_of_4"
"IL12RB1",1,0,0.717527667915974,"0_of_4"
"PRAM1",1,0,0.717298959689741,"0_of_4"
"ZNF705E",1,0,0.71670456447691,"0_of_4"
"GTF2H2",1,0,0.71576773827859,"0_of_4"
"SLC4A2",1,0,0.714567161782119,"0_of_4"
"USB1",1,0,0.713625913834132,"0_of_4"
"HAND1",1,0,0.71329627690951,"0_of_4"
"GFI1",1,0,0.712999437578771,"0_of_4"
"TMEM220",1,0,0.712491567606474,"0_of_4"
"HOXB5",1,0,0.712454732189914,"0_of_4"
"TAS2R5",1,0,0.712269233012345,"0_of_4"
"FAM241B",1,0,0.712157207446056,"0_of_4"
"SIDT1",1,0,0.71161628424469,"0_of_4"
"SAE1",1,0,0.711489218867032,"0_of_4"
"ZNF689",1,0,0.709788518401987,"0_of_4"
"EFTUD2",1,0,0.709481046864083,"0_of_4"
"KCTD3",1,0,0.709069776026984,"0_of_4"
"CFAP69",1,0,0.708843096618856,"0_of_4"
"PCBD2",1,0,0.708784756328514,"0_of_4"
"ZFP37",1,0,0.70822713749521,"0_of_4"
"GUCY2D",1,0,0.708068058319478,"0_of_4"
"RITA1",1,0,0.707807699554306,"0_of_4"
"ERCC5",1,0,0.707371450983375,"0_of_4"
"ALDH8A1",1,0,0.706862863880915,"0_of_4"
"SCAPER",1,0,0.706357766899455,"0_of_4"
"TIPRL",1,0,0.706320442355502,"0_of_4"
"GPANK1",1,0,0.705651972460404,"0_of_4"
"SLC7A6",1,0,0.705441273232743,"0_of_4"
"COA1",1,0,0.705250752150592,"0_of_4"
"MAPRE1",1,0,0.705195639858281,"0_of_4"
"MINDY4",1,0,0.7051928471648,"0_of_4"
"RNASEH2C",1,0,0.705166727651461,"0_of_4"
"IBSP",1,0,0.705073121463957,"0_of_4"
"KDM5A",1,0,0.704925660812071,"0_of_4"
"TEX14",1,0,0.704294338495476,"0_of_4"
"AP1G2",1,0,0.7039876327548,"0_of_4"
"CD72",1,0,0.703752144889109,"0_of_4"
"SIMC1",1,0,0.703456252512912,"0_of_4"
"ELN",1,0,0.703423658794156,"0_of_4"
"KIAA1328",1,0,0.702200026398202,"0_of_4"
"SLC25A17",1,0,0.701948144784866,"0_of_4"
"VIPAS39",1,0,0.701856021923037,"0_of_4"
"EFHC1",1,0,0.701547602699784,"0_of_4"
"SLC38A11",1,0,0.70152141127337,"0_of_4"
"SPAG9",1,0,0.700877750844832,"0_of_4"
"CHRNB2",1,0,0.700372904965356,"0_of_4"
"PLEKHG1",1,0,0.700290315752481,"0_of_4"
"SLC5A2",1,0,0.700278573604769,"0_of_4"
"SLC36A1",1,0,0.700030886722244,"0_of_4"
"UBE2D2",1,0,0.699918572489268,"0_of_4"
"CNNM4",1,0,0.699587217071563,"0_of_4"
"DEFB103A",1,0,0.69784193435416,"0_of_4"
"ACSBG2",1,0,0.697446335582506,"0_of_4"
"C2orf91",1,0,0.697416471028951,"0_of_4"
"SKIDA1",1,0,0.696426524875934,"0_of_4"
"MAP3K10",1,0,0.696060701350914,"0_of_4"
"VSIG10",1,0,0.695771036484767,"0_of_4"
"SERPINA3",1,0,0.695365975425087,"0_of_4"
"MICOS10.NBL1",1,0,0.695342113684317,"0_of_4"
"NPPA",1,0,0.694227073025402,"0_of_4"
"BICRA",1,0,0.693930203828442,"0_of_4"
"UBQLN4",1,0,0.693669048337392,"0_of_4"
"CORO1C",1,0,0.693587540485825,"0_of_4"
"SRMS",1,0,0.693565358760856,"0_of_4"
"SOD1",1,0,0.693447938933989,"0_of_4"
"ITGBL1",1,0,0.690730937316044,"0_of_4"
"RIC3",1,0,0.689750417177857,"0_of_4"
"RASL11B",1,0,0.689671972838886,"0_of_4"
"TMEM65",1,0,0.688921344619201,"0_of_4"
"POLR1A",1,0,0.687912897675341,"0_of_4"
"GBX1",1,0,0.687497724981789,"0_of_4"
"SCO1",1,0,0.68732787691694,"0_of_4"
"FBXO30",1,0,0.687181505310406,"0_of_4"
"ZBED6",1,0,0.686918445927945,"0_of_4"
"TLR10",1,0,0.686772072988316,"0_of_4"
"SGPL1",1,0,0.686619709968548,"0_of_4"
"TSR3",1,0,0.686542219532811,"0_of_4"
"NUDT16L1",1,0,0.685487840510953,"0_of_4"
"GADD45GIP1",1,0,0.685404262802131,"0_of_4"
"KCTD11",1,0,0.684554103109644,"0_of_4"
"C2orf42",1,0,0.684508494220278,"0_of_4"
"NECAP2",1,0,0.682866807187211,"0_of_4"
"ING1",1,0,0.682409841296269,"0_of_4"
"AC008770.1",1,0,0.681666759329078,"0_of_4"
"SLC35F4",1,0,0.681428199032861,"0_of_4"
"CST4",1,0,0.680979863464998,"0_of_4"
"ZNF277",1,0,0.680561291036285,"0_of_4"
"GRM4",1,0,0.68044855322562,"0_of_4"
"UNC80",1,0,0.679908669765409,"0_of_4"
"GJB4",1,0,0.679554906238619,"0_of_4"
"ZNF791",1,0,0.679137914332027,"0_of_4"
"RPL30",1,0,0.678977711151025,"0_of_4"
"OIT3",1,0,0.678422359144457,"0_of_4"
"RAD9B",1,0,0.678166576396322,"0_of_4"
"SH3D21",1,0,0.677955731235376,"0_of_4"
"PTPMT1",1,0,0.677916516122799,"0_of_4"
"RNF214",1,0,0.677680054116826,"0_of_4"
"SMTN",1,0,0.67727143424199,"0_of_4"
"MOBP",1,0,0.676862824884462,"0_of_4"
"RGP1",1,0,0.676807422870276,"0_of_4"
"RPUSD1",1,0,0.676785074924768,"0_of_4"
"CTRC",1,0,0.67618692711058,"0_of_4"
"SPDYE21P",1,0,0.676047623201494,"0_of_4"
"IL1RL2",1,0,0.675643656882943,"0_of_4"
"CYP2R1",1,0,0.675207852485646,"0_of_4"
"CSRNP3",1,0,0.674416276597838,"0_of_4"
"TM2D3",1,0,0.674245137612613,"0_of_4"
"R3HDM2",1,0,0.673988121993186,"0_of_4"
"ZNF679",1,0,0.673760196958087,"0_of_4"
"AC112229.3",1,0,0.673361420420813,"0_of_4"
"PDE1A",1,0,0.673228226773973,"0_of_4"
"KHDC3L",1,0,0.672976316257642,"0_of_4"
"HIF1AN",1,0,0.672790028351989,"0_of_4"
"NUFIP2",1,0,0.672144856716545,"0_of_4"
"ATP6V0A1",1,0,0.671925590021535,"0_of_4"
"ZNF597",1,0,0.671369944862026,"0_of_4"
"SLCO1A2",1,0,0.671065761564733,"0_of_4"
"PIGK",1,0,0.671051388907056,"0_of_4"
"AL662899.4",1,0,0.670595371142381,"0_of_4"
"WRAP73",1,0,0.670123029672971,"0_of_4"
"LYST",1,0,0.669795670902408,"0_of_4"
"CD27",1,0,0.669007701991884,"0_of_4"
"ERP44",1,0,0.668000140267095,"0_of_4"
"TENT4A",1,0,0.667989639092504,"0_of_4"
"AP3B2",1,0,0.667918860831866,"0_of_4"
"HOXB6",1,0,0.667356285844547,"0_of_4"
"SNCAIP",1,0,0.667144203549018,"0_of_4"
"RIOK3",1,0,0.665338163540284,"0_of_4"
"BICD1",1,0,0.664284232387622,"0_of_4"
"GALR1",1,0,0.664137634817424,"0_of_4"
"TSC22D3",1,0,0.663580794114508,"0_of_4"
"KRT23",1,0,0.663295020324377,"0_of_4"
"ZNF302",1,0,0.663201481007645,"0_of_4"
"IPP",1,0,0.663067399022435,"0_of_4"
"ANKRD45",1,0,0.661886594939334,"0_of_4"
"GEMIN2",1,0,0.661798838169043,"0_of_4"
"SYDE2",1,0,0.661389942069108,"0_of_4"
"KBTBD8",1,0,0.660439336448646,"0_of_4"
"CDK15",1,0,0.659695643316309,"0_of_4"
"TTC19",1,0,0.659492319779055,"0_of_4"
"CCDC134",1,0,0.658981663613964,"0_of_4"
"ANKRD44",1,0,0.657966297066811,"0_of_4"
"MRPS26",1,0,0.657919118834831,"0_of_4"
"SNX27",1,0,0.656922933112506,"0_of_4"
"RILP",1,0,0.656231869591609,"0_of_4"
"TAF4",1,0,0.65611800931985,"0_of_4"
"PLEKHG6",1,0,0.656089719703065,"0_of_4"
"SHISA3",1,0,0.655215467017678,"0_of_4"
"MRPL34",1,0,0.65306460480504,"0_of_4"
"PATL2",1,0,0.652705008068299,"0_of_4"
"GMPPA",1,0,0.651901062283646,"0_of_4"
"ZC2HC1C",1,0,0.651696251808274,"0_of_4"
"POLR2E",1,0,0.651081198341915,"0_of_4"
"ZNF230",1,0,0.650910220501862,"0_of_4"
"C11orf65",1,0,0.650101206972318,"0_of_4"
"PPP4C",1,0,0.649417326568668,"0_of_4"
"IDH3B",1,0,0.648788755324347,"0_of_4"
"TNR",1,0,0.647911295790392,"0_of_4"
"ACAT1",1,0,0.647636918728918,"0_of_4"
"NKIRAS1",1,0,0.646738642540204,"0_of_4"
"GRIK2",1,0,0.646442399709571,"0_of_4"
"MROH7",1,0,0.645934120512144,"0_of_4"
"GCK",1,0,0.645589344565079,"0_of_4"
"ARL17B",1,0,0.644032856387427,"0_of_4"
"FOS",1,0,0.643611942518289,"0_of_4"
"ZFR2",1,0,0.641928463158737,"0_of_4"
"ERBB2",1,0,0.641785970207732,"0_of_4"
"EPHA10",1,0,0.641480371479429,"0_of_4"
"MORN2",1,0,0.64088617646677,"0_of_4"
"ARR3",1,0,0.640262156158808,"0_of_4"
"TMF1",1,0,0.639124865380582,"0_of_4"
"AC008770.2",1,0,0.638702261479065,"0_of_4"
"MAG",1,0,0.637949693528149,"0_of_4"
"HECTD4",1,0,0.63718369385032,"0_of_4"
"USP5",1,0,0.636218065978813,"0_of_4"
"EIF3CL",1,0,0.63552706661642,"0_of_4"
"RAC2",1,0,0.635322338620084,"0_of_4"
"PLA2G4B",1,0,0.633576101825394,"0_of_4"
"CRYBB2",1,0,0.633541170866943,"0_of_4"
"PRKAB2",1,0,0.633284840762468,"0_of_4"
"ACRBP",1,0,0.633088800365711,"0_of_4"
"GCDH",1,0,0.63289422543298,"0_of_4"
"AC007906.2",1,0,0.631657220866241,"0_of_4"
"SLC46A2",1,0,0.631627738522494,"0_of_4"
"C5orf58",1,0,0.631270279093141,"0_of_4"
"BX004987.1",1,0,0.628472334044545,"0_of_4"
"KCTD6",1,0,0.628406745665507,"0_of_4"
"EGR2",1,0,0.628290216469964,"0_of_4"
"R3HDML",1,0,0.627468409293496,"0_of_4"
"LRRC73",1,0,0.627446644367113,"0_of_4"
"MYOZ3",1,0,0.627007782654301,"0_of_4"
"ABHD17C",1,0,0.626522220054405,"0_of_4"
"ZNF688",1,0,0.626351758504286,"0_of_4"
"TBC1D24",1,0,0.625115582624211,"0_of_4"
"NR2F6",1,0,0.624900321948413,"0_of_4"
"PPP1R36",1,0,0.624131833311426,"0_of_4"
"OVCA2",1,0,0.624060773299134,"0_of_4"
"FBXL14",1,0,0.623665299488986,"0_of_4"
"MTMR8",1,0,0.623288709023977,"0_of_4"
"ERCC2",1,0,0.622737982999265,"0_of_4"
"SERPINB2",1,0,0.622636120335941,"0_of_4"
"STX12",1,0,0.622586689094142,"0_of_4"
"LCA5L",1,0,0.621377224015729,"0_of_4"
"COLEC11",1,0,0.621021059181866,"0_of_4"
"PELP1",1,0,0.620219108618372,"0_of_4"
"CHRAC1",1,0,0.619927651682999,"0_of_4"
"NDUFS4",1,0,0.619895562829357,"0_of_4"
"SLURP2",1,0,0.618909577915718,"0_of_4"
"PTPN6",1,0,0.618495331592735,"0_of_4"
"ZNF221",1,0,0.618040915449998,"0_of_4"
"POU2AF1",1,0,0.616394620867671,"0_of_4"
"RAD17",1,0,0.616102638080288,"0_of_4"
"RHBDF1",1,0,0.615813460016057,"0_of_4"
"EFHB",1,0,0.614938428199617,"0_of_4"
"FAM187A",1,0,0.614145516396277,"0_of_4"
"LEMD1",1,0,0.613564848414555,"0_of_4"
"TEN1.CDK3",1,0,0.613372189071468,"0_of_4"
"SCIMP",1,0,0.613009480509639,"0_of_4"
"ZNF283",1,0,0.612252053097323,"0_of_4"
"ANKHD1.EIF4EBP3",1,0,0.611350056089869,"0_of_4"
"TLR9",1,0,0.610664899610381,"0_of_4"
"POLDIP2",1,0,0.610479563788468,"0_of_4"
"ZFHX3",1,0,0.608780845639757,"0_of_4"
"GSDMA",1,0,0.608713029186402,"0_of_4"
"AGPS",1,0,0.608311461835061,"0_of_4"
"C8orf33",1,0,0.6081888636212,"0_of_4"
"TRNT1",1,0,0.607790239446794,"0_of_4"
"MCM3AP",1,0,0.607137927655756,"0_of_4"
"MUC2",1,0,0.606616097782525,"0_of_4"
"LSMEM1",1,0,0.606364880851824,"0_of_4"
"NMRK2",1,0,0.606230958147599,"0_of_4"
"TTC38",1,0,0.605540011574716,"0_of_4"
"EME2",1,0,0.604401562888581,"0_of_4"
"TLL2",1,0,0.604132184135728,"0_of_4"
"AL590560.2",1,0,0.602798660362924,"0_of_4"
"NRTN",1,0,0.602509940843927,"0_of_4"
"PDXP",1,0,0.601948836793533,"0_of_4"
"SLC22A18AS",1,0,0.601460853978489,"0_of_4"
"IMMP1L",1,0,0.601160477640877,"0_of_4"
"MPV17L2",1,0,0.60087293304773,"0_of_4"
"NME6",1,0,0.600800667387731,"0_of_4"
"LEO1",1,0,0.599051245236476,"0_of_4"
"MIA3",1,0,0.59849877772442,"0_of_4"
"NAF1",1,0,0.597402127376492,"0_of_4"
"MEF2D",1,0,0.596955137879813,"0_of_4"
"TXLNB",1,0,0.596582748234936,"0_of_4"
"C5orf38",1,0,0.59551534693057,"0_of_4"
"TDRD12",1,0,0.59516115443572,"0_of_4"
"ACTR10",1,0,0.594720581106118,"0_of_4"
"NPIPA7",1,0,0.593289641401949,"0_of_4"
"HGFAC",1,0,0.592861784169443,"0_of_4"
"PRR32",1,0,0.59272080939364,"0_of_4"
"CLASP2",1,0,0.592639240991657,"0_of_4"
"GDPD4",1,0,0.592618573727666,"0_of_4"
"REST",1,0,0.592042351061979,"0_of_4"
"AHNAK",1,0,0.590641395502046,"0_of_4"
"AL035460.1",1,0,0.590430532117421,"0_of_4"
"SLC25A33",1,0,0.589478897564528,"0_of_4"
"HOXC8",1,0,0.588596613847862,"0_of_4"
"TRMT11",1,0,0.588057037509903,"0_of_4"
"ANKRD36B",1,0,0.587058588102948,"0_of_4"
"KDM3A",1,0,0.586660557552135,"0_of_4"
"SEZ6",1,0,0.586570385255796,"0_of_4"
"KCNJ15",1,0,0.58631427562657,"0_of_4"
"ZNF667",1,0,0.585339419985563,"0_of_4"
"APPBP2",1,0,0.585262371439389,"0_of_4"
"PLXNB3",1,0,0.58450521534312,"0_of_4"
"AC008878.1",1,0,0.58385892296637,"0_of_4"
"ZNF383",1,0,0.581862999709247,"0_of_4"
"PRELP",1,0,0.581429543737043,"0_of_4"
"WDFY4",1,0,0.581364845783289,"0_of_4"
"RFX3",1,0,0.581161929136624,"0_of_4"
"STX3",1,0,0.58072263780399,"0_of_4"
"NEB",1,0,0.580332821988659,"0_of_4"
"E2F3",1,0,0.578293356720061,"0_of_4"
"DNAAF1",1,0,0.578023346995229,"0_of_4"
"KLRB1",1,0,0.577718014280742,"0_of_4"
"RPH3A",1,0,0.577010255896318,"0_of_4"
"NPL",1,0,0.576879606108512,"0_of_4"
"LRRC8D",1,0,0.576467107225686,"0_of_4"
"PLEKHA5",1,0,0.576036201598127,"0_of_4"
"FBRSL1",1,0,0.575792339508395,"0_of_4"
"SPPL3",1,0,0.574955790463624,"0_of_4"
"METTL25",1,0,0.574940407837995,"0_of_4"
"ZNF550",1,0,0.574931031002785,"0_of_4"
"CLDN8",1,0,0.573452977685306,"0_of_4"
"DNAJC16",1,0,0.573049980342727,"0_of_4"
"RMND1",1,0,0.572814091684289,"0_of_4"
"GANC",1,0,0.572699443092285,"0_of_4"
"VCAM1",1,0,0.571513731149659,"0_of_4"
"SIRPG",1,0,0.570943899154721,"0_of_4"
"AC233992.2",1,0,0.568611703082613,"0_of_4"
"AIFM3",1,0,0.567963220393553,"0_of_4"
"ERN1",1,0,0.567518020348472,"0_of_4"
"PPP2R1B",1,0,0.567352982909475,"0_of_4"
"LRRC37A",1,0,0.566579777784292,"0_of_4"
"SATB2",1,0,0.5662049226049,"0_of_4"
"AC003002.3",1,0,0.56502505709937,"0_of_4"
"ANGPTL7",1,0,0.564059895140764,"0_of_4"
"ZNF740",1,0,0.563965779519658,"0_of_4"
"HTRA4",1,0,0.56387103932154,"0_of_4"
"NPIPB6",1,0,0.56368907676956,"0_of_4"
"ZBTB44",1,0,0.563117835869039,"0_of_4"
"SDF2",1,0,0.561861103125385,"0_of_4"
"IER5L",1,0,0.561529250894614,"0_of_4"
"CCDC14",1,0,0.561517384094439,"0_of_4"
"PARP15",1,0,0.560895121404219,"0_of_4"
"RNF8",1,0,0.559395054077259,"0_of_4"
"PROCA1",1,0,0.559111448374298,"0_of_4"
"XRN1",1,0,0.558346284794043,"0_of_4"
"AC036214.3",1,0,0.557648053410383,"0_of_4"
"RANBP3",1,0,0.556961182257774,"0_of_4"
"TMEM242",1,0,0.556373650688323,"0_of_4"
"SLC16A8",1,0,0.555167158280175,"0_of_4"
"PEBP1",1,0,0.554093099301434,"0_of_4"
"SCRN3",1,0,0.552491396944284,"0_of_4"
"CSAD",1,0,0.551907632989672,"0_of_4"
"CCDC84",1,0,0.551511908066757,"0_of_4"
"FABP3",1,0,0.55118048363946,"0_of_4"
"ACADVL",1,0,0.550890511918008,"0_of_4"
"C20orf203",1,0,0.549909284358994,"0_of_4"
"FAM184A",1,0,0.54926803786021,"0_of_4"
"TSPO2",1,0,0.548830919011036,"0_of_4"
"KRTAP1.5",1,0,0.548268627550754,"0_of_4"
"TTC32",1,0,0.548185160608738,"0_of_4"
"NCOR1",1,0,0.548114483595869,"0_of_4"
"AP4B1",1,0,0.547895391068623,"0_of_4"
"ZNF552",1,0,0.547441181669054,"0_of_4"
"ERFL",1,0,0.547186632975452,"0_of_4"
"ZNF595",1,0,0.546836477330399,"0_of_4"
"ARMC6",1,0,0.546770542326082,"0_of_4"
"ESR1",1,0,0.546723874420253,"0_of_4"
"PPP2R5D",1,0,0.546335211294055,"0_of_4"
"AC068946.1",1,0,0.545936342324922,"0_of_4"
"SLC30A5",1,0,0.545020183396265,"0_of_4"
"C15orf65",1,0,0.544163676095837,"0_of_4"
"ZNF20",1,0,0.543496622038792,"0_of_4"
"SCYL3",1,0,0.543395558491041,"0_of_4"
"AL136295.1",1,0,0.541669452879651,"0_of_4"
"A2ML1",1,0,0.541335674300312,"0_of_4"
"HSF4",1,0,0.539353356242198,"0_of_4"
"KRTAP2.3",1,0,0.539056429934356,"0_of_4"
"DNAH5",1,0,0.538418967319619,"0_of_4"
"MRPL24",1,0,0.536808310035529,"0_of_4"
"AIRE",1,0,0.536758410323174,"0_of_4"
"ARHGAP39",1,0,0.53653841309887,"0_of_4"
"DDX20",1,0,0.536438384293431,"0_of_4"
"RHOC",1,0,0.535242512720215,"0_of_4"
"TMEM256.PLSCR3",1,0,0.535211294517026,"0_of_4"
"TLR6",1,0,0.535196089841727,"0_of_4"
"AKTIP",1,0,0.53218583649426,"0_of_4"
"DLG5",1,0,0.531587555134951,"0_of_4"
"ASPA",1,0,0.531316919660202,"0_of_4"
"DSC1",1,0,0.52963896041388,"0_of_4"
"ZNF236",1,0,0.528667925600807,"0_of_4"
"BTBD8",1,0,0.528312046206196,"0_of_4"
"SAP30BP",1,0,0.528082274909648,"0_of_4"
"ALG9",1,0,0.527720044539366,"0_of_4"
"NDUFS5",1,0,0.525613552231005,"0_of_4"
"DHX35",1,0,0.525199347202681,"0_of_4"
"BANP",1,0,0.525138618334323,"0_of_4"
"H2AC7",1,0,0.524616672009424,"0_of_4"
"MEF2A",1,0,0.524092466333557,"0_of_4"
"MPP6",1,0,0.523268929654433,"0_of_4"
"PUSL1",1,0,0.521625848105029,"0_of_4"
"ZNF749",1,0,0.521555701733471,"0_of_4"
"CXCL11",1,0,0.521254764203581,"0_of_4"
"SERF1B",1,0,0.520955003079746,"0_of_4"
"CCDC17",1,0,0.520617722718607,"0_of_4"
"MYBBP1A",1,0,0.518581215793669,"0_of_4"
"UBFD1",1,0,0.518423492856743,"0_of_4"
"MORN3",1,0,0.516109341571513,"0_of_4"
"ZNF345",1,0,0.514562607802217,"0_of_4"
"ATP11A",1,0,0.514475592109928,"0_of_4"
"HHLA2",1,0,0.514280880800538,"0_of_4"
"ZNF785",1,0,0.513813444217325,"0_of_4"
"NFATC4",1,0,0.511747253803755,"0_of_4"
"JUNB",1,0,0.509319822725096,"0_of_4"
"NT5C3A",1,0,0.508986740154483,"0_of_4"
"KBTBD6",1,0,0.508470701879227,"0_of_4"
"TSC1",1,0,0.504957472674453,"0_of_4"
"FGF13",1,0,0.504917393489051,"0_of_4"
"LPCAT4",1,0,0.504861277234449,"0_of_4"
"ZNF670",1,0,0.502364889676806,"0_of_4"
"ZNF823",1,0,0.501827037511971,"0_of_4"
"PGLYRP1",1,0,0.500558642921931,"0_of_4"
"RNF166",1,0,0.50010809803063,"0_of_4"
"AC015813.2",1,0,0.49974258714336,"0_of_4"
"RNF103.CHMP3",1,0,0.499723028470668,"0_of_4"
"MYO16",1,0,0.498998114846534,"0_of_4"
"CD19",1,0,0.498434879739549,"0_of_4"
"JARID2",1,0,0.498391172664436,"0_of_4"
"PRMT7",1,0,0.497481423046145,"0_of_4"
"AJM1",1,0,0.497212392242384,"0_of_4"
"SEC62",1,0,0.495562363762805,"0_of_4"
"MFSD6L",1,0,0.495049700315027,"0_of_4"
"HCRTR1",1,0,0.494556076393218,"0_of_4"
"SPTB",1,0,0.494323003558037,"0_of_4"
"SYT2",1,0,0.492096416875673,"0_of_4"
"CALHM6",1,0,0.491640241638962,"0_of_4"
"DHX33",1,0,0.491603175557063,"0_of_4"
"CCDC154",1,0,0.491218179925207,"0_of_4"
"PRR4",1,0,0.491142530711631,"0_of_4"
"ZBTB43",1,0,0.490897848840616,"0_of_4"
"AL021546.1",1,0,0.490812631312453,"0_of_4"
"NT5C1B",1,0,0.489801321190656,"0_of_4"
"RIPK3",1,0,0.489511648488589,"0_of_4"
"TMEM132E",1,0,0.487845304105102,"0_of_4"
"ANKRD20A2",1,0,0.486664825545972,"0_of_4"
"PCDH19",1,0,0.486167132781886,"0_of_4"
"LRRC71",1,0,0.484998997882828,"0_of_4"
"HSD17B3",1,0,0.483943483130606,"0_of_4"
"GPR12",1,0,0.483784186931655,"0_of_4"
"MANSC1",1,0,0.483499904774873,"0_of_4"
"TTC23L",1,0,0.482583178016804,"0_of_4"
"DNASE1L2",1,0,0.48218798404253,"0_of_4"
"NPIPB2",1,0,0.481690533719224,"0_of_4"
"NPIPB8",1,0,0.481113002004429,"0_of_4"
"FNTB",1,0,0.480910080472405,"0_of_4"
"FAM118A",1,0,0.479826013215384,"0_of_4"
"NMNAT2",1,0,0.479469800542999,"0_of_4"
"DYRK1A",1,0,0.47832731861692,"0_of_4"
"FOXH1",1,0,0.477985382158739,"0_of_4"
"CTNNA3",1,0,0.477231102687128,"0_of_4"
"C5orf63",1,0,0.476735638904942,"0_of_4"
"ICK",1,0,0.473683946080567,"0_of_4"
"TLE1",1,0,0.472957704610523,"0_of_4"
"C21orf59.TCP10L",1,0,0.472242267381864,"0_of_4"
"GIPR",1,0,0.471867949987381,"0_of_4"
"CCDC81",1,0,0.471650033825788,"0_of_4"
"LRP2",1,0,0.469955658172116,"0_of_4"
"SCN5A",1,0,0.469926684237328,"0_of_4"
"NAA38",1,0,0.469664584048403,"0_of_4"
"VSTM1",1,0,0.469542023151814,"0_of_4"
"APIP",1,0,0.469018303485685,"0_of_4"
"FAM114A2",1,0,0.468859615166408,"0_of_4"
"PEX26",1,0,0.468084370543261,"0_of_4"
"SASH3",1,0,0.46750651103769,"0_of_4"
"HADH",1,0,0.46734650844007,"0_of_4"
"ZFAND4",1,0,0.466836491752304,"0_of_4"
"NELFE",1,0,0.466460864560834,"0_of_4"
"MAPKAPK5",1,0,0.46587130344477,"0_of_4"
"TRAPPC2",1,0,0.4650378685558,"0_of_4"
"GCNA",1,0,0.464852983645081,"0_of_4"
"LANCL2",1,0,0.463987283925312,"0_of_4"
"AP002495.1",1,0,0.46298313934529,"0_of_4"
"SENP3",1,0,0.462465982265412,"0_of_4"
"NPIPB15",1,0,0.46222057845265,"0_of_4"
"GCC2",1,0,0.460476498249156,"0_of_4"
"PROX1",1,0,0.460210269448138,"0_of_4"
"ZNF883",1,0,0.460069251562705,"0_of_4"
"PRDM7",1,0,0.45977793912798,"0_of_4"
"HECTD3",1,0,0.459561234247457,"0_of_4"
"UNC119",1,0,0.45936786655905,"0_of_4"
"RIPPLY3",1,0,0.457951592236544,"0_of_4"
"CYP2F1",1,0,0.457442699831609,"0_of_4"
"LEPROT",1,0,0.457270683695339,"0_of_4"
"CYP4Z1",1,0,0.456074295397724,"0_of_4"
"EML2",1,0,0.454844252263317,"0_of_4"
"ARL4C",1,0,0.454232321804323,"0_of_4"
"GRIPAP1",1,0,0.453745002866453,"0_of_4"
"PGLYRP3",1,0,0.453507284896886,"0_of_4"
"STAB2",1,0,0.453495571860256,"0_of_4"
"FAM149A",1,0,0.45285821213852,"0_of_4"
"GATAD2A",1,0,0.451952566411162,"0_of_4"
"PVRIG",1,0,0.449581669721789,"0_of_4"
"SERPINB10",1,0,0.44584722304389,"0_of_4"
"GDPD2",1,0,0.445498024991606,"0_of_4"
"ZNF154",1,0,0.444922034127739,"0_of_4"
"C11orf88",1,0,0.444486590976052,"0_of_4"
"SAMD13",1,0,0.444231532443847,"0_of_4"
"NCF1",1,0,0.441988627651026,"0_of_4"
"CCHCR1",1,0,0.440719933162497,"0_of_4"
"NLGN1",1,0,0.440018808305732,"0_of_4"
"ZMYND10",1,0,0.438738270794127,"0_of_4"
"TMEM147",1,0,0.438622820489313,"0_of_4"
"MAPK1IP1L",1,0,0.438427337232966,"0_of_4"
"ZNF750",1,0,0.43774446547791,"0_of_4"
"XXYLT1",1,0,0.436971490035709,"0_of_4"
"TSGA10",1,0,0.435882339156239,"0_of_4"
"C20orf144",1,0,0.435481246825612,"0_of_4"
"CNKSR1",1,0,0.435277447774449,"0_of_4"
"PRSS56",1,0,0.435227235313587,"0_of_4"
"FAM47E",1,0,0.434373599401169,"0_of_4"
"ACYP2",1,0,0.434339776105574,"0_of_4"
"FAM186B",1,0,0.433284844458538,"0_of_4"
"HCST",1,0,0.432079220008281,"0_of_4"
"ITPRID1",1,0,0.432041844307914,"0_of_4"
"SHISA8",1,0,0.43081656978927,"0_of_4"
"KRBOX4",1,0,0.430006935009899,"0_of_4"
"EFCAB5",1,0,0.429802266738047,"0_of_4"
"DACT2",1,0,0.427998387557992,"0_of_4"
"TMEM214",1,0,0.427131857353762,"0_of_4"
"ANKRD12",1,0,0.427013861188146,"0_of_4"
"PRPS2",1,0,0.426039946719126,"0_of_4"
"AC114490.2",1,0,0.425776359273479,"0_of_4"
"FAM149B1",1,0,0.423333959976211,"0_of_4"
"UBXN10",1,0,0.423306836808414,"0_of_4"
"FAM174C",1,0,0.42219300343408,"0_of_4"
"PIN1",1,0,0.421063612027519,"0_of_4"
"AL662899.3",1,0,0.420720924267957,"0_of_4"
"CHCHD6",1,0,0.419912516286782,"0_of_4"
"POU5F1",1,0,0.419070625922107,"0_of_4"
"WDR38",1,0,0.418607352027732,"0_of_4"
"RPGR",1,0,0.417942515438135,"0_of_4"
"MIIP",1,0,0.416684008056338,"0_of_4"
"SLC25A25",1,0,0.416517232488653,"0_of_4"
"PPP1R13L",1,0,0.416357704539879,"0_of_4"
"PRSS2",1,0,0.415367397080227,"0_of_4"
"CCDC103",1,0,0.414942725312327,"0_of_4"
"CHRNA1",1,0,0.414700250668971,"0_of_4"
"TICAM2",1,0,0.413619326191584,"0_of_4"
"BGLAP",1,0,0.413241354986216,"0_of_4"
"PZP",1,0,0.412509003624996,"0_of_4"
"CALCOCO2",1,0,0.410654532383191,"0_of_4"
"ZCCHC2",1,0,0.408832860142874,"0_of_4"
"MFSD4B",1,0,0.405988511739178,"0_of_4"
"ZNF160",1,0,0.405249739577267,"0_of_4"
"CYP2A7",1,0,0.40452430290858,"0_of_4"
"ATP8A1",1,0,0.403532320748738,"0_of_4"
"ERICH6",1,0,0.403455039079024,"0_of_4"
"STK11IP",1,0,0.402988936381872,"0_of_4"
"VPS45",1,0,0.401781341960426,"0_of_4"
"TINAG",1,0,0.401284279681805,"0_of_4"
"SPAG7",1,0,0.400756253692108,"0_of_4"
"SEPTIN12",1,0,0.400230891600934,"0_of_4"
"NPIPB9",1,0,0.39945069097725,"0_of_4"
"AK3",1,0,0.396698135986752,"0_of_4"
"SPRR2A",1,0,0.396614821975752,"0_of_4"
"ENKD1",1,0,0.396402387136309,"0_of_4"
"TIMM17B",1,0,0.395756872597278,"0_of_4"
"KLK2",1,0,0.394961694950805,"0_of_4"
"RPGRIP1",1,0,0.39487421920961,"0_of_4"
"KANSL1",1,0,0.394112466261133,"0_of_4"
"AC008687.1",1,0,0.393412802456524,"0_of_4"
"CEBPG",1,0,0.390657526161234,"0_of_4"
"NPHS1",1,0,0.390384286683087,"0_of_4"
"ITGA9",1,0,0.39032573903315,"0_of_4"
"NDUFAF3",1,0,0.389452040409434,"0_of_4"
"TMPRSS11F",1,0,0.38943166278308,"0_of_4"
"RALGPS2",1,0,0.388699517547536,"0_of_4"
"KLHL5",1,0,0.38840951427836,"0_of_4"
"SERTAD3",1,0,0.387666060787739,"0_of_4"
"TBC1D2",1,0,0.387096523756462,"0_of_4"
"POU3F2",1,0,0.386807417528029,"0_of_4"
"EXOC3L2",1,0,0.38657331782982,"0_of_4"
"ZNRD2",1,0,0.385214899806048,"0_of_4"
"CNIH1",1,0,0.382305127762136,"0_of_4"
"AL354822.1",1,0,0.381471551836279,"0_of_4"
"TMPRSS11B",1,0,0.379893113006309,"0_of_4"
"GCSAM",1,0,0.376807384431851,"0_of_4"
"PRB3",1,0,0.376553143328339,"0_of_4"
"FBXL2",1,0,0.376513165565719,"0_of_4"
"TRAPPC3L",1,0,0.376233354540536,"0_of_4"
"CSMD1",1,0,0.375723170835976,"0_of_4"
"STPG2",1,0,0.375436868736524,"0_of_4"
"HCLS1",1,0,0.375368119219292,"0_of_4"
"ASPRV1",1,0,0.373769818690113,"0_of_4"
"CSAG2",1,0,0.373247372485425,"0_of_4"
"PEX16",1,0,0.370976155390483,"0_of_4"
"MSL3",1,0,0.370408317843661,"0_of_4"
"AC092718.3",1,0,0.367529551148168,"0_of_4"
"SLC6A12",1,0,0.366890117812958,"0_of_4"
"SLC25A11",1,0,0.366740825742223,"0_of_4"
"WRNIP1",1,0,0.365468824319786,"0_of_4"
"PPM1F",1,0,0.365044385657581,"0_of_4"
"STIM2",1,0,0.364795986335743,"0_of_4"
"CPEB3",1,0,0.363682604507734,"0_of_4"
"SLC19A2",1,0,0.361753173481168,"0_of_4"
"LTA",1,0,0.359060916625671,"0_of_4"
"DCAF12L2",1,0,0.355487285290428,"0_of_4"
"HNRNPA1P48",1,0,0.351935998240401,"0_of_4"
"TBC1D26",1,0,0.34936364292993,"0_of_4"
"P4HA3",1,0,0.348334306628234,"0_of_4"
"TMEM200C",1,0,0.348206003948614,"0_of_4"
"ERC2",1,0,0.3472608398357,"0_of_4"
"CD34",1,0,0.346739751685082,"0_of_4"
"CCDC112",1,0,0.345622406748181,"0_of_4"
"SBSPON",1,0,0.345235961140552,"0_of_4"
"LYSMD3",1,0,0.34382359610214,"0_of_4"
"SF3A2",1,0,0.342371813836023,"0_of_4"
"TMEM177",1,0,0.34152848822253,"0_of_4"
"NLN",1,0,0.340501721313327,"0_of_4"
"DMTF1",1,0,0.337237835765333,"0_of_4"
"H2BC13",1,0,0.331886318440757,"0_of_4"
"PUS10",1,0,0.329281315810588,"0_of_4"
"LRRC61",1,0,0.327571263268323,"0_of_4"
"DCAF8",1,0,0.325589733522427,"0_of_4"
"ZFP28",1,0,0.325326621211237,"0_of_4"
"RORB",1,0,0.324850205294894,"0_of_4"
"C14orf39",1,0,0.32412955949854,"0_of_4"
"NRBF2",1,0,0.323907876791667,"0_of_4"
"GADD45G",1,0,0.322989491320871,"0_of_4"
"ZKSCAN3",1,0,0.322316908793609,"0_of_4"
"KLHDC8A",1,0,0.320602700739363,"0_of_4"
"LIPK",1,0,0.31773550475498,"0_of_4"
"ZNF493",1,0,0.317454296212264,"0_of_4"
"FP565260.2",1,0,0.31637132632951,"0_of_4"
"KLC2",1,0,0.314940010249816,"0_of_4"
"ZNF394",1,0,0.31070139543053,"0_of_4"
"C22orf42",1,0,0.309789388101757,"0_of_4"
"EEF1AKMT2",1,0,0.309757161289281,"0_of_4"
"ARMC3",1,0,0.309622665381587,"0_of_4"
"PAN2",1,0,0.307522516803699,"0_of_4"
"CD83",1,0,0.307116268241938,"0_of_4"
"ZNF81",1,0,0.30486664471182,"0_of_4"
"CATIP",1,0,0.304166316293046,"0_of_4"
"YJEFN3",1,0,0.303976073763403,"0_of_4"
"CENPB",1,0,0.303191357136059,"0_of_4"
"TAS2R4",1,0,0.302625519045252,"0_of_4"
"SDS",1,0,0.302178978019157,"0_of_4"
"PDZD7",1,0,0.30206601043746,"0_of_4"
"CALML5",1,0,0.301454468013794,"0_of_4"
"AC067752.1",1,0,0.300061258472735,"0_of_4"
"ASCL1",1,0,0.295859775260645,"0_of_4"
"FLAD1",1,0,0.293808971581282,"0_of_4"
"TRAF3IP2",1,0,0.291098268691787,"0_of_4"
"TBC1D23",1,0,0.286307506199039,"0_of_4"
"SCYL1",1,0,0.286279846365182,"0_of_4"
"VSIG1",1,0,0.28326826112874,"0_of_4"
"WDR88",1,0,0.282564905738232,"0_of_4"
"PPP1R15B",1,0,0.281582719248195,"0_of_4"
"MEF2B",1,0,0.277600347595681,"0_of_4"
"CHRM3",1,0,0.277261063723482,"0_of_4"
"FAM124B",1,0,0.275163859301456,"0_of_4"
"GFER",1,0,0.272954902275506,"0_of_4"
"MCEE",1,0,0.271460239451861,"0_of_4"
"TUBAL3",1,0,0.268838277734192,"0_of_4"
"ZNF217",1,0,0.267257816667956,"0_of_4"
"SLC22A18",1,0,0.260979566003505,"0_of_4"
"MAGEB16",1,0,0.256343753908997,"0_of_4"
"NDNF",1,0,0.256256448064358,"0_of_4"
"MYH11",1,0,0.249209890787928,"0_of_4"
"IQCH",1,0,0.247394331800339,"0_of_4"
"AL592183.1",1,0,0.244652092417786,"0_of_4"
"ANKRD20A3",1,0,0.236775737456474,"0_of_4"
"AL353579.1",1,0,0.22901302453175,"0_of_4"
"NEFH",1,0,0.227123041271113,"0_of_4"
"PLA2G3",1,0,0.224200492221949,"0_of_4"
"SLC3A2",1,0,0.221600808841194,"0_of_4"
"S1PR4",1,0,0.22039459806744,"0_of_4"
"ADAM29",1,0,0.217100525318263,"0_of_4"
"BTBD18",1,0,0.216719977806393,"0_of_4"
"SPDYE2",1,0,0.216030513052098,"0_of_4"
"PACRG",1,0,0.214892068729751,"0_of_4"
"LY6G6F.LY6G6D",1,0,0.212231956515601,"0_of_4"
"PARP8",1,0,0.211646271513789,"0_of_4"
"VMO1",1,0,0.211279065991515,"0_of_4"
"MKRN2OS",1,0,0.206470435756378,"0_of_4"
"FFAR1",1,0,0.204315188035016,"0_of_4"
"TMEM273",1,0,0.20368961925105,"0_of_4"
"WDR72",1,0,0.194804419989706,"0_of_4"
"ALKAL2",1,0,0.189165208787043,"0_of_4"
"MRGPRF",1,0,0.187107052913032,"0_of_4"
"CLDN6",1,0,0.182649150220361,"0_of_4"
"CCDC142",1,0,0.181380799176423,"0_of_4"
"WFDC1",1,0,0.178460585196358,"0_of_4"
"HS3ST6",1,0,0.176001011092034,"0_of_4"
"PXDNL",1,0,0.174305338608878,"0_of_4"
"MYBPC2",1,0,0.172913789941983,"0_of_4"
"DDX3Y",1,0,0.172754710208693,"0_of_4"
"KCNH8",1,0,0.171415047235755,"0_of_4"
"SPRR2F",1,0,0.169716412079056,"0_of_4"
"SCRT1",1,0,0.167870917090488,"0_of_4"
"BPNT1",1,0,0.158565651024326,"0_of_4"
"GABRB1",1,0,0.156277895350794,"0_of_4"
"PNMA8B",1,0,0.148082564983475,"0_of_4"
"TEKT2",1,0,0.137121160485822,"0_of_4"
"NLRP7",1,0,0.127198299166967,"0_of_4"
"PHGR1",1,0,0.114989113960907,"0_of_4"
"EPPIN",1,0,0.114166994815296,"0_of_4"
"PON1",1,0,0.108743431561911,"0_of_4"
"IGSF5",1,0,0.0976143146127643,"0_of_4"
"MDGA2",1,0,0.0955139309037726,"0_of_4"
"CA7",1,0,0.0930892515746436,"0_of_4"
"AP001781.2",1,0,0.0540233957153921,"0_of_4"
"TEKT4",1,0,0.015841903229667,"0_of_4"
"RSPO3",1,0,0.0141952145231308,"0_of_4"
"CLDN14",0,0,927.797596222987,"0_of_4"
"FOXN1",0,0,190.016011987934,"0_of_4"
"AC134669.1",0,0,168.171242857175,"0_of_4"
"ZNF729",0,0,150.513854514754,"0_of_4"
"GPBAR1",0,0,41.7863875247492,"0_of_4"
"TDRD15",0,0,38.3746059782423,"0_of_4"
"RHOH",0,0,38.2272059890573,"0_of_4"
"IRS4",0,0,37.1810521247815,"0_of_4"
"GCGR",0,0,36.4436992040273,"0_of_4"
"HEY2",0,0,31.8662053945532,"0_of_4"
"RNF113B",0,0,23.3721642288123,"0_of_4"
"H3.2",0,0,22.7328099111198,"0_of_4"
"GRM1",0,0,21.6508657765899,"0_of_4"
"AC093525.2",0,0,21.6300545972887,"0_of_4"
"POLR2H",0,0,20.3789243555081,"0_of_4"
"ART3",0,0,19.5075484267868,"0_of_4"
"HIPK4",0,0,18.2642878914959,"0_of_4"
"SYCP3",0,0,17.1925984795949,"0_of_4"
"AC068234.1",0,0,17.1613188349319,"0_of_4"
"AC092073.1",0,0,16.9542580133692,"0_of_4"
"TNFRSF4",0,0,14.3704045016188,"0_of_4"
"KLK11",0,0,14.2856104168135,"0_of_4"
"MSLNL",0,0,13.9518347811395,"0_of_4"
"PROZ",0,0,13.507978417548,"0_of_4"
"NRXN2",0,0,12.8327054390591,"0_of_4"
"ZNF280B",0,0,12.1091438747168,"0_of_4"
"SLC28A1",0,0,11.6898673918714,"0_of_4"
"AC069368.1",0,0,11.5660299759031,"0_of_4"
"AL138752.2",0,0,11.4789209572887,"0_of_4"
"CXorf49B",0,0,10.8566468832837,"0_of_4"
"GRK1",0,0,10.833029445457,"0_of_4"
"KRT10",0,0,10.7078752427613,"0_of_4"
"FAM170A",0,0,10.6112767342898,"0_of_4"
"LRIT3",0,0,10.5816773509885,"0_of_4"
"CCDC198",0,0,10.5576423904794,"0_of_4"
"CCDC192",0,0,10.4831613374493,"0_of_4"
"CXCL5",0,0,10.4078995157883,"0_of_4"
"GAGE1",0,0,10.3083344407419,"0_of_4"
"MAGEA9B",0,0,9.68667794271395,"0_of_4"
"AL110118.2",0,0,9.47206021744796,"0_of_4"
"MUC13",0,0,9.26331936786046,"0_of_4"
"WNT16",0,0,9.04328278580511,"0_of_4"
"PTGDS",0,0,8.75184672949719,"0_of_4"
"NEFM",0,0,8.69950758835308,"0_of_4"
"AL024498.2",0,0,8.59451943675148,"0_of_4"
"SHANK1",0,0,8.55109975674763,"0_of_4"
"SPRTN",0,0,8.34538020838095,"0_of_4"
"SLC25A41",0,0,8.16042141130693,"0_of_4"
"ARHGAP21",0,0,8.0984628451766,"0_of_4"
"LARP7",0,0,8.05135654361823,"0_of_4"
"GDF9",0,0,7.69190449833632,"0_of_4"
"EMX2",0,0,7.65364447402753,"0_of_4"
"PCYOX1L",0,0,7.62440394410004,"0_of_4"
"AC023055.1",0,0,7.40013487204367,"0_of_4"
"LRRC37A2",0,0,7.36039619293253,"0_of_4"
"TOP3A",0,0,7.27504435383403,"0_of_4"
"MACROH2A2",0,0,7.22534967124735,"0_of_4"
"ZNF14",0,0,7.21578223796715,"0_of_4"
"AC008758.5",0,0,7.20155253441002,"0_of_4"
"AC005670.2",0,0,7.1759472930181,"0_of_4"
"MEP1B",0,0,7.12330083727879,"0_of_4"
"UBL4B",0,0,7.09794116347205,"0_of_4"
"SRSF6",0,0,7.08035729233551,"0_of_4"
"ST18",0,0,7.07856709280969,"0_of_4"
"PRLR",0,0,7.03187576437755,"0_of_4"
"AL031708.1",0,0,6.97245902014424,"0_of_4"
"SERF1A",0,0,6.9584604970814,"0_of_4"
"LRRIQ4",0,0,6.94998203732972,"0_of_4"
"AC005154.5",0,0,6.90012028058451,"0_of_4"
"INSC",0,0,6.8152590355426,"0_of_4"
"RYBP",0,0,6.74115426377886,"0_of_4"
"CCDC158",0,0,6.72879307330405,"0_of_4"
"KLRF1",0,0,6.72107186424747,"0_of_4"
"KIRREL2",0,0,6.63900131651058,"0_of_4"
"KCNJ3",0,0,6.51980754046776,"0_of_4"
"STAC2",0,0,6.51460231986281,"0_of_4"
"ARL9",0,0,6.37850354423269,"0_of_4"
"AL355916.3",0,0,6.3233517878214,"0_of_4"
"SLC5A1",0,0,6.25945649538644,"0_of_4"
"N6AMT1",0,0,6.23371059242886,"0_of_4"
"PLA2G2F",0,0,6.18625399506252,"0_of_4"
"CDH18",0,0,6.12481449267039,"0_of_4"
"ANKRD55",0,0,6.07611047106229,"0_of_4"
"ACBD7",0,0,6.05750081779203,"0_of_4"
"RNF212B",0,0,6.03542961749026,"0_of_4"
"AC026316.4",0,0,5.77531028607612,"0_of_4"
"GPHA2",0,0,5.7650054418584,"0_of_4"
"RIMBP3C",0,0,5.74046115018704,"0_of_4"
"GFRA3",0,0,5.72542653995117,"0_of_4"
"UMODL1",0,0,5.7088800346916,"0_of_4"
"PRDM15",0,0,5.67907544473207,"0_of_4"
"AFTPH",0,0,5.64482093441809,"0_of_4"
"FAM222B",0,0,5.63011927726875,"0_of_4"
"GSAP",0,0,5.62002103114861,"0_of_4"
"UGT2B17",0,0,5.5993297390982,"0_of_4"
"PPWD1",0,0,5.58357239703524,"0_of_4"
"TIMD4",0,0,5.53194861382869,"0_of_4"
"VCX3B",0,0,5.5119668544355,"0_of_4"
"FAP",0,0,5.44587748065519,"0_of_4"
"C1orf158",0,0,5.39130007629102,"0_of_4"
"KLRC1",0,0,5.29177050809775,"0_of_4"
"AC005832.4",0,0,5.28945057542484,"0_of_4"
"SPDYE11",0,0,5.26825296681886,"0_of_4"
"SPDYE8P",0,0,5.26821910176236,"0_of_4"
"MYOG",0,0,5.25624544302583,"0_of_4"
"ABCG4",0,0,5.22536593336696,"0_of_4"
"USP21",0,0,5.20371281202786,"0_of_4"
"FGG",0,0,5.15845173617082,"0_of_4"
"FFAR2",0,0,5.12081862005815,"0_of_4"
"FEM1B",0,0,4.99809206852889,"0_of_4"
"TEKT3",0,0,4.98704793321695,"0_of_4"
"SVOP",0,0,4.96517997311412,"0_of_4"
"RSPH10B",0,0,4.91101669132211,"0_of_4"
"AC025283.2",0,0,4.90553709910068,"0_of_4"
"DKKL1",0,0,4.84808793696339,"0_of_4"
"TMX3",0,0,4.83898124985178,"0_of_4"
"USH1C",0,0,4.77182076844516,"0_of_4"
"ANGPTL8",0,0,4.71874090621523,"0_of_4"
"EP300",0,0,4.67779860881681,"0_of_4"
"FGF14",0,0,4.67269048810919,"0_of_4"
"DCAF8L1",0,0,4.65560579680908,"0_of_4"
"FBLL1",0,0,4.61872618440467,"0_of_4"
"BIN2",0,0,4.57237913702868,"0_of_4"
"HES1",0,0,4.57096181187292,"0_of_4"
"SCAF8",0,0,4.56096313866439,"0_of_4"
"CAGE1",0,0,4.55242106372023,"0_of_4"
"ERVV.1",0,0,4.54903954852437,"0_of_4"
"EVX1",0,0,4.54751733570602,"0_of_4"
"PRSS1",0,0,4.50653320817743,"0_of_4"
"HP",0,0,4.45546400717472,"0_of_4"
"DLGAP2",0,0,4.40565859589314,"0_of_4"
"MYOT",0,0,4.33868951950399,"0_of_4"
"AC009163.5",0,0,4.3146311083284,"0_of_4"
"PCP4L1",0,0,4.30997775562987,"0_of_4"
"SPATS1",0,0,4.30636977776006,"0_of_4"
"DIO1",0,0,4.2379412448495,"0_of_4"
"CYSLTR2",0,0,4.20617234342136,"0_of_4"
"SLCO1B1",0,0,4.16473739506519,"0_of_4"
"EFCAB7",0,0,4.14608390718548,"0_of_4"
"HSF2BP",0,0,4.12636002495788,"0_of_4"
"PMM1",0,0,4.11575436908356,"0_of_4"
"RC3H1",0,0,4.10420828559021,"0_of_4"
"NOP9",0,0,4.09784699944484,"0_of_4"
"C11orf42",0,0,4.04941735585817,"0_of_4"
"TAF8",0,0,4.04247752276767,"0_of_4"
"UTY",0,0,4.03552405077967,"0_of_4"
"HBE1",0,0,4.0310793745196,"0_of_4"
"CSTL1",0,0,4.02233881940552,"0_of_4"
"SERINC4",0,0,4.01585804735676,"0_of_4"
"AC005324.4",0,0,4.01013121619304,"0_of_4"
"RINL",0,0,3.99655013242872,"0_of_4"
"RHBDD1",0,0,3.9560859390821,"0_of_4"
"SERAC1",0,0,3.89950484939734,"0_of_4"
"CALHM1",0,0,3.88632666550675,"0_of_4"
"FLNA",0,0,3.81456157777171,"0_of_4"
"FAM243A",0,0,3.77102217336892,"0_of_4"
"PIP5K1A",0,0,3.75471046193615,"0_of_4"
"GSDMD",0,0,3.74335341596976,"0_of_4"
"ELP2",0,0,3.74057119930947,"0_of_4"
"PLD4",0,0,3.72845605182352,"0_of_4"
"LRRC75A",0,0,3.71012295716348,"0_of_4"
"CAPN7",0,0,3.70855254484574,"0_of_4"
"MLF2",0,0,3.69590341768459,"0_of_4"
"WASL",0,0,3.6917522055603,"0_of_4"
"CD300C",0,0,3.68331257150864,"0_of_4"
"TAF11",0,0,3.67849181076911,"0_of_4"
"MUC21",0,0,3.67409533475651,"0_of_4"
"SERPINB13",0,0,3.63244307662729,"0_of_4"
"PPP1R16B",0,0,3.6069105101924,"0_of_4"
"PEX10",0,0,3.59869915195896,"0_of_4"
"FCER1G",0,0,3.58723000764516,"0_of_4"
"NFYC",0,0,3.55590684459006,"0_of_4"
"HRH4",0,0,3.55459155249061,"0_of_4"
"ATXN7L2",0,0,3.55001110248624,"0_of_4"
"CYP3A7.CYP3A51P",0,0,3.53489776701145,"0_of_4"
"TM4SF19.TCTEX1D2",0,0,3.52696262880017,"0_of_4"
"CKLF.CMTM1",0,0,3.52510416315489,"0_of_4"
"C2CD4D",0,0,3.52062218419999,"0_of_4"
"OCA2",0,0,3.48043601872928,"0_of_4"
"AL359922.1",0,0,3.44367428558507,"0_of_4"
"ROPN1L",0,0,3.43513752242433,"0_of_4"
"POTEE",0,0,3.42237544427231,"0_of_4"
"TM4SF4",0,0,3.41446915159329,"0_of_4"
"ZFP91.CNTF",0,0,3.40857807430639,"0_of_4"
"LRTM1",0,0,3.40513737416798,"0_of_4"
"PPP2CB",0,0,3.40274079707434,"0_of_4"
"RUBCN",0,0,3.39987512012993,"0_of_4"
"STXBP5L",0,0,3.36111758393592,"0_of_4"
"NOS1",0,0,3.35646815031318,"0_of_4"
"TCF24",0,0,3.32591918569724,"0_of_4"
"C6orf52",0,0,3.30053916433071,"0_of_4"
"VWA3A",0,0,3.29929733213059,"0_of_4"
"ZNF511.PRAP1",0,0,3.28157544592869,"0_of_4"
"CDK7",0,0,3.26674158663749,"0_of_4"
"TOB2",0,0,3.26428163692409,"0_of_4"
"ACTG1",0,0,3.21669806116003,"0_of_4"
"AXDND1",0,0,3.20348416302548,"0_of_4"
"SERPINB3",0,0,3.19860632249998,"0_of_4"
"RASGRP4",0,0,3.19446315695214,"0_of_4"
"MYBPH",0,0,3.19118462691851,"0_of_4"
"AC005520.3",0,0,3.17633810797346,"0_of_4"
"RNF111",0,0,3.17243508999792,"0_of_4"
"IER3IP1",0,0,3.16164156843418,"0_of_4"
"KRTDAP",0,0,3.1569456996612,"0_of_4"
"P2RY11",0,0,3.15054677354848,"0_of_4"
"MYPOP",0,0,3.14296287005355,"0_of_4"
"CEMP1",0,0,3.11807124932484,"0_of_4"
"MBLAC1",0,0,3.11477222979298,"0_of_4"
"FCN1",0,0,3.10008800975125,"0_of_4"
"AC011455.2",0,0,3.09363918402576,"0_of_4"
"CTXND1",0,0,3.08886358195007,"0_of_4"
"CRNKL1",0,0,3.08297218344065,"0_of_4"
"FGF23",0,0,3.07597979820914,"0_of_4"
"GBF1",0,0,3.06141100645743,"0_of_4"
"ZNF662",0,0,3.04844261925107,"0_of_4"
"HS6ST3",0,0,3.04442298246674,"0_of_4"
"CACNA1E",0,0,3.04279561187588,"0_of_4"
"TAS2R20",0,0,3.03209515483874,"0_of_4"
"CMC4",0,0,3.01959450309132,"0_of_4"
"AC048338.1",0,0,3.01287633848714,"0_of_4"
"CBY2",0,0,3.0126894307828,"0_of_4"
"AC006486.1",0,0,3.00963826243858,"0_of_4"
"NHLRC4",0,0,3.00607780310769,"0_of_4"
"SLC13A4",0,0,2.99901621556615,"0_of_4"
"ALDH1B1",0,0,2.98772104012691,"0_of_4"
"CMTM1",0,0,2.98619844585775,"0_of_4"
"GOLGA4",0,0,2.98361433650098,"0_of_4"
"ANKHD1",0,0,2.98291057530892,"0_of_4"
"HSD3B2",0,0,2.9531604734071,"0_of_4"
"COG2",0,0,2.94042539807892,"0_of_4"
"CNOT4",0,0,2.93992669802326,"0_of_4"
"KIAA0895L",0,0,2.93835551148883,"0_of_4"
"LRRK2",0,0,2.92739981403879,"0_of_4"
"ELOVL2",0,0,2.92118800517725,"0_of_4"
"CYP3A7",0,0,2.91754923606888,"0_of_4"
"SLC44A4",0,0,2.91291776606126,"0_of_4"
"IL12B",0,0,2.90821068681367,"0_of_4"
"PPP1R1B",0,0,2.89974529305141,"0_of_4"
"PLA2G2C",0,0,2.89756358761531,"0_of_4"
"BBIP1",0,0,2.88306076838091,"0_of_4"
"GOLGA8H",0,0,2.87915859373398,"0_of_4"
"AC099811.2",0,0,2.87796549292315,"0_of_4"
"SSH2",0,0,2.87771256777028,"0_of_4"
"ARL13A",0,0,2.84805677297504,"0_of_4"
"NOSTRIN",0,0,2.84183222057924,"0_of_4"
"MSR1",0,0,2.83758823760269,"0_of_4"
"GPALPP1",0,0,2.83033197372706,"0_of_4"
"P2RX2",0,0,2.82372654172937,"0_of_4"
"CNDP1",0,0,2.82222344750693,"0_of_4"
"CLDN5",0,0,2.81881379513462,"0_of_4"
"APELA",0,0,2.81220564511836,"0_of_4"
"RPL36A.HNRNPH2",0,0,2.80745288860535,"0_of_4"
"TMEM239",0,0,2.79521484746813,"0_of_4"
"SLC1A7",0,0,2.7927422823856,"0_of_4"
"AC135050.2",0,0,2.79069994314,"0_of_4"
"AL135905.2",0,0,2.78670110879803,"0_of_4"
"NAP1L3",0,0,2.77127562747918,"0_of_4"
"NDUFC2.KCTD14",0,0,2.76956747597273,"0_of_4"
"EIF4E2",0,0,2.76519554923737,"0_of_4"
"AC008758.6",0,0,2.76218366142083,"0_of_4"
"LILRB5",0,0,2.7605890649098,"0_of_4"
"AL121845.2",0,0,2.7583988463361,"0_of_4"
"ADCY1",0,0,2.75200591989901,"0_of_4"
"NUDT13",0,0,2.74963626843491,"0_of_4"
"NUDT7",0,0,2.73825594619746,"0_of_4"
"SLC31A1",0,0,2.73068127532202,"0_of_4"
"BPTF",0,0,2.72946411344119,"0_of_4"
"AC231657.3",0,0,2.72936447150839,"0_of_4"
"AC011005.1",0,0,2.7222276341744,"0_of_4"
"CDH26",0,0,2.71852501869237,"0_of_4"
"KLLN",0,0,2.7086000287614,"0_of_4"
"MPC1",0,0,2.70855541836655,"0_of_4"
"GPR62",0,0,2.70401958348318,"0_of_4"
"ADNP2",0,0,2.70328670557957,"0_of_4"
"HS3ST3A1",0,0,2.7017732041015,"0_of_4"
"RPL3L",0,0,2.69147718097607,"0_of_4"
"ZFP30",0,0,2.68600736633033,"0_of_4"
"ZNF366",0,0,2.6847268471031,"0_of_4"
"PPM1A",0,0,2.68454457109855,"0_of_4"
"IL19",0,0,2.68404343179618,"0_of_4"
"MCPH1",0,0,2.67450839649079,"0_of_4"
"ATOH7",0,0,2.67044546152249,"0_of_4"
"AC010132.3",0,0,2.66889656980042,"0_of_4"
"SLC38A9",0,0,2.66641538464258,"0_of_4"
"RAB3C",0,0,2.66324157793985,"0_of_4"
"CD5",0,0,2.656820584314,"0_of_4"
"IKZF5",0,0,2.64819526058735,"0_of_4"
"ZNF385D",0,0,2.64315031193176,"0_of_4"
"C5orf49",0,0,2.63914815275128,"0_of_4"
"FOXJ3",0,0,2.63190887919835,"0_of_4"
"BHLHA15",0,0,2.62924807227717,"0_of_4"
"AL157392.5",0,0,2.62298590913602,"0_of_4"
"SNX4",0,0,2.61656171720958,"0_of_4"
"ARHGEF15",0,0,2.61343779482768,"0_of_4"
"CLK2",0,0,2.60690849663916,"0_of_4"
"ETS2",0,0,2.6042058583531,"0_of_4"
"DUSP18",0,0,2.59979377683887,"0_of_4"
"LILRA6",0,0,2.59855819980658,"0_of_4"
"ANO3",0,0,2.59764648647311,"0_of_4"
"BCL2L2.PABPN1",0,0,2.59535220259462,"0_of_4"
"TMED6",0,0,2.59483352375778,"0_of_4"
"MAB21L3",0,0,2.58912386204927,"0_of_4"
"FXYD7",0,0,2.58791247820694,"0_of_4"
"CCDC3",0,0,2.58184401117673,"0_of_4"
"GNB1",0,0,2.57884738828955,"0_of_4"
"GNA11",0,0,2.57717565609545,"0_of_4"
"SLC6A17",0,0,2.57576982671595,"0_of_4"
"CISD2",0,0,2.56868336394762,"0_of_4"
"PRPF18",0,0,2.55743292214617,"0_of_4"
"KCNJ8",0,0,2.55169701145374,"0_of_4"
"BEST3",0,0,2.54306416151951,"0_of_4"
"SPATA21",0,0,2.54130131199575,"0_of_4"
"ACAD11",0,0,2.53565459076871,"0_of_4"
"GRPR",0,0,2.53279226997575,"0_of_4"
"INHBC",0,0,2.53058276365073,"0_of_4"
"TRMT13",0,0,2.52725908890741,"0_of_4"
"USP26",0,0,2.52280621129652,"0_of_4"
"DNAJB7",0,0,2.51997822259123,"0_of_4"
"EEF1E1.BLOC1S5",0,0,2.51042551163102,"0_of_4"
"RPRML",0,0,2.50815584763767,"0_of_4"
"EXOC6B",0,0,2.50359178971213,"0_of_4"
"AL049650.2",0,0,2.50257596695344,"0_of_4"
"BNIP2",0,0,2.50083780532926,"0_of_4"
"FAM13C",0,0,2.49254841319506,"0_of_4"
"LAIR1",0,0,2.4914807657876,"0_of_4"
"C1GALT1",0,0,2.48895646503835,"0_of_4"
"CHL1",0,0,2.48690704541966,"0_of_4"
"MTTP",0,0,2.48252728283746,"0_of_4"
"TDP2",0,0,2.47693034892417,"0_of_4"
"NPIPB5",0,0,2.4745912659855,"0_of_4"
"KISS1R",0,0,2.47224025956423,"0_of_4"
"ANKRD20A1",0,0,2.47101295508283,"0_of_4"
"CCSAP",0,0,2.46075806389485,"0_of_4"
"CHIT1",0,0,2.45956849797656,"0_of_4"
"ZNF423",0,0,2.45911679826918,"0_of_4"
"MED13",0,0,2.45046801412925,"0_of_4"
"TRMT2A",0,0,2.44637184538169,"0_of_4"
"CDK16",0,0,2.44631280985617,"0_of_4"
"ABCF1",0,0,2.44543788206831,"0_of_4"
"NOMO2",0,0,2.44291620923844,"0_of_4"
"ZBP1",0,0,2.4369443088136,"0_of_4"
"SPN",0,0,2.43662728670279,"0_of_4"
"KISS1",0,0,2.41986008064687,"0_of_4"
"ODF3L2",0,0,2.41736830531523,"0_of_4"
"SCML2",0,0,2.41534213232082,"0_of_4"
"RAMAC",0,0,2.41517254556549,"0_of_4"
"UBE2Q1",0,0,2.41341553250846,"0_of_4"
"AC018523.2",0,0,2.4131426676031,"0_of_4"
"MOGS",0,0,2.40905069548469,"0_of_4"
"HLA.DRA",0,0,2.40420011879466,"0_of_4"
"CLRN3",0,0,2.40285612763779,"0_of_4"
"MAFA",0,0,2.40248030322793,"0_of_4"
"APOBEC1",0,0,2.40002959467936,"0_of_4"
"FSD2",0,0,2.39900242133574,"0_of_4"
"DEFB131B",0,0,2.39723208942672,"0_of_4"
"CCDC77",0,0,2.39000928094028,"0_of_4"
"HSBP1L1",0,0,2.38842963426439,"0_of_4"
"FAM104A",0,0,2.38642036358181,"0_of_4"
"PMF1.BGLAP",0,0,2.38512985587072,"0_of_4"
"SPRY1",0,0,2.38444395625484,"0_of_4"
"ZNF41",0,0,2.38332642425561,"0_of_4"
"OLFM1",0,0,2.38037085240579,"0_of_4"
"FNDC5",0,0,2.37677379799305,"0_of_4"
"ABHD14A.ACY1",0,0,2.36710091738921,"0_of_4"
"NAA11",0,0,2.36500936049909,"0_of_4"
"NDUFA4L2",0,0,2.35993963695874,"0_of_4"
"PYROXD1",0,0,2.35913093475194,"0_of_4"
"MOGAT3",0,0,2.35808740824447,"0_of_4"
"ATP12A",0,0,2.35447434817902,"0_of_4"
"CAPN10",0,0,2.34354749818304,"0_of_4"
"ASAH2B",0,0,2.34323459790133,"0_of_4"
"MAK",0,0,2.34160399780585,"0_of_4"
"SERPINB9",0,0,2.33609076490461,"0_of_4"
"KDELR1",0,0,2.33414885892605,"0_of_4"
"RBAK.RBAKDN",0,0,2.33234264657927,"0_of_4"
"GP1BB",0,0,2.32944278610623,"0_of_4"
"ASB14",0,0,2.32134310020358,"0_of_4"
"CDH17",0,0,2.31960288721975,"0_of_4"
"TMSB4X",0,0,2.31018725297131,"0_of_4"
"GZMM",0,0,2.30760173131089,"0_of_4"
"CRYZL1",0,0,2.30473471033915,"0_of_4"
"CTNNA2",0,0,2.30437402089676,"0_of_4"
"COX6B1",0,0,2.30370887234073,"0_of_4"
"AC106886.6",0,0,2.30249310826209,"0_of_4"
"SCUBE1",0,0,2.2995095238057,"0_of_4"
"AC244197.3",0,0,2.28456749172109,"0_of_4"
"TMEM61",0,0,2.28404922088072,"0_of_4"
"MAGEA8",0,0,2.28204624406379,"0_of_4"
"NR2C1",0,0,2.28123837487369,"0_of_4"
"ZFY",0,0,2.27888101891242,"0_of_4"
"ASB8",0,0,2.27863572009819,"0_of_4"
"IQSEC2",0,0,2.27792991025049,"0_of_4"
"PIWIL2",0,0,2.27461893116539,"0_of_4"
"RNF31",0,0,2.27310620399145,"0_of_4"
"FP565260.6",0,0,2.26926177307459,"0_of_4"
"GRM7",0,0,2.26711069729477,"0_of_4"
"ST7",0,0,2.26461251402179,"0_of_4"
"KANTR",0,0,2.2621535335904,"0_of_4"
"APLF",0,0,2.25775777060419,"0_of_4"
"DMWD",0,0,2.25117474535799,"0_of_4"
"WTAP",0,0,2.25089710859548,"0_of_4"
"MIER3",0,0,2.24828245154925,"0_of_4"
"ALG5",0,0,2.24733505602401,"0_of_4"
"CDH9",0,0,2.24728865376546,"0_of_4"
"MAML3",0,0,2.24142330196713,"0_of_4"
"PLA2G4E",0,0,2.24065277408086,"0_of_4"
"AC090004.1",0,0,2.23753386635843,"0_of_4"
"MFSD2B",0,0,2.23724640551949,"0_of_4"
"ZNF778",0,0,2.23720160542885,"0_of_4"
"ELMO1",0,0,2.23475807043107,"0_of_4"
"MFSD3",0,0,2.23417402856746,"0_of_4"
"AC022826.2",0,0,2.23382927530136,"0_of_4"
"LUZP6",0,0,2.23066314478783,"0_of_4"
"TRAPPC12",0,0,2.22677044573916,"0_of_4"
"MEIOC",0,0,2.22358627518522,"0_of_4"
"OR2B6",0,0,2.21767223957339,"0_of_4"
"SND1",0,0,2.21641790106446,"0_of_4"
"RRBP1",0,0,2.2154948885291,"0_of_4"
"WDR1",0,0,2.21528228325161,"0_of_4"
"BID",0,0,2.21286605011635,"0_of_4"
"STAR",0,0,2.21236977306424,"0_of_4"
"CCDC93",0,0,2.21084452896435,"0_of_4"
"ZNF200",0,0,2.20162028078937,"0_of_4"
"BRAF",0,0,2.2009626761662,"0_of_4"
"MTA3",0,0,2.19417578107632,"0_of_4"
"MPP4",0,0,2.19360274873686,"0_of_4"
"REXO4",0,0,2.1896347306306,"0_of_4"
"ABCB4",0,0,2.18750583451863,"0_of_4"
"TMTC1",0,0,2.18283322755943,"0_of_4"
"AGGF1",0,0,2.18127181620117,"0_of_4"
"RAB2A",0,0,2.18027610406756,"0_of_4"
"AC120114.4",0,0,2.17341023260166,"0_of_4"
"COL2A1",0,0,2.17305108476845,"0_of_4"
"SON",0,0,2.17298091686249,"0_of_4"
"YTHDF2",0,0,2.17289892778486,"0_of_4"
"RNASE7",0,0,2.17078595034257,"0_of_4"
"ICAM2",0,0,2.17029315237578,"0_of_4"
"CXorf40A",0,0,2.16667302394076,"0_of_4"
"TRMO",0,0,2.16479566908671,"0_of_4"
"SLC26A5",0,0,2.16323788457366,"0_of_4"
"NOSIP",0,0,2.16192869511182,"0_of_4"
"KCNJ14",0,0,2.16127421315345,"0_of_4"
"PPP1R14A",0,0,2.15914536155358,"0_of_4"
"HVCN1",0,0,2.15832698066059,"0_of_4"
"CIAO3",0,0,2.1538282140339,"0_of_4"
"EDRF1",0,0,2.15373605527846,"0_of_4"
"MFSD9",0,0,2.1515137936161,"0_of_4"
"CXXC4",0,0,2.1508199200551,"0_of_4"
"RNF220",0,0,2.14725367602929,"0_of_4"
"SOAT2",0,0,2.14725008748141,"0_of_4"
"CNEP1R1",0,0,2.14511856296822,"0_of_4"
"CFTR",0,0,2.14509684697341,"0_of_4"
"TMEM236",0,0,2.14484461297653,"0_of_4"
"PIGR",0,0,2.14399069201395,"0_of_4"
"ECT2L",0,0,2.13585506103942,"0_of_4"
"AC004556.3",0,0,2.1333230185807,"0_of_4"
"KLB",0,0,2.13270068588609,"0_of_4"
"ERCC6L2",0,0,2.12952123218761,"0_of_4"
"XPO1",0,0,2.12653193526752,"0_of_4"
"CGB1",0,0,2.12288671876233,"0_of_4"
"SLC5A10",0,0,2.11355247509468,"0_of_4"
"PTPRN",0,0,2.11020297632732,"0_of_4"
"CTAGE9",0,0,2.10643432917361,"0_of_4"
"FDX2",0,0,2.10622109456299,"0_of_4"
"PTPN23",0,0,2.09665321908914,"0_of_4"
"PCNX3",0,0,2.09530187017536,"0_of_4"
"FCSK",0,0,2.09356138341721,"0_of_4"
"BRINP2",0,0,2.09339389926511,"0_of_4"
"ISG15",0,0,2.09298443686536,"0_of_4"
"CCDC116",0,0,2.09090200075326,"0_of_4"
"ZNF26",0,0,2.09041045524929,"0_of_4"
"KCNG4",0,0,2.08876699951401,"0_of_4"
"SEPHS2",0,0,2.08379519205327,"0_of_4"
"CETP",0,0,2.08042420111408,"0_of_4"
"ZC3H12D",0,0,2.07908931533935,"0_of_4"
"FAM161A",0,0,2.07812618459387,"0_of_4"
"TFIP11",0,0,2.07750041894319,"0_of_4"
"CRB1",0,0,2.07694620642005,"0_of_4"
"SAMD15",0,0,2.07534355024794,"0_of_4"
"BTBD2",0,0,2.07454116127716,"0_of_4"
"GCM1",0,0,2.07347018656366,"0_of_4"
"TOMM20L",0,0,2.07102967730881,"0_of_4"
"ZNF891",0,0,2.06857822933341,"0_of_4"
"PIGN",0,0,2.06682050282318,"0_of_4"
"ZNF510",0,0,2.06134327137801,"0_of_4"
"AC010422.3",0,0,2.05758308985277,"0_of_4"
"CLEC16A",0,0,2.05243913204982,"0_of_4"
"POLR2M",0,0,2.051410881808,"0_of_4"
"TPH1",0,0,2.05098923157767,"0_of_4"
"CMBL",0,0,2.05082171386345,"0_of_4"
"ARSL",0,0,2.04445033411312,"0_of_4"
"M6PR",0,0,2.04373925384569,"0_of_4"
"RFX2",0,0,2.04071837337741,"0_of_4"
"ESCO1",0,0,2.03626064002999,"0_of_4"
"UVRAG",0,0,2.03581428236487,"0_of_4"
"IRX2",0,0,2.03253859651463,"0_of_4"
"NMU",0,0,2.02544832241032,"0_of_4"
"KLRK1",0,0,2.02273641984841,"0_of_4"
"DCAKD",0,0,2.01832143655199,"0_of_4"
"SMIM31",0,0,2.01600750010086,"0_of_4"
"LRRC66",0,0,2.01554239394025,"0_of_4"
"BLOC1S5.TXNDC5",0,0,2.01333086287182,"0_of_4"
"CACUL1",0,0,2.01285850482323,"0_of_4"
"GABPB2",0,0,2.00980901747685,"0_of_4"
"PIGY",0,0,2.00788772364941,"0_of_4"
"OMG",0,0,2.00766478022881,"0_of_4"
"C17orf64",0,0,2.00669854277954,"0_of_4"
"H2AC17",0,0,2.00462012100004,"0_of_4"
"B3GAT1",0,0,2.00444217168531,"0_of_4"
"SPEN",0,0,2.00377544456201,"0_of_4"
"CLOCK",0,0,2.00358141677741,"0_of_4"
"GRAP",0,0,1.99857785054433,"0_of_4"
"SNIP1",0,0,1.99408842638275,"0_of_4"
"RSPH9",0,0,1.99340808933412,"0_of_4"
"TAS1R1",0,0,1.99160347746444,"0_of_4"
"MED26",0,0,1.99103049110594,"0_of_4"
"VIRMA",0,0,1.98761334741724,"0_of_4"
"DPH7",0,0,1.98480801063497,"0_of_4"
"GABRG3",0,0,1.98468341331655,"0_of_4"
"FRG1",0,0,1.98422398967675,"0_of_4"
"PTPN4",0,0,1.98377843958256,"0_of_4"
"ZFP90",0,0,1.9824762939901,"0_of_4"
"ACTN2",0,0,1.98116053736761,"0_of_4"
"AC004997.1",0,0,1.9784483613232,"0_of_4"
"ZNF135",0,0,1.9716690779061,"0_of_4"
"MMP10",0,0,1.96993135096698,"0_of_4"
"RWDD2B",0,0,1.96827255816401,"0_of_4"
"ABCA7",0,0,1.96457791456994,"0_of_4"
"FER",0,0,1.96427155775517,"0_of_4"
"SAMHD1",0,0,1.96221158189552,"0_of_4"
"CDKN2AIP",0,0,1.95971946904862,"0_of_4"
"GNG10",0,0,1.95896464938493,"0_of_4"
"AL132780.3",0,0,1.95842219508787,"0_of_4"
"GDA",0,0,1.95523262770579,"0_of_4"
"ATP6V1D",0,0,1.9526535309571,"0_of_4"
"CA6",0,0,1.95149236286238,"0_of_4"
"COL6A6",0,0,1.95137285923452,"0_of_4"
"CDYL",0,0,1.95008639350771,"0_of_4"
"JMJD7",0,0,1.94808026726614,"0_of_4"
"SRCAP",0,0,1.94510087525498,"0_of_4"
"PET117",0,0,1.94361198114747,"0_of_4"
"ZDHHC13",0,0,1.9414288427504,"0_of_4"
"PTCHD4",0,0,1.93945330063493,"0_of_4"
"CPXM2",0,0,1.93888994371426,"0_of_4"
"AC092143.1",0,0,1.93875239541076,"0_of_4"
"DCAF8L2",0,0,1.93783048209097,"0_of_4"
"AC020922.1",0,0,1.93363189778371,"0_of_4"
"SETD9",0,0,1.93279005966395,"0_of_4"
"CR1",0,0,1.93089384953159,"0_of_4"
"ZNF717",0,0,1.9301733711733,"0_of_4"
"EIF1B",0,0,1.92942813010029,"0_of_4"
"PLEKHB2",0,0,1.92860594788922,"0_of_4"
"TGFB1",0,0,1.92589598033832,"0_of_4"
"PRMT8",0,0,1.92388640057745,"0_of_4"
"MASP1",0,0,1.92264230762318,"0_of_4"
"TANGO2",0,0,1.91846406427289,"0_of_4"
"POT1",0,0,1.91763245092724,"0_of_4"
"TATDN2",0,0,1.91510031903146,"0_of_4"
"SERPINA4",0,0,1.91432789113268,"0_of_4"
"DND1",0,0,1.91341073579645,"0_of_4"
"POLR2J2",0,0,1.90914232191067,"0_of_4"
"STX16.NPEPL1",0,0,1.90909383197366,"0_of_4"
"SCAP",0,0,1.90538868488516,"0_of_4"
"CCR4",0,0,1.90372596856752,"0_of_4"
"CIZ1",0,0,1.90279610701172,"0_of_4"
"PTPRD",0,0,1.90210263743526,"0_of_4"
"DCT",0,0,1.8995594789811,"0_of_4"
"C1QTNF9B",0,0,1.89892813632391,"0_of_4"
"ZNF24",0,0,1.89867786216031,"0_of_4"
"TXNDC2",0,0,1.89860203663709,"0_of_4"
"TLR5",0,0,1.89798603142897,"0_of_4"
"NDUFA2",0,0,1.89708936874492,"0_of_4"
"SETD6",0,0,1.89298167906186,"0_of_4"
"PRH1",0,0,1.89273650260967,"0_of_4"
"GPR182",0,0,1.89226446624441,"0_of_4"
"ZNF17",0,0,1.8911532336649,"0_of_4"
"CCDC173",0,0,1.89102668432086,"0_of_4"
"IYD",0,0,1.88952461262138,"0_of_4"
"EGR3",0,0,1.88868248286241,"0_of_4"
"SLC22A1",0,0,1.88627786156178,"0_of_4"
"SFXN2",0,0,1.88104040714584,"0_of_4"
"SYCE3",0,0,1.87891992204587,"0_of_4"
"IL33",0,0,1.87709006523641,"0_of_4"
"HSPB1",0,0,1.87645659645292,"0_of_4"
"SDE2",0,0,1.87395301913764,"0_of_4"
"NWD2",0,0,1.87290872815255,"0_of_4"
"PRDM16",0,0,1.87265916505291,"0_of_4"
"GLIPR1L2",0,0,1.87206169499354,"0_of_4"
"DET1",0,0,1.87134490715517,"0_of_4"
"IMMP2L",0,0,1.86855762193277,"0_of_4"
"KMT2D",0,0,1.8670037998178,"0_of_4"
"MLLT10",0,0,1.86694947070585,"0_of_4"
"TMEM132B",0,0,1.8665284595201,"0_of_4"
"TMEM19",0,0,1.86592182603904,"0_of_4"
"USHBP1",0,0,1.8646865305497,"0_of_4"
"TMEM237",0,0,1.86136580301295,"0_of_4"
"OR1F1",0,0,1.85931462592628,"0_of_4"
"SERPINB4",0,0,1.85827207270211,"0_of_4"
"ATN1",0,0,1.85715444838948,"0_of_4"
"SLC52A2",0,0,1.8565910175268,"0_of_4"
"NARS1",0,0,1.85625852983488,"0_of_4"
"BEST2",0,0,1.85606045946628,"0_of_4"
"CXorf56",0,0,1.85328675512737,"0_of_4"
"PHACTR4",0,0,1.85237086954733,"0_of_4"
"WHAMM",0,0,1.85235888854122,"0_of_4"
"PDCD1",0,0,1.85212235035108,"0_of_4"
"SMCO2",0,0,1.84607895416957,"0_of_4"
"CHRNE",0,0,1.84334680619556,"0_of_4"
"RUNX1T1",0,0,1.84023288606738,"0_of_4"
"TFF1",0,0,1.83920621660096,"0_of_4"
"OTUD7A",0,0,1.8379327355806,"0_of_4"
"PEX5",0,0,1.83722341362116,"0_of_4"
"EMC3",0,0,1.83699624956837,"0_of_4"
"NIPSNAP2",0,0,1.83499177190681,"0_of_4"
"ZNF723",0,0,1.83182050336531,"0_of_4"
"PIH1D2",0,0,1.82831190889887,"0_of_4"
"AL035078.4",0,0,1.8234718632186,"0_of_4"
"TOMM7",0,0,1.82144914108945,"0_of_4"
"FBXO33",0,0,1.81875016927852,"0_of_4"
"ZFYVE27",0,0,1.81855083854006,"0_of_4"
"BTBD10",0,0,1.81845242262918,"0_of_4"
"PAEP",0,0,1.81691609005422,"0_of_4"
"SHPRH",0,0,1.81620455246237,"0_of_4"
"ASXL1",0,0,1.81588279370605,"0_of_4"
"SHOC2",0,0,1.81570879900743,"0_of_4"
"PGBD2",0,0,1.8152705517867,"0_of_4"
"PTOV1",0,0,1.81488485778972,"0_of_4"
"SLC25A48",0,0,1.81454627387221,"0_of_4"
"OPRM1",0,0,1.81276673923126,"0_of_4"
"GPS2",0,0,1.81210500261797,"0_of_4"
"ATP8B4",0,0,1.81153258886478,"0_of_4"
"UBE2E1",0,0,1.80765563448678,"0_of_4"
"CCDC8",0,0,1.80762725812252,"0_of_4"
"INO80D",0,0,1.8045994293419,"0_of_4"
"FCMR",0,0,1.80290063751929,"0_of_4"
"ZDHHC16",0,0,1.80135330393261,"0_of_4"
"PLIN4",0,0,1.79978716184769,"0_of_4"
"RUNX1",0,0,1.79855128124781,"0_of_4"
"KIF1C",0,0,1.79385106578435,"0_of_4"
"STAT4",0,0,1.7935330035939,"0_of_4"
"WDR83",0,0,1.79270062774859,"0_of_4"
"MAML1",0,0,1.79239464537402,"0_of_4"
"SLC16A11",0,0,1.79173814896358,"0_of_4"
"AC053503.6",0,0,1.79072563540085,"0_of_4"
"BNC1",0,0,1.79047787988268,"0_of_4"
"FUNDC2",0,0,1.79027892560638,"0_of_4"
"PAX2",0,0,1.78862291826637,"0_of_4"
"CDK11A",0,0,1.78797777981449,"0_of_4"
"SRRM4",0,0,1.78442882618647,"0_of_4"
"CCDC184",0,0,1.78373244956027,"0_of_4"
"TMEM108",0,0,1.78331855743888,"0_of_4"
"FAM200A",0,0,1.78262344495969,"0_of_4"
"CEP19",0,0,1.78260717191191,"0_of_4"
"CEP63",0,0,1.78139263951176,"0_of_4"
"LIPA",0,0,1.77878748110569,"0_of_4"
"TNFRSF13C",0,0,1.77699789535871,"0_of_4"
"PHKG1",0,0,1.77574937429686,"0_of_4"
"HAPLN4",0,0,1.77059098264474,"0_of_4"
"DEPDC5",0,0,1.77006119077879,"0_of_4"
"SRR",0,0,1.7680670313374,"0_of_4"
"SEC61A2",0,0,1.7672771017776,"0_of_4"
"RAB11A",0,0,1.76576379237323,"0_of_4"
"MAP4K1",0,0,1.76430413577389,"0_of_4"
"TIGIT",0,0,1.76370444459324,"0_of_4"
"SLC10A3",0,0,1.7626760338248,"0_of_4"
"PHF13",0,0,1.76267253698528,"0_of_4"
"ZNF35",0,0,1.75857595018781,"0_of_4"
"ADAMTSL2",0,0,1.75597462568691,"0_of_4"
"HSF2",0,0,1.75530483078495,"0_of_4"
"TSPAN4",0,0,1.75514166430315,"0_of_4"
"UNC119B",0,0,1.7549421801132,"0_of_4"
"YOD1",0,0,1.75409860861856,"0_of_4"
"HSCB",0,0,1.74834823997852,"0_of_4"
"SRRM2",0,0,1.74617638131031,"0_of_4"
"C4BPA",0,0,1.74616655502549,"0_of_4"
"FCAR",0,0,1.74533933462174,"0_of_4"
"AC026464.3",0,0,1.74445925971957,"0_of_4"
"FAM156B",0,0,1.74100987756713,"0_of_4"
"TGM4",0,0,1.74025571737016,"0_of_4"
"COL5A3",0,0,1.74008816503054,"0_of_4"
"ANXA10",0,0,1.73956227935513,"0_of_4"
"DMBT1",0,0,1.73852990223398,"0_of_4"
"MFSD14A",0,0,1.73055725840193,"0_of_4"
"LYG1",0,0,1.72959522169619,"0_of_4"
"MTO1",0,0,1.72802033784346,"0_of_4"
"HNRNPLL",0,0,1.726698552337,"0_of_4"
"ZRSR2",0,0,1.72567445032452,"0_of_4"
"FBXO36",0,0,1.72544490740791,"0_of_4"
"TRIM13",0,0,1.72531875629684,"0_of_4"
"AGAP5",0,0,1.72490270590854,"0_of_4"
"SERPINE3",0,0,1.72486121416578,"0_of_4"
"ANKRD30B",0,0,1.7220410721538,"0_of_4"
"PTGIR",0,0,1.72200651328454,"0_of_4"
"MSL1",0,0,1.72145074704923,"0_of_4"
"TCEANC2",0,0,1.71910970297101,"0_of_4"
"LRRC43",0,0,1.71785831441651,"0_of_4"
"ZNF534",0,0,1.71766001714943,"0_of_4"
"GOLGA6L6",0,0,1.71764537842421,"0_of_4"
"ZSCAN29",0,0,1.71588131842091,"0_of_4"
"MKKS",0,0,1.71512848260137,"0_of_4"
"SHD",0,0,1.71143960954441,"0_of_4"
"SPIRE1",0,0,1.71096761785481,"0_of_4"
"EIF4G3",0,0,1.7086894473395,"0_of_4"
"COLEC10",0,0,1.70692897369642,"0_of_4"
"UBTD2",0,0,1.70528188461111,"0_of_4"
"CNOT2",0,0,1.7051748619034,"0_of_4"
"ACTR6",0,0,1.70397572336759,"0_of_4"
"COA5",0,0,1.700872951213,"0_of_4"
"H3.3A",0,0,1.70029576465708,"0_of_4"
"TCTN2",0,0,1.69864673235206,"0_of_4"
"CFAP299",0,0,1.69803206303287,"0_of_4"
"TMPRSS15",0,0,1.69776619073273,"0_of_4"
"FOXP3",0,0,1.69608026837394,"0_of_4"
"MMP3",0,0,1.69578646063719,"0_of_4"
"PRSS21",0,0,1.6956942735613,"0_of_4"
"TTC12",0,0,1.69554927141803,"0_of_4"
"NPIPA8",0,0,1.69435630324194,"0_of_4"
"AP3D1",0,0,1.69397459704626,"0_of_4"
"TUBA4B",0,0,1.69322878062119,"0_of_4"
"FAM217A",0,0,1.68969720968769,"0_of_4"
"SDHAF2",0,0,1.68963952351553,"0_of_4"
"HRH2",0,0,1.68795218661432,"0_of_4"
"INSYN2A",0,0,1.68529165724716,"0_of_4"
"NEUROD2",0,0,1.68487846728152,"0_of_4"
"ACIN1",0,0,1.68446564654289,"0_of_4"
"PDE6C",0,0,1.68265443761276,"0_of_4"
"CCZ1",0,0,1.6809677913669,"0_of_4"
"EFS",0,0,1.67974246079036,"0_of_4"
"DALRD3",0,0,1.679295466057,"0_of_4"
"OTOA",0,0,1.67922662988268,"0_of_4"
"AC025165.3",0,0,1.6791433955904,"0_of_4"
"FCN3",0,0,1.67841718924534,"0_of_4"
"FAM153B",0,0,1.67680168488299,"0_of_4"
"SOCS4",0,0,1.6765481732506,"0_of_4"
"EFR3A",0,0,1.67505981765193,"0_of_4"
"RFX4",0,0,1.67505211428138,"0_of_4"
"BECN1",0,0,1.6743150982456,"0_of_4"
"AC090517.4",0,0,1.6716069193352,"0_of_4"
"NEU4",0,0,1.67107523821042,"0_of_4"
"LRRC7",0,0,1.67064654376727,"0_of_4"
"LMNTD1",0,0,1.66990298490286,"0_of_4"
"AK8",0,0,1.6693137434072,"0_of_4"
"GPR183",0,0,1.66910644876493,"0_of_4"
"ZBTB7A",0,0,1.66857124118717,"0_of_4"
"SLC1A2",0,0,1.66775660235299,"0_of_4"
"BORCS8",0,0,1.66742803453019,"0_of_4"
"CIDEB",0,0,1.66713394567643,"0_of_4"
"P2RX5.TAX1BP3",0,0,1.66509028612007,"0_of_4"
"MLEC",0,0,1.66372813051529,"0_of_4"
"MAGI3",0,0,1.66079195100601,"0_of_4"
"ZBTB17",0,0,1.65965296557999,"0_of_4"
"AVL9",0,0,1.65958701315882,"0_of_4"
"RAPGEF6",0,0,1.65754051561975,"0_of_4"
"SGPP1",0,0,1.65749360907564,"0_of_4"
"IL36G",0,0,1.65610623864987,"0_of_4"
"SETD4",0,0,1.65434746120768,"0_of_4"
"DCTN1",0,0,1.65223776130751,"0_of_4"
"SMIM26",0,0,1.65150565639739,"0_of_4"
"SEPTIN2",0,0,1.65133630759479,"0_of_4"
"FXR2",0,0,1.65124798054588,"0_of_4"
"RAB40C",0,0,1.65035096279978,"0_of_4"
"AC011511.1",0,0,1.65018505021686,"0_of_4"
"TMEM151B",0,0,1.64988113746197,"0_of_4"
"ODF3L1",0,0,1.64897679392016,"0_of_4"
"ZCCHC10",0,0,1.6483085368529,"0_of_4"
"WDR7",0,0,1.64762129830438,"0_of_4"
"ISY1.RAB43",0,0,1.64689478630633,"0_of_4"
"SUN2",0,0,1.64664939410986,"0_of_4"
"AQP6",0,0,1.64187751399734,"0_of_4"
"TPGS2",0,0,1.6403338534711,"0_of_4"
"ZNF850",0,0,1.63969617795233,"0_of_4"
"BTG4",0,0,1.63739149470368,"0_of_4"
"VPS33A",0,0,1.63583838047398,"0_of_4"
"ADH1C",0,0,1.6357389867524,"0_of_4"
"LASP1",0,0,1.63435019658807,"0_of_4"
"LEMD3",0,0,1.63415106348549,"0_of_4"
"RASL10A",0,0,1.63283844208121,"0_of_4"
"ARL8B",0,0,1.6312694804996,"0_of_4"
"BRPF3",0,0,1.63088483502122,"0_of_4"
"STRN4",0,0,1.63033842475577,"0_of_4"
"ROMO1",0,0,1.62983872885582,"0_of_4"
"AMN1",0,0,1.62799978250193,"0_of_4"
"KCNH7",0,0,1.62762194685013,"0_of_4"
"ZNF419",0,0,1.62208117490455,"0_of_4"
"GUCA2B",0,0,1.62099054480755,"0_of_4"
"GCLC",0,0,1.61933472282109,"0_of_4"
"TUBE1",0,0,1.61674449284847,"0_of_4"
"TAC4",0,0,1.61509504734402,"0_of_4"
"TEX35",0,0,1.61444051032257,"0_of_4"
"NDUFV3",0,0,1.61301518262823,"0_of_4"
"AC011043.3",0,0,1.61281427437708,"0_of_4"
"ARMCX5",0,0,1.61085047209397,"0_of_4"
"DYNLRB2",0,0,1.60998570743095,"0_of_4"
"FTO",0,0,1.60900106155642,"0_of_4"
"SFTPB",0,0,1.60794543119524,"0_of_4"
"PRRC2C",0,0,1.60627635670612,"0_of_4"
"PDIA2",0,0,1.6030707543735,"0_of_4"
"SMIM7",0,0,1.60234702885244,"0_of_4"
"PRDX5",0,0,1.60147372639434,"0_of_4"
"GOLGA8O",0,0,1.60059615389418,"0_of_4"
"GOLGA8J",0,0,1.59939603274726,"0_of_4"
"CRLF3",0,0,1.59891660656111,"0_of_4"
"FAM110D",0,0,1.5978210622509,"0_of_4"
"PPP5D1",0,0,1.59734483838545,"0_of_4"
"C8orf34",0,0,1.59661713746022,"0_of_4"
"ZRANB2",0,0,1.59642036091538,"0_of_4"
"AIDA",0,0,1.59630176300716,"0_of_4"
"ELP5",0,0,1.59595903721584,"0_of_4"
"GTPBP8",0,0,1.59576029840334,"0_of_4"
"PDGFRA",0,0,1.59419728066382,"0_of_4"
"RHOG",0,0,1.59378523317972,"0_of_4"
"ELK1",0,0,1.59149031299421,"0_of_4"
"CASP3",0,0,1.58869772054729,"0_of_4"
"PKP4",0,0,1.58794133673657,"0_of_4"
"PIGM",0,0,1.58714459793029,"0_of_4"
"CRYM",0,0,1.58622839629477,"0_of_4"
"VEGFB",0,0,1.58606711263718,"0_of_4"
"CHRNA3",0,0,1.58565914143576,"0_of_4"
"TRMT10A",0,0,1.58520355922993,"0_of_4"
"ALB",0,0,1.58269042096173,"0_of_4"
"PDE6D",0,0,1.58231011632937,"0_of_4"
"HTT",0,0,1.58194488226609,"0_of_4"
"AL139011.2",0,0,1.58135184208539,"0_of_4"
"CCR1",0,0,1.57611091349055,"0_of_4"
"TIMM23B",0,0,1.57386469564529,"0_of_4"
"MEGF11",0,0,1.57372108890437,"0_of_4"
"PEG3",0,0,1.57313653839843,"0_of_4"
"ZNF671",0,0,1.56962150559351,"0_of_4"
"SPAG8",0,0,1.5690358543108,"0_of_4"
"AC008764.4",0,0,1.56865001181618,"0_of_4"
"ARAF",0,0,1.56829430361953,"0_of_4"
"AC110275.1",0,0,1.56680485115873,"0_of_4"
"NUBPL",0,0,1.56603402840271,"0_of_4"
"C16orf95",0,0,1.56502555155467,"0_of_4"
"RPRM",0,0,1.56485880707852,"0_of_4"
"NPFFR2",0,0,1.56360279849312,"0_of_4"
"TM9SF3",0,0,1.56192675377999,"0_of_4"
"SLC9A6",0,0,1.56155196969315,"0_of_4"
"ZNF420",0,0,1.5606353868435,"0_of_4"
"BEND5",0,0,1.5603394669174,"0_of_4"
"RGPD4",0,0,1.5570389215908,"0_of_4"
"ZNF33A",0,0,1.55666707947763,"0_of_4"
"PRSS53",0,0,1.55603176037347,"0_of_4"
"TM6SF2",0,0,1.5547285399982,"0_of_4"
"PPIL4",0,0,1.55343194530942,"0_of_4"
"PDCL",0,0,1.55324326936115,"0_of_4"
"PP2D1",0,0,1.55318843722454,"0_of_4"
"PDZD4",0,0,1.55182358831992,"0_of_4"
"RAB40AL",0,0,1.55154811983375,"0_of_4"
"GDAP1L1",0,0,1.55080380834913,"0_of_4"
"BAD",0,0,1.55046646168192,"0_of_4"
"ZNF691",0,0,1.5501530502685,"0_of_4"
"FAM120AOS",0,0,1.54990273655697,"0_of_4"
"L3MBTL3",0,0,1.54978190333753,"0_of_4"
"GPX4",0,0,1.54962651180919,"0_of_4"
"EDC3",0,0,1.54958184563855,"0_of_4"
"ASAH2",0,0,1.54667583581322,"0_of_4"
"TMEM11",0,0,1.54552427117906,"0_of_4"
"SYT9",0,0,1.54533080277271,"0_of_4"
"NECAP1",0,0,1.54475565949458,"0_of_4"
"FABP2",0,0,1.54406743348908,"0_of_4"
"PIDD1",0,0,1.54403720119065,"0_of_4"
"KDM4D",0,0,1.54376647841584,"0_of_4"
"LSM14A",0,0,1.54236849268103,"0_of_4"
"WNT3A",0,0,1.54197717952275,"0_of_4"
"AC079447.1",0,0,1.53978367874456,"0_of_4"
"TRAPPC13",0,0,1.53949809027206,"0_of_4"
"KCTD10",0,0,1.53920155704942,"0_of_4"
"LEKR1",0,0,1.53594629898344,"0_of_4"
"C8orf48",0,0,1.53578695433625,"0_of_4"
"GNGT1",0,0,1.53553620868076,"0_of_4"
"C5orf22",0,0,1.53516216181095,"0_of_4"
"CRBN",0,0,1.53407845511199,"0_of_4"
"MYSM1",0,0,1.53289245579839,"0_of_4"
"ABCD1",0,0,1.53245102443726,"0_of_4"
"STPG1",0,0,1.531705653224,"0_of_4"
"VPS4B",0,0,1.53065119647713,"0_of_4"
"POLR3A",0,0,1.52948659791857,"0_of_4"
"A1CF",0,0,1.52852460324201,"0_of_4"
"SMIM19",0,0,1.52830178080939,"0_of_4"
"LRCH3",0,0,1.52826790185257,"0_of_4"
"RAB5A",0,0,1.52807676269032,"0_of_4"
"MRGPRE",0,0,1.52684379371378,"0_of_4"
"FAM78A",0,0,1.52681335330421,"0_of_4"
"POTEF",0,0,1.52664724686035,"0_of_4"
"MED7",0,0,1.52474602782404,"0_of_4"
"ZNF720",0,0,1.5198347669774,"0_of_4"
"FBXO16",0,0,1.51921784505277,"0_of_4"
"PTPN9",0,0,1.51886800176306,"0_of_4"
"TRIM37",0,0,1.51876116776402,"0_of_4"
"ADNP",0,0,1.51781941291123,"0_of_4"
"CDC23",0,0,1.51722867285495,"0_of_4"
"FNTA",0,0,1.51706509394009,"0_of_4"
"TNIP3",0,0,1.51687679027979,"0_of_4"
"AC253536.7",0,0,1.51473549968347,"0_of_4"
"RPS6KB1",0,0,1.50993272143575,"0_of_4"
"CIB3",0,0,1.50900498232512,"0_of_4"
"EIF4A3",0,0,1.50863817141148,"0_of_4"
"MOCS2",0,0,1.50801411666619,"0_of_4"
"MFF",0,0,1.503755634022,"0_of_4"
"CHD9",0,0,1.50339723506906,"0_of_4"
"AC001226.2",0,0,1.503010574506,"0_of_4"
"HMGCS2",0,0,1.50282975145334,"0_of_4"
"C19orf73",0,0,1.50253337326309,"0_of_4"
"ARC",0,0,1.5016382165665,"0_of_4"
"COLEC12",0,0,1.50141407517186,"0_of_4"
"OLFM4",0,0,1.50071360610411,"0_of_4"
"STXBP3",0,0,1.49949355275786,"0_of_4"
"MTIF3",0,0,1.4982695697503,"0_of_4"
"TSPAN6",0,0,1.49769890638566,"0_of_4"
"MARCHF5",0,0,1.49709087864309,"0_of_4"
"EPHA5",0,0,1.49690392407628,"0_of_4"
"PTGFR",0,0,1.49659445895576,"0_of_4"
"TAGLN2",0,0,1.49482990172102,"0_of_4"
"POMGNT1",0,0,1.49426448301733,"0_of_4"
"HERC4",0,0,1.49366506694013,"0_of_4"
"ZNF777",0,0,1.4935888360876,"0_of_4"
"CYP4A22",0,0,1.49313315596551,"0_of_4"
"MPV17",0,0,1.48936110889994,"0_of_4"
"TCTE3",0,0,1.48833472112894,"0_of_4"
"SLC9A1",0,0,1.48796045811982,"0_of_4"
"REEP3",0,0,1.48674305547857,"0_of_4"
"ZNF286A",0,0,1.48582929853862,"0_of_4"
"TMEM259",0,0,1.48527301901952,"0_of_4"
"GPATCH2",0,0,1.48507939556303,"0_of_4"
"MAN2C1",0,0,1.48383835648866,"0_of_4"
"XIAP",0,0,1.4810034054864,"0_of_4"
"CDADC1",0,0,1.48098676941643,"0_of_4"
"AC233723.1",0,0,1.48000939942952,"0_of_4"
"TRAPPC8",0,0,1.47928303405328,"0_of_4"
"FYB2",0,0,1.47808890374556,"0_of_4"
"TIPARP",0,0,1.47779402640465,"0_of_4"
"S100P",0,0,1.47692505343971,"0_of_4"
"SHC4",0,0,1.47662405339945,"0_of_4"
"MAP1LC3B2",0,0,1.47588102179152,"0_of_4"
"LRIF1",0,0,1.47527691388216,"0_of_4"
"ODR4",0,0,1.47511990735052,"0_of_4"
"DPPA4",0,0,1.47506020281401,"0_of_4"
"TPO",0,0,1.47463492249348,"0_of_4"
"TNFSF13B",0,0,1.47424752940999,"0_of_4"
"HAX1",0,0,1.47412470722314,"0_of_4"
"AMH",0,0,1.47391449898781,"0_of_4"
"BTBD7",0,0,1.4726316901259,"0_of_4"
"ZMYND11",0,0,1.47121930424322,"0_of_4"
"PIGX",0,0,1.47054972389128,"0_of_4"
"GTSF1",0,0,1.47042248032236,"0_of_4"
"IQCM",0,0,1.46995942770498,"0_of_4"
"CFAP61",0,0,1.46850167496896,"0_of_4"
"C14orf119",0,0,1.46812043292757,"0_of_4"
"CDC40",0,0,1.46766326440323,"0_of_4"
"TRIM6.TRIM34",0,0,1.46607674799151,"0_of_4"
"PHKA2",0,0,1.46586100048564,"0_of_4"
"HHIP",0,0,1.46482307834807,"0_of_4"
"IRF2",0,0,1.46402116257413,"0_of_4"
"WDR24",0,0,1.46377895064088,"0_of_4"
"INO80",0,0,1.46324096566358,"0_of_4"
"AL163636.3",0,0,1.46286171781703,"0_of_4"
"TMEM213",0,0,1.462466819968,"0_of_4"
"NSUN4",0,0,1.46199589656947,"0_of_4"
"POLG",0,0,1.46149341370046,"0_of_4"
"VAMP4",0,0,1.45990481962175,"0_of_4"
"NAIF1",0,0,1.45959764635263,"0_of_4"
"TCTEX1D4",0,0,1.45936590721852,"0_of_4"
"AC091230.1",0,0,1.45892092805284,"0_of_4"
"POU4F1",0,0,1.45759693489634,"0_of_4"
"TMEM218",0,0,1.45708428311899,"0_of_4"
"LDHC",0,0,1.4565766599888,"0_of_4"
"FAM122A",0,0,1.45614732898429,"0_of_4"
"ASB3",0,0,1.45476357733483,"0_of_4"
"RABL2B",0,0,1.45303255501641,"0_of_4"
"CCDC38",0,0,1.45295923791236,"0_of_4"
"TRAPPC1",0,0,1.45256706192259,"0_of_4"
"TMEM269",0,0,1.45208560706415,"0_of_4"
"S100PBP",0,0,1.4520395177309,"0_of_4"
"LINGO4",0,0,1.45112881311514,"0_of_4"
"NTF3",0,0,1.44614301877703,"0_of_4"
"XPA",0,0,1.44458298367434,"0_of_4"
"ZNF275",0,0,1.44370458212425,"0_of_4"
"PEX19",0,0,1.44315775105515,"0_of_4"
"DNASE1L3",0,0,1.44200408367752,"0_of_4"
"ARL5C",0,0,1.44179339091096,"0_of_4"
"AC009412.1",0,0,1.44165609170378,"0_of_4"
"AC009779.4",0,0,1.44125151786338,"0_of_4"
"GNG3",0,0,1.44013150396615,"0_of_4"
"FAM180A",0,0,1.43941188405795,"0_of_4"
"MSH5.SAPCD1",0,0,1.43896683210719,"0_of_4"
"ALG10B",0,0,1.43863742860323,"0_of_4"
"GPX7",0,0,1.43697007813973,"0_of_4"
"SLC11A2",0,0,1.43630851352736,"0_of_4"
"B9D1",0,0,1.43621925069188,"0_of_4"
"ERMN",0,0,1.43496079655632,"0_of_4"
"SAG",0,0,1.43453455609467,"0_of_4"
"EPG5",0,0,1.434351870195,"0_of_4"
"ZNF512B",0,0,1.43337189529583,"0_of_4"
"FAHD1",0,0,1.43242660396938,"0_of_4"
"ZNF527",0,0,1.43236736478163,"0_of_4"
"ALOX12B",0,0,1.43170103836969,"0_of_4"
"DZIP3",0,0,1.43146111138718,"0_of_4"
"KLF17",0,0,1.43016371178803,"0_of_4"
"CCDC168",0,0,1.42987696410468,"0_of_4"
"NPAP1",0,0,1.42987244308337,"0_of_4"
"MAGEB10",0,0,1.42865147704237,"0_of_4"
"UBE2D3",0,0,1.42824104286831,"0_of_4"
"PRKAG3",0,0,1.42789359121358,"0_of_4"
"HMSD",0,0,1.42763385206138,"0_of_4"
"NR6A1",0,0,1.42751793999513,"0_of_4"
"ATP6V0B",0,0,1.42713909818876,"0_of_4"
"CA1",0,0,1.42602681293578,"0_of_4"
"PECR",0,0,1.42588134852598,"0_of_4"
"NLRP12",0,0,1.42587157020531,"0_of_4"
"GOLGA8S",0,0,1.42585521489342,"0_of_4"
"ZNF287",0,0,1.42493797477674,"0_of_4"
"ZSCAN22",0,0,1.42422228790039,"0_of_4"
"SSTR5",0,0,1.42366445090471,"0_of_4"
"FLYWCH2",0,0,1.4232228207425,"0_of_4"
"SLC22A16",0,0,1.42250815545388,"0_of_4"
"AKAP11",0,0,1.42193310143668,"0_of_4"
"CTXN1",0,0,1.42074008588027,"0_of_4"
"BCL9L",0,0,1.42034505748082,"0_of_4"
"TRAPPC9",0,0,1.41918817217751,"0_of_4"
"AC008695.1",0,0,1.41901367182516,"0_of_4"
"KLF14",0,0,1.41871272910181,"0_of_4"
"EIF6",0,0,1.41790502878254,"0_of_4"
"ANKRD11",0,0,1.41639428549287,"0_of_4"
"ZBTB25",0,0,1.41628623886413,"0_of_4"
"QRICH2",0,0,1.41413836359543,"0_of_4"
"LRRC10B",0,0,1.41409546335279,"0_of_4"
"MAGED4B",0,0,1.4132853135677,"0_of_4"
"CNN2",0,0,1.41302741564264,"0_of_4"
"THAP3",0,0,1.41263876404423,"0_of_4"
"DIABLO",0,0,1.41250268676169,"0_of_4"
"SPDYE2B",0,0,1.41199473284418,"0_of_4"
"C12orf65",0,0,1.41108971424729,"0_of_4"
"UFM1",0,0,1.41064812836935,"0_of_4"
"EIF4ENIF1",0,0,1.40788462795114,"0_of_4"
"ZNF513",0,0,1.40770952931188,"0_of_4"
"ERCC3",0,0,1.40740847896602,"0_of_4"
"HSPB9",0,0,1.40662024400195,"0_of_4"
"HIPK1",0,0,1.40567686093087,"0_of_4"
"CCDC13",0,0,1.40548919794353,"0_of_4"
"PCTP",0,0,1.40375918733161,"0_of_4"
"PFKFB1",0,0,1.40375230302287,"0_of_4"
"GABRA2",0,0,1.4023988936106,"0_of_4"
"AL049629.2",0,0,1.40185952678838,"0_of_4"
"ADGRD2",0,0,1.40128589550467,"0_of_4"
"RSRC2",0,0,1.39950003754883,"0_of_4"
"ATOX1",0,0,1.39901739126869,"0_of_4"
"HEXIM2",0,0,1.39899546043165,"0_of_4"
"LAMB4",0,0,1.39891305785694,"0_of_4"
"RBM20",0,0,1.39881886046265,"0_of_4"
"CPNE9",0,0,1.39866092264131,"0_of_4"
"SLC41A1",0,0,1.39683203194972,"0_of_4"
"FER1L5",0,0,1.3958940488531,"0_of_4"
"AC093525.1",0,0,1.39582219868351,"0_of_4"
"UBE2F.SCLY",0,0,1.39376885957406,"0_of_4"
"DNAH3",0,0,1.3932434072808,"0_of_4"
"ATP13A1",0,0,1.39304334981234,"0_of_4"
"RELN",0,0,1.39277140924741,"0_of_4"
"ZBTB16",0,0,1.39254765185147,"0_of_4"
"UTS2B",0,0,1.39241560430557,"0_of_4"
"SPATA46",0,0,1.39232095672766,"0_of_4"
"AC005020.2",0,0,1.39213413510372,"0_of_4"
"SCML1",0,0,1.39175366716585,"0_of_4"
"CASC3",0,0,1.39055236895657,"0_of_4"
"TENM4",0,0,1.38955753700768,"0_of_4"
"FAM135B",0,0,1.38951530907293,"0_of_4"
"FLG2",0,0,1.3888636392636,"0_of_4"
"ETAA1",0,0,1.3883581795793,"0_of_4"
"KDSR",0,0,1.38800738947362,"0_of_4"
"CORO7.PAM16",0,0,1.38727421610978,"0_of_4"
"CLUAP1",0,0,1.38689112563323,"0_of_4"
"EID2B",0,0,1.38672347702626,"0_of_4"
"ZNF157",0,0,1.38654555960312,"0_of_4"
"UBE2R2",0,0,1.38647215513058,"0_of_4"
"PRDX4",0,0,1.38581304675104,"0_of_4"
"TASP1",0,0,1.38566611065814,"0_of_4"
"MPC2",0,0,1.38522993575214,"0_of_4"
"TRIM55",0,0,1.38413481763347,"0_of_4"
"TLK1",0,0,1.38392864130508,"0_of_4"
"COL25A1",0,0,1.38348688251345,"0_of_4"
"AIP",0,0,1.38235739601337,"0_of_4"
"FAM217B",0,0,1.3814848341488,"0_of_4"
"TULP3",0,0,1.38011617567686,"0_of_4"
"SCTR",0,0,1.38007031383684,"0_of_4"
"TMEM240",0,0,1.37991058447785,"0_of_4"
"GMEB2",0,0,1.37929594327211,"0_of_4"
"EBAG9",0,0,1.37879114090631,"0_of_4"
"CEP162",0,0,1.37867044317364,"0_of_4"
"CDHR3",0,0,1.37765681199919,"0_of_4"
"AC026740.3",0,0,1.37764629797058,"0_of_4"
"ARFGAP2",0,0,1.37651295909251,"0_of_4"
"AHI1",0,0,1.37637574515038,"0_of_4"
"RWDD3",0,0,1.37613256925183,"0_of_4"
"RFC1",0,0,1.37510179666931,"0_of_4"
"NAALAD2",0,0,1.37461656336996,"0_of_4"
"ACTR1B",0,0,1.37459709812797,"0_of_4"
"ZDHHC19",0,0,1.37405072517915,"0_of_4"
"MUC6",0,0,1.37367081098274,"0_of_4"
"MYL3",0,0,1.37323386558926,"0_of_4"
"TSPEAR",0,0,1.37273394374309,"0_of_4"
"CIPC",0,0,1.37161684778534,"0_of_4"
"COMMD7",0,0,1.37055763690192,"0_of_4"
"TRIM74",0,0,1.36972493205873,"0_of_4"
"CLDN20",0,0,1.36921239969617,"0_of_4"
"PI4K2A",0,0,1.3690411951565,"0_of_4"
"GTF3C4",0,0,1.36784015379315,"0_of_4"
"OTOGL",0,0,1.36750824874136,"0_of_4"
"ELFN1",0,0,1.36725126730706,"0_of_4"
"UBAC2",0,0,1.3663167392404,"0_of_4"
"ANAPC16",0,0,1.36556066692145,"0_of_4"
"NPIPA3",0,0,1.36525263510068,"0_of_4"
"FAM185A",0,0,1.36511643065351,"0_of_4"
"RPS4Y1",0,0,1.36465018159771,"0_of_4"
"MAP1S",0,0,1.36337311058328,"0_of_4"
"ZNF684",0,0,1.36334148004379,"0_of_4"
"CHST5",0,0,1.36243206270934,"0_of_4"
"SPCS1",0,0,1.36189183351695,"0_of_4"
"AC008982.1",0,0,1.36087169935175,"0_of_4"
"BCL7A",0,0,1.36066192244799,"0_of_4"
"SHTN1",0,0,1.36048136826138,"0_of_4"
"SNX13",0,0,1.36024010809483,"0_of_4"
"ZMAT5",0,0,1.35975968141228,"0_of_4"
"SAFB2",0,0,1.35895535998027,"0_of_4"
"SYAP1",0,0,1.35784889115301,"0_of_4"
"ARHGEF1",0,0,1.35691431194498,"0_of_4"
"HNF1A",0,0,1.35667428212315,"0_of_4"
"TACR1",0,0,1.35654930588902,"0_of_4"
"FMC1",0,0,1.35631314801579,"0_of_4"
"MORF4L1",0,0,1.35621928649586,"0_of_4"
"SWSAP1",0,0,1.35608980516156,"0_of_4"
"SAXO2",0,0,1.35539534636474,"0_of_4"
"PEPD",0,0,1.35434571293599,"0_of_4"
"AFDN",0,0,1.35431957977,"0_of_4"
"SMIM11B",0,0,1.3540681452926,"0_of_4"
"FRA10AC1",0,0,1.35382057869967,"0_of_4"
"FRRS1L",0,0,1.35373794858169,"0_of_4"
"SIAH1",0,0,1.35335075741255,"0_of_4"
"POLR2A",0,0,1.35286883672835,"0_of_4"
"CMKLR1",0,0,1.35278488601487,"0_of_4"
"MAP7D1",0,0,1.35136433515632,"0_of_4"
"TM4SF20",0,0,1.35084356344987,"0_of_4"
"ZFPM1",0,0,1.35017268661087,"0_of_4"
"TTLL13P",0,0,1.34955529668072,"0_of_4"
"LINGO1",0,0,1.34905400076352,"0_of_4"
"GDAP2",0,0,1.34807504550484,"0_of_4"
"SYCE1",0,0,1.34606617298685,"0_of_4"
"SMAD5",0,0,1.34587958883443,"0_of_4"
"SLFNL1",0,0,1.34553474344708,"0_of_4"
"PRR3",0,0,1.34512620354189,"0_of_4"
"CFAP74",0,0,1.34464708281517,"0_of_4"
"TM7SF3",0,0,1.34445983394414,"0_of_4"
"MLXIP",0,0,1.34439331651324,"0_of_4"
"POU5F2",0,0,1.34437459532823,"0_of_4"
"BPIFB4",0,0,1.34366507105909,"0_of_4"
"TMEM222",0,0,1.34212121343178,"0_of_4"
"HIBADH",0,0,1.34189002002916,"0_of_4"
"FBXO11",0,0,1.341167178218,"0_of_4"
"SDF4",0,0,1.34089154083472,"0_of_4"
"TRIP10",0,0,1.34064709488689,"0_of_4"
"RIC8A",0,0,1.34047579792984,"0_of_4"
"PIK3C3",0,0,1.3398275343539,"0_of_4"
"FAM92B",0,0,1.3397540395756,"0_of_4"
"ZNF263",0,0,1.33842424814876,"0_of_4"
"RYR3",0,0,1.33753971591746,"0_of_4"
"SYN1",0,0,1.33726157743167,"0_of_4"
"TESC",0,0,1.33626922250381,"0_of_4"
"PLK5",0,0,1.33576569254924,"0_of_4"
"ALKBH6",0,0,1.33555722100878,"0_of_4"
"AC022966.1",0,0,1.33521800237746,"0_of_4"
"CADM2",0,0,1.33498534073658,"0_of_4"
"THUMPD1",0,0,1.33404952963095,"0_of_4"
"ZSWIM5",0,0,1.33395781248159,"0_of_4"
"PLEKHG7",0,0,1.33285863187945,"0_of_4"
"JMJD4",0,0,1.33259159432273,"0_of_4"
"GSK3B",0,0,1.33250944807007,"0_of_4"
"RGS5",0,0,1.33239115070564,"0_of_4"
"ZNF234",0,0,1.33210642295799,"0_of_4"
"PPEF2",0,0,1.33157340649726,"0_of_4"
"TUBGCP6",0,0,1.3312719576687,"0_of_4"
"HPCAL4",0,0,1.33033395339814,"0_of_4"
"CCDC96",0,0,1.33022435038195,"0_of_4"
"DDX42",0,0,1.329512856529,"0_of_4"
"RBM23",0,0,1.32742142493908,"0_of_4"
"ARHGAP35",0,0,1.326995087078,"0_of_4"
"TAFA3",0,0,1.32644663788828,"0_of_4"
"ZNF300",0,0,1.32612170504201,"0_of_4"
"LRRC37B",0,0,1.32552192655209,"0_of_4"
"STRN",0,0,1.32529487567296,"0_of_4"
"TMEM216",0,0,1.32447721859435,"0_of_4"
"CIART",0,0,1.32439930195849,"0_of_4"
"ASXL2",0,0,1.32229486401919,"0_of_4"
"RCCD1",0,0,1.32207953531909,"0_of_4"
"SUPT7L",0,0,1.32098843691616,"0_of_4"
"AC000120.3",0,0,1.32002164374207,"0_of_4"
"MICOS13",0,0,1.31863923459942,"0_of_4"
"TRIL",0,0,1.31790814416027,"0_of_4"
"MTERF4",0,0,1.3178771667843,"0_of_4"
"SINHCAF",0,0,1.31761917109631,"0_of_4"
"FBXL16",0,0,1.31716652354964,"0_of_4"
"ZNF638",0,0,1.31685615833054,"0_of_4"
"CRAMP1",0,0,1.31620493214068,"0_of_4"
"BCL6B",0,0,1.3159695168344,"0_of_4"
"SPATA24",0,0,1.31560213918176,"0_of_4"
"GATC",0,0,1.3130188215824,"0_of_4"
"BRDT",0,0,1.31213964259037,"0_of_4"
"TIAL1",0,0,1.31211820527668,"0_of_4"
"C18orf21",0,0,1.31163655475352,"0_of_4"
"ZSCAN12",0,0,1.31049262900463,"0_of_4"
"ESR2",0,0,1.31035033638038,"0_of_4"
"TMC2",0,0,1.30970004765817,"0_of_4"
"SENP2",0,0,1.30912419206721,"0_of_4"
"AC087289.3",0,0,1.30865920625844,"0_of_4"
"C1orf56",0,0,1.30795828503229,"0_of_4"
"ARL6IP5",0,0,1.30753049064208,"0_of_4"
"FAM91A1",0,0,1.30705111286759,"0_of_4"
"ZACN",0,0,1.30687569561938,"0_of_4"
"PRICKLE2",0,0,1.30622873774997,"0_of_4"
"CKMT2",0,0,1.30589289506358,"0_of_4"
"XRRA1",0,0,1.3051345509996,"0_of_4"
"SDR42E1",0,0,1.30505428565393,"0_of_4"
"STAU2",0,0,1.30463610987991,"0_of_4"
"MTRES1",0,0,1.30446668291802,"0_of_4"
"NSRP1",0,0,1.30438220103324,"0_of_4"
"C2orf81",0,0,1.30416855040192,"0_of_4"
"TIMM44",0,0,1.30416099830154,"0_of_4"
"NUTM2G",0,0,1.30384464888316,"0_of_4"
"RNFT1",0,0,1.30355210336525,"0_of_4"
"C16orf54",0,0,1.30344827986108,"0_of_4"
"HM13",0,0,1.3033852366951,"0_of_4"
"NMD3",0,0,1.30299755831089,"0_of_4"
"ASIP",0,0,1.30288364421664,"0_of_4"
"MSS51",0,0,1.30197392765334,"0_of_4"
"JAK1",0,0,1.30179677777547,"0_of_4"
"C8orf74",0,0,1.30120197161073,"0_of_4"
"ACSF3",0,0,1.30017285758336,"0_of_4"
"PPP1R37",0,0,1.2995434615078,"0_of_4"
"MYH3",0,0,1.29933002133158,"0_of_4"
"MICU1",0,0,1.29831347209626,"0_of_4"
"TTLL11",0,0,1.29780445549541,"0_of_4"
"SLC4A1AP",0,0,1.29765146242903,"0_of_4"
"ZNF148",0,0,1.29744736529414,"0_of_4"
"CYP20A1",0,0,1.29616943932499,"0_of_4"
"TPT1",0,0,1.29603893482004,"0_of_4"
"RMDN3",0,0,1.29573967831023,"0_of_4"
"XIRP1",0,0,1.29501258961466,"0_of_4"
"OGDH",0,0,1.29436706625241,"0_of_4"
"LCNL1",0,0,1.29415473153797,"0_of_4"
"COIL",0,0,1.29362915296884,"0_of_4"
"RGL4",0,0,1.29353779914736,"0_of_4"
"TGDS",0,0,1.29319957007876,"0_of_4"
"ONECUT2",0,0,1.29243953147958,"0_of_4"
"ZDHHC15",0,0,1.29242084194154,"0_of_4"
"LMO2",0,0,1.29174184941729,"0_of_4"
"MAP4K3",0,0,1.29155857991035,"0_of_4"
"TNRC18",0,0,1.29080648240076,"0_of_4"
"HOXD11",0,0,1.29048408564901,"0_of_4"
"MAGEB6",0,0,1.29021399412917,"0_of_4"
"TBX4",0,0,1.28991188904982,"0_of_4"
"TUNAR",0,0,1.28957939088119,"0_of_4"
"EVI5L",0,0,1.28957044882926,"0_of_4"
"WDR60",0,0,1.28952078324768,"0_of_4"
"SPDYE17",0,0,1.2884358920987,"0_of_4"
"TMEM67",0,0,1.2881306340484,"0_of_4"
"TRAPPC2B",0,0,1.28799380034773,"0_of_4"
"PTS",0,0,1.28794695320942,"0_of_4"
"EML3",0,0,1.28765282011666,"0_of_4"
"PRH2",0,0,1.28742664680859,"0_of_4"
"MNT",0,0,1.28660779666977,"0_of_4"
"ZNF155",0,0,1.28652066404274,"0_of_4"
"RSPRY1",0,0,1.28496946407509,"0_of_4"
"CCDC117",0,0,1.28433404219768,"0_of_4"
"KCNMB2",0,0,1.28406309995867,"0_of_4"
"HEXIM1",0,0,1.28385678101717,"0_of_4"
"OSBPL11",0,0,1.28274501225255,"0_of_4"
"WDR89",0,0,1.2823373449091,"0_of_4"
"HMG20A",0,0,1.28176129755889,"0_of_4"
"ELF5",0,0,1.28153993081751,"0_of_4"
"KIN",0,0,1.28149943477327,"0_of_4"
"SERPINF1",0,0,1.28146293110539,"0_of_4"
"DNAH12",0,0,1.28135523814247,"0_of_4"
"LRRC69",0,0,1.28078248003125,"0_of_4"
"TNPO1",0,0,1.28069998752152,"0_of_4"
"KLK14",0,0,1.28043337331216,"0_of_4"
"KIF12",0,0,1.28039622885749,"0_of_4"
"RBM14.RBM4",0,0,1.27980319919368,"0_of_4"
"ZNF37A",0,0,1.27978707149216,"0_of_4"
"CXCL6",0,0,1.27947832880393,"0_of_4"
"AL355987.3",0,0,1.27943831300713,"0_of_4"
"SETD1B",0,0,1.27942574106518,"0_of_4"
"APH1A",0,0,1.27920916905063,"0_of_4"
"HTN1",0,0,1.27914243529306,"0_of_4"
"HAL",0,0,1.27899730891249,"0_of_4"
"RAB3GAP2",0,0,1.27828447845553,"0_of_4"
"SDHAF1",0,0,1.277920719598,"0_of_4"
"MIOX",0,0,1.27772077764515,"0_of_4"
"JAZF1",0,0,1.27765786658864,"0_of_4"
"TMOD3",0,0,1.2774724890744,"0_of_4"
"TNIP1",0,0,1.27707992046704,"0_of_4"
"PITHD1",0,0,1.27552712329362,"0_of_4"
"HTD2",0,0,1.27548364807163,"0_of_4"
"SULT4A1",0,0,1.27538434472224,"0_of_4"
"IL20",0,0,1.27524052739692,"0_of_4"
"C2orf15",0,0,1.27504858974219,"0_of_4"
"CHODL",0,0,1.273312946245,"0_of_4"
"ATP6V1B2",0,0,1.27323686577894,"0_of_4"
"AGAP6",0,0,1.27238512913942,"0_of_4"
"HSF1",0,0,1.27233260294479,"0_of_4"
"GORASP2",0,0,1.27232147624347,"0_of_4"
"CPNE1",0,0,1.27163782007537,"0_of_4"
"ACR",0,0,1.271446958231,"0_of_4"
"SFMBT2",0,0,1.27132022834946,"0_of_4"
"BOLA1",0,0,1.27097274661225,"0_of_4"
"LRRC31",0,0,1.2693887689083,"0_of_4"
"ZNF408",0,0,1.26934196776129,"0_of_4"
"GTF2A1",0,0,1.26931395280335,"0_of_4"
"UBR1",0,0,1.26912511377294,"0_of_4"
"FAM9C",0,0,1.26910592609235,"0_of_4"
"HIKESHI",0,0,1.26867259958098,"0_of_4"
"CPN2",0,0,1.26867180027785,"0_of_4"
"PRAP1",0,0,1.2682495912715,"0_of_4"
"MROH7.TTC4",0,0,1.26822635541139,"0_of_4"
"MARCHF7",0,0,1.26791780731771,"0_of_4"
"EGLN2",0,0,1.26589737102454,"0_of_4"
"IL10RA",0,0,1.26526279818035,"0_of_4"
"PPP4R4",0,0,1.2650122662782,"0_of_4"
"REXO1",0,0,1.2649849365145,"0_of_4"
"TRAPPC10",0,0,1.26485327370848,"0_of_4"
"TBC1D28",0,0,1.26463934969658,"0_of_4"
"TAF1D",0,0,1.26378966454982,"0_of_4"
"FBXL12",0,0,1.26351333343809,"0_of_4"
"PGAP4",0,0,1.26327021621708,"0_of_4"
"TWIST2",0,0,1.26297208152778,"0_of_4"
"BFAR",0,0,1.26282530051022,"0_of_4"
"MBOAT7",0,0,1.26204516475705,"0_of_4"
"MEIG1",0,0,1.2619365166744,"0_of_4"
"NEK1",0,0,1.2616029158862,"0_of_4"
"PLEKHM2",0,0,1.26128835165771,"0_of_4"
"ARL2BP",0,0,1.26094524813635,"0_of_4"
"TIGD7",0,0,1.2602456126842,"0_of_4"
"FUT3",0,0,1.25997984479642,"0_of_4"
"RHCG",0,0,1.25992084591956,"0_of_4"
"TSPO",0,0,1.2592820281122,"0_of_4"
"MBTPS2",0,0,1.2592216653025,"0_of_4"
"MEN1",0,0,1.25834159519596,"0_of_4"
"CRADD",0,0,1.25726891526867,"0_of_4"
"PRR14L",0,0,1.25667077084596,"0_of_4"
"ADAMTS6",0,0,1.25662636711988,"0_of_4"
"TAB1",0,0,1.25650292504191,"0_of_4"
"OXSM",0,0,1.25624519567284,"0_of_4"
"TES",0,0,1.25598473679468,"0_of_4"
"NSUN3",0,0,1.25506594981774,"0_of_4"
"EMC7",0,0,1.25469959000708,"0_of_4"
"PCM1",0,0,1.25437570609335,"0_of_4"
"SLITRK2",0,0,1.25409130809269,"0_of_4"
"GJC2",0,0,1.25388696657204,"0_of_4"
"TLX1",0,0,1.25383110368976,"0_of_4"
"SCRG1",0,0,1.25337815386809,"0_of_4"
"HDAC7",0,0,1.25313967304057,"0_of_4"
"ATP10B",0,0,1.25267242658536,"0_of_4"
"CNPPD1",0,0,1.25206669535662,"0_of_4"
"TSR2",0,0,1.25133862774088,"0_of_4"
"E4F1",0,0,1.25104999135201,"0_of_4"
"JMJD8",0,0,1.2502533758123,"0_of_4"
"TOPORS",0,0,1.24996778811646,"0_of_4"
"ELL",0,0,1.24987257237964,"0_of_4"
"MRPS36",0,0,1.24931560113001,"0_of_4"
"HDAC3",0,0,1.24898498248235,"0_of_4"
"NADK",0,0,1.2487898363404,"0_of_4"
"PDLIM5",0,0,1.24861728031276,"0_of_4"
"ZMYM5",0,0,1.24849262311435,"0_of_4"
"HNRNPUL2",0,0,1.24827316173161,"0_of_4"
"TMLHE",0,0,1.2476821601928,"0_of_4"
"CALHM3",0,0,1.24681820743638,"0_of_4"
"ANAPC13",0,0,1.24607301587201,"0_of_4"
"ABCF3",0,0,1.24524685288384,"0_of_4"
"HFM1",0,0,1.24490206577912,"0_of_4"
"PLEKHD1",0,0,1.24478683677191,"0_of_4"
"THEGL",0,0,1.24341306124139,"0_of_4"
"CFP",0,0,1.24330578207157,"0_of_4"
"IGSF6",0,0,1.24303120923754,"0_of_4"
"KCTD1",0,0,1.24294340140683,"0_of_4"
"ZFP1",0,0,1.24280215341745,"0_of_4"
"TAF6L",0,0,1.2425929194339,"0_of_4"
"KCNH5",0,0,1.24204206341472,"0_of_4"
"MTF1",0,0,1.24175457061212,"0_of_4"
"TM2D2",0,0,1.24092333852695,"0_of_4"
"SORBS3",0,0,1.24059328682464,"0_of_4"
"ELK4",0,0,1.23980091717062,"0_of_4"
"PRPF40B",0,0,1.23890393751833,"0_of_4"
"PRDM12",0,0,1.238493391874,"0_of_4"
"PABPC3",0,0,1.23832494538723,"0_of_4"
"ZBTB48",0,0,1.23797697792997,"0_of_4"
"ATCAY",0,0,1.23789450641227,"0_of_4"
"USP33",0,0,1.23785445350515,"0_of_4"
"CTTN",0,0,1.23763059448496,"0_of_4"
"GTF2B",0,0,1.23671939591326,"0_of_4"
"KY",0,0,1.23658885158668,"0_of_4"
"DDB1",0,0,1.23630655365746,"0_of_4"
"KIF16B",0,0,1.23570096034963,"0_of_4"
"ZNF284",0,0,1.23517085261628,"0_of_4"
"PPP2R2D",0,0,1.2345390212481,"0_of_4"
"HSPA1B",0,0,1.23449857242573,"0_of_4"
"NXF1",0,0,1.23443955176304,"0_of_4"
"RAB26",0,0,1.23364073440082,"0_of_4"
"CIITA",0,0,1.23278327124707,"0_of_4"
"TNNI3",0,0,1.23226224685476,"0_of_4"
"UBE2D1",0,0,1.23164680460865,"0_of_4"
"KPTN",0,0,1.23156567901151,"0_of_4"
"CLBA1",0,0,1.23083210002179,"0_of_4"
"PEF1",0,0,1.23077192091388,"0_of_4"
"ANKIB1",0,0,1.23071294047918,"0_of_4"
"AZIN1",0,0,1.23049537375098,"0_of_4"
"C1QTNF9",0,0,1.23044521772352,"0_of_4"
"HMG20B",0,0,1.22987617619994,"0_of_4"
"SLX4IP",0,0,1.22914725601726,"0_of_4"
"CFAP97D1",0,0,1.22778952796483,"0_of_4"
"RAB2B",0,0,1.22767778047084,"0_of_4"
"SLC25A16",0,0,1.22756907419698,"0_of_4"
"PTCD1",0,0,1.22753222191766,"0_of_4"
"ACVR2B",0,0,1.22741872774115,"0_of_4"
"CPTP",0,0,1.22707826623673,"0_of_4"
"SEMG1",0,0,1.22694717856841,"0_of_4"
"AXIN1",0,0,1.22637833991848,"0_of_4"
"ZNF341",0,0,1.22611502387171,"0_of_4"
"VAV2",0,0,1.22522634946484,"0_of_4"
"AGBL3",0,0,1.22430923009681,"0_of_4"
"SLC35G6",0,0,1.22361973891317,"0_of_4"
"GGA1",0,0,1.22351968720725,"0_of_4"
"CACNG2",0,0,1.22298666126783,"0_of_4"
"SETD1A",0,0,1.22296365032394,"0_of_4"
"FBH1",0,0,1.2229516831416,"0_of_4"
"CGGBP1",0,0,1.22240202110991,"0_of_4"
"MGST2",0,0,1.22173101200649,"0_of_4"
"NCOA4",0,0,1.221554068337,"0_of_4"
"AKR1C4",0,0,1.2207001116214,"0_of_4"
"PEX2",0,0,1.21997874913708,"0_of_4"
"SPECC1L",0,0,1.21996078973883,"0_of_4"
"SELENOT",0,0,1.21930160125194,"0_of_4"
"CD276",0,0,1.21903052700274,"0_of_4"
"KBTBD2",0,0,1.2185490779835,"0_of_4"
"NETO1",0,0,1.21847212972087,"0_of_4"
"SPDYE9P",0,0,1.21830422086315,"0_of_4"
"OXCT2",0,0,1.21817495292523,"0_of_4"
"CNOT8",0,0,1.2178281541905,"0_of_4"
"RNH1",0,0,1.21666629190257,"0_of_4"
"DMAP1",0,0,1.21642362011599,"0_of_4"
"MSH3",0,0,1.21559755762636,"0_of_4"
"AAR2",0,0,1.2155327854903,"0_of_4"
"IWS1",0,0,1.21504127241818,"0_of_4"
"ACSM2A",0,0,1.21498878968581,"0_of_4"
"SS18",0,0,1.21483077606991,"0_of_4"
"NXF3",0,0,1.21446481900323,"0_of_4"
"EBF1",0,0,1.21399007565036,"0_of_4"
"FSIP1",0,0,1.21396340000287,"0_of_4"
"RCAN3",0,0,1.21385328176565,"0_of_4"
"AL928654.3",0,0,1.21356828895762,"0_of_4"
"HEXB",0,0,1.21341901067076,"0_of_4"
"IKZF4",0,0,1.21313285021914,"0_of_4"
"CCDC97",0,0,1.21258062533823,"0_of_4"
"TANC1",0,0,1.21252291706067,"0_of_4"
"AQP5",0,0,1.21233920734487,"0_of_4"
"CDK10",0,0,1.21107740973376,"0_of_4"
"DIP2A",0,0,1.21088685005341,"0_of_4"
"NAP1L4",0,0,1.21086367375562,"0_of_4"
"DVL3",0,0,1.21059271344093,"0_of_4"
"AMIGO3",0,0,1.21051812954662,"0_of_4"
"RAB1A",0,0,1.20995528286907,"0_of_4"
"BLOC1S6",0,0,1.2098181289476,"0_of_4"
"PNPLA1",0,0,1.20969393001878,"0_of_4"
"PCDHGB6",0,0,1.20952957180496,"0_of_4"
"KCNK13",0,0,1.20951406586987,"0_of_4"
"EMC1",0,0,1.20891459623709,"0_of_4"
"AC010463.1",0,0,1.20871154204429,"0_of_4"
"DEFB4A",0,0,1.20865212501469,"0_of_4"
"NEPRO",0,0,1.20835642357234,"0_of_4"
"SERTAD4",0,0,1.20783924006557,"0_of_4"
"PMM2",0,0,1.20758736274744,"0_of_4"
"CFLAR",0,0,1.20743977607984,"0_of_4"
"YBX3",0,0,1.20693332440042,"0_of_4"
"USP19",0,0,1.20685157473674,"0_of_4"
"CCL20",0,0,1.20508483603063,"0_of_4"
"TMEM81",0,0,1.20483419109149,"0_of_4"
"ZNF644",0,0,1.20476723017056,"0_of_4"
"ATF2",0,0,1.20433699710196,"0_of_4"
"ZNF569",0,0,1.20334601692765,"0_of_4"
"LRRC15",0,0,1.20165316745292,"0_of_4"
"IFITM5",0,0,1.20076391436711,"0_of_4"
"DQX1",0,0,1.2005449076889,"0_of_4"
"AC137834.1",0,0,1.20046861759927,"0_of_4"
"TMEM120B",0,0,1.20041318201216,"0_of_4"
"GNE",0,0,1.20025808022109,"0_of_4"
"KLHDC10",0,0,1.19995189051953,"0_of_4"
"SNRK",0,0,1.19935443808503,"0_of_4"
"FZD10",0,0,1.19919908407677,"0_of_4"
"FEM1A",0,0,1.19904073144731,"0_of_4"
"PLSCR2",0,0,1.19818108585016,"0_of_4"
"SLC25A44",0,0,1.19786971883663,"0_of_4"
"SLC30A3",0,0,1.19738337977968,"0_of_4"
"KAT7",0,0,1.19724869343974,"0_of_4"
"PKD1",0,0,1.19667387015515,"0_of_4"
"CYP19A1",0,0,1.19642668440642,"0_of_4"
"TMEM129",0,0,1.19600633635741,"0_of_4"
"ZNF830",0,0,1.1959688979872,"0_of_4"
"U2AF1",0,0,1.19592464146029,"0_of_4"
"TSTD3",0,0,1.19586252484106,"0_of_4"
"NPIPB13",0,0,1.19571782034749,"0_of_4"
"NFKBID",0,0,1.195559481251,"0_of_4"
"SLU7",0,0,1.19550623905728,"0_of_4"
"TMEM245",0,0,1.19547615133976,"0_of_4"
"SERF2",0,0,1.19543997164805,"0_of_4"
"TMEM101",0,0,1.19472385669599,"0_of_4"
"PPIP5K1",0,0,1.19365647706943,"0_of_4"
"C19orf18",0,0,1.19357127015081,"0_of_4"
"RXFP1",0,0,1.1934931005257,"0_of_4"
"MSN",0,0,1.19288838716023,"0_of_4"
"INTS3",0,0,1.19277676760249,"0_of_4"
"CNTD2",0,0,1.19274627628042,"0_of_4"
"PCSK7",0,0,1.19143738495974,"0_of_4"
"USF2",0,0,1.19128970424429,"0_of_4"
"CCDC25",0,0,1.1908448742423,"0_of_4"
"SNRNP70",0,0,1.19082213388034,"0_of_4"
"CHKA",0,0,1.19039448271084,"0_of_4"
"FICD",0,0,1.19038235312181,"0_of_4"
"DNAI1",0,0,1.19036183590121,"0_of_4"
"RBM5",0,0,1.19000148298025,"0_of_4"
"DLX1",0,0,1.18997156572127,"0_of_4"
"CNIH3",0,0,1.18989487309248,"0_of_4"
"DDOST",0,0,1.18983794119749,"0_of_4"
"MLANA",0,0,1.18972845990403,"0_of_4"
"CDC73",0,0,1.18889726312107,"0_of_4"
"RIPK1",0,0,1.18860590439911,"0_of_4"
"C7orf50",0,0,1.18772394099808,"0_of_4"
"LRRC57",0,0,1.18744231501268,"0_of_4"
"SERPINA5",0,0,1.18728767173697,"0_of_4"
"ADPGK",0,0,1.18722287736183,"0_of_4"
"MAS1",0,0,1.18714880906682,"0_of_4"
"AEBP1",0,0,1.18644743472884,"0_of_4"
"CAMK2B",0,0,1.18552571039705,"0_of_4"
"GRM6",0,0,1.18535417591372,"0_of_4"
"EXO5",0,0,1.18454480976134,"0_of_4"
"LRPAP1",0,0,1.18452787421464,"0_of_4"
"AL807752.6",0,0,1.18410760863983,"0_of_4"
"DPF2",0,0,1.18395469848348,"0_of_4"
"AUH",0,0,1.18357675524854,"0_of_4"
"BCKDHA",0,0,1.18327891635687,"0_of_4"
"WBP4",0,0,1.18284405612031,"0_of_4"
"ECHDC3",0,0,1.18221222732943,"0_of_4"
"MON1B",0,0,1.18213518113313,"0_of_4"
"DTWD1",0,0,1.18104132773868,"0_of_4"
"VPS8",0,0,1.18024712048216,"0_of_4"
"NNAT",0,0,1.17985875251347,"0_of_4"
"CDK12",0,0,1.17896978910124,"0_of_4"
"SLC46A1",0,0,1.17880743999706,"0_of_4"
"CHGA",0,0,1.17864681888135,"0_of_4"
"RASSF1",0,0,1.17780002686272,"0_of_4"
"TRIP4",0,0,1.17640101268861,"0_of_4"
"MAP3K3",0,0,1.17590263508932,"0_of_4"
"STX17",0,0,1.17552750102129,"0_of_4"
"TBC1D3K",0,0,1.17540475416408,"0_of_4"
"TSSK6",0,0,1.17514367529399,"0_of_4"
"AP5M1",0,0,1.17507865259941,"0_of_4"
"MTX1",0,0,1.17463103600066,"0_of_4"
"STARD8",0,0,1.17374453648178,"0_of_4"
"LIMD1",0,0,1.17360829079377,"0_of_4"
"LIME1",0,0,1.17345562252714,"0_of_4"
"VWA1",0,0,1.17342833256327,"0_of_4"
"ACSM2B",0,0,1.17340146429621,"0_of_4"
"TMC8",0,0,1.17337421974797,"0_of_4"
"MAPKAPK2",0,0,1.1729044264148,"0_of_4"
"NBPF3",0,0,1.17228469699907,"0_of_4"
"NUMB",0,0,1.1722304027677,"0_of_4"
"AP3M1",0,0,1.17167255303522,"0_of_4"
"FSBP",0,0,1.17127461252594,"0_of_4"
"WDR27",0,0,1.17018326034806,"0_of_4"
"SPRN",0,0,1.17001729788382,"0_of_4"
"ARHGEF11",0,0,1.16973418560475,"0_of_4"
"RAB11FIP2",0,0,1.16930102782548,"0_of_4"
"AC097637.1",0,0,1.16924790200823,"0_of_4"
"C19orf84",0,0,1.16909155187277,"0_of_4"
"DPP8",0,0,1.16899344474898,"0_of_4"
"THAP1",0,0,1.16893200962672,"0_of_4"
"CCDC7",0,0,1.16864127985131,"0_of_4"
"CCZ1B",0,0,1.16812629184352,"0_of_4"
"SSX7",0,0,1.16794867006163,"0_of_4"
"SLC5A9",0,0,1.16774677442416,"0_of_4"
"MED20",0,0,1.16730876735711,"0_of_4"
"IFNAR2",0,0,1.16729336475995,"0_of_4"
"UGP2",0,0,1.1668635698007,"0_of_4"
"AC002316.1",0,0,1.16671068671845,"0_of_4"
"ZNF195",0,0,1.16660048886443,"0_of_4"
"GUCA1B",0,0,1.1663113739882,"0_of_4"
"CHMP3",0,0,1.16525864327561,"0_of_4"
"USP16",0,0,1.16521122159934,"0_of_4"
"WASHC1",0,0,1.16495070923483,"0_of_4"
"PHOSPHO2",0,0,1.16416393929009,"0_of_4"
"ABI3",0,0,1.16415664917818,"0_of_4"
"RADX",0,0,1.1638453517578,"0_of_4"
"AC018630.2",0,0,1.163613790232,"0_of_4"
"RAB6C",0,0,1.16341405261262,"0_of_4"
"RNF10",0,0,1.16321943519368,"0_of_4"
"PRPS1",0,0,1.1626037587544,"0_of_4"
"ENPP3",0,0,1.1625049409765,"0_of_4"
"POSTN",0,0,1.16153048230101,"0_of_4"
"C17orf50",0,0,1.16140469804609,"0_of_4"
"CWF19L2",0,0,1.16135977249334,"0_of_4"
"ZNF317",0,0,1.1603659576405,"0_of_4"
"ZNF653",0,0,1.16027956332691,"0_of_4"
"CAPSL",0,0,1.16013588120707,"0_of_4"
"PCDH18",0,0,1.15965044695313,"0_of_4"
"TTC31",0,0,1.15960005972768,"0_of_4"
"CEP290",0,0,1.15950390113978,"0_of_4"
"STK3",0,0,1.15904102440188,"0_of_4"
"ADCY2",0,0,1.15901059760305,"0_of_4"
"AQP10",0,0,1.15886060129005,"0_of_4"
"PTGR2",0,0,1.15832056176052,"0_of_4"
"P4HB",0,0,1.15822901171542,"0_of_4"
"CD46",0,0,1.15770707021285,"0_of_4"
"SLC25A53",0,0,1.1575400214404,"0_of_4"
"TESPA1",0,0,1.15729938577201,"0_of_4"
"ENDOU",0,0,1.15660341287977,"0_of_4"
"GJD3",0,0,1.15647217402871,"0_of_4"
"PPP3CB",0,0,1.15571095306358,"0_of_4"
"SUCO",0,0,1.15563191907895,"0_of_4"
"ZDHHC18",0,0,1.15496996949772,"0_of_4"
"PIAS4",0,0,1.15466822426073,"0_of_4"
"HAMP",0,0,1.15394016162848,"0_of_4"
"JMJD1C",0,0,1.15317115628521,"0_of_4"
"MBIP",0,0,1.15301924830977,"0_of_4"
"LCP2",0,0,1.1525899458503,"0_of_4"
"SIPA1L3",0,0,1.15145135827436,"0_of_4"
"AP2A1",0,0,1.15062697174197,"0_of_4"
"PPAN.P2RY11",0,0,1.15060909779339,"0_of_4"
"INPP4B",0,0,1.15042590477466,"0_of_4"
"BABAM2",0,0,1.14988586732255,"0_of_4"
"HTRA2",0,0,1.1497320717569,"0_of_4"
"SSR2",0,0,1.14956310361961,"0_of_4"
"GAPDHS",0,0,1.14906712254666,"0_of_4"
"MIEF1",0,0,1.14883723000333,"0_of_4"
"SAR1A",0,0,1.14855568671987,"0_of_4"
"DARS2",0,0,1.14822194126029,"0_of_4"
"CDH13",0,0,1.14752417528231,"0_of_4"
"AQP7",0,0,1.14660654824706,"0_of_4"
"ATG10",0,0,1.14658095621039,"0_of_4"
"CMTR1",0,0,1.14606868489855,"0_of_4"
"FAM131A",0,0,1.14579979924822,"0_of_4"
"BBS4",0,0,1.14560457190557,"0_of_4"
"ST6GAL2",0,0,1.14462213838767,"0_of_4"
"RFXAP",0,0,1.14456981853567,"0_of_4"
"KMT5C",0,0,1.14414363195386,"0_of_4"
"IL4",0,0,1.14380122718461,"0_of_4"
"SMIM30",0,0,1.14323658826719,"0_of_4"
"GATA1",0,0,1.14308132992463,"0_of_4"
"RTF2",0,0,1.14253606217714,"0_of_4"
"SPIDR",0,0,1.1423013417112,"0_of_4"
"RLIM",0,0,1.14229502027678,"0_of_4"
"SRD5A1",0,0,1.14209487444513,"0_of_4"
"ZNF276",0,0,1.14160212560615,"0_of_4"
"SCRIB",0,0,1.14116655985892,"0_of_4"
"FTCDNL1",0,0,1.1408469857188,"0_of_4"
"ASTN2",0,0,1.14074234588146,"0_of_4"
"PIGL",0,0,1.1407041753283,"0_of_4"
"HOXD3",0,0,1.14055092212527,"0_of_4"
"FAM160A2",0,0,1.14037855754993,"0_of_4"
"LIPT1",0,0,1.13946449924243,"0_of_4"
"WIZ",0,0,1.13944077025228,"0_of_4"
"PTPN2",0,0,1.13846178034743,"0_of_4"
"ZNF664",0,0,1.13693449501301,"0_of_4"
"ATP6V0C",0,0,1.13689055443924,"0_of_4"
"AC010323.1",0,0,1.13590008765924,"0_of_4"
"AGTRAP",0,0,1.13577797370837,"0_of_4"
"QPCTL",0,0,1.13575605249687,"0_of_4"
"GLG1",0,0,1.13544512197992,"0_of_4"
"OPN1SW",0,0,1.13529649573328,"0_of_4"
"FYTTD1",0,0,1.13512950374077,"0_of_4"
"AIMP1",0,0,1.13501488169818,"0_of_4"
"FAM193A",0,0,1.13458533613078,"0_of_4"
"OXR1",0,0,1.13323318127387,"0_of_4"
"ZNF202",0,0,1.13253678940138,"0_of_4"
"CTU1",0,0,1.13212371793749,"0_of_4"
"TMEM199",0,0,1.13192394291055,"0_of_4"
"COX7A2L",0,0,1.13096670648679,"0_of_4"
"LYL1",0,0,1.1304872043347,"0_of_4"
"METTL16",0,0,1.12990370106865,"0_of_4"
"SERPINA6",0,0,1.12989233428744,"0_of_4"
"ADH5",0,0,1.12986196708868,"0_of_4"
"MORN5",0,0,1.12935058101981,"0_of_4"
"TMEM204",0,0,1.12923180642768,"0_of_4"
"DOLK",0,0,1.12906417203306,"0_of_4"
"DDRGK1",0,0,1.12901660161528,"0_of_4"
"CSKMT",0,0,1.1285488393229,"0_of_4"
"DENND10",0,0,1.12835806515968,"0_of_4"
"SRPK2",0,0,1.12825179174752,"0_of_4"
"IRF8",0,0,1.1281169071831,"0_of_4"
"HECTD1",0,0,1.12793983772567,"0_of_4"
"CCDC32",0,0,1.12781628860254,"0_of_4"
"MTERF2",0,0,1.12753672525688,"0_of_4"
"CAPZA2",0,0,1.12688053607366,"0_of_4"
"COQ10B",0,0,1.12672065839632,"0_of_4"
"NRAS",0,0,1.12633455902075,"0_of_4"
"TBC1D5",0,0,1.12569417208867,"0_of_4"
"TRNAU1AP",0,0,1.12549691450409,"0_of_4"
"NAV3",0,0,1.12472284251107,"0_of_4"
"DNAJB6",0,0,1.12468146134292,"0_of_4"
"RAB11FIP5",0,0,1.12468140863314,"0_of_4"
"RNF4",0,0,1.12433418588784,"0_of_4"
"ZNF574",0,0,1.12430477713856,"0_of_4"
"SMOC1",0,0,1.12370954576049,"0_of_4"
"PPP4R3B",0,0,1.1234738547875,"0_of_4"
"LRRC70",0,0,1.12303145867654,"0_of_4"
"ANKFY1",0,0,1.12108743244633,"0_of_4"
"SUOX",0,0,1.12050923680649,"0_of_4"
"SLC30A6",0,0,1.12034768283023,"0_of_4"
"TEX264",0,0,1.12007580889704,"0_of_4"
"LAMTOR1",0,0,1.11972263544468,"0_of_4"
"DIS3",0,0,1.11881717740831,"0_of_4"
"CRYBA2",0,0,1.11865184945591,"0_of_4"
"LUC7L",0,0,1.11859673253263,"0_of_4"
"TMEM50B",0,0,1.11804635634863,"0_of_4"
"CLASRP",0,0,1.1178414525271,"0_of_4"
"MPP5",0,0,1.1174055408233,"0_of_4"
"ABITRAM",0,0,1.11712284010716,"0_of_4"
"ZNF789",0,0,1.11671556968639,"0_of_4"
"PCDHGA9",0,0,1.11637239868793,"0_of_4"
"PPP2R5E",0,0,1.11598363964394,"0_of_4"
"TECRL",0,0,1.11594966832469,"0_of_4"
"RFPL2",0,0,1.1159446342599,"0_of_4"
"SBSN",0,0,1.11570994936985,"0_of_4"
"PTK2",0,0,1.11495306134409,"0_of_4"
"MTX2",0,0,1.11494977438245,"0_of_4"
"TUBD1",0,0,1.1145269394677,"0_of_4"
"DDX47",0,0,1.11406593348802,"0_of_4"
"AP2A2",0,0,1.11348222707871,"0_of_4"
"SPPL2B",0,0,1.11335701624331,"0_of_4"
"NAALADL2",0,0,1.11323287592498,"0_of_4"
"PTGDR2",0,0,1.11307222370636,"0_of_4"
"ZNF142",0,0,1.11277559514519,"0_of_4"
"IFT81",0,0,1.11260471051916,"0_of_4"
"ASH1L",0,0,1.11201209673257,"0_of_4"
"ZNF639",0,0,1.11199936204812,"0_of_4"
"TMED9",0,0,1.1109463564962,"0_of_4"
"UQCC1",0,0,1.11034825072161,"0_of_4"
"ATP8B1",0,0,1.10987405098789,"0_of_4"
"RNF123",0,0,1.10933482588827,"0_of_4"
"RABEP2",0,0,1.10904498510165,"0_of_4"
"GJB7",0,0,1.10903286965376,"0_of_4"
"SUGP1",0,0,1.10872065267581,"0_of_4"
"MICU3",0,0,1.10869148394286,"0_of_4"
"FNDC3A",0,0,1.10814410837991,"0_of_4"
"UGT1A3",0,0,1.1080291486937,"0_of_4"
"AGAP3",0,0,1.10776186232536,"0_of_4"
"BLZF1",0,0,1.10748304209209,"0_of_4"
"IL24",0,0,1.10747184019261,"0_of_4"
"TRAFD1",0,0,1.1070716715707,"0_of_4"
"ADAM10",0,0,1.10689288454321,"0_of_4"
"EGFLAM",0,0,1.10665701822582,"0_of_4"
"CHP1",0,0,1.10628055640405,"0_of_4"
"TTC9C",0,0,1.10616726599869,"0_of_4"
"PUM2",0,0,1.10587271577219,"0_of_4"
"PGBD4",0,0,1.10568182005013,"0_of_4"
"TMEM131",0,0,1.10551848123536,"0_of_4"
"ZXDC",0,0,1.10547882448657,"0_of_4"
"ZNF800",0,0,1.10465643888317,"0_of_4"
"TRIP12",0,0,1.10382549045848,"0_of_4"
"AC124312.1",0,0,1.10372795909195,"0_of_4"
"AL162231.1",0,0,1.1033579080494,"0_of_4"
"LUC7L3",0,0,1.1030621988617,"0_of_4"
"TRIM26",0,0,1.10279816484949,"0_of_4"
"DTNBP1",0,0,1.10209539930502,"0_of_4"
"TBC1D12",0,0,1.10195330433497,"0_of_4"
"ASH2L",0,0,1.10181552784256,"0_of_4"
"EBPL",0,0,1.10139836262844,"0_of_4"
"C7orf57",0,0,1.10020943697956,"0_of_4"
"MGRN1",0,0,1.10012250902275,"0_of_4"
"ZNF318",0,0,1.0997200917685,"0_of_4"
"PEX11A",0,0,1.09952078294406,"0_of_4"
"MTCH1",0,0,1.09922913797022,"0_of_4"
"TMEM258",0,0,1.0986745291637,"0_of_4"
"RDH14",0,0,1.09829096127849,"0_of_4"
"ADH6",0,0,1.09817000711239,"0_of_4"
"ZNF585A",0,0,1.09809499289268,"0_of_4"
"ARPC4",0,0,1.09798539589443,"0_of_4"
"NUDT19",0,0,1.09775691367016,"0_of_4"
"SLC35B1",0,0,1.09739935151758,"0_of_4"
"SPTSSA",0,0,1.09725683763706,"0_of_4"
"KEAP1",0,0,1.09714350482886,"0_of_4"
"FAM92A",0,0,1.09573719711645,"0_of_4"
"COL15A1",0,0,1.09567500606508,"0_of_4"
"MMADHC",0,0,1.09540576249143,"0_of_4"
"ZNF205",0,0,1.09538468733059,"0_of_4"
"EIF2A",0,0,1.09526654890091,"0_of_4"
"TPD52L2",0,0,1.09496370247288,"0_of_4"
"EMD",0,0,1.09490592888156,"0_of_4"
"SLC14A1",0,0,1.09479695084735,"0_of_4"
"EIF1",0,0,1.09465533889184,"0_of_4"
"RNPEP",0,0,1.0943680813427,"0_of_4"
"PPHLN1",0,0,1.09427909418258,"0_of_4"
"SAMD8",0,0,1.09388944573577,"0_of_4"
"PAPOLG",0,0,1.09384109296035,"0_of_4"
"NEDD8",0,0,1.09364538889486,"0_of_4"
"GOSR1",0,0,1.09364004557325,"0_of_4"
"NPIPB3",0,0,1.09315991964007,"0_of_4"
"OSCAR",0,0,1.09309069599242,"0_of_4"
"CLEC18A",0,0,1.09297778010583,"0_of_4"
"PNLDC1",0,0,1.09199211742798,"0_of_4"
"FGA",0,0,1.09191779697185,"0_of_4"
"SRSF4",0,0,1.09184189698412,"0_of_4"
"ATXN2L",0,0,1.09175662032788,"0_of_4"
"NANP",0,0,1.09143955770885,"0_of_4"
"RANBP10",0,0,1.09037252485866,"0_of_4"
"APOBEC3C",0,0,1.08935227854604,"0_of_4"
"FOXO3B",0,0,1.08767588568043,"0_of_4"
"PLD6",0,0,1.08749862390955,"0_of_4"
"VPS16",0,0,1.08718404738452,"0_of_4"
"HPS3",0,0,1.08691149482252,"0_of_4"
"REX1BD",0,0,1.08686887607813,"0_of_4"
"CNNM3",0,0,1.08662911201717,"0_of_4"
"TCF25",0,0,1.08655305958739,"0_of_4"
"TRIM39",0,0,1.08649072804037,"0_of_4"
"JAGN1",0,0,1.08625117729436,"0_of_4"
"NOD1",0,0,1.08612891229448,"0_of_4"
"TIRAP",0,0,1.08600297108086,"0_of_4"
"SLC35D2",0,0,1.08568844010449,"0_of_4"
"SCARA5",0,0,1.08549455789681,"0_of_4"
"ELMSAN1",0,0,1.08528002396197,"0_of_4"
"TAF10",0,0,1.08515313715119,"0_of_4"
"AL355315.1",0,0,1.0846866034291,"0_of_4"
"DDX52",0,0,1.08453089989118,"0_of_4"
"ADO",0,0,1.08444200721431,"0_of_4"
"C14orf132",0,0,1.08242214235936,"0_of_4"
"CHRNA2",0,0,1.08228844777527,"0_of_4"
"KCNC1",0,0,1.08217569052423,"0_of_4"
"DCP1A",0,0,1.0810690762248,"0_of_4"
"TSSC4",0,0,1.08064453220623,"0_of_4"
"LAMTOR2",0,0,1.07983471024917,"0_of_4"
"THEM6",0,0,1.07934973457385,"0_of_4"
"WDR83OS",0,0,1.07867473889159,"0_of_4"
"ZNF670.ZNF695",0,0,1.07710184086634,"0_of_4"
"PYGO2",0,0,1.0768558941208,"0_of_4"
"SLC4A9",0,0,1.07683763126071,"0_of_4"
"RARS1",0,0,1.07674248230236,"0_of_4"
"CORT",0,0,1.07643985652785,"0_of_4"
"SEC24B",0,0,1.07610201589706,"0_of_4"
"CEND1",0,0,1.0759691844711,"0_of_4"
"BRD1",0,0,1.07569530541535,"0_of_4"
"TEF",0,0,1.07554848415524,"0_of_4"
"NANOG",0,0,1.0755328280536,"0_of_4"
"LHFPL4",0,0,1.07539174267663,"0_of_4"
"GIGYF1",0,0,1.07520147564691,"0_of_4"
"TDRD10",0,0,1.07488025225874,"0_of_4"
"TAS2R38",0,0,1.07470393684042,"0_of_4"
"AS3MT",0,0,1.07470195595427,"0_of_4"
"INTS12",0,0,1.07414244384942,"0_of_4"
"WAPL",0,0,1.07392346741629,"0_of_4"
"OPA3",0,0,1.07383056849642,"0_of_4"
"FAF2",0,0,1.07378727733786,"0_of_4"
"DPM1",0,0,1.07358141671119,"0_of_4"
"CT45A10",0,0,1.07347495255234,"0_of_4"
"C6orf120",0,0,1.07339311557499,"0_of_4"
"AC012309.1",0,0,1.07319597033839,"0_of_4"
"SYNGR2",0,0,1.07294331849673,"0_of_4"
"POM121",0,0,1.0724892523143,"0_of_4"
"LHX4",0,0,1.07229659565396,"0_of_4"
"AC027796.3",0,0,1.0718261601287,"0_of_4"
"KLHL8",0,0,1.07157509423775,"0_of_4"
"ARPC3",0,0,1.07152305658576,"0_of_4"
"RBBP9",0,0,1.07065758108127,"0_of_4"
"FAM220A",0,0,1.07062029377697,"0_of_4"
"AL121758.1",0,0,1.07047078570923,"0_of_4"
"DELE1",0,0,1.07046571801092,"0_of_4"
"MSTO1",0,0,1.06920342042816,"0_of_4"
"GPR137",0,0,1.06894357533691,"0_of_4"
"ANGEL1",0,0,1.06882632916725,"0_of_4"
"ZNF414",0,0,1.06875884869795,"0_of_4"
"FBXO31",0,0,1.06839833620967,"0_of_4"
"IBTK",0,0,1.068221317368,"0_of_4"
"COX18",0,0,1.06763349414291,"0_of_4"
"GGA3",0,0,1.06730515485558,"0_of_4"
"ZNF584",0,0,1.06712669912682,"0_of_4"
"REPIN1",0,0,1.06712419289722,"0_of_4"
"AC048338.2",0,0,1.06688112128307,"0_of_4"
"PEX14",0,0,1.06622533172077,"0_of_4"
"VPS72",0,0,1.06599204288499,"0_of_4"
"TGIF2.RAB5IF",0,0,1.06548963584502,"0_of_4"
"DHX38",0,0,1.06529574721643,"0_of_4"
"TOP1MT",0,0,1.06525628173741,"0_of_4"
"IL5RA",0,0,1.06515768039928,"0_of_4"
"C8orf37",0,0,1.06506496748414,"0_of_4"
"AC090360.1",0,0,1.06490773048857,"0_of_4"
"GJA9",0,0,1.06481128724197,"0_of_4"
"MYOF",0,0,1.06472553442434,"0_of_4"
"PCF11",0,0,1.06458320342496,"0_of_4"
"EIF3L",0,0,1.06455407555534,"0_of_4"
"SELENOO",0,0,1.06448080652388,"0_of_4"
"WDR70",0,0,1.06445137463641,"0_of_4"
"ARRDC2",0,0,1.06416549236686,"0_of_4"
"ZDHHC3",0,0,1.06349897940644,"0_of_4"
"TFB1M",0,0,1.06344264959862,"0_of_4"
"MIER1",0,0,1.06320156893323,"0_of_4"
"GPATCH3",0,0,1.06298697027145,"0_of_4"
"SCAF11",0,0,1.06265799891572,"0_of_4"
"ABHD13",0,0,1.06228557522101,"0_of_4"
"ACTRT3",0,0,1.06221519486663,"0_of_4"
"SSU72",0,0,1.06217228676111,"0_of_4"
"COX10",0,0,1.0619999694096,"0_of_4"
"SLC35F5",0,0,1.06185604201947,"0_of_4"
"AZU1",0,0,1.06166960960578,"0_of_4"
"RNF149",0,0,1.06153880895169,"0_of_4"
"PDS5A",0,0,1.06102608344851,"0_of_4"
"NUP160",0,0,1.0605190947599,"0_of_4"
"MUSK",0,0,1.0600546616165,"0_of_4"
"HSD17B2",0,0,1.05886578719562,"0_of_4"
"TRIM33",0,0,1.05879001430346,"0_of_4"
"FAM110C",0,0,1.0575422627162,"0_of_4"
"ADAMTS17",0,0,1.05691472109286,"0_of_4"
"RNPEPL1",0,0,1.05640425733479,"0_of_4"
"MED9",0,0,1.05586064038711,"0_of_4"
"CHRDL2",0,0,1.05582559297584,"0_of_4"
"WDR46",0,0,1.05577177026708,"0_of_4"
"ZNF771",0,0,1.05513029660102,"0_of_4"
"YKT6",0,0,1.05477062452393,"0_of_4"
"TNFSF12.TNFSF13",0,0,1.05461333292327,"0_of_4"
"TSNAX",0,0,1.05446084270949,"0_of_4"
"FUT10",0,0,1.05389069373462,"0_of_4"
"ASTL",0,0,1.05370307670009,"0_of_4"
"WDR59",0,0,1.05369745298408,"0_of_4"
"MYL12A",0,0,1.05332137792964,"0_of_4"
"SEC16A",0,0,1.05329633465815,"0_of_4"
"KLHL9",0,0,1.05305459311485,"0_of_4"
"AL022318.4",0,0,1.05271507098241,"0_of_4"
"TBK1",0,0,1.0526309330434,"0_of_4"
"DHPS",0,0,1.05215851357235,"0_of_4"
"CACNB2",0,0,1.05132664066839,"0_of_4"
"DNAAF2",0,0,1.05124972326629,"0_of_4"
"PRSS45P",0,0,1.05114827384537,"0_of_4"
"F8A3",0,0,1.05073940407654,"0_of_4"
"ARL3",0,0,1.05071853633906,"0_of_4"
"SUSD1",0,0,1.05058221572102,"0_of_4"
"PACRGL",0,0,1.05056810676951,"0_of_4"
"QTRT1",0,0,1.05041386033361,"0_of_4"
"TMCC1",0,0,1.04968591555806,"0_of_4"
"DENND4B",0,0,1.04967892530804,"0_of_4"
"VCPKMT",0,0,1.048557743346,"0_of_4"
"SIRT1",0,0,1.0483080560244,"0_of_4"
"AL033529.1",0,0,1.04670122024732,"0_of_4"
"SAP30L",0,0,1.0466313620029,"0_of_4"
"TOX4",0,0,1.0466148174597,"0_of_4"
"RAI1",0,0,1.04611235645748,"0_of_4"
"MTMR4",0,0,1.04555889475281,"0_of_4"
"ZBTB33",0,0,1.04550503906719,"0_of_4"
"SHARPIN",0,0,1.04522744349829,"0_of_4"
"UBC",0,0,1.04481148931392,"0_of_4"
"COX5B",0,0,1.04435837438712,"0_of_4"
"SLC26A6",0,0,1.04423488989999,"0_of_4"
"MAGEA4",0,0,1.04419013019125,"0_of_4"
"PRMT9",0,0,1.04278828407875,"0_of_4"
"CHD5",0,0,1.04241151737034,"0_of_4"
"ATP1A1",0,0,1.04160581849524,"0_of_4"
"SLC14A2",0,0,1.04140163115732,"0_of_4"
"STXBP2",0,0,1.04087572338413,"0_of_4"
"MICALL2",0,0,1.04046111781921,"0_of_4"
"AC118549.1",0,0,1.04022910364015,"0_of_4"
"KDM8",0,0,1.03953679167273,"0_of_4"
"TRIM35",0,0,1.03950873963336,"0_of_4"
"MRPS21",0,0,1.03911350471416,"0_of_4"
"GABPA",0,0,1.03885895971002,"0_of_4"
"MLYCD",0,0,1.03861442433818,"0_of_4"
"TAOK2",0,0,1.03834115204003,"0_of_4"
"EMC4",0,0,1.03830381130274,"0_of_4"
"ZC3H4",0,0,1.0380327755829,"0_of_4"
"OXLD1",0,0,1.03795554338192,"0_of_4"
"FBXO46",0,0,1.03787821107662,"0_of_4"
"DEDD2",0,0,1.03753058037691,"0_of_4"
"CLPX",0,0,1.03751790835488,"0_of_4"
"FAM24B",0,0,1.03661371762109,"0_of_4"
"METTL18",0,0,1.0364839664745,"0_of_4"
"INTS11",0,0,1.0364112712772,"0_of_4"
"NBAS",0,0,1.03592327850983,"0_of_4"
"NKTR",0,0,1.03580396477743,"0_of_4"
"EPC1",0,0,1.03566241028123,"0_of_4"
"TMED1",0,0,1.03548827409822,"0_of_4"
"AC004076.1",0,0,1.03547978378322,"0_of_4"
"SMARCAL1",0,0,1.03539135998039,"0_of_4"
"CSNK1G3",0,0,1.03501361363241,"0_of_4"
"ELAC1",0,0,1.03490456663319,"0_of_4"
"RNF40",0,0,1.03436675182511,"0_of_4"
"LUC7L2",0,0,1.03386144890568,"0_of_4"
"SMIM11A",0,0,1.03364411059776,"0_of_4"
"BRI3",0,0,1.03342800686806,"0_of_4"
"ZNF546",0,0,1.03291942138148,"0_of_4"
"MAGEF1",0,0,1.03283524721688,"0_of_4"
"FBRS",0,0,1.03176411561332,"0_of_4"
"ANKRD53",0,0,1.03145804800932,"0_of_4"
"ZNF687",0,0,1.03141433912065,"0_of_4"
"TMEM128",0,0,1.03137226749517,"0_of_4"
"CROCC",0,0,1.03121178564284,"0_of_4"
"CLASP1",0,0,1.03117867229348,"0_of_4"
"TALDO1",0,0,1.03112549584007,"0_of_4"
"NPAT",0,0,1.03103194712523,"0_of_4"
"TBC1D22A",0,0,1.030745836911,"0_of_4"
"TMEM186",0,0,1.03056582072437,"0_of_4"
"MTRNR2L4",0,0,1.03044735018618,"0_of_4"
"TNRC6A",0,0,1.03034402390211,"0_of_4"
"DPY19L4",0,0,1.02972883585929,"0_of_4"
"DNAL4",0,0,1.02924717795008,"0_of_4"
"ARHGAP1",0,0,1.02721229508207,"0_of_4"
"MED1",0,0,1.02700137708985,"0_of_4"
"CBX1",0,0,1.02699912613472,"0_of_4"
"SLC22A2",0,0,1.02690269263484,"0_of_4"
"ARID2",0,0,1.02672337681756,"0_of_4"
"BIRC6",0,0,1.02669693065768,"0_of_4"
"DRD5",0,0,1.02646059672978,"0_of_4"
"SLC38A8",0,0,1.02632975645486,"0_of_4"
"WDR73",0,0,1.02629674271681,"0_of_4"
"LTN1",0,0,1.02611352099821,"0_of_4"
"RAPSN",0,0,1.02572731851541,"0_of_4"
"PPIL2",0,0,1.02467385703773,"0_of_4"
"ARID3C",0,0,1.02443074395426,"0_of_4"
"STX6",0,0,1.02425252067364,"0_of_4"
"IP6K1",0,0,1.02414322816391,"0_of_4"
"IFNGR2",0,0,1.02372454252934,"0_of_4"
"SLC35A4",0,0,1.02368175682928,"0_of_4"
"LIG3",0,0,1.02210297045345,"0_of_4"
"BAG4",0,0,1.02190049881325,"0_of_4"
"SEC13",0,0,1.02186473413427,"0_of_4"
"TYW1",0,0,1.02184027280701,"0_of_4"
"AC008073.3",0,0,1.0217351501339,"0_of_4"
"FBN3",0,0,1.02139392676372,"0_of_4"
"AL157935.3",0,0,1.0213331994544,"0_of_4"
"UBXN1",0,0,1.02076576126107,"0_of_4"
"PABPC4",0,0,1.02016751256813,"0_of_4"
"SNAPC4",0,0,1.01996163358641,"0_of_4"
"PLEKHA3",0,0,1.01991897452163,"0_of_4"
"CDC34",0,0,1.01973081696585,"0_of_4"
"SCAMP4",0,0,1.01948981814158,"0_of_4"
"PDHB",0,0,1.01942409063491,"0_of_4"
"PDE7A",0,0,1.01888215250113,"0_of_4"
"LSM1",0,0,1.01882023992863,"0_of_4"
"PCSK2",0,0,1.01869537810838,"0_of_4"
"AL133352.1",0,0,1.01848036938871,"0_of_4"
"NPIPB4",0,0,1.01845806673822,"0_of_4"
"NUDT2",0,0,1.01839256439025,"0_of_4"
"GAK",0,0,1.01831177726865,"0_of_4"
"SF3B1",0,0,1.01797885358462,"0_of_4"
"DHX34",0,0,1.01789257114189,"0_of_4"
"UGGT1",0,0,1.01694761033742,"0_of_4"
"COG7",0,0,1.01690647858295,"0_of_4"
"INTS5",0,0,1.01658878324963,"0_of_4"
"GSDMC",0,0,1.01654261666558,"0_of_4"
"COL5A2",0,0,1.01639872441266,"0_of_4"
"COX7C",0,0,1.0163825738283,"0_of_4"
"ZNF619",0,0,1.01634001770379,"0_of_4"
"SGCA",0,0,1.01629568970686,"0_of_4"
"WNK3",0,0,1.01582806837612,"0_of_4"
"IGSF10",0,0,1.01545631087083,"0_of_4"
"DYNC1LI2",0,0,1.01515700830702,"0_of_4"
"AP002884.2",0,0,1.01453640616971,"0_of_4"
"NDUFS2",0,0,1.01426165136871,"0_of_4"
"WDR45B",0,0,1.01399312113066,"0_of_4"
"NAXD",0,0,1.01379768868367,"0_of_4"
"ZNF672",0,0,1.01361243972353,"0_of_4"
"FAM153A",0,0,1.01270684964844,"0_of_4"
"TMBIM1",0,0,1.01208035116475,"0_of_4"
"ASAP1",0,0,1.01194604083968,"0_of_4"
"NR1I2",0,0,1.0117485482459,"0_of_4"
"ANAPC10",0,0,1.0116834011105,"0_of_4"
"FBXL4",0,0,1.01159156720044,"0_of_4"
"NOL8",0,0,1.01108998572889,"0_of_4"
"GTF3C2",0,0,1.01075744266619,"0_of_4"
"AC010422.5",0,0,1.01058404876037,"0_of_4"
"AASDH",0,0,1.01031444047787,"0_of_4"
"PNPLA5",0,0,1.00991115844782,"0_of_4"
"ACBD5",0,0,1.00989493227188,"0_of_4"
"CEPT1",0,0,1.00947786013617,"0_of_4"
"ZFR",0,0,1.00917958957654,"0_of_4"
"ALS2",0,0,1.00892023358372,"0_of_4"
"INSYN1",0,0,1.00888023029863,"0_of_4"
"CEACAM20",0,0,1.00885833593391,"0_of_4"
"MOV10",0,0,1.00872712215775,"0_of_4"
"NAGA",0,0,1.00866967632455,"0_of_4"
"MYOM2",0,0,1.00848578739033,"0_of_4"
"DEDD",0,0,1.00830724657085,"0_of_4"
"ANKRD36",0,0,1.00772765810472,"0_of_4"
"TSACC",0,0,1.00761614450437,"0_of_4"
"BMP5",0,0,1.00732850711012,"0_of_4"
"LRRC36",0,0,1.0071256992093,"0_of_4"
"ARMC5",0,0,1.00588807903522,"0_of_4"
"HSP90B1",0,0,1.0053697347214,"0_of_4"
"ATF7IP",0,0,1.00533980376855,"0_of_4"
"SLC35F6",0,0,1.00483766165016,"0_of_4"
"MAGEA2B",0,0,1.00464500008055,"0_of_4"
"C12orf4",0,0,1.00416700341445,"0_of_4"
"TPSG1",0,0,1.00380689846194,"0_of_4"
"DENND11",0,0,1.00361839711352,"0_of_4"
"RAB11FIP4",0,0,1.00301097817388,"0_of_4"
"EMSY",0,0,1.00269968269375,"0_of_4"
"PGAP2",0,0,1.0025834166978,"0_of_4"
"NUGGC",0,0,1.00252743531377,"0_of_4"
"MOCS1",0,0,1.00241072062534,"0_of_4"
"TGM5",0,0,1.00222761696028,"0_of_4"
"PHF8",0,0,1.00214981457831,"0_of_4"
"KAT14",0,0,1.0020307058802,"0_of_4"
"KPNA6",0,0,1.00175308185806,"0_of_4"
"NUS1",0,0,1.00173904056557,"0_of_4"
"GATD3B",0,0,1.00173757962335,"0_of_4"
"MAGEA10",0,0,1.00108109284484,"0_of_4"
"CWC25",0,0,1.00093769754241,"0_of_4"
"MYCBP2",0,0,1.00070114184791,"0_of_4"
"ATG5",0,0,1.0006919873253,"0_of_4"
"PRPF3",0,0,1.00065876930192,"0_of_4"
"MYL12B",0,0,1.000488967434,"0_of_4"
"EIF3G",0,0,1.00047062299603,"0_of_4"
"EFHC2",0,0,0.998088072885515,"0_of_4"
"MCMDC2",0,0,0.998067614891476,"0_of_4"
"CD164",0,0,0.998055601932105,"0_of_4"
"AC011511.4",0,0,0.997532430837901,"0_of_4"
"EXOSC10",0,0,0.997350142182257,"0_of_4"
"NPB",0,0,0.99687554156067,"0_of_4"
"C19orf12",0,0,0.996794937629408,"0_of_4"
"ZNF354A",0,0,0.9956699982926,"0_of_4"
"PRKG2",0,0,0.995619966337541,"0_of_4"
"AC091551.1",0,0,0.995442676534576,"0_of_4"
"SMAP1",0,0,0.994353120122415,"0_of_4"
"BCL2L10",0,0,0.99390515824305,"0_of_4"
"GTF2F1",0,0,0.993355750433426,"0_of_4"
"DNAJC13",0,0,0.993346232838567,"0_of_4"
"MAF1",0,0,0.992999526053527,"0_of_4"
"ACOT13",0,0,0.992736026167699,"0_of_4"
"PPP4R2",0,0,0.99263023442976,"0_of_4"
"RNF7",0,0,0.992539643575544,"0_of_4"
"FRMD1",0,0,0.992185161579776,"0_of_4"
"BAHD1",0,0,0.99170473533896,"0_of_4"
"CHMP4B",0,0,0.991566193655747,"0_of_4"
"C19orf25",0,0,0.991161639589821,"0_of_4"
"CBX8",0,0,0.991049693085299,"0_of_4"
"MIEN1",0,0,0.990777009821245,"0_of_4"
"PITPNM1",0,0,0.990618211770598,"0_of_4"
"VAC14",0,0,0.99054148303456,"0_of_4"
"TUT1",0,0,0.990469169022234,"0_of_4"
"MYT1",0,0,0.990075363857283,"0_of_4"
"TRIM61",0,0,0.989660836208155,"0_of_4"
"C1orf52",0,0,0.989141531627872,"0_of_4"
"PCDHB1",0,0,0.989037766124208,"0_of_4"
"ERI3",0,0,0.988876521412908,"0_of_4"
"ABCA10",0,0,0.988328832118927,"0_of_4"
"AC010325.1",0,0,0.988264258613871,"0_of_4"
"PM20D1",0,0,0.98824401380949,"0_of_4"
"UBL7",0,0,0.987826264198328,"0_of_4"
"MFSD14C",0,0,0.986831623171751,"0_of_4"
"C1orf50",0,0,0.986177266505839,"0_of_4"
"IDO2",0,0,0.985978837649894,"0_of_4"
"SMARCE1",0,0,0.985779936875234,"0_of_4"
"MBOAT4",0,0,0.985707992226603,"0_of_4"
"ZKSCAN5",0,0,0.985640180301957,"0_of_4"
"MZF1",0,0,0.985388649121394,"0_of_4"
"SESN1",0,0,0.985195333635053,"0_of_4"
"MLN",0,0,0.985073432363196,"0_of_4"
"MGLL",0,0,0.984776367976459,"0_of_4"
"CSNK1D",0,0,0.983752547741994,"0_of_4"
"ZBTB34",0,0,0.983730075693731,"0_of_4"
"FBXO21",0,0,0.983688177885909,"0_of_4"
"TMEM161B",0,0,0.983369410141502,"0_of_4"
"LMAN2",0,0,0.982390954714412,"0_of_4"
"YAP1",0,0,0.981816293366435,"0_of_4"
"TUBGCP2",0,0,0.981802453804987,"0_of_4"
"LAMTOR4",0,0,0.981729044982731,"0_of_4"
"TMEM250",0,0,0.981673829706486,"0_of_4"
"TAX1BP3",0,0,0.980174942476365,"0_of_4"
"MCL1",0,0,0.980053118885988,"0_of_4"
"SURF1",0,0,0.979633053803513,"0_of_4"
"COPS7A",0,0,0.979375048598582,"0_of_4"
"SDHD",0,0,0.979319226312805,"0_of_4"
"CT55",0,0,0.979284912122642,"0_of_4"
"XKR7",0,0,0.979100147473229,"0_of_4"
"METTL14",0,0,0.978871800478909,"0_of_4"
"PPFIA1",0,0,0.978806173972427,"0_of_4"
"STK40",0,0,0.9786284131455,"0_of_4"
"ZFP14",0,0,0.978270836975228,"0_of_4"
"DDR1",0,0,0.978264793888292,"0_of_4"
"ZBTB39",0,0,0.978202451581778,"0_of_4"
"KIAA2013",0,0,0.977944213046876,"0_of_4"
"MYO1H",0,0,0.977501316540691,"0_of_4"
"MED8",0,0,0.977323156282494,"0_of_4"
"ZNF184",0,0,0.977004404526737,"0_of_4"
"UBE2G2",0,0,0.976936212026438,"0_of_4"
"RASEF",0,0,0.976146269359446,"0_of_4"
"PTPRT",0,0,0.975668198618646,"0_of_4"
"VCX3A",0,0,0.975464144621634,"0_of_4"
"UNC50",0,0,0.9751629446618,"0_of_4"
"TMEM14C",0,0,0.974699238109423,"0_of_4"
"TAF3",0,0,0.973881116543622,"0_of_4"
"PUM1",0,0,0.973852886721878,"0_of_4"
"AC092835.1",0,0,0.972985253783486,"0_of_4"
"DDX3X",0,0,0.972734659797446,"0_of_4"
"MORC2",0,0,0.972716544524081,"0_of_4"
"CD38",0,0,0.972365354052767,"0_of_4"
"PBRM1",0,0,0.97216144282818,"0_of_4"
"ARL5B",0,0,0.972077431046001,"0_of_4"
"ZNF573",0,0,0.971410996017859,"0_of_4"
"MPLKIP",0,0,0.971301036452267,"0_of_4"
"ZNF77",0,0,0.971272020246689,"0_of_4"
"D2HGDH",0,0,0.971137845926129,"0_of_4"
"MOB3A",0,0,0.971126944641377,"0_of_4"
"TBCB",0,0,0.970913111714467,"0_of_4"
"GVQW2",0,0,0.970279246895791,"0_of_4"
"CFAP36",0,0,0.970244157260187,"0_of_4"
"C11orf68",0,0,0.970063337552685,"0_of_4"
"SNX14",0,0,0.969994026826298,"0_of_4"
"ARID1B",0,0,0.969824419039495,"0_of_4"
"ZNF594",0,0,0.968631666962214,"0_of_4"
"C17orf75",0,0,0.968124825186094,"0_of_4"
"UBA1",0,0,0.968000741973793,"0_of_4"
"MPG",0,0,0.967971749085491,"0_of_4"
"KLHL12",0,0,0.967673515618511,"0_of_4"
"CUL3",0,0,0.967473282122469,"0_of_4"
"INPP5A",0,0,0.967421349929479,"0_of_4"
"RPN2",0,0,0.96728393918831,"0_of_4"
"EIF2D",0,0,0.967095262274372,"0_of_4"
"TFAP2E",0,0,0.967030454107103,"0_of_4"
"PGGT1B",0,0,0.967011606945738,"0_of_4"
"TSTD2",0,0,0.966939157273683,"0_of_4"
"CPA5",0,0,0.966859403024769,"0_of_4"
"HLA.DOA",0,0,0.966799699564854,"0_of_4"
"ST20",0,0,0.966203522832338,"0_of_4"
"FKBP11",0,0,0.966075804428742,"0_of_4"
"KIAA1257",0,0,0.966057256690634,"0_of_4"
"FKBP6",0,0,0.966047218674231,"0_of_4"
"RRH",0,0,0.965914616826686,"0_of_4"
"ZNF3",0,0,0.965875571097412,"0_of_4"
"COL24A1",0,0,0.96492279423279,"0_of_4"
"SUPT4H1",0,0,0.96473686082314,"0_of_4"
"ST3GAL6",0,0,0.964534846380721,"0_of_4"
"THRAP3",0,0,0.964312837516492,"0_of_4"
"NCOA6",0,0,0.963168125533391,"0_of_4"
"ZNF354B",0,0,0.963164480934055,"0_of_4"
"RBM48",0,0,0.963077103788404,"0_of_4"
"YME1L1",0,0,0.962942280857744,"0_of_4"
"ALG6",0,0,0.962778731575187,"0_of_4"
"NUP98",0,0,0.962473522603878,"0_of_4"
"ARHGEF7",0,0,0.962316818523066,"0_of_4"
"TTPA",0,0,0.962277543770986,"0_of_4"
"TMEM69",0,0,0.962226151504907,"0_of_4"
"FCHO2",0,0,0.96176879098121,"0_of_4"
"CAPRIN1",0,0,0.961768761373442,"0_of_4"
"HNRNPA0",0,0,0.961632730207687,"0_of_4"
"GATD3A",0,0,0.961272046433894,"0_of_4"
"MEPE",0,0,0.961019980953446,"0_of_4"
"MYNN",0,0,0.960548741126372,"0_of_4"
"DROSHA",0,0,0.959478420177069,"0_of_4"
"TMPRSS5",0,0,0.959429598019387,"0_of_4"
"CTCFL",0,0,0.958832351918244,"0_of_4"
"SLC12A1",0,0,0.958725790844165,"0_of_4"
"GLOD4",0,0,0.958702987426411,"0_of_4"
"ALKBH5",0,0,0.958632748206715,"0_of_4"
"VIL1",0,0,0.958501202360038,"0_of_4"
"JAKMIP1",0,0,0.957850012490269,"0_of_4"
"TADA2B",0,0,0.957818502668156,"0_of_4"
"CITED1",0,0,0.957723727615536,"0_of_4"
"IFT80",0,0,0.957552950030999,"0_of_4"
"GIPC2",0,0,0.95700359494807,"0_of_4"
"ARHGAP15",0,0,0.956970716524476,"0_of_4"
"POLDIP3",0,0,0.956631050968417,"0_of_4"
"AMZ1",0,0,0.956477666645654,"0_of_4"
"CHST7",0,0,0.956461971929996,"0_of_4"
"B9D2",0,0,0.956365898929827,"0_of_4"
"GPATCH2L",0,0,0.956364778459442,"0_of_4"
"ZNF543",0,0,0.956277864875265,"0_of_4"
"BCL11A",0,0,0.955786532336788,"0_of_4"
"TMEM183A",0,0,0.955757959360518,"0_of_4"
"GTF2H4",0,0,0.955612935833273,"0_of_4"
"GRB2",0,0,0.955080722289292,"0_of_4"
"FBXW4",0,0,0.954774693752576,"0_of_4"
"RPS6KA3",0,0,0.954581033782963,"0_of_4"
"ZNF518A",0,0,0.954363589619813,"0_of_4"
"DNAJC14",0,0,0.954232644980906,"0_of_4"
"VNN1",0,0,0.954143319563335,"0_of_4"
"CNGA3",0,0,0.954118829830597,"0_of_4"
"IMPACT",0,0,0.953674689909223,"0_of_4"
"ZNF474",0,0,0.952922659207167,"0_of_4"
"OXSR1",0,0,0.95271525808641,"0_of_4"
"CSDE1",0,0,0.952393765180153,"0_of_4"
"RARA",0,0,0.952162071498226,"0_of_4"
"PDCD6",0,0,0.952121250789028,"0_of_4"
"NBPF1",0,0,0.951998590144729,"0_of_4"
"PINLYP",0,0,0.951386983598622,"0_of_4"
"CALY",0,0,0.951290973153791,"0_of_4"
"IQCF3",0,0,0.951100780027982,"0_of_4"
"OXA1L",0,0,0.950875067330254,"0_of_4"
"CACNA1C",0,0,0.950515970984719,"0_of_4"
"INVS",0,0,0.950453032037559,"0_of_4"
"ATXN7L3",0,0,0.950412706021198,"0_of_4"
"RAB31",0,0,0.950412364512997,"0_of_4"
"AC006538.2",0,0,0.950374009612161,"0_of_4"
"PHKB",0,0,0.950181547673374,"0_of_4"
"GDI1",0,0,0.949597879047519,"0_of_4"
"C10orf53",0,0,0.949562423637594,"0_of_4"
"SLC35B2",0,0,0.94933102550975,"0_of_4"
"ADAMTS8",0,0,0.949232979897552,"0_of_4"
"CSNK1G2",0,0,0.948564490531444,"0_of_4"
"GATAD2B",0,0,0.948354857979997,"0_of_4"
"RHOBTB2",0,0,0.948183175174884,"0_of_4"
"SMARCAD1",0,0,0.947983076108164,"0_of_4"
"C1orf159",0,0,0.947512753894527,"0_of_4"
"MAVS",0,0,0.947401648813305,"0_of_4"
"COG8",0,0,0.946870132267301,"0_of_4"
"TMED10",0,0,0.946488871910167,"0_of_4"
"ASB6",0,0,0.94639838988041,"0_of_4"
"RELA",0,0,0.946384085121146,"0_of_4"
"AP000781.2",0,0,0.946330420193819,"0_of_4"
"RASA2",0,0,0.946127514022605,"0_of_4"
"COMMD2",0,0,0.9458932109583,"0_of_4"
"POMK",0,0,0.945360804910325,"0_of_4"
"RANBP2",0,0,0.945079737140388,"0_of_4"
"MTOR",0,0,0.945037025247891,"0_of_4"
"GANAB",0,0,0.943988745195987,"0_of_4"
"GID8",0,0,0.943094564771455,"0_of_4"
"AARS2",0,0,0.942452483739225,"0_of_4"
"LZTFL1",0,0,0.941891418195899,"0_of_4"
"AC005726.1",0,0,0.941877617077262,"0_of_4"
"GON4L",0,0,0.941413348173629,"0_of_4"
"DLX5",0,0,0.941384728823699,"0_of_4"
"CAMKK2",0,0,0.94131087945844,"0_of_4"
"USF1",0,0,0.94076224119759,"0_of_4"
"FAM120C",0,0,0.940344265758213,"0_of_4"
"GLIPR1L1",0,0,0.940241475846991,"0_of_4"
"BCLAF1",0,0,0.939400426976216,"0_of_4"
"CNTN2",0,0,0.939305906826093,"0_of_4"
"ZNF438",0,0,0.939096816016716,"0_of_4"
"SPEGNB",0,0,0.938977059767446,"0_of_4"
"SNRNP200",0,0,0.938853050608566,"0_of_4"
"B3GAT3",0,0,0.938852192692131,"0_of_4"
"SP9",0,0,0.938845359286341,"0_of_4"
"DNAJC25.GNG10",0,0,0.938415129782071,"0_of_4"
"UCKL1",0,0,0.93838221663782,"0_of_4"
"CDSN",0,0,0.938379583147907,"0_of_4"
"AGTPBP1",0,0,0.938291221073571,"0_of_4"
"RRM2B",0,0,0.937950209956593,"0_of_4"
"ZSCAN32",0,0,0.937140871157204,"0_of_4"
"PISD",0,0,0.936985199981428,"0_of_4"
"AMZ2",0,0,0.9367472955092,"0_of_4"
"CDKAL1",0,0,0.93667130790751,"0_of_4"
"NPDC1",0,0,0.936477968057217,"0_of_4"
"TRIM41",0,0,0.936299194471772,"0_of_4"
"BROX",0,0,0.936251019248715,"0_of_4"
"MAGEA2",0,0,0.936066289126175,"0_of_4"
"TMEM184B",0,0,0.935879182351415,"0_of_4"
"CBY1",0,0,0.935732336094581,"0_of_4"
"SLC24A4",0,0,0.935643038264086,"0_of_4"
"NEURL4",0,0,0.93546240881379,"0_of_4"
"TJP1",0,0,0.93541864110013,"0_of_4"
"CHURC1",0,0,0.935351024457935,"0_of_4"
"ZNF888",0,0,0.935278919158361,"0_of_4"
"PRPF4B",0,0,0.935261604396844,"0_of_4"
"ALG3",0,0,0.935081969058021,"0_of_4"
"SLC30A9",0,0,0.934967221021728,"0_of_4"
"AC242842.3",0,0,0.934764521051207,"0_of_4"
"TXNDC12",0,0,0.933903635839274,"0_of_4"
"TP53BP2",0,0,0.933878535378371,"0_of_4"
"SMG8",0,0,0.933039531697218,"0_of_4"
"COMMD5",0,0,0.932797584295526,"0_of_4"
"ACVRL1",0,0,0.93271289867376,"0_of_4"
"CYB5R3",0,0,0.932042010736724,"0_of_4"
"POFUT1",0,0,0.93179935801243,"0_of_4"
"CABP7",0,0,0.931740004565253,"0_of_4"
"KLHDC3",0,0,0.931699257300137,"0_of_4"
"KAT6A",0,0,0.931588367988844,"0_of_4"
"TIGD1",0,0,0.931517505900166,"0_of_4"
"TMEM79",0,0,0.931285085455488,"0_of_4"
"PPP6R3",0,0,0.93120068174669,"0_of_4"
"RBSN",0,0,0.931162716597671,"0_of_4"
"SAP130",0,0,0.930532970851339,"0_of_4"
"OPTC",0,0,0.9304532292267,"0_of_4"
"LYPLA2",0,0,0.930377497757594,"0_of_4"
"CNR2",0,0,0.929611241033748,"0_of_4"
"SYF2",0,0,0.929043172170146,"0_of_4"
"RSBN1",0,0,0.927821872107778,"0_of_4"
"EXOC5",0,0,0.927744898439072,"0_of_4"
"BBX",0,0,0.927229955021738,"0_of_4"
"ZNF8",0,0,0.926636174381328,"0_of_4"
"AC010522.1",0,0,0.926168447033394,"0_of_4"
"CD300LG",0,0,0.925433316782858,"0_of_4"
"PRR18",0,0,0.925171516556035,"0_of_4"
"EPN2",0,0,0.924919156161089,"0_of_4"
"TXNDC5",0,0,0.924453146459511,"0_of_4"
"UNC93B1",0,0,0.924369704116658,"0_of_4"
"RBM15B",0,0,0.924272034545335,"0_of_4"
"MAP4",0,0,0.924130388028119,"0_of_4"
"GATB",0,0,0.923847826837608,"0_of_4"
"SPTLC1",0,0,0.923571454203658,"0_of_4"
"BCDIN3D",0,0,0.922898317871712,"0_of_4"
"IST1",0,0,0.922575664457463,"0_of_4"
"MRPL45",0,0,0.922543284743457,"0_of_4"
"DCAF4",0,0,0.922055252278313,"0_of_4"
"C1orf122",0,0,0.921614191051808,"0_of_4"
"MAN1A2",0,0,0.921614073254704,"0_of_4"
"PRKAA1",0,0,0.921576647821807,"0_of_4"
"FAAH",0,0,0.92139979766809,"0_of_4"
"SAMD3",0,0,0.920850691726173,"0_of_4"
"APCDD1",0,0,0.920590923399202,"0_of_4"
"N4BP1",0,0,0.920564425240116,"0_of_4"
"CD164L2",0,0,0.920229582569347,"0_of_4"
"DKK2",0,0,0.920226648804811,"0_of_4"
"ZNF583",0,0,0.919945589210621,"0_of_4"
"HNRNPA1L2",0,0,0.919882517026504,"0_of_4"
"PUS3",0,0,0.919744751249371,"0_of_4"
"PHF23",0,0,0.91970571405239,"0_of_4"
"TRAF3IP3",0,0,0.919114663304981,"0_of_4"
"ZNF410",0,0,0.918943618244164,"0_of_4"
"UPF3A",0,0,0.918776105415173,"0_of_4"
"STYXL1",0,0,0.918303617024674,"0_of_4"
"PRSS57",0,0,0.918200009008744,"0_of_4"
"SIRT6",0,0,0.917895253282835,"0_of_4"
"SULT1A3",0,0,0.917614254405613,"0_of_4"
"CLP1",0,0,0.917515258894129,"0_of_4"
"PTAR1",0,0,0.917480677389994,"0_of_4"
"RUFY2",0,0,0.917457975654664,"0_of_4"
"RBM39",0,0,0.917276286466414,"0_of_4"
"CSMD3",0,0,0.917208402459251,"0_of_4"
"TTC5",0,0,0.917179806722324,"0_of_4"
"GOLGA6D",0,0,0.917165391819038,"0_of_4"
"NDUFB5",0,0,0.917077398390561,"0_of_4"
"FKTN",0,0,0.917032881512081,"0_of_4"
"PAIP2",0,0,0.916931799253418,"0_of_4"
"C6orf62",0,0,0.916799662217127,"0_of_4"
"GFAP",0,0,0.915957162427848,"0_of_4"
"CTAG2",0,0,0.915758790809092,"0_of_4"
"RTBDN",0,0,0.915690436387218,"0_of_4"
"FOXK1",0,0,0.915502861157114,"0_of_4"
"ATXN7L3B",0,0,0.91545369813712,"0_of_4"
"ADAM20",0,0,0.915273034600802,"0_of_4"
"NIPBL",0,0,0.914930100830495,"0_of_4"
"KDM2B",0,0,0.914187447767443,"0_of_4"
"SERHL2",0,0,0.91412184466603,"0_of_4"
"LMCD1",0,0,0.913636266654949,"0_of_4"
"DENND6A",0,0,0.913549178883559,"0_of_4"
"AC024592.3",0,0,0.913470470580668,"0_of_4"
"DCTN5",0,0,0.913456897579686,"0_of_4"
"ZNF879",0,0,0.913358365298032,"0_of_4"
"FBXW2",0,0,0.913117404236191,"0_of_4"
"PRKAG1",0,0,0.912101968763488,"0_of_4"
"VCL",0,0,0.911898896313696,"0_of_4"
"UBR5",0,0,0.911579807666276,"0_of_4"
"THYN1",0,0,0.911566440967576,"0_of_4"
"ZNF592",0,0,0.911453812191555,"0_of_4"
"TOR1A",0,0,0.911243045577768,"0_of_4"
"SOS1",0,0,0.911165416746099,"0_of_4"
"VPS54",0,0,0.91053087217253,"0_of_4"
"R3HCC1L",0,0,0.91030831635071,"0_of_4"
"CPD",0,0,0.909905629925245,"0_of_4"
"ALG1",0,0,0.909582853816367,"0_of_4"
"RNF115",0,0,0.908975511851492,"0_of_4"
"LYSMD4",0,0,0.908953891963312,"0_of_4"
"ASB18",0,0,0.908333527160156,"0_of_4"
"HSPA6",0,0,0.908083364329955,"0_of_4"
"GRIN2D",0,0,0.90790762244763,"0_of_4"
"PANO1",0,0,0.907875146673662,"0_of_4"
"PMVK",0,0,0.907364908204105,"0_of_4"
"MRS2",0,0,0.907344597918384,"0_of_4"
"CPSF1",0,0,0.906571845341607,"0_of_4"
"BIN3",0,0,0.906327323730899,"0_of_4"
"RBM22",0,0,0.906206605585457,"0_of_4"
"ZCCHC8",0,0,0.905569409815651,"0_of_4"
"SHLD3",0,0,0.90539303939068,"0_of_4"
"SPCS2",0,0,0.905355427123889,"0_of_4"
"KAT5",0,0,0.905287155312079,"0_of_4"
"MALSU1",0,0,0.905125292822947,"0_of_4"
"HARS2",0,0,0.904441708088966,"0_of_4"
"PKDREJ",0,0,0.90431356656972,"0_of_4"
"GNB3",0,0,0.903963355928007,"0_of_4"
"CCDC36",0,0,0.903895767059531,"0_of_4"
"STRN3",0,0,0.903161907275118,"0_of_4"
"VTA1",0,0,0.903159317296352,"0_of_4"
"C1QL3",0,0,0.903084203607644,"0_of_4"
"SMG1",0,0,0.902967412317262,"0_of_4"
"CLPTM1",0,0,0.902856947452361,"0_of_4"
"TMEM176B",0,0,0.902283243735102,"0_of_4"
"FIZ1",0,0,0.902049331578133,"0_of_4"
"PSD",0,0,0.901918355936331,"0_of_4"
"EMCN",0,0,0.900290364677605,"0_of_4"
"KRT32",0,0,0.900211025230912,"0_of_4"
"EMC2",0,0,0.900005726874116,"0_of_4"
"FBXO42",0,0,0.899541418932239,"0_of_4"
"PIP4P1",0,0,0.899476004024508,"0_of_4"
"FOXS1",0,0,0.899271710032209,"0_of_4"
"ZNF780B",0,0,0.899250004158409,"0_of_4"
"ZNF567",0,0,0.899100551628355,"0_of_4"
"PMP2",0,0,0.898626541918462,"0_of_4"
"MPP3",0,0,0.89840745158027,"0_of_4"
"BAK1",0,0,0.898166743793773,"0_of_4"
"AKT1S1",0,0,0.897697064289921,"0_of_4"
"TRMT10B",0,0,0.897622405054058,"0_of_4"
"COQ4",0,0,0.897096538175911,"0_of_4"
"CSNK2A2",0,0,0.896883433151177,"0_of_4"
"TMEM248",0,0,0.895991812636762,"0_of_4"
"HOMEZ",0,0,0.895343335348403,"0_of_4"
"UBE4B",0,0,0.894786792156741,"0_of_4"
"AP002748.5",0,0,0.89452447934947,"0_of_4"
"R3HDM4",0,0,0.894383962854996,"0_of_4"
"CTDP1",0,0,0.894340087359261,"0_of_4"
"RGPD6",0,0,0.894020341618256,"0_of_4"
"ZC3H7A",0,0,0.893566989841461,"0_of_4"
"CCDC151",0,0,0.893286247027448,"0_of_4"
"ARL10",0,0,0.893234335987456,"0_of_4"
"SORCS3",0,0,0.893024313937504,"0_of_4"
"FCGR1B",0,0,0.89294757955442,"0_of_4"
"FNBP1",0,0,0.892488414511869,"0_of_4"
"PI4KB",0,0,0.892397111853389,"0_of_4"
"LY6G5B",0,0,0.892392433060739,"0_of_4"
"GOLGA6L22",0,0,0.892186748164517,"0_of_4"
"TBC1D3G",0,0,0.891986057759588,"0_of_4"
"DYNC2LI1",0,0,0.891976550225996,"0_of_4"
"DUSP14",0,0,0.891716514591784,"0_of_4"
"C2CD2L",0,0,0.891645157406547,"0_of_4"
"DDI2",0,0,0.891452023108143,"0_of_4"
"FAM133A",0,0,0.891215099726367,"0_of_4"
"ACTN3",0,0,0.890942245442307,"0_of_4"
"MIOS",0,0,0.8906619106471,"0_of_4"
"GLYAT",0,0,0.890552474359644,"0_of_4"
"NAA80",0,0,0.890375562390421,"0_of_4"
"XIRP2",0,0,0.890344776578755,"0_of_4"
"BEX5",0,0,0.889973583733935,"0_of_4"
"EFCAB8",0,0,0.889956318486545,"0_of_4"
"SNX3",0,0,0.889579966160133,"0_of_4"
"CDR2",0,0,0.889318552642055,"0_of_4"
"HCN3",0,0,0.888934075131885,"0_of_4"
"EP400",0,0,0.888455502418318,"0_of_4"
"TRAPPC5",0,0,0.888398353699245,"0_of_4"
"PDRG1",0,0,0.888074087591859,"0_of_4"
"PPP1R3D",0,0,0.887888030543514,"0_of_4"
"DRAM2",0,0,0.887875370045547,"0_of_4"
"SYNJ2BP.COX16",0,0,0.887699042943992,"0_of_4"
"KRTAP4.1",0,0,0.887594116300492,"0_of_4"
"H3C12",0,0,0.887445185949083,"0_of_4"
"NF1",0,0,0.887322821698532,"0_of_4"
"PFKL",0,0,0.886618118953062,"0_of_4"
"RNF180",0,0,0.88654964475777,"0_of_4"
"AGBL5",0,0,0.886126279442258,"0_of_4"
"BCKDK",0,0,0.885591495665199,"0_of_4"
"SNX16",0,0,0.885473273264017,"0_of_4"
"ASNSD1",0,0,0.885232063097664,"0_of_4"
"FBXO9",0,0,0.885151902803837,"0_of_4"
"PABPC1",0,0,0.885076200750279,"0_of_4"
"LAMTOR5",0,0,0.884432670197604,"0_of_4"
"EHMT1",0,0,0.884014209973571,"0_of_4"
"YAF2",0,0,0.883455967656222,"0_of_4"
"SAMD4B",0,0,0.882450133943008,"0_of_4"
"TCEAL4",0,0,0.881511886637941,"0_of_4"
"SNUPN",0,0,0.881503389045342,"0_of_4"
"SCN3A",0,0,0.881186358075884,"0_of_4"
"BDP1",0,0,0.881076696332203,"0_of_4"
"DHX8",0,0,0.881002915812713,"0_of_4"
"TIMM9",0,0,0.880853322803605,"0_of_4"
"SLC5A5",0,0,0.880693944830214,"0_of_4"
"NSD3",0,0,0.880149346586121,"0_of_4"
"ZNF579",0,0,0.88007006280556,"0_of_4"
"CSNK1E",0,0,0.879977315492875,"0_of_4"
"ADAL",0,0,0.879419835144006,"0_of_4"
"PDHX",0,0,0.878989580674258,"0_of_4"
"AKR1A1",0,0,0.878597965249039,"0_of_4"
"DDX59",0,0,0.877512832735379,"0_of_4"
"GALK1",0,0,0.876826294753847,"0_of_4"
"HRAS",0,0,0.876225736310065,"0_of_4"
"ZNF182",0,0,0.876037402158398,"0_of_4"
"SPARCL1",0,0,0.875913875246505,"0_of_4"
"GBP7",0,0,0.875799318452956,"0_of_4"
"MRPL41",0,0,0.875788524050082,"0_of_4"
"ZNF2",0,0,0.875581915207069,"0_of_4"
"ZBTB11",0,0,0.875374745811664,"0_of_4"
"OCIAD2",0,0,0.875230999019792,"0_of_4"
"MKNK1",0,0,0.874516730190899,"0_of_4"
"BAP1",0,0,0.874377690996599,"0_of_4"
"PHF2",0,0,0.874173078359658,"0_of_4"
"MTPN",0,0,0.87387281329558,"0_of_4"
"ARF5",0,0,0.873779026870867,"0_of_4"
"FGF7",0,0,0.873391340803159,"0_of_4"
"CCDC194",0,0,0.8732057345853,"0_of_4"
"GTF3C1",0,0,0.873102980332227,"0_of_4"
"USP4",0,0,0.873083620709515,"0_of_4"
"SYTL3",0,0,0.872906394418208,"0_of_4"
"HUWE1",0,0,0.872468629337237,"0_of_4"
"ELF2",0,0,0.872146150750689,"0_of_4"
"NOL4",0,0,0.872126105478543,"0_of_4"
"C5orf30",0,0,0.871992817283416,"0_of_4"
"ASDURF",0,0,0.871835515504668,"0_of_4"
"DMRT1",0,0,0.87174517845017,"0_of_4"
"ZPBP2",0,0,0.871404699064633,"0_of_4"
"RASAL3",0,0,0.870943110516494,"0_of_4"
"SEMA6A",0,0,0.870709657933305,"0_of_4"
"USF3",0,0,0.87009508676516,"0_of_4"
"FAM126B",0,0,0.869158648703699,"0_of_4"
"HPS4",0,0,0.868881600846662,"0_of_4"
"PIK3CG",0,0,0.868822773310098,"0_of_4"
"FBXL18",0,0,0.868337247045718,"0_of_4"
"TTC23",0,0,0.868254529890581,"0_of_4"
"RAF1",0,0,0.867792493705091,"0_of_4"
"ENY2",0,0,0.866927199601154,"0_of_4"
"LRRC19",0,0,0.866730238286475,"0_of_4"
"TOP3B",0,0,0.866474596081264,"0_of_4"
"GTF2IRD1",0,0,0.866470729423239,"0_of_4"
"NPFFR1",0,0,0.866425140014075,"0_of_4"
"CUBN",0,0,0.866094318316974,"0_of_4"
"TESK1",0,0,0.86580340863856,"0_of_4"
"CHRNA7",0,0,0.865676859531862,"0_of_4"
"ATMIN",0,0,0.865594678994382,"0_of_4"
"PDX1",0,0,0.86512491263402,"0_of_4"
"TTC25",0,0,0.86500528759764,"0_of_4"
"YIPF6",0,0,0.864848231843017,"0_of_4"
"SCAMP1",0,0,0.86453858771142,"0_of_4"
"ITSN2",0,0,0.864424057648774,"0_of_4"
"CDC42BPB",0,0,0.86416618577531,"0_of_4"
"PLAGL2",0,0,0.863679827970145,"0_of_4"
"RELCH",0,0,0.863440052211269,"0_of_4"
"USP47",0,0,0.86328700960732,"0_of_4"
"LCN10",0,0,0.862061520217699,"0_of_4"
"GJB5",0,0,0.862006030351388,"0_of_4"
"AURKC",0,0,0.861996126557124,"0_of_4"
"COMMD6",0,0,0.861918001586895,"0_of_4"
"BORCS7.ASMT",0,0,0.861621552696112,"0_of_4"
"DGCR6L",0,0,0.860974400337549,"0_of_4"
"KMT5B",0,0,0.860629721201293,"0_of_4"
"DNAJB12",0,0,0.860517103660555,"0_of_4"
"USP50",0,0,0.860470942401974,"0_of_4"
"ITGAD",0,0,0.859880860746099,"0_of_4"
"PWWP2A",0,0,0.859841866224738,"0_of_4"
"LRP5L",0,0,0.858953367867239,"0_of_4"
"FXR1",0,0,0.858269001494227,"0_of_4"
"EEA1",0,0,0.85820762212291,"0_of_4"
"PPP3CA",0,0,0.857872677162272,"0_of_4"
"LTB4R2",0,0,0.857710138231814,"0_of_4"
"ECD",0,0,0.857496002074895,"0_of_4"
"AL512785.2",0,0,0.85734173327681,"0_of_4"
"LGALS4",0,0,0.857246819904562,"0_of_4"
"SOCS6",0,0,0.857199058690349,"0_of_4"
"UBE2W",0,0,0.857027847495374,"0_of_4"
"ELOB",0,0,0.85695007752847,"0_of_4"
"NOMO1",0,0,0.856860209052302,"0_of_4"
"USP24",0,0,0.856628150678437,"0_of_4"
"EPS15",0,0,0.85640574456641,"0_of_4"
"SENP5",0,0,0.856073382924391,"0_of_4"
"WAC",0,0,0.855959206988085,"0_of_4"
"AMBRA1",0,0,0.855302464504476,"0_of_4"
"LRRC42",0,0,0.855219164246563,"0_of_4"
"DBT",0,0,0.855068714995964,"0_of_4"
"PMPCB",0,0,0.85486528130641,"0_of_4"
"AC004223.3",0,0,0.854850387109995,"0_of_4"
"PAAF1",0,0,0.854769304546899,"0_of_4"
"XPNPEP3",0,0,0.854733515719292,"0_of_4"
"DCTN4",0,0,0.854426532617638,"0_of_4"
"DEF8",0,0,0.854277362646673,"0_of_4"
"RPS20",0,0,0.854194224995595,"0_of_4"
"ADCY10",0,0,0.854058509661527,"0_of_4"
"PAX5",0,0,0.854057809093413,"0_of_4"
"RUNDC3A",0,0,0.8533410169577,"0_of_4"
"ZNHIT3",0,0,0.852974183150295,"0_of_4"
"NDUFA11",0,0,0.852960878812545,"0_of_4"
"BCL2L2",0,0,0.852192561011822,"0_of_4"
"PLA2G2D",0,0,0.852078808245717,"0_of_4"
"CYTH1",0,0,0.851956266122947,"0_of_4"
"CD84",0,0,0.851747559907311,"0_of_4"
"CXorf40B",0,0,0.851241454567522,"0_of_4"
"CAPZB",0,0,0.851232682638033,"0_of_4"
"INTS4",0,0,0.85110501218334,"0_of_4"
"DTWD2",0,0,0.850580676482813,"0_of_4"
"ONECUT1",0,0,0.850303256116338,"0_of_4"
"RBM33",0,0,0.849987764076757,"0_of_4"
"CYFIP1",0,0,0.849559835319563,"0_of_4"
"CHRNG",0,0,0.84938007910784,"0_of_4"
"NDUFB11",0,0,0.849362519689125,"0_of_4"
"SLMAP",0,0,0.848788435301859,"0_of_4"
"FOXRED1",0,0,0.848656044692636,"0_of_4"
"THEMIS2",0,0,0.848470202812309,"0_of_4"
"RHBG",0,0,0.848341523854384,"0_of_4"
"TAX1BP1",0,0,0.848252569030186,"0_of_4"
"SSR1",0,0,0.848213649847837,"0_of_4"
"ENOSF1",0,0,0.847815538446642,"0_of_4"
"CPLANE2",0,0,0.847549479441785,"0_of_4"
"ING5",0,0,0.847408471409331,"0_of_4"
"MTMR14",0,0,0.847406011925885,"0_of_4"
"DCAF12",0,0,0.847219950365568,"0_of_4"
"ALDH18A1",0,0,0.847188380168294,"0_of_4"
"EPM2AIP1",0,0,0.847173511415043,"0_of_4"
"APOBEC3H",0,0,0.846828797417818,"0_of_4"
"RPRD1B",0,0,0.846740162518038,"0_of_4"
"OSBP",0,0,0.846667379128625,"0_of_4"
"MAP4K5",0,0,0.846652538633109,"0_of_4"
"AL121900.1",0,0,0.846032418174081,"0_of_4"
"XRN2",0,0,0.845979910247215,"0_of_4"
"ABI1",0,0,0.845729008729323,"0_of_4"
"PTBP2",0,0,0.845627322929146,"0_of_4"
"DHX16",0,0,0.845613107625034,"0_of_4"
"TRUB2",0,0,0.845579374053179,"0_of_4"
"ARF3",0,0,0.845094389356505,"0_of_4"
"ZNF169",0,0,0.845090744615662,"0_of_4"
"RMND5A",0,0,0.844675060837387,"0_of_4"
"C15orf61",0,0,0.844486201249036,"0_of_4"
"CCS",0,0,0.844133906092605,"0_of_4"
"ARGLU1",0,0,0.843426256196734,"0_of_4"
"ZMAT2",0,0,0.843247969996767,"0_of_4"
"DBNL",0,0,0.842876582905134,"0_of_4"
"LCLAT1",0,0,0.84272107934699,"0_of_4"
"PRRC2B",0,0,0.842460366088233,"0_of_4"
"TRIM39.RPP21",0,0,0.842164479861712,"0_of_4"
"PRUNE1",0,0,0.84206693452135,"0_of_4"
"UBR3",0,0,0.841492515716396,"0_of_4"
"ANAPC2",0,0,0.84146532590191,"0_of_4"
"ETV6",0,0,0.841339596302072,"0_of_4"
"FAM166A",0,0,0.841262173760804,"0_of_4"
"ZC4H2",0,0,0.840929236249157,"0_of_4"
"FRMPD1",0,0,0.840080165909727,"0_of_4"
"MKS1",0,0,0.839143882600616,"0_of_4"
"FBXW5",0,0,0.839040153160832,"0_of_4"
"SNAP47",0,0,0.838831232151857,"0_of_4"
"USP34",0,0,0.838676847925635,"0_of_4"
"SF3A1",0,0,0.837765350227499,"0_of_4"
"ZNF549",0,0,0.837732270068073,"0_of_4"
"LCMT1",0,0,0.837721616124934,"0_of_4"
"RCE1",0,0,0.837682393941988,"0_of_4"
"CYSTM1",0,0,0.837660133607577,"0_of_4"
"GPR89A",0,0,0.837085101287189,"0_of_4"
"NPRL2",0,0,0.836493919147723,"0_of_4"
"SPHK2",0,0,0.836474393059558,"0_of_4"
"MAPK14",0,0,0.836396005772418,"0_of_4"
"PTPN20",0,0,0.836391026097032,"0_of_4"
"RPRD2",0,0,0.83634540118288,"0_of_4"
"P2RY8",0,0,0.836239492499844,"0_of_4"
"EFCAB13",0,0,0.83569596446545,"0_of_4"
"C9orf153",0,0,0.835634234988138,"0_of_4"
"HPS6",0,0,0.833976996787871,"0_of_4"
"POM121C",0,0,0.833439939805325,"0_of_4"
"PCYT1A",0,0,0.833069035975605,"0_of_4"
"COMMD3.BMI1",0,0,0.83231074589992,"0_of_4"
"SPAG16",0,0,0.831326398245128,"0_of_4"
"SOHLH2",0,0,0.831210271249538,"0_of_4"
"MYDGF",0,0,0.831202398405766,"0_of_4"
"UBE4A",0,0,0.831028007526091,"0_of_4"
"SLC12A9",0,0,0.830953896180485,"0_of_4"
"PDPK1",0,0,0.830899477013254,"0_of_4"
"STYX",0,0,0.830857371762962,"0_of_4"
"COP1",0,0,0.830498987956524,"0_of_4"
"CDHR5",0,0,0.830132301851445,"0_of_4"
"BCL2L1",0,0,0.82985854252725,"0_of_4"
"RYK",0,0,0.829233646502111,"0_of_4"
"WNT7A",0,0,0.829184685578578,"0_of_4"
"GMCL1",0,0,0.829023013261114,"0_of_4"
"TTPAL",0,0,0.828866381010376,"0_of_4"
"KDM5D",0,0,0.828037390977034,"0_of_4"
"CTNND2",0,0,0.827838292915244,"0_of_4"
"TIMM29",0,0,0.827641575172739,"0_of_4"
"CLCN6",0,0,0.827625513633945,"0_of_4"
"BCL9",0,0,0.826489672463191,"0_of_4"
"SCNM1",0,0,0.826144351134724,"0_of_4"
"CNTROB",0,0,0.826017617252691,"0_of_4"
"LAP3",0,0,0.825977450828895,"0_of_4"
"LONP2",0,0,0.825903779484341,"0_of_4"
"REM2",0,0,0.825816500546609,"0_of_4"
"RPTOR",0,0,0.82568619638736,"0_of_4"
"RPS13",0,0,0.825645427301579,"0_of_4"
"UBALD1",0,0,0.825601670750404,"0_of_4"
"EIF2B1",0,0,0.825479867757802,"0_of_4"
"STK25",0,0,0.825230147219089,"0_of_4"
"CFAP300",0,0,0.824457733426394,"0_of_4"
"RO60",0,0,0.824192322034619,"0_of_4"
"HYPK",0,0,0.823769891007652,"0_of_4"
"MINPP1",0,0,0.823651797182375,"0_of_4"
"WASHC4",0,0,0.823645372664141,"0_of_4"
"CCAR2",0,0,0.823588566581711,"0_of_4"
"ZCCHC17",0,0,0.823347671354672,"0_of_4"
"ZNF12",0,0,0.823280475462894,"0_of_4"
"ARF4",0,0,0.822707393296497,"0_of_4"
"UCK1",0,0,0.82250841055569,"0_of_4"
"C4orf48",0,0,0.822257606582308,"0_of_4"
"ZNHIT1",0,0,0.822119238533936,"0_of_4"
"POLI",0,0,0.822004457076892,"0_of_4"
"PHKG2",0,0,0.821909423349352,"0_of_4"
"PIP",0,0,0.821153542585144,"0_of_4"
"CDC42SE1",0,0,0.820490976516764,"0_of_4"
"RHOT2",0,0,0.820263663128793,"0_of_4"
"GOSR2",0,0,0.820161587720661,"0_of_4"
"ARID1A",0,0,0.819858009932705,"0_of_4"
"UBE2Z",0,0,0.819338625504356,"0_of_4"
"PRPSAP2",0,0,0.81922556123378,"0_of_4"
"STAU1",0,0,0.818346241646305,"0_of_4"
"SYS1",0,0,0.818198704605582,"0_of_4"
"ZNF775",0,0,0.818153924283072,"0_of_4"
"SCP2",0,0,0.818151782902864,"0_of_4"
"CACNA1B",0,0,0.818087458885253,"0_of_4"
"DCDC2B",0,0,0.817317160221733,"0_of_4"
"CDK9",0,0,0.817251334168893,"0_of_4"
"PSMD4",0,0,0.816775336608986,"0_of_4"
"SIKE1",0,0,0.816222229830711,"0_of_4"
"DHFR2",0,0,0.8160408105322,"0_of_4"
"LCMT2",0,0,0.815941405336892,"0_of_4"
"PPP1R11",0,0,0.815551179187917,"0_of_4"
"AKAP10",0,0,0.815137063289514,"0_of_4"
"RAB12",0,0,0.814893101640833,"0_of_4"
"CPNE8",0,0,0.81486795089706,"0_of_4"
"HAVCR1",0,0,0.814660987382921,"0_of_4"
"CHD8",0,0,0.813962635021043,"0_of_4"
"CPSF7",0,0,0.813871739952785,"0_of_4"
"SNX22",0,0,0.813714853194785,"0_of_4"
"LHFPL1",0,0,0.813547375510257,"0_of_4"
"PLA2G4D",0,0,0.813164478224048,"0_of_4"
"IRGM",0,0,0.813130810604013,"0_of_4"
"PANK3",0,0,0.813082539902312,"0_of_4"
"C9orf72",0,0,0.813065401937026,"0_of_4"
"PPP4R3C",0,0,0.812969377523665,"0_of_4"
"FSTL5",0,0,0.812744679130809,"0_of_4"
"ARL16",0,0,0.81251505344182,"0_of_4"
"ZIM2",0,0,0.812503944788515,"0_of_4"
"NSF",0,0,0.812396916126825,"0_of_4"
"UBR4",0,0,0.812108104021392,"0_of_4"
"BLOC1S3",0,0,0.811842376482047,"0_of_4"
"INTS10",0,0,0.811568226346893,"0_of_4"
"ST13",0,0,0.811469422443514,"0_of_4"
"TRMT12",0,0,0.811160806887469,"0_of_4"
"TRA2A",0,0,0.810932667222662,"0_of_4"
"SDR39U1",0,0,0.810906677595409,"0_of_4"
"COX7A1",0,0,0.810770769653102,"0_of_4"
"KLHL15",0,0,0.810734854591806,"0_of_4"
"AC010326.3",0,0,0.809998191346055,"0_of_4"
"SREK1",0,0,0.809869324294612,"0_of_4"
"CSTF1",0,0,0.809798928560235,"0_of_4"
"SNRNP48",0,0,0.8096630221203,"0_of_4"
"AC008763.2",0,0,0.80962952972671,"0_of_4"
"THEM4",0,0,0.809155873155984,"0_of_4"
"MED10",0,0,0.809011003769006,"0_of_4"
"MED28",0,0,0.809010451775255,"0_of_4"
"WDR55",0,0,0.808385740588016,"0_of_4"
"YTHDC2",0,0,0.808093420772473,"0_of_4"
"CLTC",0,0,0.807999877083519,"0_of_4"
"MRPL43",0,0,0.807629231702919,"0_of_4"
"SDHAF4",0,0,0.807181863261379,"0_of_4"
"TYW3",0,0,0.806857208411529,"0_of_4"
"FGFR1OP2",0,0,0.806837226522971,"0_of_4"
"TMED4",0,0,0.806556756087785,"0_of_4"
"CHERP",0,0,0.80649859448689,"0_of_4"
"ROCK1",0,0,0.806279753371635,"0_of_4"
"PATE2",0,0,0.806055430642133,"0_of_4"
"JAKMIP2",0,0,0.806007195117923,"0_of_4"
"SPINK9",0,0,0.805603974508299,"0_of_4"
"IGHMBP2",0,0,0.805448508772438,"0_of_4"
"PARVG",0,0,0.804721638572258,"0_of_4"
"RNF212",0,0,0.804695034055166,"0_of_4"
"SLF2",0,0,0.804547262596051,"0_of_4"
"NPTN",0,0,0.804546777940157,"0_of_4"
"PPM1B",0,0,0.804472381234492,"0_of_4"
"COL10A1",0,0,0.804400025376625,"0_of_4"
"CEP76",0,0,0.804313539269337,"0_of_4"
"OR11A1",0,0,0.80430904639022,"0_of_4"
"USP38",0,0,0.804102856777863,"0_of_4"
"ZNF23",0,0,0.80391907704437,"0_of_4"
"MAP10",0,0,0.803565608876336,"0_of_4"
"LILRB4",0,0,0.803485744027642,"0_of_4"
"CDKL1",0,0,0.803348729996444,"0_of_4"
"RER1",0,0,0.802909191789257,"0_of_4"
"PPIAL4C",0,0,0.802847584634605,"0_of_4"
"RAP1B",0,0,0.802783704326529,"0_of_4"
"NOTUM",0,0,0.802584179415874,"0_of_4"
"ANKRD26",0,0,0.802266391845235,"0_of_4"
"NPIPB11",0,0,0.802237546844108,"0_of_4"
"MED12L",0,0,0.801674869314621,"0_of_4"
"DDX19A",0,0,0.801616296223298,"0_of_4"
"C6orf201",0,0,0.801611164812683,"0_of_4"
"DNAJC5",0,0,0.801242013042811,"0_of_4"
"OTUB1",0,0,0.800534900816618,"0_of_4"
"ACP4",0,0,0.800421049894232,"0_of_4"
"SLC9B1",0,0,0.800260082672483,"0_of_4"
"AARS1",0,0,0.799566056920389,"0_of_4"
"FAM168B",0,0,0.799535790349798,"0_of_4"
"ZNF571",0,0,0.79934982539255,"0_of_4"
"CCDC78",0,0,0.799190111338903,"0_of_4"
"VPREB3",0,0,0.798805971398605,"0_of_4"
"MARK2",0,0,0.798153545247551,"0_of_4"
"ZNF445",0,0,0.798116634647111,"0_of_4"
"HDDC3",0,0,0.797903286716001,"0_of_4"
"C9orf78",0,0,0.797518847703857,"0_of_4"
"KCNG2",0,0,0.797456760729529,"0_of_4"
"ZNF282",0,0,0.797431810934921,"0_of_4"
"MAPK1",0,0,0.797396763621504,"0_of_4"
"CNNM2",0,0,0.797294563653537,"0_of_4"
"C16orf72",0,0,0.797267471049254,"0_of_4"
"JOSD1",0,0,0.79709788542044,"0_of_4"
"HLCS",0,0,0.797053385544524,"0_of_4"
"RNASEK.C17orf49",0,0,0.796789569853929,"0_of_4"
"GGNBP2",0,0,0.796698775076441,"0_of_4"
"FBXW9",0,0,0.796095282623059,"0_of_4"
"TMEM9B",0,0,0.795888431935766,"0_of_4"
"ZNF407",0,0,0.795828146127579,"0_of_4"
"EFCAB10",0,0,0.795161502506988,"0_of_4"
"PKN2",0,0,0.794997773931049,"0_of_4"
"HIRA",0,0,0.794684078044137,"0_of_4"
"DCTN6",0,0,0.793954151916269,"0_of_4"
"ARL2.SNX15",0,0,0.793876318206744,"0_of_4"
"POGK",0,0,0.792777548768211,"0_of_4"
"RAB21",0,0,0.792646523016661,"0_of_4"
"TRPC6",0,0,0.79260993042584,"0_of_4"
"PRKAR1A",0,0,0.792107426285879,"0_of_4"
"FUNDC1",0,0,0.79175994961884,"0_of_4"
"ANKRD28",0,0,0.791749664717982,"0_of_4"
"RHOT1",0,0,0.791518286930319,"0_of_4"
"HAVCR2",0,0,0.791382291872049,"0_of_4"
"AMFR",0,0,0.791208540471996,"0_of_4"
"ZNF132",0,0,0.791190494844052,"0_of_4"
"TTLL10",0,0,0.791017737645311,"0_of_4"
"CSNK1A1",0,0,0.790974504923044,"0_of_4"
"SKI",0,0,0.790708582968653,"0_of_4"
"IQCK",0,0,0.790705920978894,"0_of_4"
"ERP29",0,0,0.790615061773187,"0_of_4"
"MUS81",0,0,0.790397040587076,"0_of_4"
"GIT2",0,0,0.789965722522311,"0_of_4"
"CIAPIN1",0,0,0.789819029618291,"0_of_4"
"TSEN34",0,0,0.789551785724322,"0_of_4"
"KBTBD4",0,0,0.787822261154637,"0_of_4"
"NONO",0,0,0.787766503577828,"0_of_4"
"STMND1",0,0,0.78735216933167,"0_of_4"
"LMAN1",0,0,0.787292971262841,"0_of_4"
"UBB",0,0,0.787216148419774,"0_of_4"
"MIGA2",0,0,0.787202121770977,"0_of_4"
"CASKIN1",0,0,0.786792744475642,"0_of_4"
"FMN2",0,0,0.786109916411696,"0_of_4"
"ZNF589",0,0,0.786049496741795,"0_of_4"
"LGMN",0,0,0.785981483071984,"0_of_4"
"DPP6",0,0,0.785930152522136,"0_of_4"
"BDKRB1",0,0,0.785802291305386,"0_of_4"
"CCDC125",0,0,0.785755810261062,"0_of_4"
"DUSP23",0,0,0.78457152792563,"0_of_4"
"PANK2",0,0,0.78439294512041,"0_of_4"
"ARL17A",0,0,0.784272047899118,"0_of_4"
"KCTD21",0,0,0.784054245686879,"0_of_4"
"RBCK1",0,0,0.783948117973969,"0_of_4"
"CEP57",0,0,0.783359833514769,"0_of_4"
"SYNJ2BP",0,0,0.782692860188221,"0_of_4"
"TMEM212",0,0,0.782296399213831,"0_of_4"
"FBXW11",0,0,0.782191617053437,"0_of_4"
"TRIM16",0,0,0.781959063962236,"0_of_4"
"KCNK4",0,0,0.781170558299919,"0_of_4"
"RPP38",0,0,0.781132262370402,"0_of_4"
"ZC3H13",0,0,0.780718647046201,"0_of_4"
"NDUFV1",0,0,0.780467635950858,"0_of_4"
"STXBP4",0,0,0.780294822862815,"0_of_4"
"SPATA1",0,0,0.780217649894351,"0_of_4"
"FGF22",0,0,0.780212981143136,"0_of_4"
"MRPL55",0,0,0.780064710810197,"0_of_4"
"LPAR2",0,0,0.779443999655618,"0_of_4"
"MKRN2",0,0,0.779101500170524,"0_of_4"
"GTF2E1",0,0,0.779081766812829,"0_of_4"
"CATSPER3",0,0,0.779066750448741,"0_of_4"
"PIN4",0,0,0.778667130615183,"0_of_4"
"ZNF559",0,0,0.77816930280554,"0_of_4"
"VPS26C",0,0,0.778158009057817,"0_of_4"
"ADAMTS19",0,0,0.778000829362877,"0_of_4"
"FNBP4",0,0,0.777780277240146,"0_of_4"
"SPG21",0,0,0.77752323981107,"0_of_4"
"FPGT.TNNI3K",0,0,0.777470296562003,"0_of_4"
"RAB4B.EGLN2",0,0,0.777420960637957,"0_of_4"
"ADAM33",0,0,0.777231830260637,"0_of_4"
"KIF19",0,0,0.777049497171943,"0_of_4"
"CLCN2",0,0,0.776842387357399,"0_of_4"
"ABHD17B",0,0,0.776835917728806,"0_of_4"
"SNF8",0,0,0.77679807306814,"0_of_4"
"TMX2",0,0,0.77672204852018,"0_of_4"
"PPA2",0,0,0.776553664085771,"0_of_4"
"CACNA2D4",0,0,0.776091202310447,"0_of_4"
"TRAF3IP1",0,0,0.774529551267751,"0_of_4"
"BABAM1",0,0,0.77430460278813,"0_of_4"
"RETSAT",0,0,0.774111593205745,"0_of_4"
"H1.4",0,0,0.773821148402426,"0_of_4"
"KLHL26",0,0,0.773795517238473,"0_of_4"
"MYO5A",0,0,0.773447570423643,"0_of_4"
"SFSWAP",0,0,0.773356848656516,"0_of_4"
"CAPN9",0,0,0.772638323118848,"0_of_4"
"PREB",0,0,0.772339860931158,"0_of_4"
"SYMPK",0,0,0.772263689093536,"0_of_4"
"AC007192.1",0,0,0.772187250819914,"0_of_4"
"UFSP2",0,0,0.772011589981995,"0_of_4"
"REP15",0,0,0.771721700052803,"0_of_4"
"CRKL",0,0,0.771686740692985,"0_of_4"
"ZFAND2B",0,0,0.771306359220918,"0_of_4"
"FZR1",0,0,0.77105136541344,"0_of_4"
"GPC3",0,0,0.770764553099153,"0_of_4"
"TEKT1",0,0,0.770651777417881,"0_of_4"
"DCTN3",0,0,0.770613707353202,"0_of_4"
"FRAT2",0,0,0.769939402289345,"0_of_4"
"MEX3C",0,0,0.769906754838121,"0_of_4"
"WNT9B",0,0,0.769373184920726,"0_of_4"
"IRF4",0,0,0.769033799175839,"0_of_4"
"ACAD9",0,0,0.768814106260226,"0_of_4"
"ANGEL2",0,0,0.768274581738329,"0_of_4"
"NKAP",0,0,0.767849016461562,"0_of_4"
"MC2R",0,0,0.76739055390092,"0_of_4"
"TEX22",0,0,0.767099524428446,"0_of_4"
"CISH",0,0,0.766977974488499,"0_of_4"
"SEC61B",0,0,0.766934302154863,"0_of_4"
"KMT2B",0,0,0.766802964724377,"0_of_4"
"CSNK2A3",0,0,0.766784150871296,"0_of_4"
"C11orf58",0,0,0.766664076953754,"0_of_4"
"DPY19L2",0,0,0.766480867636132,"0_of_4"
"SLC9A8",0,0,0.766220946641353,"0_of_4"
"PRKACA",0,0,0.765824782729497,"0_of_4"
"ZNF781",0,0,0.765807199152456,"0_of_4"
"ITK",0,0,0.765739638905154,"0_of_4"
"DGKQ",0,0,0.765575494873393,"0_of_4"
"RUFY1",0,0,0.764680086809832,"0_of_4"
"CLTA",0,0,0.76333873816784,"0_of_4"
"LSM14B",0,0,0.763268812145544,"0_of_4"
"AC092647.5",0,0,0.763041260553077,"0_of_4"
"GEMIN7",0,0,0.763030524252147,"0_of_4"
"NVL",0,0,0.762981918039763,"0_of_4"
"CABP4",0,0,0.762964097052991,"0_of_4"
"ZNF614",0,0,0.76293559850329,"0_of_4"
"ZSWIM1",0,0,0.762852135466854,"0_of_4"
"CERT1",0,0,0.762343488344255,"0_of_4"
"KRTCAP2",0,0,0.762212961240988,"0_of_4"
"GTF2I",0,0,0.762041572137305,"0_of_4"
"AACS",0,0,0.761696721839669,"0_of_4"
"POLR3C",0,0,0.761562449885628,"0_of_4"
"KLRD1",0,0,0.761561080792689,"0_of_4"
"KHDRBS1",0,0,0.761301978793984,"0_of_4"
"ROR2",0,0,0.761246359145243,"0_of_4"
"KLK8",0,0,0.76109136895294,"0_of_4"
"CSTF3",0,0,0.76103528555581,"0_of_4"
"TAS2R14",0,0,0.760673515865955,"0_of_4"
"POGLUT1",0,0,0.760248159967963,"0_of_4"
"XCR1",0,0,0.760037466377784,"0_of_4"
"SCAF1",0,0,0.759789515565407,"0_of_4"
"DCAF7",0,0,0.759540554292595,"0_of_4"
"WDR44",0,0,0.759315816714872,"0_of_4"
"SMIM4",0,0,0.758657743145742,"0_of_4"
"SELENOK",0,0,0.758276776238362,"0_of_4"
"HLA.DQA1",0,0,0.758211677443063,"0_of_4"
"MDM1",0,0,0.75816506676644,"0_of_4"
"YTHDC1",0,0,0.757819829989916,"0_of_4"
"CDH8",0,0,0.757023601056913,"0_of_4"
"LMBR1",0,0,0.756987849722735,"0_of_4"
"PPP1CB",0,0,0.756958784016203,"0_of_4"
"PWWP2B",0,0,0.756443424995525,"0_of_4"
"TMEM268",0,0,0.756380509863141,"0_of_4"
"CCDC169.SOHLH2",0,0,0.75622799606537,"0_of_4"
"IFT88",0,0,0.756210263712423,"0_of_4"
"MAATS1",0,0,0.755883176034724,"0_of_4"
"KDM5C",0,0,0.755594966061365,"0_of_4"
"IFT27",0,0,0.755167206180527,"0_of_4"
"CHTOP",0,0,0.754451912078961,"0_of_4"
"KIAA0100",0,0,0.754343057969043,"0_of_4"
"TREML2",0,0,0.754337268237794,"0_of_4"
"CST1",0,0,0.753679332606488,"0_of_4"
"IFT122",0,0,0.753489292467225,"0_of_4"
"DDX49",0,0,0.752938976222224,"0_of_4"
"ATG4B",0,0,0.752920702915854,"0_of_4"
"SPATA2",0,0,0.752818342664533,"0_of_4"
"VAMP3",0,0,0.752576311280004,"0_of_4"
"SEPTIN11",0,0,0.752489146871576,"0_of_4"
"IGSF3",0,0,0.752357034128345,"0_of_4"
"COX4I1",0,0,0.752318582322994,"0_of_4"
"ELOVL4",0,0,0.751933589044516,"0_of_4"
"FIBP",0,0,0.75160426647547,"0_of_4"
"SEC24C",0,0,0.751219164560754,"0_of_4"
"HOXC5",0,0,0.751206350850971,"0_of_4"
"ATP6V1F",0,0,0.751122967235671,"0_of_4"
"FBXO28",0,0,0.751061786473338,"0_of_4"
"XAB2",0,0,0.749882424986182,"0_of_4"
"CLK1",0,0,0.74975438533363,"0_of_4"
"ZNF487",0,0,0.749743198189482,"0_of_4"
"MMS19",0,0,0.749569461844444,"0_of_4"
"NAPG",0,0,0.74953183269576,"0_of_4"
"CYB561D2",0,0,0.749493933929856,"0_of_4"
"SETBP1",0,0,0.74931291233512,"0_of_4"
"ARL4A",0,0,0.749218936831187,"0_of_4"
"TTLL6",0,0,0.749027312096724,"0_of_4"
"QRFP",0,0,0.748938637164674,"0_of_4"
"RPUSD3",0,0,0.748884173422363,"0_of_4"
"SMAD2",0,0,0.748390730033514,"0_of_4"
"TEK",0,0,0.747661206007834,"0_of_4"
"ESRRB",0,0,0.747492118596081,"0_of_4"
"MUL1",0,0,0.747356802366379,"0_of_4"
"ZCRB1",0,0,0.747014438143605,"0_of_4"
"SLC6A2",0,0,0.746670904206598,"0_of_4"
"NANS",0,0,0.746632285934374,"0_of_4"
"SLX1B",0,0,0.746563731523125,"0_of_4"
"UBR2",0,0,0.746341612292752,"0_of_4"
"PIK3CA",0,0,0.746325097925947,"0_of_4"
"DDX17",0,0,0.746248654634211,"0_of_4"
"DNAH7",0,0,0.746088951131004,"0_of_4"
"MAGEA12",0,0,0.745914248010031,"0_of_4"
"UBAP2L",0,0,0.745812211692675,"0_of_4"
"REL",0,0,0.745435103153796,"0_of_4"
"ACTN4",0,0,0.745229870078028,"0_of_4"
"ZNF440",0,0,0.744885886780467,"0_of_4"
"GNMT",0,0,0.744590178505788,"0_of_4"
"CEP350",0,0,0.744114921264339,"0_of_4"
"UBXN2A",0,0,0.744007702002944,"0_of_4"
"NSD1",0,0,0.743268145361874,"0_of_4"
"SLC66A2",0,0,0.742885330155582,"0_of_4"
"MTF2",0,0,0.742589590224184,"0_of_4"
"AL669918.1",0,0,0.742063930253253,"0_of_4"
"COPE",0,0,0.742013000787199,"0_of_4"
"ZNRF1",0,0,0.741865546727566,"0_of_4"
"BRD8",0,0,0.741674885581292,"0_of_4"
"GFOD2",0,0,0.741391824375444,"0_of_4"
"SMYD4",0,0,0.740960430767938,"0_of_4"
"VHL",0,0,0.740892210309124,"0_of_4"
"PLEKHA8",0,0,0.740794179976399,"0_of_4"
"TULP2",0,0,0.740623479723634,"0_of_4"
"MDP1",0,0,0.740056170935677,"0_of_4"
"NRIP2",0,0,0.739190659104403,"0_of_4"
"APTX",0,0,0.738731793987161,"0_of_4"
"SNX12",0,0,0.738617652921791,"0_of_4"
"PROSER3",0,0,0.738178771584548,"0_of_4"
"COX11",0,0,0.737537374900238,"0_of_4"
"AFG1L",0,0,0.737477230186375,"0_of_4"
"ME3",0,0,0.734920179992683,"0_of_4"
"PXMP4",0,0,0.73473540162173,"0_of_4"
"SUMF2",0,0,0.734721448942543,"0_of_4"
"TTI1",0,0,0.734286507529061,"0_of_4"
"GCSAML",0,0,0.733846924480134,"0_of_4"
"ACVR1C",0,0,0.733836162539322,"0_of_4"
"SETD2",0,0,0.732731864946019,"0_of_4"
"KLHL36",0,0,0.732604638495997,"0_of_4"
"ZNF736",0,0,0.732461013186698,"0_of_4"
"PRCC",0,0,0.732326706215727,"0_of_4"
"TMPPE",0,0,0.732115896837322,"0_of_4"
"ZNF852",0,0,0.731702313248821,"0_of_4"
"RCBTB2",0,0,0.731611694735517,"0_of_4"
"C2orf49",0,0,0.731398480063323,"0_of_4"
"MFN1",0,0,0.731370266043876,"0_of_4"
"PRKCQ",0,0,0.731245264277583,"0_of_4"
"QRICH1",0,0,0.730554695059582,"0_of_4"
"DIDO1",0,0,0.730481598993151,"0_of_4"
"AC010531.1",0,0,0.730115569899969,"0_of_4"
"TPCN2",0,0,0.729753035549736,"0_of_4"
"EDAR",0,0,0.72956693012984,"0_of_4"
"BICD2",0,0,0.72925467022818,"0_of_4"
"RBM38",0,0,0.728286498901135,"0_of_4"
"NAGS",0,0,0.728200321400326,"0_of_4"
"SCAMP3",0,0,0.728125582784163,"0_of_4"
"SLC33A1",0,0,0.727876637252525,"0_of_4"
"HNRNPUL2.BSCL2",0,0,0.727840584209737,"0_of_4"
"PTRH1",0,0,0.727591123172386,"0_of_4"
"SEC22A",0,0,0.727560489113035,"0_of_4"
"CLINT1",0,0,0.727372296865294,"0_of_4"
"NOTCH2",0,0,0.727273196418507,"0_of_4"
"CATSPER2",0,0,0.726889713423917,"0_of_4"
"ALKBH3",0,0,0.726797548275524,"0_of_4"
"NAA30",0,0,0.726426494279047,"0_of_4"
"ST8SIA1",0,0,0.726287938949714,"0_of_4"
"VPS53",0,0,0.726287921048059,"0_of_4"
"PPP1R12C",0,0,0.726223537018405,"0_of_4"
"ATG4D",0,0,0.726005884660062,"0_of_4"
"HDAC8",0,0,0.725931870314914,"0_of_4"
"SLC25A28",0,0,0.725546939446619,"0_of_4"
"DR1",0,0,0.725501855885896,"0_of_4"
"TFG",0,0,0.724860685739861,"0_of_4"
"REV1",0,0,0.723878854513239,"0_of_4"
"TEFM",0,0,0.723729575879647,"0_of_4"
"TSPAN3",0,0,0.723507552192804,"0_of_4"
"IK",0,0,0.723300633164547,"0_of_4"
"OST4",0,0,0.722934938068442,"0_of_4"
"FBXO6",0,0,0.722706766556998,"0_of_4"
"B3GAT2",0,0,0.722635059544262,"0_of_4"
"PITX1",0,0,0.722532424732941,"0_of_4"
"PKD2L2",0,0,0.722047748646941,"0_of_4"
"FAM32A",0,0,0.720630035029941,"0_of_4"
"NDUFA13",0,0,0.720419778180672,"0_of_4"
"TMEM184C",0,0,0.720335533757262,"0_of_4"
"SH2B1",0,0,0.720288240818564,"0_of_4"
"PSMD8",0,0,0.720131297076742,"0_of_4"
"NIPA1",0,0,0.719588682520561,"0_of_4"
"PRXL2C",0,0,0.718921839258948,"0_of_4"
"JAK2",0,0,0.718437503932396,"0_of_4"
"URM1",0,0,0.71842509441179,"0_of_4"
"TBC1D7",0,0,0.718122917549918,"0_of_4"
"HOXA13",0,0,0.71798520713972,"0_of_4"
"CYB561A3",0,0,0.717951351919598,"0_of_4"
"KCNJ5",0,0,0.717883809419179,"0_of_4"
"ANAPC5",0,0,0.717055369066369,"0_of_4"
"WDPCP",0,0,0.716803381634644,"0_of_4"
"ERICH1",0,0,0.716757492287174,"0_of_4"
"STKLD1",0,0,0.716747921440632,"0_of_4"
"GPBP1",0,0,0.715955932984392,"0_of_4"
"ZGPAT",0,0,0.715612030689345,"0_of_4"
"SLC36A2",0,0,0.71537141946134,"0_of_4"
"GET1",0,0,0.715337279291006,"0_of_4"
"VNN3",0,0,0.714954127885002,"0_of_4"
"PRKCSH",0,0,0.714844488818474,"0_of_4"
"TRRAP",0,0,0.714492519029706,"0_of_4"
"SLC7A1",0,0,0.714492399856367,"0_of_4"
"L3MBTL2",0,0,0.714098202409456,"0_of_4"
"MED18",0,0,0.713893675591101,"0_of_4"
"SNX11",0,0,0.713818027697553,"0_of_4"
"ZNF227",0,0,0.713560295417707,"0_of_4"
"FOXD4L5",0,0,0.713492270336974,"0_of_4"
"SEC23IP",0,0,0.71321220651604,"0_of_4"
"MAP2K7",0,0,0.713160403885039,"0_of_4"
"NRL",0,0,0.712718018991863,"0_of_4"
"UBAP2",0,0,0.712593966065294,"0_of_4"
"DAND5",0,0,0.712532373419335,"0_of_4"
"FAM3A",0,0,0.712152147549519,"0_of_4"
"SCFD1",0,0,0.7119104937929,"0_of_4"
"RALGAPB",0,0,0.711519990436352,"0_of_4"
"TWSG1",0,0,0.711095083453405,"0_of_4"
"H2BC6",0,0,0.710797104584161,"0_of_4"
"SMARCC1",0,0,0.710626604487573,"0_of_4"
"METTL6",0,0,0.710408863947289,"0_of_4"
"EYA1",0,0,0.710339569692759,"0_of_4"
"KXD1",0,0,0.710047729589782,"0_of_4"
"CSTF2T",0,0,0.709951778446301,"0_of_4"
"AC067968.1",0,0,0.709906214698806,"0_of_4"
"PTPN3",0,0,0.709508588862968,"0_of_4"
"GPR61",0,0,0.70878383014073,"0_of_4"
"DLEU7",0,0,0.708463250632465,"0_of_4"
"PARD3",0,0,0.708298858360495,"0_of_4"
"UBE2G1",0,0,0.707982852974509,"0_of_4"
"B4GALT3",0,0,0.707602593860764,"0_of_4"
"SDHC",0,0,0.707283796483134,"0_of_4"
"MBD1",0,0,0.707086369322411,"0_of_4"
"WASF2",0,0,0.706862998157197,"0_of_4"
"CEP126",0,0,0.706772576001374,"0_of_4"
"TMED2",0,0,0.706228687902795,"0_of_4"
"TRAPPC11",0,0,0.706096796748941,"0_of_4"
"USP32",0,0,0.705804586270371,"0_of_4"
"LRIG2",0,0,0.705768918069523,"0_of_4"
"CAPN1",0,0,0.705297249224619,"0_of_4"
"KDM6A",0,0,0.705085817789151,"0_of_4"
"AC107959.5",0,0,0.70486309228046,"0_of_4"
"KLF7",0,0,0.704757549863417,"0_of_4"
"ZHX1",0,0,0.703617542515836,"0_of_4"
"TAF7L",0,0,0.70358372581576,"0_of_4"
"CCNT1",0,0,0.702771914746671,"0_of_4"
"SLC4A1",0,0,0.702742662188565,"0_of_4"
"SLC25A38",0,0,0.702195192803779,"0_of_4"
"FOXK2",0,0,0.702065312553309,"0_of_4"
"PRKRA",0,0,0.70204802727777,"0_of_4"
"CTDNEP1",0,0,0.701986693192747,"0_of_4"
"MOCS3",0,0,0.701967371626677,"0_of_4"
"RARS2",0,0,0.701466294899866,"0_of_4"
"UFC1",0,0,0.701261710793464,"0_of_4"
"PAF1",0,0,0.700783905866801,"0_of_4"
"SLC25A14",0,0,0.700400807089373,"0_of_4"
"GINM1",0,0,0.700269965042319,"0_of_4"
"KIF1B",0,0,0.700159211607138,"0_of_4"
"ADGRF3",0,0,0.699866537282429,"0_of_4"
"FAM20B",0,0,0.699649198677828,"0_of_4"
"USP8",0,0,0.699348324784713,"0_of_4"
"PEX1",0,0,0.698513602634655,"0_of_4"
"GCKR",0,0,0.698373531723946,"0_of_4"
"CXCL1",0,0,0.697949406814568,"0_of_4"
"DDX41",0,0,0.697849116770435,"0_of_4"
"CDPF1",0,0,0.697541650705414,"0_of_4"
"NR2E1",0,0,0.697330752687398,"0_of_4"
"ZNF526",0,0,0.697308574285983,"0_of_4"
"SMIM24",0,0,0.697158815982798,"0_of_4"
"ANGPTL6",0,0,0.696763509106684,"0_of_4"
"SMAD4",0,0,0.69595536410534,"0_of_4"
"FAAP20",0,0,0.695622336962216,"0_of_4"
"NAA40",0,0,0.695479920488846,"0_of_4"
"NUP133",0,0,0.695389846370947,"0_of_4"
"FRMPD2",0,0,0.695245422081594,"0_of_4"
"ALKAL1",0,0,0.694785668236853,"0_of_4"
"GSK3A",0,0,0.694531761193244,"0_of_4"
"AD000671.2",0,0,0.694429882982401,"0_of_4"
"RNF20",0,0,0.694065723150005,"0_of_4"
"ZSCAN5C",0,0,0.692832044232393,"0_of_4"
"VAPA",0,0,0.692117564532485,"0_of_4"
"AL136295.4",0,0,0.691630858474209,"0_of_4"
"SYS1.DBNDD2",0,0,0.691208386842066,"0_of_4"
"EHMT2",0,0,0.690736780201583,"0_of_4"
"ODF2L",0,0,0.690292782412958,"0_of_4"
"HGD",0,0,0.689567140358686,"0_of_4"
"C1QL4",0,0,0.689251971401948,"0_of_4"
"GPR20",0,0,0.689228322195678,"0_of_4"
"FUBP3",0,0,0.688528038595126,"0_of_4"
"LIMS1",0,0,0.687970255805185,"0_of_4"
"NLK",0,0,0.687879042864184,"0_of_4"
"HP1BP3",0,0,0.687096828507923,"0_of_4"
"VEGFD",0,0,0.686404896874602,"0_of_4"
"KCNK12",0,0,0.685817683097589,"0_of_4"
"SNRNP35",0,0,0.685448771255841,"0_of_4"
"COG5",0,0,0.684713457008617,"0_of_4"
"BX664615.2",0,0,0.684242642050896,"0_of_4"
"STT3B",0,0,0.684182317234531,"0_of_4"
"NR2C2",0,0,0.683923071275014,"0_of_4"
"ZBTB40",0,0,0.683754634871544,"0_of_4"
"SELENOF",0,0,0.683566085962721,"0_of_4"
"NEDD8.MDP1",0,0,0.68348540511873,"0_of_4"
"TNFAIP8L2",0,0,0.683256634086608,"0_of_4"
"PLEKHN1",0,0,0.682799115175786,"0_of_4"
"NMRK1",0,0,0.682763603715244,"0_of_4"
"CD96",0,0,0.68274208814204,"0_of_4"
"CEP104",0,0,0.68256821701609,"0_of_4"
"SDCBP",0,0,0.682461371007126,"0_of_4"
"RIC1",0,0,0.682208677313132,"0_of_4"
"PIBF1",0,0,0.682021362981794,"0_of_4"
"NMUR1",0,0,0.681760608118165,"0_of_4"
"ZNF483",0,0,0.681681580466163,"0_of_4"
"CCDC167",0,0,0.681538853226034,"0_of_4"
"CZIB",0,0,0.681112457468772,"0_of_4"
"ELAVL3",0,0,0.680679465814442,"0_of_4"
"INO80E",0,0,0.680147729149807,"0_of_4"
"ASCC2",0,0,0.680079291300764,"0_of_4"
"POLK",0,0,0.679711657396348,"0_of_4"
"GPAA1",0,0,0.679560708271111,"0_of_4"
"PARS2",0,0,0.678942863393019,"0_of_4"
"ANKRD61",0,0,0.678761965072018,"0_of_4"
"PIK3C2G",0,0,0.678693545460464,"0_of_4"
"GMFG",0,0,0.678613387290715,"0_of_4"
"SLC35G1",0,0,0.678329403991342,"0_of_4"
"TMEM50A",0,0,0.678324833544932,"0_of_4"
"ZNF470",0,0,0.678247870831597,"0_of_4"
"EIF3H",0,0,0.677523756356377,"0_of_4"
"JAM2",0,0,0.677515555808348,"0_of_4"
"CRK",0,0,0.677249594032919,"0_of_4"
"CLCA2",0,0,0.67708693758127,"0_of_4"
"ZNF418",0,0,0.676251757991358,"0_of_4"
"IGF2BP3",0,0,0.675997247762405,"0_of_4"
"MYLIP",0,0,0.675919451331654,"0_of_4"
"HTR3B",0,0,0.675295290306374,"0_of_4"
"HIGD2A",0,0,0.675174543930416,"0_of_4"
"ZNF675",0,0,0.674981888187874,"0_of_4"
"SPIN1",0,0,0.674980078988593,"0_of_4"
"UGT1A5",0,0,0.673999339602832,"0_of_4"
"SENP6",0,0,0.673646144421025,"0_of_4"
"UQCRC2",0,0,0.672817178963112,"0_of_4"
"COX15",0,0,0.672078188203318,"0_of_4"
"PTGER2",0,0,0.671852360899839,"0_of_4"
"PITX3",0,0,0.671741629123207,"0_of_4"
"SNAP29",0,0,0.671662483352973,"0_of_4"
"IQCG",0,0,0.671467804434097,"0_of_4"
"EAF1",0,0,0.671243217631367,"0_of_4"
"WFDC13",0,0,0.670668872813785,"0_of_4"
"FAM83G",0,0,0.670124112711454,"0_of_4"
"KIAA0753",0,0,0.669968390271922,"0_of_4"
"OCIAD1",0,0,0.669597980734889,"0_of_4"
"SIN3A",0,0,0.669053752795886,"0_of_4"
"XYLT2",0,0,0.668688600242148,"0_of_4"
"SLC25A30",0,0,0.667271986945638,"0_of_4"
"ZNF134",0,0,0.66703600864587,"0_of_4"
"ATP6V1A",0,0,0.666475968142837,"0_of_4"
"ZNF566",0,0,0.666407539905421,"0_of_4"
"NDUFB7",0,0,0.666118635049496,"0_of_4"
"OAZ3",0,0,0.665456984911672,"0_of_4"
"PPP2R2B",0,0,0.665020703620639,"0_of_4"
"C2CD5",0,0,0.663297015254633,"0_of_4"
"MED11",0,0,0.663054597892058,"0_of_4"
"KSR2",0,0,0.662926479453216,"0_of_4"
"NME9",0,0,0.662702418190495,"0_of_4"
"COG3",0,0,0.662348134013755,"0_of_4"
"TBP",0,0,0.66226286642108,"0_of_4"
"ABHD12B",0,0,0.662007757142491,"0_of_4"
"MAP3K7",0,0,0.661958683700559,"0_of_4"
"TEPP",0,0,0.66176031792809,"0_of_4"
"EIF2B4",0,0,0.661545954854563,"0_of_4"
"GTF3C5",0,0,0.661171271579422,"0_of_4"
"AMACR",0,0,0.660962224129962,"0_of_4"
"PDE1B",0,0,0.65990857969152,"0_of_4"
"PPP1R12A",0,0,0.659335536993432,"0_of_4"
"LNPEP",0,0,0.659240480593392,"0_of_4"
"VPS50",0,0,0.658386584849385,"0_of_4"
"KDM3B",0,0,0.658159109820943,"0_of_4"
"AC090527.3",0,0,0.658027436763667,"0_of_4"
"TJAP1",0,0,0.657776536355772,"0_of_4"
"ZP1",0,0,0.657626621193519,"0_of_4"
"PIGV",0,0,0.657421632419683,"0_of_4"
"LMF2",0,0,0.656442036390448,"0_of_4"
"ZMYM4",0,0,0.656415971368282,"0_of_4"
"HEATR5B",0,0,0.656086056413197,"0_of_4"
"SMIM13",0,0,0.655907485039949,"0_of_4"
"ZNF696",0,0,0.655575210190842,"0_of_4"
"WAS",0,0,0.655339847685546,"0_of_4"
"GCNT7",0,0,0.65501165554288,"0_of_4"
"CLEC18B",0,0,0.654561803063189,"0_of_4"
"AL353588.1",0,0,0.654543927535131,"0_of_4"
"ZCCHC7",0,0,0.653263602931816,"0_of_4"
"AC011462.1",0,0,0.653239779613626,"0_of_4"
"GGPS1",0,0,0.65281058440057,"0_of_4"
"BRMS1L",0,0,0.652257887805085,"0_of_4"
"CGB3",0,0,0.652144315990984,"0_of_4"
"LRRTM4",0,0,0.651977236641826,"0_of_4"
"SH2D6",0,0,0.651770542924774,"0_of_4"
"AKNAD1",0,0,0.651592130392411,"0_of_4"
"PARN",0,0,0.651296369868233,"0_of_4"
"RFPL1",0,0,0.651098948667716,"0_of_4"
"ANKRD52",0,0,0.650946252753545,"0_of_4"
"MED19",0,0,0.649934009443784,"0_of_4"
"DYNC1I2",0,0,0.649414725508886,"0_of_4"
"RSPH10B2",0,0,0.649051007228858,"0_of_4"
"SNAPC2",0,0,0.648887683453578,"0_of_4"
"AC037459.1",0,0,0.648733818841145,"0_of_4"
"SUPT6H",0,0,0.648571713924036,"0_of_4"
"SSR4",0,0,0.648407347477074,"0_of_4"
"MVB12A",0,0,0.647748411385591,"0_of_4"
"LEFTY1",0,0,0.647607483554489,"0_of_4"
"RBBP6",0,0,0.647566703027554,"0_of_4"
"FKBP15",0,0,0.647388340986525,"0_of_4"
"HAAO",0,0,0.64738725155285,"0_of_4"
"TIA1",0,0,0.647133320788681,"0_of_4"
"SUPT5H",0,0,0.646959467990011,"0_of_4"
"HSFX3",0,0,0.646830505936873,"0_of_4"
"PDZD3",0,0,0.646212638785589,"0_of_4"
"CNST",0,0,0.646062925223071,"0_of_4"
"GPR82",0,0,0.645579681810591,"0_of_4"
"CYBC1",0,0,0.645448493924425,"0_of_4"
"BTBD1",0,0,0.645078105026357,"0_of_4"
"LRRC47",0,0,0.644646657997997,"0_of_4"
"HYAL4",0,0,0.64438062345046,"0_of_4"
"ZNF607",0,0,0.644195978572035,"0_of_4"
"UFL1",0,0,0.644114045409495,"0_of_4"
"PSMG2",0,0,0.643884483426346,"0_of_4"
"PYGL",0,0,0.643534697193947,"0_of_4"
"HMGXB3",0,0,0.643161288792523,"0_of_4"
"BTAF1",0,0,0.643087194095323,"0_of_4"
"TAZ",0,0,0.642292327324053,"0_of_4"
"POLR1C",0,0,0.641539163577318,"0_of_4"
"PIAS1",0,0,0.641190888017181,"0_of_4"
"ZNF106",0,0,0.64117564484894,"0_of_4"
"UBL5",0,0,0.640523168447704,"0_of_4"
"AC093323.1",0,0,0.640013079543128,"0_of_4"
"DTX1",0,0,0.63998287537735,"0_of_4"
"ELP3",0,0,0.639917127481286,"0_of_4"
"MEIOB",0,0,0.639823569383291,"0_of_4"
"SPX",0,0,0.639385992741522,"0_of_4"
"NPIPA5",0,0,0.63932182627818,"0_of_4"
"AC068533.4",0,0,0.638806695893171,"0_of_4"
"SLC7A14",0,0,0.63866053628188,"0_of_4"
"FLT4",0,0,0.638555132191403,"0_of_4"
"RALBP1",0,0,0.637910857953128,"0_of_4"
"CRYGS",0,0,0.637873713348776,"0_of_4"
"KLHDC4",0,0,0.637857990373086,"0_of_4"
"TAB2",0,0,0.637457053673927,"0_of_4"
"FMN1",0,0,0.637371568899851,"0_of_4"
"LRRC28",0,0,0.637134319389898,"0_of_4"
"SHISA7",0,0,0.636101172426566,"0_of_4"
"IZUMO2",0,0,0.634824721373626,"0_of_4"
"COPS2",0,0,0.634278977880175,"0_of_4"
"RNFT2",0,0,0.634113102310942,"0_of_4"
"DRG2",0,0,0.633355066032627,"0_of_4"
"COPS7B",0,0,0.633187147805108,"0_of_4"
"MRI1",0,0,0.631993350320873,"0_of_4"
"RFX1",0,0,0.631356355589691,"0_of_4"
"CLEC18C",0,0,0.630878176157152,"0_of_4"
"GHRL",0,0,0.630752652092053,"0_of_4"
"GNPAT",0,0,0.630491097824223,"0_of_4"
"MMGT1",0,0,0.630181017489827,"0_of_4"
"HESX1",0,0,0.630087779061399,"0_of_4"
"KLRC2",0,0,0.629740547678564,"0_of_4"
"ACSM6",0,0,0.629535660753445,"0_of_4"
"CACTIN",0,0,0.629426701545528,"0_of_4"
"CWH43",0,0,0.629255189559567,"0_of_4"
"MITD1",0,0,0.628924558124585,"0_of_4"
"BRD4",0,0,0.628669068973195,"0_of_4"
"SRP54",0,0,0.628471142860075,"0_of_4"
"RUNX3",0,0,0.628421454456863,"0_of_4"
"MTHFSD",0,0,0.628354790266756,"0_of_4"
"UNC13C",0,0,0.628338426209204,"0_of_4"
"TCIRG1",0,0,0.628105824411019,"0_of_4"
"AZI2",0,0,0.627695145811923,"0_of_4"
"SLC25A12",0,0,0.627188562771222,"0_of_4"
"CDC16",0,0,0.626743334655647,"0_of_4"
"NOTCH1",0,0,0.62631094688511,"0_of_4"
"LMTK2",0,0,0.625937830934342,"0_of_4"
"ABCD3",0,0,0.625676192855168,"0_of_4"
"PELI2",0,0,0.62510178922837,"0_of_4"
"MRPL49",0,0,0.625027448864338,"0_of_4"
"C1orf162",0,0,0.624778700669833,"0_of_4"
"POLR3GL",0,0,0.624305746411182,"0_of_4"
"CLEC4A",0,0,0.624299269001978,"0_of_4"
"TYW1B",0,0,0.624027731140729,"0_of_4"
"LPO",0,0,0.623666920267027,"0_of_4"
"CHDH",0,0,0.623093107799983,"0_of_4"
"AL136295.5",0,0,0.622865918260634,"0_of_4"
"TNPO2",0,0,0.621555109064564,"0_of_4"
"PODNL1",0,0,0.621553534420429,"0_of_4"
"KLHL32",0,0,0.62145988608795,"0_of_4"
"BRD7",0,0,0.621079463379861,"0_of_4"
"SPOCK3",0,0,0.620963102256677,"0_of_4"
"FAM193B",0,0,0.620081527173997,"0_of_4"
"SMPX",0,0,0.618737819381862,"0_of_4"
"DLL3",0,0,0.61868499460277,"0_of_4"
"UPK1B",0,0,0.618635851631136,"0_of_4"
"TPR",0,0,0.618603372072872,"0_of_4"
"PPIP5K2",0,0,0.617022897396387,"0_of_4"
"RPA1",0,0,0.61688107167371,"0_of_4"
"C2orf50",0,0,0.616372662706782,"0_of_4"
"SCRN1",0,0,0.616062221037414,"0_of_4"
"MAT2B",0,0,0.615991604472913,"0_of_4"
"EIF2S3",0,0,0.615653649621891,"0_of_4"
"AC129492.3",0,0,0.615212532906819,"0_of_4"
"B3GNT4",0,0,0.615151167367916,"0_of_4"
"PNISR",0,0,0.614820210331773,"0_of_4"
"GTPBP1",0,0,0.614546383314162,"0_of_4"
"GIT1",0,0,0.614189989064165,"0_of_4"
"C1orf105",0,0,0.61398644230858,"0_of_4"
"FAM86B2",0,0,0.613416942436628,"0_of_4"
"TMEM223",0,0,0.61331423379878,"0_of_4"
"ST8SIA5",0,0,0.612991883453555,"0_of_4"
"MON2",0,0,0.612944649743311,"0_of_4"
"AC079594.2",0,0,0.61279188286846,"0_of_4"
"KCNE5",0,0,0.612617634631214,"0_of_4"
"STX18",0,0,0.612412819397409,"0_of_4"
"TLK2",0,0,0.612020959935952,"0_of_4"
"CWC15",0,0,0.611972075816815,"0_of_4"
"MRPS11",0,0,0.611273016545787,"0_of_4"
"C1orf131",0,0,0.610972528370105,"0_of_4"
"AMBP",0,0,0.609998565512459,"0_of_4"
"ZFP82",0,0,0.609370926752163,"0_of_4"
"SYCE1L",0,0,0.609294353646946,"0_of_4"
"KRBOX1",0,0,0.608279756455841,"0_of_4"
"ATXN1L",0,0,0.608044213385692,"0_of_4"
"GLYATL1",0,0,0.607765474473077,"0_of_4"
"KCNB2",0,0,0.607680942761915,"0_of_4"
"NT5C3B",0,0,0.607634559367612,"0_of_4"
"HEMGN",0,0,0.607575767407436,"0_of_4"
"ANKRD40CL",0,0,0.607191348581163,"0_of_4"
"TBC1D10B",0,0,0.606456910259998,"0_of_4"
"ICE1",0,0,0.606206127865961,"0_of_4"
"LRRTM2",0,0,0.606063346476794,"0_of_4"
"MAP2K2",0,0,0.605998820561446,"0_of_4"
"SLFN12L",0,0,0.605512389057478,"0_of_4"
"SLC39A6",0,0,0.605039610633314,"0_of_4"
"JAM3",0,0,0.604307195827394,"0_of_4"
"RBM4",0,0,0.603414143742151,"0_of_4"
"AL136531.2",0,0,0.60336442297868,"0_of_4"
"RGN",0,0,0.602909500709172,"0_of_4"
"PRKD2",0,0,0.602109216792056,"0_of_4"
"CDC42SE2",0,0,0.601934014580633,"0_of_4"
"MYO9A",0,0,0.601555328597235,"0_of_4"
"TMCO1",0,0,0.600600466635703,"0_of_4"
"PPCS",0,0,0.5990641178094,"0_of_4"
"NELFB",0,0,0.598755957572618,"0_of_4"
"ADAR",0,0,0.598497232986057,"0_of_4"
"SRRM5",0,0,0.597636318153084,"0_of_4"
"MZB1",0,0,0.595882988748148,"0_of_4"
"SPATA2L",0,0,0.595442592494308,"0_of_4"
"UBXN4",0,0,0.595026523078303,"0_of_4"
"CXXC1",0,0,0.594594165527133,"0_of_4"
"NENF",0,0,0.594181811655831,"0_of_4"
"CMTM6",0,0,0.593925299487516,"0_of_4"
"YAE1",0,0,0.593769405145638,"0_of_4"
"MCEMP1",0,0,0.593734649641266,"0_of_4"
"GIP",0,0,0.593315571766797,"0_of_4"
"ZC3H11A",0,0,0.592362341069899,"0_of_4"
"C9orf131",0,0,0.592269179977879,"0_of_4"
"ACTB",0,0,0.591327498522324,"0_of_4"
"INTS1",0,0,0.591267687622463,"0_of_4"
"ZNF540",0,0,0.590511404179978,"0_of_4"
"EOMES",0,0,0.590359411383488,"0_of_4"
"RGR",0,0,0.590345528069614,"0_of_4"
"ELOVL3",0,0,0.589933581372089,"0_of_4"
"ARMC2",0,0,0.589254050986128,"0_of_4"
"CLIP1",0,0,0.589132108016218,"0_of_4"
"GNGT2",0,0,0.588427175975173,"0_of_4"
"VPS33B",0,0,0.587442776156812,"0_of_4"
"PPIAL4G",0,0,0.586788955860073,"0_of_4"
"AC003002.2",0,0,0.586680115227275,"0_of_4"
"GPRIN3",0,0,0.586212440698258,"0_of_4"
"LNX2",0,0,0.586057727178192,"0_of_4"
"UROD",0,0,0.585736104967253,"0_of_4"
"ERAS",0,0,0.585466039981468,"0_of_4"
"GMFB",0,0,0.585410195891765,"0_of_4"
"TMED8",0,0,0.585348723465046,"0_of_4"
"FAM25A",0,0,0.583840556181824,"0_of_4"
"ESRRG",0,0,0.583824702668267,"0_of_4"
"S100A1",0,0,0.583437849570594,"0_of_4"
"NLRP2",0,0,0.583275835574284,"0_of_4"
"GUCD1",0,0,0.583006748773667,"0_of_4"
"PSTK",0,0,0.582861532934593,"0_of_4"
"CCDC181",0,0,0.581585562846668,"0_of_4"
"OR7D2",0,0,0.580472765706637,"0_of_4"
"SSH1",0,0,0.580238783775419,"0_of_4"
"IFNAR1",0,0,0.580160739840197,"0_of_4"
"RD3",0,0,0.579709074114194,"0_of_4"
"LSAMP",0,0,0.579351308045641,"0_of_4"
"VNN2",0,0,0.579023332387169,"0_of_4"
"AC003006.1",0,0,0.578956454205161,"0_of_4"
"NIM1K",0,0,0.578321044458258,"0_of_4"
"ZNF578",0,0,0.57717449261524,"0_of_4"
"SRRD",0,0,0.576588177713468,"0_of_4"
"PI15",0,0,0.575963626231898,"0_of_4"
"CBWD5",0,0,0.575626405874179,"0_of_4"
"TMEM203",0,0,0.575560456469675,"0_of_4"
"ZNF260",0,0,0.575237143984872,"0_of_4"
"ACADM",0,0,0.575168907314458,"0_of_4"
"ELOF1",0,0,0.574159330504527,"0_of_4"
"TAF7",0,0,0.573997260587898,"0_of_4"
"CD28",0,0,0.573616330421077,"0_of_4"
"NUDT22",0,0,0.573244759739875,"0_of_4"
"GNG12",0,0,0.572816223125678,"0_of_4"
"PEX11B",0,0,0.572744672715731,"0_of_4"
"TXLNA",0,0,0.572397895139648,"0_of_4"
"KIF3B",0,0,0.572200616143303,"0_of_4"
"DMAC2",0,0,0.572195584900478,"0_of_4"
"MGAT2",0,0,0.571242740921235,"0_of_4"
"MRTFB",0,0,0.57120224022729,"0_of_4"
"PCIF1",0,0,0.570983828565495,"0_of_4"
"ESS2",0,0,0.570620393727978,"0_of_4"
"FBXO38",0,0,0.570561632227335,"0_of_4"
"GNA13",0,0,0.570144730062779,"0_of_4"
"RAB41",0,0,0.5697527832778,"0_of_4"
"GRM3",0,0,0.569381684596724,"0_of_4"
"C1orf35",0,0,0.569073565582902,"0_of_4"
"PALB2",0,0,0.568664878147584,"0_of_4"
"ANKRD10",0,0,0.5685406514836,"0_of_4"
"SEC61A1",0,0,0.568406598249402,"0_of_4"
"KLHL11",0,0,0.567833417343527,"0_of_4"
"NOX4",0,0,0.567647158138392,"0_of_4"
"SIAH2",0,0,0.567547343015591,"0_of_4"
"HIBCH",0,0,0.566649500881196,"0_of_4"
"TPBGL",0,0,0.565253307457631,"0_of_4"
"NDUFA7",0,0,0.565239245415888,"0_of_4"
"RABL6",0,0,0.564979387104015,"0_of_4"
"KAT6B",0,0,0.564231185790469,"0_of_4"
"SLC2A9",0,0,0.56382869409548,"0_of_4"
"TSG101",0,0,0.563577749457116,"0_of_4"
"UGT1A8",0,0,0.563329767360666,"0_of_4"
"BLOC1S5",0,0,0.563142953223263,"0_of_4"
"ANKRD62",0,0,0.562154174905044,"0_of_4"
"AFMID",0,0,0.561124322132876,"0_of_4"
"THAP6",0,0,0.561031217916266,"0_of_4"
"TADA1",0,0,0.559616026052419,"0_of_4"
"NHLH1",0,0,0.559521898097325,"0_of_4"
"GRASP",0,0,0.559428760976092,"0_of_4"
"ATP6V0A2",0,0,0.559012423178999,"0_of_4"
"KTN1",0,0,0.558923362677396,"0_of_4"
"ZNF768",0,0,0.558825699686131,"0_of_4"
"PIGU",0,0,0.5584864311358,"0_of_4"
"SPATS2",0,0,0.558453971031114,"0_of_4"
"CYP27B1",0,0,0.558319562665426,"0_of_4"
"ARIH1",0,0,0.558023020839448,"0_of_4"
"CAMSAP1",0,0,0.557770816385077,"0_of_4"
"KIAA1586",0,0,0.557683366285255,"0_of_4"
"TUBA8",0,0,0.557566363072016,"0_of_4"
"DAD1",0,0,0.556839228552409,"0_of_4"
"C19orf53",0,0,0.556693164112914,"0_of_4"
"ZNF416",0,0,0.555893906194574,"0_of_4"
"SRGAP1",0,0,0.555462230081129,"0_of_4"
"SLC22A9",0,0,0.555013595897825,"0_of_4"
"DCN",0,0,0.554677551802365,"0_of_4"
"AIPL1",0,0,0.554638234637332,"0_of_4"
"ATXN10",0,0,0.554579025538089,"0_of_4"
"GPRC5D",0,0,0.55447914430739,"0_of_4"
"MFSD8",0,0,0.553911395435821,"0_of_4"
"TMEM116",0,0,0.553330432455366,"0_of_4"
"NLRP11",0,0,0.552384081026576,"0_of_4"
"PPP1R10",0,0,0.552382590394448,"0_of_4"
"CEL",0,0,0.552205747434271,"0_of_4"
"NPHP3.ACAD11",0,0,0.551950222210477,"0_of_4"
"NCBP3",0,0,0.550776781889269,"0_of_4"
"ALMS1",0,0,0.550372590614028,"0_of_4"
"TSHR",0,0,0.550086793135967,"0_of_4"
"DCUN1D4",0,0,0.549726556403138,"0_of_4"
"SLC6A11",0,0,0.549577093481394,"0_of_4"
"MINAR2",0,0,0.549485424030067,"0_of_4"
"TMEM123",0,0,0.549229550020486,"0_of_4"
"ZHX1.C8orf76",0,0,0.548794929550417,"0_of_4"
"COQ5",0,0,0.548784912817303,"0_of_4"
"AC008575.1",0,0,0.548569517335034,"0_of_4"
"HSPA1L",0,0,0.548538895909167,"0_of_4"
"ZDHHC5",0,0,0.548469237474918,"0_of_4"
"PDE6G",0,0,0.54803299904217,"0_of_4"
"UPF1",0,0,0.54715888589524,"0_of_4"
"SERP1",0,0,0.546963310716369,"0_of_4"
"SLX4",0,0,0.54678998139501,"0_of_4"
"ERAL1",0,0,0.546481469895045,"0_of_4"
"GOLGA1",0,0,0.545646439199439,"0_of_4"
"BX470111.1",0,0,0.544809179805103,"0_of_4"
"AKAP17A",0,0,0.544654078381523,"0_of_4"
"SCYL2",0,0,0.543145490785395,"0_of_4"
"TBC1D9B",0,0,0.543040674986945,"0_of_4"
"NDFIP1",0,0,0.542551234526023,"0_of_4"
"SIRT4",0,0,0.542017770438233,"0_of_4"
"DHX30",0,0,0.541891388787132,"0_of_4"
"COG1",0,0,0.541518891482317,"0_of_4"
"CTSW",0,0,0.540277865855663,"0_of_4"
"ZNF615",0,0,0.539407688571709,"0_of_4"
"GMPR2",0,0,0.538510571487164,"0_of_4"
"SETMAR",0,0,0.538063921161245,"0_of_4"
"CAPN12",0,0,0.537930713796861,"0_of_4"
"AR",0,0,0.537237308073159,"0_of_4"
"KLHL20",0,0,0.536266407554573,"0_of_4"
"NELFCD",0,0,0.535977521679653,"0_of_4"
"RBM45",0,0,0.534993868064337,"0_of_4"
"PITX2",0,0,0.53497618020717,"0_of_4"
"AL603832.3",0,0,0.534846543996532,"0_of_4"
"IGF1R",0,0,0.534753064110872,"0_of_4"
"LIN37",0,0,0.533827929745829,"0_of_4"
"PLEKHH3",0,0,0.532933862887612,"0_of_4"
"ABHD18",0,0,0.532162909383533,"0_of_4"
"ENPP6",0,0,0.531806479946879,"0_of_4"
"PLPP6",0,0,0.530557511366133,"0_of_4"
"POPDC2",0,0,0.529595419190483,"0_of_4"
"RYR2",0,0,0.529131984736035,"0_of_4"
"CRTC2",0,0,0.528548884826938,"0_of_4"
"TSPAN17",0,0,0.5284163189325,"0_of_4"
"PASD1",0,0,0.528292702666703,"0_of_4"
"ANKRD20A4",0,0,0.528070282134103,"0_of_4"
"DESI2",0,0,0.527203633474286,"0_of_4"
"SNAPIN",0,0,0.52672295875223,"0_of_4"
"IL6R",0,0,0.526660666561492,"0_of_4"
"FBF1",0,0,0.526639999506841,"0_of_4"
"AKT2",0,0,0.52647608653361,"0_of_4"
"ALKBH4",0,0,0.526249820428097,"0_of_4"
"ZMYM2",0,0,0.525910496694946,"0_of_4"
"TRAPPC4",0,0,0.525265813907423,"0_of_4"
"AMMECR1L",0,0,0.524510551572299,"0_of_4"
"RAD52",0,0,0.524464295537854,"0_of_4"
"ANKLE2",0,0,0.524004638672123,"0_of_4"
"CD3G",0,0,0.521715574198963,"0_of_4"
"H1.3",0,0,0.521663812462955,"0_of_4"
"PIGB",0,0,0.521108738294118,"0_of_4"
"CCDC83",0,0,0.520061679829569,"0_of_4"
"TET2",0,0,0.518493672765565,"0_of_4"
"BTNL9",0,0,0.518133734023277,"0_of_4"
"ALG2",0,0,0.517854465273185,"0_of_4"
"CCNT2",0,0,0.517810142586232,"0_of_4"
"HABP2",0,0,0.517092919914996,"0_of_4"
"AP3B1",0,0,0.51672794585343,"0_of_4"
"MIA2",0,0,0.516677424027269,"0_of_4"
"ADPRHL2",0,0,0.516570394683939,"0_of_4"
"MGA",0,0,0.514843721954285,"0_of_4"
"DNAJC5B",0,0,0.512722513731979,"0_of_4"
"RMND5B",0,0,0.512436663474472,"0_of_4"
"NPIPA2",0,0,0.512067875567171,"0_of_4"
"RBFOX2",0,0,0.51200028739827,"0_of_4"
"ANKRD49",0,0,0.511523511047392,"0_of_4"
"STK11",0,0,0.511166454876508,"0_of_4"
"USP25",0,0,0.510184437152972,"0_of_4"
"DRD4",0,0,0.509166003953314,"0_of_4"
"ZNF473",0,0,0.50867104517184,"0_of_4"
"PHTF1",0,0,0.508388258755154,"0_of_4"
"SNW1",0,0,0.507876024092146,"0_of_4"
"ZSCAN1",0,0,0.507380341719088,"0_of_4"
"ZNF324B",0,0,0.507175773229854,"0_of_4"
"FAM160A1",0,0,0.506868086343486,"0_of_4"
"ATE1",0,0,0.506801273003972,"0_of_4"
"RAB5C",0,0,0.50605136518583,"0_of_4"
"DCAF4L1",0,0,0.505719538219183,"0_of_4"
"RC3H2",0,0,0.505532386640784,"0_of_4"
"AC006059.2",0,0,0.50476731669848,"0_of_4"
"DUSP26",0,0,0.503728576907133,"0_of_4"
"H4C5",0,0,0.503463019080303,"0_of_4"
"SPG7",0,0,0.50278391970436,"0_of_4"
"WIPF2",0,0,0.502162658232251,"0_of_4"
"PHF12",0,0,0.50000611502557,"0_of_4"
"SH2D4B",0,0,0.499595443049658,"0_of_4"
"SGCE",0,0,0.499230161570829,"0_of_4"
"ST7L",0,0,0.498287578373666,"0_of_4"
"NHEJ1",0,0,0.49800653147092,"0_of_4"
"GPKOW",0,0,0.497938002038017,"0_of_4"
"ACACB",0,0,0.497825010263515,"0_of_4"
"RPL17.C18orf32",0,0,0.497098941742856,"0_of_4"
"SRSF11",0,0,0.496028996453609,"0_of_4"
"HOXD4",0,0,0.493852347261219,"0_of_4"
"KCNS2",0,0,0.492553907689395,"0_of_4"
"MATN1",0,0,0.49179997423132,"0_of_4"
"MYO9B",0,0,0.490928875688583,"0_of_4"
"ITFG2",0,0,0.490852056876143,"0_of_4"
"CYP3A43",0,0,0.490711153394949,"0_of_4"
"CSNK1G1",0,0,0.490263497947886,"0_of_4"
"ERCC4",0,0,0.489920182563434,"0_of_4"
"GDF5OS",0,0,0.488704936293382,"0_of_4"
"WASF3",0,0,0.487991236753102,"0_of_4"
"CBWD6",0,0,0.487859946641859,"0_of_4"
"KMT2A",0,0,0.487750853104753,"0_of_4"
"UBTD1",0,0,0.487403998639546,"0_of_4"
"UXT",0,0,0.486618292025856,"0_of_4"
"GPAT4",0,0,0.485532680557998,"0_of_4"
"FAM151B",0,0,0.485451492460671,"0_of_4"
"CDC37L1",0,0,0.485219996155368,"0_of_4"
"UBE2M",0,0,0.484787577738836,"0_of_4"
"TSLP",0,0,0.484061092284581,"0_of_4"
"BUD13",0,0,0.483536328235642,"0_of_4"
"CC2D2B",0,0,0.483480405262025,"0_of_4"
"ATRAID",0,0,0.483400050685598,"0_of_4"
"NGRN",0,0,0.483276834095284,"0_of_4"
"GPBP1L1",0,0,0.482808127439583,"0_of_4"
"FIS1",0,0,0.482304536195765,"0_of_4"
"CCNI2",0,0,0.479992653542916,"0_of_4"
"ZNF335",0,0,0.479788380964417,"0_of_4"
"WDR87",0,0,0.479226337857415,"0_of_4"
"ZNF347",0,0,0.479206053353038,"0_of_4"
"SRSF5",0,0,0.478419799755053,"0_of_4"
"POU2F2",0,0,0.478275912411397,"0_of_4"
"ATPAF2",0,0,0.47804719815906,"0_of_4"
"TMEM134",0,0,0.477678765136718,"0_of_4"
"NLRC4",0,0,0.477561370597108,"0_of_4"
"NINJ2",0,0,0.477416568569859,"0_of_4"
"CCDC73",0,0,0.476880478066964,"0_of_4"
"ACTR8",0,0,0.476183355818921,"0_of_4"
"SLC4A10",0,0,0.475490966683789,"0_of_4"
"FAM160B2",0,0,0.475327844262333,"0_of_4"
"PHAX",0,0,0.475165648187168,"0_of_4"
"DEXI",0,0,0.474025631384903,"0_of_4"
"C12orf73",0,0,0.473480730371834,"0_of_4"
"AGAP9",0,0,0.4734772901414,"0_of_4"
"PIGBOS1",0,0,0.473228967134027,"0_of_4"
"CFAP73",0,0,0.472990722657151,"0_of_4"
"SLC39A1",0,0,0.472601937916918,"0_of_4"
"ZNF484",0,0,0.47246495206225,"0_of_4"
"C10orf90",0,0,0.472210393919149,"0_of_4"
"TAF1",0,0,0.472175336626309,"0_of_4"
"TVP23B",0,0,0.471555854294923,"0_of_4"
"WFIKKN1",0,0,0.471241609882233,"0_of_4"
"ZBTB6",0,0,0.470763388892234,"0_of_4"
"SOX30",0,0,0.470295338607729,"0_of_4"
"MTMR6",0,0,0.470232351850976,"0_of_4"
"KLHL7",0,0,0.469008412506418,"0_of_4"
"ANKRD7",0,0,0.46894372607088,"0_of_4"
"PWWP3A",0,0,0.468428468478471,"0_of_4"
"MFAP1",0,0,0.468237603854265,"0_of_4"
"SNTN",0,0,0.468077525479823,"0_of_4"
"SNAPC5",0,0,0.467035118886337,"0_of_4"
"AMER2",0,0,0.466554030616685,"0_of_4"
"NPW",0,0,0.466533030909385,"0_of_4"
"TXN2",0,0,0.466510545237306,"0_of_4"
"NOMO3",0,0,0.465478905771438,"0_of_4"
"ZNF280A",0,0,0.465465763761116,"0_of_4"
"MFSD1",0,0,0.465320498375846,"0_of_4"
"GABRR1",0,0,0.464862224531409,"0_of_4"
"SLC24A2",0,0,0.464805066893265,"0_of_4"
"COQ9",0,0,0.464064063148213,"0_of_4"
"ANKS4B",0,0,0.462696628974973,"0_of_4"
"AEBP2",0,0,0.462679066710509,"0_of_4"
"FRMPD4",0,0,0.462196548698971,"0_of_4"
"LACC1",0,0,0.46170081448519,"0_of_4"
"PRR12",0,0,0.461411718553975,"0_of_4"
"VN1R2",0,0,0.460481811673539,"0_of_4"
"GPR83",0,0,0.46007047107234,"0_of_4"
"SRP14",0,0,0.460032634189609,"0_of_4"
"WEE2",0,0,0.459879034350659,"0_of_4"
"CDRT15",0,0,0.459777697748776,"0_of_4"
"ABCA6",0,0,0.457970822088051,"0_of_4"
"SUN3",0,0,0.457248732324744,"0_of_4"
"TMEM62",0,0,0.457210836562703,"0_of_4"
"PARG",0,0,0.456649607644944,"0_of_4"
"TARS2",0,0,0.456559479959765,"0_of_4"
"HELQ",0,0,0.456206135817953,"0_of_4"
"UBAP1",0,0,0.455706799464629,"0_of_4"
"UBXN7",0,0,0.454654730048244,"0_of_4"
"SLC30A7",0,0,0.454152971509117,"0_of_4"
"ADGRG6",0,0,0.454038446145372,"0_of_4"
"ZNF668",0,0,0.453692565864707,"0_of_4"
"TCTN3",0,0,0.453194455626288,"0_of_4"
"EFCAB2",0,0,0.452574967652627,"0_of_4"
"SEPTIN14",0,0,0.451844868830017,"0_of_4"
"ENO3",0,0,0.451115141897396,"0_of_4"
"AKAP8L",0,0,0.450914137811195,"0_of_4"
"ERLIN2",0,0,0.448532564079684,"0_of_4"
"FKBP2",0,0,0.44820868291774,"0_of_4"
"AC026954.2",0,0,0.448065549372531,"0_of_4"
"PURB",0,0,0.447460279813895,"0_of_4"
"MAPK7",0,0,0.446363730464267,"0_of_4"
"SAMD7",0,0,0.4452718851585,"0_of_4"
"CATSPERB",0,0,0.444591412264399,"0_of_4"
"AL391650.1",0,0,0.444170521375227,"0_of_4"
"AD000671.1",0,0,0.44368711612768,"0_of_4"
"EID2",0,0,0.442494506740719,"0_of_4"
"MORC3",0,0,0.441759851246925,"0_of_4"
"MPHOSPH8",0,0,0.440010686792922,"0_of_4"
"SPDYA",0,0,0.439592066507772,"0_of_4"
"HYAL3",0,0,0.439588869117664,"0_of_4"
"KHDC4",0,0,0.43822349497216,"0_of_4"
"PNPLA8",0,0,0.4381028282163,"0_of_4"
"ZNF514",0,0,0.438079371129327,"0_of_4"
"MAZ",0,0,0.437773184874478,"0_of_4"
"AL929554.2",0,0,0.437217170190481,"0_of_4"
"CSAG1",0,0,0.434566400065599,"0_of_4"
"UTS2",0,0,0.434163068905373,"0_of_4"
"ZNF280D",0,0,0.434139618957325,"0_of_4"
"CDK13",0,0,0.433647495721651,"0_of_4"
"ZNF253",0,0,0.433315241316973,"0_of_4"
"IL37",0,0,0.432513105296758,"0_of_4"
"GCC1",0,0,0.431691576730617,"0_of_4"
"CRIPT",0,0,0.431672037505094,"0_of_4"
"SERPINA10",0,0,0.431589125742219,"0_of_4"
"RGPD3",0,0,0.431428465367187,"0_of_4"
"AL513165.2",0,0,0.43133684775221,"0_of_4"
"SPATA4",0,0,0.430778080906952,"0_of_4"
"FAM118B",0,0,0.430678501713627,"0_of_4"
"GHR",0,0,0.430046718415701,"0_of_4"
"KCNRG",0,0,0.429999148276541,"0_of_4"
"MKRN1",0,0,0.428903020843451,"0_of_4"
"EHD1",0,0,0.428271343776144,"0_of_4"
"KIF5B",0,0,0.427109270614452,"0_of_4"
"SLA2",0,0,0.426878162705557,"0_of_4"
"HSPA13",0,0,0.424583925685965,"0_of_4"
"C7orf25",0,0,0.424110141159114,"0_of_4"
"GNAT2",0,0,0.423716847916533,"0_of_4"
"ARL6IP4",0,0,0.423028783991642,"0_of_4"
"PRKY",0,0,0.422309077454215,"0_of_4"
"DLGAP1",0,0,0.421445181335027,"0_of_4"
"H3C2",0,0,0.420608848257048,"0_of_4"
"ADCYAP1R1",0,0,0.419871775680835,"0_of_4"
"GSTT4",0,0,0.419847147027537,"0_of_4"
"PITPNA",0,0,0.418334533891606,"0_of_4"
"POLB",0,0,0.417565997556052,"0_of_4"
"ZFX",0,0,0.416760874511835,"0_of_4"
"EDF1",0,0,0.415781951976326,"0_of_4"
"SHBG",0,0,0.413942118212368,"0_of_4"
"AP000350.4",0,0,0.413902730336326,"0_of_4"
"PPP1R2B",0,0,0.412593193626943,"0_of_4"
"CD6",0,0,0.41232595074303,"0_of_4"
"CERK",0,0,0.411215649538935,"0_of_4"
"ZC3H3",0,0,0.4107344684149,"0_of_4"
"ANGPT1",0,0,0.409566245217085,"0_of_4"
"IGLON5",0,0,0.408670452470414,"0_of_4"
"P2RY1",0,0,0.406335237692549,"0_of_4"
"NTRK3",0,0,0.405863671506917,"0_of_4"
"TNKS2",0,0,0.405552405018684,"0_of_4"
"CHRNA10",0,0,0.404990998090499,"0_of_4"
"TBX6",0,0,0.404489860753514,"0_of_4"
"MRPL10",0,0,0.404195204721432,"0_of_4"
"CHMP2A",0,0,0.404098764676545,"0_of_4"
"BRAP",0,0,0.402744097889213,"0_of_4"
"OMA1",0,0,0.401601816358225,"0_of_4"
"ACTR1A",0,0,0.401543808062974,"0_of_4"
"PAH",0,0,0.401410288497424,"0_of_4"
"SLC28A2",0,0,0.40134152271141,"0_of_4"
"IMPG1",0,0,0.400342126877385,"0_of_4"
"SPDYE1",0,0,0.399490888348933,"0_of_4"
"SERPINC1",0,0,0.39852121227424,"0_of_4"
"MTMR7",0,0,0.396165455220479,"0_of_4"
"SLC9C2",0,0,0.395742784605806,"0_of_4"
"ZNF71",0,0,0.394739651591119,"0_of_4"
"CDK11B",0,0,0.394518868788793,"0_of_4"
"LYPLAL1",0,0,0.393503323953077,"0_of_4"
"PCDH11X",0,0,0.393006853330079,"0_of_4"
"PHF3",0,0,0.3903422978458,"0_of_4"
"TTF1",0,0,0.389797830837701,"0_of_4"
"ABCC11",0,0,0.389777938917294,"0_of_4"
"CEP120",0,0,0.389165831008141,"0_of_4"
"MPI",0,0,0.386087568246692,"0_of_4"
"SPIN4",0,0,0.384786061902867,"0_of_4"
"OCLM",0,0,0.384525167344783,"0_of_4"
"EGR1",0,0,0.384199325146109,"0_of_4"
"AC093899.2",0,0,0.383619539360377,"0_of_4"
"ARFGAP3",0,0,0.383464854362509,"0_of_4"
"LRRC25",0,0,0.382574353749421,"0_of_4"
"NCKAP1L",0,0,0.381576496087803,"0_of_4"
"STRADA",0,0,0.380694744449272,"0_of_4"
"AP001931.1",0,0,0.380597975736796,"0_of_4"
"USP48",0,0,0.380012232342478,"0_of_4"
"TMEM119",0,0,0.379454456450292,"0_of_4"
"FAM156A",0,0,0.379393396228934,"0_of_4"
"PHRF1",0,0,0.378774668183618,"0_of_4"
"ARHGAP17",0,0,0.378626756789367,"0_of_4"
"ANXA13",0,0,0.377723046201344,"0_of_4"
"KCNH4",0,0,0.376387803201771,"0_of_4"
"CABIN1",0,0,0.375673351669069,"0_of_4"
"MGAT5",0,0,0.375557656984312,"0_of_4"
"ADGRG5",0,0,0.375498999384993,"0_of_4"
"CDH7",0,0,0.375421520250414,"0_of_4"
"ZNF782",0,0,0.373753992040755,"0_of_4"
"ABRAXAS2",0,0,0.373665876426107,"0_of_4"
"BTRC",0,0,0.373306387816082,"0_of_4"
"C4orf17",0,0,0.373150224385059,"0_of_4"
"C1orf43",0,0,0.373106337275949,"0_of_4"
"RNF6",0,0,0.372701914173192,"0_of_4"
"CACNA1D",0,0,0.371770779176382,"0_of_4"
"HRG",0,0,0.371731335390108,"0_of_4"
"TOR4A",0,0,0.371535815773267,"0_of_4"
"JKAMP",0,0,0.371244345221048,"0_of_4"
"AC069503.2",0,0,0.370072893033436,"0_of_4"
"NUDT9",0,0,0.369752365464583,"0_of_4"
"NUP214",0,0,0.368237549372317,"0_of_4"
"CCNY",0,0,0.368028476833336,"0_of_4"
"ANKS6",0,0,0.366324475120724,"0_of_4"
"METTL22",0,0,0.366281430379027,"0_of_4"
"TRIM32",0,0,0.364913056735843,"0_of_4"
"PPEF1",0,0,0.36489991247987,"0_of_4"
"FAM50A",0,0,0.364589278976104,"0_of_4"
"UGT1A10",0,0,0.36354538449871,"0_of_4"
"RCSD1",0,0,0.362494118681482,"0_of_4"
"CFAP44",0,0,0.361853815958745,"0_of_4"
"RAB18",0,0,0.361368971414029,"0_of_4"
"POLR2B",0,0,0.360887624397692,"0_of_4"
"FCRL3",0,0,0.360577288813177,"0_of_4"
"TUBB3",0,0,0.360231794247578,"0_of_4"
"LCTL",0,0,0.359641290486071,"0_of_4"
"SLC7A6OS",0,0,0.357225517999289,"0_of_4"
"ORMDL1",0,0,0.355199648800088,"0_of_4"
"AC007040.2",0,0,0.353505358032801,"0_of_4"
"ZNF711",0,0,0.353061297240484,"0_of_4"
"C9orf24",0,0,0.352310272637097,"0_of_4"
"VEZT",0,0,0.351807163067028,"0_of_4"
"PBX4",0,0,0.348571555192455,"0_of_4"
"NOTCH4",0,0,0.347755561973148,"0_of_4"
"NELL1",0,0,0.347280569934453,"0_of_4"
"CRCP",0,0,0.346869986325889,"0_of_4"
"ALG14",0,0,0.346754957795635,"0_of_4"
"EXOC8",0,0,0.345840731011202,"0_of_4"
"ZNF541",0,0,0.344629928510789,"0_of_4"
"FGF8",0,0,0.343630757896827,"0_of_4"
"RUNDC1",0,0,0.34237797206887,"0_of_4"
"AHCYL1",0,0,0.341469178971108,"0_of_4"
"IL20RA",0,0,0.340103506110879,"0_of_4"
"NR2E3",0,0,0.339976624295522,"0_of_4"
"SLC8A2",0,0,0.339754711187418,"0_of_4"
"ZNF586",0,0,0.338013961193506,"0_of_4"
"KIF24",0,0,0.337822674496046,"0_of_4"
"MAGEA9",0,0,0.33741954355147,"0_of_4"
"TP63",0,0,0.336959128242593,"0_of_4"
"KLF1",0,0,0.336877673732221,"0_of_4"
"TST",0,0,0.335951847010339,"0_of_4"
"ALKBH2",0,0,0.335548016968169,"0_of_4"
"DDX19B",0,0,0.334896355975591,"0_of_4"
"RFTN2",0,0,0.334071405607914,"0_of_4"
"BTK",0,0,0.333635198904782,"0_of_4"
"AL645922.1",0,0,0.330290786545033,"0_of_4"
"TAF12",0,0,0.329288609983166,"0_of_4"
"IGFALS",0,0,0.324995892999233,"0_of_4"
"RGPD8",0,0,0.323952466077495,"0_of_4"
"MEI1",0,0,0.323402892512252,"0_of_4"
"GPATCH8",0,0,0.323269823143661,"0_of_4"
"MSRB2",0,0,0.32301498880572,"0_of_4"
"ATAD1",0,0,0.322659950825607,"0_of_4"
"HIF3A",0,0,0.317745315404057,"0_of_4"
"MICA",0,0,0.3167876703903,"0_of_4"
"SLC26A7",0,0,0.315990924486252,"0_of_4"
"LILRB3",0,0,0.313199660157994,"0_of_4"
"BCL2L14",0,0,0.31129864358472,"0_of_4"
"KLHL34",0,0,0.307637262726246,"0_of_4"
"TPH2",0,0,0.305864243288752,"0_of_4"
"TAF1C",0,0,0.303126419068672,"0_of_4"
"NUTM2F",0,0,0.302355409103633,"0_of_4"
"CDC20B",0,0,0.300570210577918,"0_of_4"
"MIER2",0,0,0.298511886411183,"0_of_4"
"AL662884.4",0,0,0.298416538746688,"0_of_4"
"ZNF384",0,0,0.297640332620836,"0_of_4"
"AKR1C2",0,0,0.296546730861928,"0_of_4"
"GIGYF2",0,0,0.29614656632568,"0_of_4"
"IFNE",0,0,0.295672292536313,"0_of_4"
"HTN3",0,0,0.295106667063201,"0_of_4"
"UHRF1BP1L",0,0,0.2949315552207,"0_of_4"
"GPR45",0,0,0.294651823852055,"0_of_4"
"PPP1R21",0,0,0.29123566880941,"0_of_4"
"CLDND2",0,0,0.289496299807126,"0_of_4"
"ZNF7",0,0,0.289186287298823,"0_of_4"
"DUX4",0,0,0.283998667930739,"0_of_4"
"F10",0,0,0.283331880087693,"0_of_4"
"PCDHGC5",0,0,0.281160348428928,"0_of_4"
"LCORL",0,0,0.280562305030828,"0_of_4"
"CGRRF1",0,0,0.28003017752669,"0_of_4"
"PIGC",0,0,0.279089109475355,"0_of_4"
"SRRM1",0,0,0.277445206954588,"0_of_4"
"RAB3GAP1",0,0,0.272350847846955,"0_of_4"
"CAAP1",0,0,0.269646474038147,"0_of_4"
"AC104389.5",0,0,0.269070433115053,"0_of_4"
"AC017083.3",0,0,0.268748074101235,"0_of_4"
"HIGD1B",0,0,0.268589602736712,"0_of_4"
"AC138894.1",0,0,0.266810330392138,"0_of_4"
"HCCS",0,0,0.266770865774991,"0_of_4"
"DNAJC24",0,0,0.265654120262064,"0_of_4"
"UHMK1",0,0,0.2625972568666,"0_of_4"
"PROX2",0,0,0.261425114052314,"0_of_4"
"GNRH2",0,0,0.260867884245151,"0_of_4"
"PGAP6",0,0,0.256994451797215,"0_of_4"
"HOXD1",0,0,0.254290636846765,"0_of_4"
"TIGD4",0,0,0.253566346525579,"0_of_4"
"RNLS",0,0,0.252664973651341,"0_of_4"
"SPOP",0,0,0.24922605605515,"0_of_4"
"CFAP46",0,0,0.248519479744893,"0_of_4"
"TRIM10",0,0,0.248510532048064,"0_of_4"
"TTBK1",0,0,0.248331018587618,"0_of_4"
"RABEP1",0,0,0.244126642243922,"0_of_4"
"HRC",0,0,0.243995439034744,"0_of_4"
"NGLY1",0,0,0.243547752147827,"0_of_4"
"CSRP3",0,0,0.241519946587086,"0_of_4"
"AC073585.2",0,0,0.239169288554365,"0_of_4"
"EXTL2",0,0,0.238312024442474,"0_of_4"
"SMIM8",0,0,0.233996738898246,"0_of_4"
"LMTK3",0,0,0.232125873778687,"0_of_4"
"ZBTB7B",0,0,0.23161258177395,"0_of_4"
"LINGO2",0,0,0.231010580993912,"0_of_4"
"LAMTOR3",0,0,0.22984170223916,"0_of_4"
"NR5A1",0,0,0.228428324113015,"0_of_4"
"C9orf64",0,0,0.224018033518592,"0_of_4"
"METTL23",0,0,0.222195524494166,"0_of_4"
"PTPA",0,0,0.221337815952443,"0_of_4"
"SPATA18",0,0,0.217687740910903,"0_of_4"
"BTLA",0,0,0.212717389791729,"0_of_4"
"COX7B2",0,0,0.210656823299161,"0_of_4"
"MED16",0,0,0.209430597495337,"0_of_4"
"RBM44",0,0,0.209112654203468,"0_of_4"
"URGCP.MRPS24",0,0,0.204490294285648,"0_of_4"
"PCDH17",0,0,0.203849555266583,"0_of_4"
"AC011499.1",0,0,0.20187478462888,"0_of_4"
"AGR3",0,0,0.195799673688658,"0_of_4"
"H2BC17",0,0,0.194220273253716,"0_of_4"
"AC104109.3",0,0,0.19218342027271,"0_of_4"
"ADAMTS20",0,0,0.191599626741129,"0_of_4"
"GABARAPL2",0,0,0.191405564584156,"0_of_4"
"ACRV1",0,0,0.189666963242835,"0_of_4"
"GPR55",0,0,0.188948125802148,"0_of_4"
"CSMD2",0,0,0.187671433450333,"0_of_4"
"TBC1D3H",0,0,0.184592190537681,"0_of_4"
"ATF7.NPFF",0,0,0.184001965552197,"0_of_4"
"PATE4",0,0,0.182509791299348,"0_of_4"
"SKAP1",0,0,0.174076988970281,"0_of_4"
"TRIM51",0,0,0.171101172043335,"0_of_4"
"RBAK",0,0,0.167185769426086,"0_of_4"
"DOK6",0,0,0.166394086498694,"0_of_4"
"FGL1",0,0,0.165528357815253,"0_of_4"
"G6PC3",0,0,0.164150529048865,"0_of_4"
"DLGAP3",0,0,0.164013774159953,"0_of_4"
"EXOC1",0,0,0.163799896144061,"0_of_4"
"NUBP2",0,0,0.159157543974969,"0_of_4"
"C17orf99",0,0,0.15270762274056,"0_of_4"
"ZNF208",0,0,0.152581909098443,"0_of_4"
"AKR1D1",0,0,0.1501619607338,"0_of_4"
"CRX",0,0,0.148055292917893,"0_of_4"
"KLHL6",0,0,0.147879566401239,"0_of_4"
"FAM209A",0,0,0.144232328089755,"0_of_4"
"AC073612.1",0,0,0.143953955944428,"0_of_4"
"FZD5",0,0,0.139989820866665,"0_of_4"
"TMSB4Y",0,0,0.138825293416796,"0_of_4"
"AL358075.4",0,0,0.13838432779917,"0_of_4"
"NRXN1",0,0,0.135322489799376,"0_of_4"
"BMX",0,0,0.13447539323505,"0_of_4"
"CTAGE6",0,0,0.127230752943848,"0_of_4"
"IKZF1",0,0,0.127187612820095,"0_of_4"
"AC098484.3",0,0,0.12650901233189,"0_of_4"
"CDHR1",0,0,0.125585390069301,"0_of_4"
"FNDC1",0,0,0.124938715970005,"0_of_4"
"C3orf49",0,0,0.12386058649167,"0_of_4"
"HDGFL2",0,0,0.12245008174485,"0_of_4"
"PRTN3",0,0,0.121566722871609,"0_of_4"
"RTF1",0,0,0.121201029160482,"0_of_4"
"HEATR9",0,0,0.118946384483103,"0_of_4"
"GAL3ST3",0,0,0.116523355644398,"0_of_4"
"EIF1AY",0,0,0.115130210184271,"0_of_4"
"PYY",0,0,0.114789235213529,"0_of_4"
"GFRA2",0,0,0.111447040053594,"0_of_4"
"XAGE1B",0,0,0.10790607832718,"0_of_4"
"EXD1",0,0,0.103665901404679,"0_of_4"
"MT1H",0,0,0.102960464057541,"0_of_4"
"PCSK1",0,0,0.100334532351302,"0_of_4"
"ERICH6B",0,0,0.10015860318657,"0_of_4"
"PEAK3",0,0,0.0903853697035739,"0_of_4"
"ITGAL",0,0,0.0896110916005725,"0_of_4"
"SPTBN5",0,0,0.089576809044119,"0_of_4"
"GRIA4",0,0,0.0851985582499215,"0_of_4"
"AL360181.3",0,0,0.0847636006412547,"0_of_4"
"FGD5",0,0,0.0826533009160942,"0_of_4"
"MATN4",0,0,0.0738654719439305,"0_of_4"
"AC120057.2",0,0,0.0723397830745406,"0_of_4"
"TCP10L",0,0,0.0672254218916955,"0_of_4"
"LIN28A",0,0,0.066047907800677,"0_of_4"
"SOWAHA",0,0,0.0652499657091987,"0_of_4"
"NTAN1",0,0,0.0591187083090947,"0_of_4"
"MADD",0,0,0.0503382313898351,"0_of_4"
"SCN2B",0,0,0.0460520424564283,"0_of_4"
"TMEM150B",0,0,0.0438651248558048,"0_of_4"
"GLOD5",0,0,0.0425553878691344,"0_of_4"
"APOH",0,0,0.0379197437877745,"0_of_4"
"TMEM100",0,0,0.0375121434830918,"0_of_4"
"EMILIN3",0,0,0.0329823892831366,"0_of_4"
"TEX48",0,0,0.0329042013601659,"0_of_4"
"FXYD2",0,0,0.0296140020484853,"0_of_4"
"AC008763.3",0,0,0.0288420491218729,"0_of_4"
"AC013489.1",0,0,0.024308733303431,"0_of_4"
"GJB1",0,0,0.0237987312581552,"0_of_4"
"KCNE1",0,0,0.0226370249650474,"0_of_4"
"DPEP2",0,0,0.0187038507833187,"0_of_4"
"FGB",0,0,0.0148445017281652,"0_of_4"
"UGT1A9",0,0,0.0138407765373522,"0_of_4"
"KCNK10",0,0,0.0117198951126954,"0_of_4"
"KIAA1210",0,0,0.00816063182520261,"0_of_4"
