gene,DTP_vs_Control_logFC_H1975,DTP_vs_Control_FDR_H1975,Long_vs_Control_logFC_H1975,Long_vs_Control_FDR_H1975,long_retention_ratio_H1975,long_same_direction_H1975,DTP_responsive_H1975,Persistence_support_H1975,DTP_vs_Control_logFC_PC9,DTP_vs_Control_FDR_PC9,Long_vs_Control_logFC_PC9,Long_vs_Control_FDR_PC9,long_retention_ratio_PC9,long_same_direction_PC9,DTP_responsive_PC9,Persistence_support_PC9,DTP_vs_Control_logFC_HCC827,DTP_vs_Control_FDR_HCC827,Long_vs_Control_logFC_HCC827,Long_vs_Control_FDR_HCC827,long_retention_ratio_HCC827,long_same_direction_HCC827,DTP_responsive_HCC827,Persistence_support_HCC827,DTP_vs_Control_logFC_HCC2935,DTP_vs_Control_FDR_HCC2935,Long_vs_Control_logFC_HCC2935,Long_vs_Control_FDR_HCC2935,long_retention_ratio_HCC2935,long_same_direction_HCC2935,DTP_responsive_HCC2935,Persistence_support_HCC2935,n_DTP_responsive,n_persistence_support,median_long_retention,persistence_recurrence
HCFC1R1,0.585529693769405,0.0050964408269104,0.774331446690804,0.0006291609400773,1.32019138147034,True,True,True,1.30376419004319,8.82446147821087e-07,0.804558447845467,0.0003182195757443,0.616631307009456,True,True,True,0.599680256973332,0.0252235944441541,1.01752545765685,0.0008808658777965,1.6939552213417,True,True,True,0.774000510967965,0.000338919092983,0.923799920224857,0.0001020784924645,1.19199911116322,True,True,True,4,4,1.25609524631678,4_of_4
CPA4,2.30487774416851,4.3921837052215e-06,2.35326260129827,3.49675259480346e-06,1.02054959646043,True,True,True,1.34339245630735,2.23708154144251e-05,1.70813405455543,1.71106866530589e-05,1.27056206432991,True,True,True,2.13947446481137,0.0021015167900968,2.51498065868905,0.0006758341430142,1.17496410260175,True,True,True,2.32425530083938,2.81535222012517e-06,3.28472246925282,9.50379656984752e-08,1.41262874148361,True,True,True,4,4,1.22276308346583,4_of_4
TMEM37,1.10797925166368,0.0016389536124383,1.36233683800097,0.0002865862474154,1.22846016817466,True,True,True,1.29701979623721,0.008990934787565,1.65283340023804,0.0035345323897916,1.27334991733515,True,True,True,3.27340261286123,0.0097026010298904,3.97001584267427,0.0026454912634755,1.21243973697089,True,True,True,2.97285627118428,0.0006961810000236,2.67999763565281,0.0025091283561738,0.901185999344062,True,True,True,4,4,1.22044995257277,4_of_4
CSF1,1.10011621543265,0.0003928280157489,1.38921828244018,5.49706899743583e-05,1.26164546754434,True,True,True,0.546345088424932,0.0072267515209043,0.798210541159957,0.0012660377496613,1.4583314220594,True,True,True,1.43689119224829,5.30887322858919e-05,1.43777436632781,6.57641648459523e-05,0.999918751904797,True,True,True,0.977446724103647,0.0168602668387468,1.15077380736528,0.0077926702422446,1.17612311331463,True,True,True,4,4,1.21888429042948,4_of_4
ZFYVE28,0.845381106540717,0.0466255762516311,1.14487208016636,0.0088213977481159,1.35266734018393,True,True,True,1.82763802146307,3.12908293018078e-05,1.05468033782451,0.0096047242196191,0.576757305407373,True,True,True,1.39718150776676,0.0061181699494255,2.00224840922577,0.0003983593806466,1.43203754169504,True,True,True,1.69875762033478,2.3584309596962e-06,1.84104649563701,1.606440889346e-06,1.08312295448006,True,True,True,4,4,1.21789514733199,4_of_4
NOXA1,2.05694798836847,0.0016774025083185,2.49355923406064,0.0003174612494848,1.21167262154061,True,True,True,0.773862191134172,0.0003273558046826,0.486038466917224,0.0202092083818553,0.627257946610875,True,True,True,1.48888223368888,0.0225676705337072,1.7555147880487,0.0092908234316913,1.17829097384572,True,True,True,-0.74483877619919,0.0001979582513161,-1.19194124782178,5.86946530174444e-06,1.59812185402311,True,True,True,4,4,1.19498179769316,4_of_4
GSDME,0.751796038904766,0.0413418567243908,1.01586861313468,0.0076472370810887,1.34946062496909,True,True,True,0.641617647982887,0.0028419023154956,0.651565134231624,0.0057622246879916,1.01392349910841,True,True,True,1.8675392168077,1.01093613089907e-05,1.86852080509368,1.44212021404764e-05,0.999990146466366,True,True,True,2.78739047992241,8.59289012736495e-06,3.90131087447444,3.13805775411103e-07,1.39912645038976,True,True,True,4,4,1.18169206203875,4_of_4
PHC1,0.512443875353975,0.0068954623188002,0.609930869004277,0.0020592065697455,1.18792120868865,True,True,True,-0.60911361983307,4.65236115847691e-05,-0.428612970657514,0.002323918758903,0.702513362633643,True,True,True,0.768511898435139,0.0114740682565214,0.866677274266018,0.0060043870328436,1.12626884136356,True,True,True,2.05431601600339,8.54579830796902e-05,2.55306412412827,1.35034034070468e-05,1.24217594970761,True,True,True,4,4,1.1570950250261,4_of_4
LIPG,-2.0073965454629,6.95409818113903e-05,-1.70613792867525,0.0001977481777603,0.849502521068127,True,True,True,-1.61179717376973,1.85199078987851e-05,-1.88306475529223,4.30740544867735e-05,1.16757691910557,True,True,True,-2.52708557301678,1.94561335257878e-06,-2.83606844591801,2.36340644391642e-06,1.12182454430675,True,True,True,1.17324761342375,1.85115858866402e-07,1.44914686736634,2.90262366493968e-08,1.23410671718639,True,True,True,4,4,1.14470073170616,4_of_4
PSG3,1.870454440569,0.0001598884772723,2.53792150623386,8.69770905905958e-06,1.35612251691376,True,True,True,5.47974667339803,2.78368458854895e-05,4.52839848095566,0.0006645856946203,0.826237509377181,True,True,True,4.16633839029412,0.0022771041935321,3.78867471402655,0.0053109775456836,0.909135366316906,True,True,True,0.796898460267794,0.049358714020716,1.33909574478882,0.002290626830737,1.67827839188885,True,True,True,4,4,1.13262894161533,4_of_4
DCLK1,1.65092062127755,0.0001863796092237,2.17820748195898,1.38091025269639e-05,1.31859088984216,True,True,True,-1.6456924351936,0.0001666103333376,-2.098170002,0.0001967294442674,1.27417236950707,True,True,True,2.08021871025783,0.0006118985627256,2.05731912893564,0.0008098807010266,0.988516545039503,True,True,True,2.0327119300236,9.88388318605159e-08,1.80596150941249,6.01956880431752e-07,0.888012447953498,True,True,True,4,4,1.13134445727329,4_of_4
PTPRS,0.987355964161491,9.15691112349127e-06,1.07806429765325,4.25448999151665e-06,1.09076520681278,True,True,True,0.810570777115747,4.30657373358115e-05,0.477000956690937,0.0080821123135517,0.587750286408978,True,True,True,1.41438754551729,0.0002098341269364,1.62598451318594,7.94651889521795e-05,1.1487910278253,True,True,True,1.60004959949828,2.84463881020813e-06,1.84627111799591,1.01239927300693e-06,1.15316297419797,True,True,True,4,4,1.11977811731904,4_of_4
EHD3,0.931484792149202,0.0242496428929469,1.23440652263917,0.0040918815206003,1.32378193513923,True,True,True,1.61467323515668,3.66330361006498e-06,0.863112582854623,0.0035874201683925,0.534212341996816,True,True,True,1.02018728304111,0.0032727199388612,1.27459741065537,0.0006770679334786,1.24815245138933,True,True,True,0.721267209552488,0.002558090753013,0.701095564991036,0.0043267435492901,0.970687241118741,True,True,True,4,4,1.10941984625404,4_of_4
P2RX6,0.867122885296958,0.0139724218117142,1.137112783667,0.0022260044629793,1.30985232957893,True,True,True,2.27143759424057,1.37030220394247e-05,1.63761061401965,0.0011633180736742,0.720640521953223,True,True,True,3.02473569261984,0.0265267428892979,3.54776870803236,0.0108602161054354,1.17253093741328,True,True,True,3.39653576623224,0.0247971615953479,3.50137325112261,0.0251559567874698,1.0305625877209,True,True,True,4,4,1.10154676256709,4_of_4
LRRC8C,-3.69687434708955,6.88077739922427e-07,-3.52238265003471,8.46419242365269e-07,0.952542547262872,True,True,True,-2.27838275967516,8.53269319847765e-07,-1.1678236831358,0.0002918500429362,0.512342070755255,True,True,True,-0.664429882519927,0.0129828302952615,-0.824484764649905,0.0049165839587484,1.23902575809738,True,True,True,0.836338511424755,0.0047467917088578,1.486190449593,3.73147692636271e-05,1.77489800040871,True,True,True,4,4,1.09578415268013,4_of_4
PGGHG,0.73743107515159,0.0374069431849289,0.987094190736383,0.0075399328022633,1.33674519390147,True,True,True,1.32525477805389,8.79786002317254e-07,0.748933485464347,0.0005480548153246,0.564698048864572,True,True,True,1.40899121950246,0.000438936760139,1.69853114899081,0.0001130481911059,1.20463952221643,True,True,True,0.779436258598589,0.0029614316570512,0.765669998231464,0.0045700408525736,0.981079479323987,True,True,True,4,4,1.09285950077021,4_of_4
AQP3,1.0992762156927,0.0057008796730298,1.65088967214525,0.0002327204852444,1.50043202661243,True,True,True,4.40120952537547,3.56449310222243e-06,3.03098131208923,0.0005040548822508,0.688513641756003,True,True,True,1.53382948570979,0.0083657652779659,2.22501445160634,0.0005501248890355,1.44968185216833,True,True,True,-3.67130379465509,0.0001267607376071,-2.68424420743327,0.000476234755217,0.730942851552776,True,True,True,4,4,1.09031235186055,4_of_4
GSTM3,1.72264237973765,1.53235744951601e-06,1.64160298824527,2.17354827737564e-06,0.952403472752354,True,True,True,0.924620689797167,1.07814904419209e-05,1.56203727924368,1.18871098265925e-06,1.68755657307744,True,True,True,1.31854017532821,5.39938683787363e-05,1.42060180507436,3.64674283134937e-05,1.07658852048291,True,True,True,4.07050603204263,2.25721378052589e-10,4.4852516012212,8.94650784475558e-11,1.10161978538713,True,True,True,4,4,1.08910415293502,4_of_4
CTH,1.52465391475472,7.57096027661397e-07,1.13730720651528,7.64478261414648e-06,0.745455568603267,True,True,True,0.657756450174146,0.0068893616385373,0.593208269368739,0.0237277812807635,0.900497094505748,True,True,True,-0.550673610611499,0.0421025826267319,-0.834656759852405,0.006356415563465,1.51295393471374,True,True,True,-0.574805991710815,0.0202575282778661,-0.728446544729036,0.0077260707619541,1.26509024778415,True,True,True,4,4,1.08279367114495,4_of_4
ANXA6,1.35555141160558,2.40620266725689e-05,1.51059300257441,8.69770905905958e-06,1.11355381716533,True,True,True,0.88973558338599,6.69038340136091e-06,0.70129596548362,0.0002737707968053,0.787322274493352,True,True,True,4.64961999475558,6.17112906313194e-05,4.83850041164881,5.57500306175648e-05,1.04039900424139,True,True,True,0.504077849882655,0.0019192564116906,0.7483310899385,8.70099781181799e-05,1.48161533932316,True,True,True,4,4,1.07697641070336,4_of_4
SERPING1,4.36553579941442,0.0001599958405955,4.58040634900032,9.74151912268996e-05,1.04897945634949,True,True,True,6.85938446789101,0.0001718516724027,5.25616908570916,0.0040402775757735,0.766162466594965,True,True,True,3.81877665588739,0.0016335258424691,4.20663853477286,0.0008395409931256,1.101278664628,True,True,True,2.50263093252547,0.0062602505363312,3.37354862811706,0.0006907782243906,1.34746243317664,True,True,True,4,4,1.07512906048875,4_of_4
GPC6,0.968375447631691,0.0111830715078894,1.38753062457615,0.0008969094450435,1.43136555394101,True,True,True,-1.39702247409211,5.70343056038743e-05,-1.48520758856898,0.0001974785816894,1.06236317090216,True,True,True,1.74984798464246,0.0003350688997205,1.89258604233441,0.0002112330719074,1.0809539485639,True,True,True,4.70216070479748,0.004805841785486,4.74055048262808,0.0059678404839694,1.00794992563032,True,True,True,4,4,1.07165855973303,4_of_4
GPRC5B,-1.03427067150341,0.0069106711385794,-1.28705845980097,0.0021450109858428,1.2432096216267,True,True,True,0.782554397124941,7.76260591660849e-05,0.728526235668651,0.0005232823570511,0.929771102480948,True,True,True,0.681691683499449,0.0176863526316851,0.653235201733374,0.0242956681656943,0.956852437962797,True,True,True,2.09394375527236,6.0894386375218e-09,2.47355137902419,1.22334617201608e-09,1.18072448140862,True,True,True,4,4,1.06878845968571,4_of_4
ATOH8,1.66715877561195,0.0219661749367381,1.83618976773135,0.0122156892147798,1.10072841660876,True,True,True,6.07541379835083,2.76093970731426e-05,4.09428502772471,0.0032317731169223,0.673799573826904,True,True,True,5.26995039691594,0.0001471116989962,5.39957201973383,0.0001420247843193,1.0244019793647,True,True,True,6.15883184401139,4.89563793979494e-06,6.91462682769597,2.66725528922524e-06,1.12253499816207,True,True,True,4,4,1.06256519798673,4_of_4
MCAM,1.56933939222673,1.020819107189e-05,1.57688603842704,8.55143968733927e-06,1.00416893713086,True,True,True,0.712352360781491,0.0013337170919673,0.920235203817279,0.0005265031001444,1.29001494129653,True,True,True,1.77958466747532,6.23506734704702e-06,1.62043005276721,1.76943544425393e-05,0.910055041114561,True,True,True,1.86989159139528,0.0007437786547421,2.0899173919289,0.000438700043052,1.11707027897339,True,True,True,4,4,1.06061960805213,4_of_4
INHBB,3.19097342869097,9.30589067915384e-05,3.72144379605125,2.06436522530373e-05,1.16587555604353,True,True,True,0.783157602085627,0.0001416106538771,1.17762087445823,2.25534689551847e-05,1.50176555239165,True,True,True,3.1348758875011,0.0064837463130017,2.99231081097637,0.0097624457991482,0.954218508105838,True,True,True,-1.95431670728982,1.62025072256339e-09,-1.76562466316589,4.1880529319013e-09,0.902986537466427,True,True,True,4,4,1.06004703207468,4_of_4
LGALS3BP,0.887688152695674,4.44199870505353e-05,0.993706665707156,1.56982827584724e-05,1.11817251382606,True,True,True,1.30844543275327,2.2977852334477e-06,0.71854759770291,0.0014720556794065,0.548741917555186,True,True,True,1.18101433279037,1.78514087369194e-06,1.2336412654704,1.62195249273282e-06,1.04367707839731,True,True,True,0.51971343725593,0.0002688129921264,0.555977402552156,0.0002304077661966,1.06772240309768,True,True,True,4,4,1.0556997407475,4_of_4
CHST11,-0.958579243765531,7.71567223569312e-05,-1.05466630268874,3.86898396904103e-05,1.09909245071837,True,True,True,-0.885963297578563,4.28943580830469e-05,-0.716797149956401,0.0008739402852728,0.808147475677155,True,True,True,-1.2948618991779,3.68096658893772e-05,-1.29766043700622,4.89645896516777e-05,1.00138790856453,True,True,True,1.89346991665222,0.0096210790019947,3.12547361907418,0.0001961202912989,1.64978793888546,True,True,True,4,4,1.05024017964145,4_of_4
TCF7L1,2.40474034678786,9.23189747886972e-07,2.47925067185476,7.77019090228972e-07,1.03055621740935,True,True,True,3.7239486314413,1.14126537433471e-07,3.06262755103974,3.20263533245958e-06,0.82219323111973,True,True,True,2.28362926770695,0.0056426030030985,2.43643914558954,0.0038813743647792,1.06644836430506,True,True,True,1.37412475833657,9.83812754805405e-07,1.49330364121657,6.54846861295019e-07,1.08594048079169,True,True,True,4,4,1.04850229085721,4_of_4
MATN2,1.82128650894124,3.32469056175669e-06,1.82094854189248,3.14543613647432e-06,0.999265775693232,True,True,True,1.04018495571332,1.49428761563499e-05,1.03239076260851,8.44002276569915e-05,0.991553668676681,True,True,True,3.04318467174454,0.0003032370828794,3.3238069987877,0.0001764667571626,1.09185458741664,True,True,True,3.11956358177111,3.94257632044005e-08,3.51836728643087,1.53760888939931e-08,1.12747816035012,True,True,True,4,4,1.04556018155494,4_of_4
LOXL2,1.35831961014076,2.7194321364981e-06,1.52072982273333,1.12516763163192e-06,1.11874338557939,True,True,True,-1.81767868402429,1.75978066847442e-06,-0.981551161836694,0.0007147145798471,0.539705650293741,True,True,True,0.553513030918468,0.0039491379063377,0.538597902483001,0.0050216431611511,0.971298909947876,True,True,True,1.07628381787459,1.35088805375802e-05,2.02011059980198,1.9129622679698e-08,1.87518884650799,True,True,True,4,4,1.04502114776363,4_of_4
PSG5,2.18614820568759,3.28714051368067e-05,2.4804137573847,9.24244800336351e-06,1.13408581591978,True,True,True,7.19091671179028,8.18894203808853e-05,6.25947198584049,0.0009210290654661,0.870348230754514,True,True,True,4.49236649035345,2.78905070901502e-05,4.63132898589425,2.66193939734705e-05,1.03070359291569,True,True,True,3.31667997665051,0.000205591528082,3.51356849056699,0.0001949720265691,1.05904382438786,True,True,True,4,4,1.04487370865177,4_of_4
LRIG1,2.19896364179683,7.62354741103572e-07,2.36319166088701,5.46939032801558e-07,1.0741957803252,True,True,True,0.530009624598903,0.039642151687094,1.01233848015453,0.0014473103081754,1.90644092547136,True,True,True,1.83815541283687,0.0007940833254165,1.85887327906978,0.0008759422653575,1.01072115281573,True,True,True,-0.954251872438523,0.002890044430947,-0.709338861671817,0.0188305221541777,0.742567360649134,True,True,True,4,4,1.04245846657047,4_of_4
VASH1,1.14363137671372,0.0001638932312466,1.33436707979071,3.99108746490202e-05,1.1657614031355,True,True,True,1.77724303297756,9.49441842427324e-05,1.22184183632942,0.0063829710963233,0.687106213082427,True,True,True,3.73344341603804,2.33818735440406e-05,3.77314273277053,2.68746759118224e-05,1.01036280709631,True,True,True,0.895872969090233,0.014358419185331,0.955321079338164,0.0120575421687882,1.06516877223674,True,True,True,4,4,1.03776578966652,4_of_4
MLPH,-2.93060752079214,5.4406994628593e-06,-2.90521441137973,5.8451687289768e-06,0.99099705222298,True,True,True,-1.17193116733163,1.83696225018872e-06,-1.72257656285072,1.1026198004405e-06,1.46860839819741,True,True,True,1.80930458885624,0.0011717435125848,1.94964848380801,0.0007548362218928,1.07697262428076,True,True,True,-1.22285812863419,7.1666690013572e-07,-1.04776381265974,5.63909723955471e-06,0.856115417420997,True,True,True,4,4,1.03398483825187,4_of_4
RASA4,0.962755298534568,0.0028148333661717,0.625040587667009,0.0397068166028812,0.648546979318724,True,True,True,2.81867485167844,6.52237312455175e-06,1.49252891909362,0.0064205850137091,0.529326605940106,True,True,True,1.16706555387432,0.0075283240558246,1.72704162494573,0.0004342197612035,1.47854854482898,True,True,True,1.18347757170483,0.000177291977677,1.68057082291615,7.34418968729377e-06,1.41882874193835,True,True,True,4,4,1.03368786062854,4_of_4
HBEGF,2.22396199509602,0.0006927860768852,2.29387126668373,0.0005158441512026,1.03097098815152,True,True,True,-2.32926200112521,5.52991529217338e-07,-2.4133210260176,4.5045821744911e-06,1.03564364215366,True,True,True,3.79718825237992,5.94760256799309e-06,3.08379538251216,4.63935405405436e-05,0.811912200660374,True,True,True,1.01155969687589,0.0005963668963636,1.06423574845941,0.0005648820503979,1.05103506661677,True,True,True,4,4,1.03330731515259,4_of_4
SPARC,1.4185899478609,2.62122995786338e-06,1.54839505110297,1.30907527970566e-06,1.09073402036705,True,True,True,6.44855836128457,0.000403877083112,5.8386078166123,0.002491268639232,0.905272499224182,True,True,True,5.93446822420606,0.0080017187736097,5.98310632776352,0.0081976723883647,1.00802600599615,True,True,True,4.10487596855272,2.06835870647603e-05,4.31828160706241,2.26013477581562e-05,1.05173211274196,True,True,True,4,4,1.02987905936906,4_of_4
MAGED1,0.988090341804964,1.86208213376185e-06,1.17307524391684,6.0546622151314e-07,1.18601425404289,True,True,True,2.81140344279517,5.96882201855135e-07,1.73884295070023,0.0001925668931297,0.618276497689123,True,True,True,0.694958702456778,0.0037100413627696,0.798672969987091,0.0015597597023105,1.14758672772928,True,True,True,1.46060161905283,2.08686179531167e-06,1.33115822003619,9.22209117971596e-06,0.910753109933491,True,True,True,4,4,1.02916991883139,4_of_4
GSTM2,1.67526361968049,5.70835431821819e-05,1.84156915468476,2.29427632685858e-05,1.09861547614795,True,True,True,2.0836239263717,5.46074107835197e-05,1.61009862554137,0.0018951789366821,0.772368869594506,True,True,True,2.51811071584743,0.0004517231173497,2.80179404184015,0.0002140198529283,1.11221552280906,True,True,True,3.81089320214614,5.80933301562767e-08,3.64999148143766,1.37523151460622e-07,0.957527214923722,True,True,True,4,4,1.02807134553584,4_of_4
ERAP1,0.710082420673793,0.0001224144580088,0.778127895958936,5.33516406732423e-05,1.09428650369617,True,True,True,0.875816453099933,5.02039978616762e-05,0.570737760816749,0.0047450094669448,0.650920450681484,True,True,True,0.53848516833825,0.0010823292529641,0.51835675406155,0.0016206555780098,0.960835968221738,True,True,True,0.930402072086344,6.85365765193465e-06,1.10611651030468,2.03096568437895e-06,1.1875821876013,True,True,True,4,4,1.02756123595895,4_of_4
NKIRAS2,0.6408261753759,1.91516345538028e-05,0.676123171267047,1.08731184927371e-05,1.0534365801941,True,True,True,0.613507520547587,5.15848833189272e-06,0.4679677421389,0.0002681797988212,0.761532978020992,True,True,True,0.648058153778476,0.0001523825204558,0.64732323508714,0.0001863145213212,0.997327021190264,True,True,True,0.504998655879903,0.0003794353273656,0.541190088699953,0.0003156981868471,1.06954847095167,True,True,True,4,4,1.02538180069218,4_of_4
MRAS,1.42885319010016,3.04013109426265e-05,1.55718809334859,1.30594584037483e-05,1.0890545296049,True,True,True,1.37895608384434,8.21511553039493e-05,1.48025968559442,0.000187361902142,1.07268608249521,True,True,True,5.72080057939004,7.72927267365407e-05,5.59084024359601,0.000113702644293,0.977112041222522,True,True,True,3.66906406409076,9.1379104246386e-06,3.02653738520604,0.0001232655419365,0.824655191940321,True,True,True,4,4,1.02489906185887,4_of_4
SPEG,1.80871555932793,6.48139256883242e-06,2.08888042763748,1.98242134069727e-06,1.15425897560013,True,True,True,0.563580137419286,0.0007360699180969,0.353988992882831,0.030295114048704,0.626995123315755,True,True,True,1.78266388770748,0.0001384250452675,1.85830405356364,0.0001170790024978,1.04184654203662,True,True,True,0.931001873180088,0.0015651991515049,0.937024627124105,0.0020943027088081,1.00538921013847,True,True,True,4,4,1.02361787608754,4_of_4
DENND6B,1.09564037958727,0.0303351831183219,1.72864906377215,0.0014729467176333,1.57631352624708,True,True,True,2.37054253784401,2.82203345456043e-06,1.4958290079118,0.0009249870356287,0.630740956167572,True,True,True,1.48939768083197,0.0032471149593532,1.5509059310482,0.002756366347894,1.04059872810756,True,True,True,0.565847800073338,0.0010278977962815,0.570013631223787,0.0013949850634094,1.00558497563198,True,True,True,4,4,1.02309185186977,4_of_4
BMP1,1.04706238616831,0.0011423259556553,1.3640845494455,0.0001355963183373,1.3015299160125,True,True,True,2.42945445354838,1.82723410102002e-07,1.61963612872045,2.42709349645702e-05,0.666392298097106,True,True,True,1.45417786333303,2.75330803600234e-06,1.32316332679106,8.25915060938134e-06,0.909279449702736,True,True,True,1.66819486076026,1.5384296886585801e-09,1.8899705959127,4.65869845377945e-10,1.13226480643002,True,True,True,4,4,1.02077212806638,4_of_4
MREG,-0.840884833656541,0.0090480018978954,-1.12592286371508,0.0018406459099356,1.33738347420381,True,True,True,-0.786466950622549,4.86225793371999e-06,-0.730268126142906,5.733007983788e-05,0.92736352372068,True,True,True,-1.17599667556799,3.05753715540856e-05,-0.760165123468836,0.0007210589776128,0.645851546778583,True,True,True,-0.747672536313051,4.27486161479783e-05,-0.830852631040299,3.00631108709007e-05,1.10976774322717,True,True,True,4,4,1.01856563347393,4_of_4
SEMA3F,0.576968013769024,0.0109307766457267,0.580815132563107,0.0103740779601539,1.00492608366943,True,True,True,2.69656693801305,1.73397634732783e-06,2.10281983495646,0.0001022447664726,0.779524617285433,True,True,True,1.80941704682357,0.0132729132739081,2.8699392484333,0.000431886084866,1.58523653622722,True,True,True,-1.88925192130909,0.0001043732283392,-1.94977461824851,0.000149576832857,1.03148929318278,True,True,True,4,4,1.0182076884261,4_of_4
COL12A1,3.3570454191772,3.05782819974115e-07,3.57111284478763,2.36350666795129e-07,1.06344983435711,True,True,True,2.10803912610152,3.54087868218083e-08,2.02619921073851,1.17828696721393e-07,0.960721489545746,True,True,True,2.34401813001915,0.0005753126380606,2.27929445640222,0.0008246963267441,0.971973063757766,True,True,True,2.76635343558558,4.15588130861565e-05,3.49071556846273,9.25699743966454e-06,1.26139130751258,True,True,True,4,4,1.01771144905744,4_of_4
CCDC92,1.35423325449559,6.15810332330991e-06,1.39759837908318,4.46697602500555e-06,1.03126039332864,True,True,True,0.716408302651975,6.83088090081558e-05,0.682107697087998,0.0004199617782722,0.95079426118504,True,True,True,1.82102261562246,5.21049739425109e-06,1.82085658030821,7.87772437745456e-06,0.999360032469272,True,True,True,0.530131900360042,0.0008219670253079,0.578876108794823,0.0005688204343884,1.08989143450509,True,True,True,4,4,1.01531021289896,4_of_4
IQGAP2,2.72770803037454,0.0001136719154665,2.88942979239992,6.40759329413579e-05,1.0589003148143,True,True,True,3.31478111256822,0.0002030871877806,3.21132896450704,0.0009048188894266,0.968498479086794,True,True,True,2.06682656966402,0.0260890053854613,1.9377934009107,0.0400517648194944,0.937116018015743,True,True,True,1.84046294254984,0.0115054486212381,1.98013738331009,0.0092059386961012,1.07530666925517,True,True,True,4,4,1.01369939695055,4_of_4
SYNCRIP,-0.616628107409187,0.0014124105692296,-0.661877293835783,0.0007721777087976,1.07164373819095,True,True,True,-1.11245482346358,1.87561226726699e-07,-0.597583080534585,0.0001042196572557,0.536692704492228,True,True,True,-0.719940524599997,0.0003387900679832,-0.774433299368779,0.000224979976538,1.07419859606097,True,True,True,-0.814031542532395,1.3814479915953e-06,-0.778899084847898,3.80954169595017e-06,0.955667411874356,True,True,True,4,4,1.01365557503265,4_of_4
IGFBP5,4.76830001832495,0.0002170707723369,4.44082317441607,0.0003759047073142,0.93112682308792,True,True,True,4.14010025452205,3.25159517834592e-07,3.46048818030944,1.06025767882821e-05,0.835644627664016,True,True,True,8.75864216529939,0.0107831992599222,9.60180784532808,0.0065919448908038,1.09614156196527,True,True,True,6.55812384707572,0.0249344294035833,7.19725399660672,0.0191351003317746,1.09728893132815,True,True,True,4,4,1.0136341925266,4_of_4
DYSF,1.83296738991933,4.00439881761772e-05,2.03493195558371,1.51915585298343e-05,1.1095791379765,True,True,True,-1.09727398561869,5.96619313339522e-07,-1.11762014150642,4.78402679231078e-06,1.01761505429525,True,True,True,3.66595180435493,4.42225176801153e-07,3.6863059912977,6.16380192801989e-07,1.00527800417769,True,True,True,1.0569261441638,0.0004896290605168,0.973945980093477,0.0014258292203124,0.920618122036579,True,True,True,4,4,1.01144652923647,4_of_4
SLC15A3,2.05472043347048,0.0301422765836787,1.91708510859451,0.0424013745593353,0.932561197223727,True,True,True,2.95439943458759,0.0003962454815615,2.42485240555289,0.0052733803776581,0.820482124065665,True,True,True,2.77281522762398,0.0478073775807773,3.01877438162873,0.0330050408452991,1.08831127306723,True,True,True,3.23332856442442,0.0182675139860874,3.64784381780887,0.0104416820214223,1.1278519622072,True,True,True,4,4,1.01043623514548,4_of_4
EIF1AX,-0.646924204606148,0.0013110527848024,-0.757261525983853,0.0003727568831154,1.16875017262886,True,True,True,-1.37921022297096,4.31482806867648e-07,-0.6949674253612,0.0004591319599562,0.503522879192457,True,True,True,-0.587662207087361,0.0007959983654224,-0.617631417212558,0.0006400961448481,1.04921194154545,True,True,True,-0.540177969710705,0.0008284608533501,-0.52093687531359,0.0015675248375982,0.962598081352175,True,True,True,4,4,1.00590501144881,4_of_4
HSPG2,1.80348770834886,4.62942568303789e-06,2.08062604197283,1.64940931769831e-06,1.15302865868598,True,True,True,2.12377666036348,7.82495753982443e-08,1.41491644203452,7.61272084453156e-06,0.665913019673547,True,True,True,0.799099083647744,0.0106251187649084,0.686234601918554,0.0249672701147066,0.857687023949498,True,True,True,1.02661081781197,1.55259047322e-05,1.57590620497618,3.3541013565759e-07,1.53356326895396,True,True,True,4,4,1.00535784131774,4_of_4
ADAM19,-1.60368044812529,0.0005796065304309,-1.57560989370954,0.0006491465544335,0.98188389816196,True,True,True,-2.40352423761872,6.1607796054605e-08,-2.24522218580174,2.9337862299e-07,0.933749034705201,True,True,True,3.17540872782458,2.4170005279065e-05,3.25758225680224,2.45786732528775e-05,1.02555512716818,True,True,True,0.701398773193731,3.69669821550912e-05,1.33813742346631,8.03157002187598e-08,1.90509647017455,True,True,True,4,4,1.00371951266507,4_of_4
CNTNAP1,2.29119305248426,1.03033700957031e-06,2.39244874502028,7.77019090228972e-07,1.0437378921585,True,True,True,2.57857298786588,5.24639348638882e-05,2.18491339301638,0.0009210290654661,0.847005842941468,True,True,True,1.81116626992944,0.0004359198005175,1.74465517381641,0.000690989698204,0.962745639164965,True,True,True,1.82159485501335,0.0022223303408388,2.00428758228236,0.001377326520788,1.09968903773059,True,True,True,4,4,1.00324176566173,4_of_4
CASP1,3.14395050929827,3.56503111651204e-06,2.98301631463608,5.26311475051074e-06,0.948509779666351,True,True,True,3.61018393054186,4.73313241989242e-05,3.13856698264148,0.0006716620594381,0.869124099743802,True,True,True,4.62554429980436,0.0025786906702044,4.89458782488174,0.0018492730863218,1.05793601178502,True,True,True,1.63255588849705,0.0051592017271855,2.21728645879295,0.0005241370066827,1.3573373732765,True,True,True,4,4,1.00322289572569,4_of_4
SYNPO,1.50923554470091,4.83939820305305e-05,1.73687744426681,1.37763553354661e-05,1.150070563735,True,True,True,3.39558396931956,1.2970358614264e-05,2.43371974802575,0.0010917905383193,0.71651982403759,True,True,True,1.73245203969138,1.3172704097104e-06,1.7784348779915,1.41754451553351e-06,1.02594986031926,True,True,True,2.15686012361324,3.29959492313907e-08,2.11269243480063,5.47794143998084e-08,0.979068296263347,True,True,True,4,4,1.0025090782913,4_of_4
TM7SF2,1.83689240883915,9.36707045093011e-05,2.13596308808616,2.19759807429933e-05,1.16218070101028,True,True,True,1.49433258677831,6.74604304536973e-05,1.03280579947281,0.0045887392012423,0.690686345368817,True,True,True,1.37094670705775,0.0027975260514783,1.32295813245211,0.0041230446103805,0.964292654843205,True,True,True,-1.07450283192372,2.06761542913606e-06,-1.11875006514879,2.61029364716492e-06,1.04021117559283,True,True,True,4,4,1.00225191521802,4_of_4
FBLN1,0.558619295132878,0.0277942071484384,0.956312896739866,0.0007476193722,1.70886333808915,True,True,True,2.09383161190779,1.14126537433471e-07,1.14365617114241,5.13620334816382e-05,0.5459418144358,True,True,True,2.04280527466307,9.57970188687252e-06,2.00640454175898,1.59656717172011e-05,0.981700442127367,True,True,True,0.598515781299019,0.0001742420679879,0.611093938524448,0.0002277629541038,1.0193125145102,True,True,True,4,4,1.00050647831878,4_of_4
COL8A1,3.32575310956078,8.46194586775981e-07,3.29486855051086,9.357587272362e-07,0.99041571225761,True,True,True,-1.15339290375268,0.0051225338722259,-0.933809426762842,0.0269280550022534,0.808918197372169,True,True,True,2.13401961528323,0.0012012139596429,2.41541586358807,0.0005080625650302,1.131331930769,True,True,True,1.65490893544031,6.64994458750861e-06,1.66898680871155,1.05733712115912e-05,1.00789770076805,True,True,True,4,4,0.99915670651283,4_of_4
NPPB,3.45007093562857,0.0104613331963626,3.69733457108851,0.0062300151801589,1.07135861303734,True,True,True,5.69724482269466,2.09828518935996e-05,5.24605616226047,0.0002225423858321,0.920644220368834,True,True,True,6.05594882196197,0.0013923584212106,5.61077837423662,0.0026938145935829,0.926337424858606,True,True,True,3.61996346043431,0.0010162878848182,4.14552968004853,0.0004204576634289,1.14486923862836,True,True,True,4,4,0.998848018947973,4_of_4
DDX60,-1.19136001048764,0.0102397681032873,-0.932650504152343,0.03152027656678,0.78218868122801,True,True,True,1.45479827876439,0.0027241736497173,1.03167142791783,0.0416627961803844,0.708663722829417,True,True,True,0.807160622022928,0.0404207333513949,1.2186434230638,0.0041829338157527,1.50792229892788,True,True,True,1.08461814065012,0.0007253917402068,1.31853986658935,0.0001840424694575,1.21455216822348,True,True,True,4,4,0.998370424725745,4_of_4
IFIT2,-0.979470635763575,0.016379253286922,-0.912487335718326,0.0229486755453902,0.930662584308499,True,True,True,4.03622925153582,7.85510822143096e-06,2.2848183052482,0.003878424955191,0.565937221518699,True,True,True,1.12450502175163,0.001330642894649,1.35991645455737,0.000335845230168,1.20827222293591,True,True,True,0.998899211976511,7.5674687193959e-05,1.06334060149029,6.86701419390594e-05,1.06344778429055,True,True,True,4,4,0.997055184299525,4_of_4
FHOD3,-1.17229906738557,0.000103389068744,-1.27842150233749,5.58351747904159e-05,1.08959560087793,True,True,True,-2.38329577805031,5.18410181946362e-07,-2.40253219017923,4.78402679231078e-06,1.00764855279148,True,True,True,0.787495029375965,0.000255300868988,0.775903191548524,0.0003427309287201,0.984030542542029,True,True,True,-0.890767348217082,1.78464271663209e-05,-0.513632018461558,0.0025522455065739,0.575970873444141,True,True,True,4,4,0.995839547666755,4_of_4
DGAT2,0.982183906298335,0.0096475364613044,1.04317469400736,0.0064611106611781,1.06101685282349,True,True,True,1.48453759135516,0.0003427009720615,0.926833762778283,0.0223475399034381,0.623904617541716,True,True,True,1.8793032156832,8.39534022043282e-06,1.80168802913594,1.76943544425393e-05,0.958190154709332,True,True,True,1.06796958138416,0.0002044890528528,1.10380266762191,0.0002333711330136,1.03258566646269,True,True,True,4,4,0.995387910586011,4_of_4
PIK3AP1,2.04908655846342,0.0003597542496349,1.98455840756302,0.0004790805550064,0.968036397960916,True,True,True,1.28026131476242,0.0008643808259663,1.09810010022357,0.0067382978949408,0.857046168155937,True,True,True,1.44462770661519,0.0006716498049676,1.47784073914595,0.0006755840321565,1.02228307632965,True,True,True,2.92187413246164,0.0005307961333296,3.26521836143484,0.000270494133601,1.11712588823826,True,True,True,4,4,0.995159737145283,4_of_4
C1S,2.77629890610451,3.17541574080158e-05,2.81570825191909,2.52901142009935e-05,1.01382974865621,True,True,True,5.44424003364845,1.40295060331357e-07,4.69730490376381,3.06677277593442e-06,0.862644231427296,True,True,True,2.02522407411858,0.0036415610246284,2.31397714405203,0.0015207927593544,1.14201443641352,True,True,True,2.7038561602552,0.0002184584375729,2.63432420376989,0.0004381389533417,0.973923952954801,True,True,True,4,4,0.993876850805506,4_of_4
EGLN3,1.44131844218897,3.94425321758952e-07,1.35906061468767,6.94339406152371e-07,0.942275003171324,True,True,True,3.60711373364525,4.21838299181566e-06,2.82109577355903,0.0001967294442674,0.781875512197033,True,True,True,-1.66664291131605,1.78566939830662e-05,-1.77201484914886,1.87217293801327e-05,1.06258650285656,True,True,True,3.65348725463264,3.5289477719420804e-09,3.79562320070314,2.4424183832589602e-09,1.03861990376122,True,True,True,4,4,0.990447453466272,4_of_4
COL5A1,1.34731340732032,0.0006106182291456,1.7783772569458,6.61365190460232e-05,1.31896430554689,True,True,True,3.59149512904332,1.36269133119811e-06,2.56563908216569,0.0001519585756046,0.714166335654551,True,True,True,4.62792876052798,9.69839398844179e-08,4.42845742426329,1.77889193683494e-07,0.956691635011937,True,True,True,2.83938212063137,4.7793571107488306e-09,2.90301147943503,4.4455150712217105e-09,1.02204962436172,True,True,True,4,4,0.989370629686829,4_of_4
CNN1,5.1015691140241,5.40364437181299e-05,4.96231801939285,6.31385095808803e-05,0.972513631565366,True,True,True,2.68490511471661,0.0083898990332508,2.37429051459904,0.0307708611818887,0.883981530691397,True,True,True,3.46689559614566,0.0023992864248314,3.48563996913475,0.0025794224975619,1.00511675524742,True,True,True,2.57902001296966,0.0033604650861007,2.88103658558435,0.0018444820193684,1.11667218513868,True,True,True,4,4,0.988815193406393,4_of_4
NTN1,-1.06440265186111,0.0182259885917617,-1.24320190455857,0.0089362933084263,1.16688455992377,True,True,True,1.57008477472798,7.70937962642904e-08,1.26323789597161,2.16088839347906e-06,0.80405457190579,True,True,True,1.21793289849683,7.10547443018799e-05,0.85076678801203,0.0016049902609597,0.697960313534226,True,True,True,-0.640536044457999,0.00348572174036,-1.02093425947703,0.0001739826844012,1.59139033308653,True,True,True,4,4,0.98546956591478,4_of_4
TMEM158,-1.34904912459379,0.0034800741916926,-1.43522748183187,0.0025461284565766,1.06309278357831,True,True,True,-1.70069796635377,4.22984876594764e-06,-1.09725673811348,0.0004130309639842,0.644801110307826,True,True,True,1.75055636335765,0.0037321984008849,1.72888755793915,0.0046436602885787,0.987057906960502,True,True,True,2.62121824731546,0.0001905235485015,2.57089969559636,0.0003665454499603,0.98042933620356,True,True,True,4,4,0.983743621582031,4_of_4
P3H1,0.904008957234113,2.24284512745659e-05,0.910513242899456,1.88224888042984e-05,1.00608202341131,True,True,True,0.809288416390527,9.12138226726178e-05,0.502419850166694,0.0098344190487972,0.620050638764836,True,True,True,1.07148404602844,1.7604256335092e-06,1.02613484419232,3.30593525502142e-06,0.9567833181223,True,True,True,1.45852407691868,4.54388426162154e-06,1.66377271026887,1.84721602318339e-06,1.13994194174679,True,True,True,4,4,0.981432670766805,4_of_4
SCPEP1,0.623581254627661,0.0013102075822605,0.658082495710753,0.0008334143314739,1.05363792274404,True,True,True,1.25821979098819,1.90458782114693e-06,0.807388344461033,0.0004319553265447,0.641181428563336,True,True,True,0.574604966711782,0.000729689551203,0.522627433968153,0.0017728744506238,0.907961995105306,True,True,True,0.881160975446567,0.0009200810390695,1.20242858133531,8.01739297287163e-05,1.36304893868902,True,True,True,4,4,0.980799958924673,4_of_4
SMAD6,-1.31336287254231,0.0013328677523709,-1.33237996794299,0.0012672253511004,1.0137078547919,True,True,True,0.863195360347076,3.41782832058897e-05,0.43519974935649,0.0181192019159552,0.503589546212914,True,True,True,0.898170955537658,0.0005541167810585,0.944878965488262,0.0004469074220199,1.05083350353913,True,True,True,1.07116469904121,0.0010632678447932,1.01260633389332,0.0023317472971606,0.944450358045597,True,True,True,4,4,0.979079106418749,4_of_4
SNX21,0.702957667774661,0.0022595419930904,0.91768556025742,0.0002623015164942,1.30360901268167,True,True,True,1.43143275608131,3.10118843327073e-06,0.741175579363552,0.0038780752642972,0.517424344156425,True,True,True,1.10970110216074,0.0004721076102974,1.17985206435614,0.0003423643707667,1.06225883998933,True,True,True,1.1688075002498,2.11545750059937e-05,1.04490063167357,0.0001162238994099,0.893224424916444,True,True,True,4,4,0.977741632452887,4_of_4
EPCAM,-3.19493715302537,9.32321960064027e-06,-3.34407561209047,7.54558382965227e-06,1.04635211894729,True,True,True,-1.16521565409967,7.70937962642904e-08,-0.831480305531151,4.14585285260756e-06,0.71297302742267,True,True,True,-1.91666535075665,4.42265139495019e-05,-1.73312830874155,0.0001152028153445,0.903769945083334,True,True,True,-0.566694355023273,0.0001209081145923,-0.982431686354246,8.15942268027074e-07,1.73056448009593,True,True,True,4,4,0.975061032015312,4_of_4
WDR77,-0.885913206632887,5.56758096041201e-05,-0.845623433049989,7.6515095617031e-05,0.953445530775608,True,True,True,-1.5101113969559,1.43422989107232e-06,-0.815540016915214,0.0008488032627195,0.53969549733931,True,True,True,-0.584716662154474,0.006309205866642,-0.60237268057893,0.0058611262367711,1.02843698924867,True,True,True,-0.642858529858249,0.0002702545205743,-0.641693772942153,0.0004204576634289,0.99663783763714,True,True,True,4,4,0.975041684206374,4_of_4
ARNT2,2.41643160923462,0.0007562932718938,2.52167035764879,0.000514754549018,1.04311962663844,True,True,True,-2.51297394468226,0.0044753545229901,-1.55725066818897,0.0438500369917406,0.619437871057884,True,True,True,5.1872537697855,8.05491826469716e-08,5.03969600279654,1.20812056741295e-07,0.971366518759335,True,True,True,1.50202616404859,3.96144845277624e-06,1.46830441001171,8.92212638145793e-06,0.976898769384458,True,True,True,4,4,0.974132644071896,4_of_4
ANK2,3.55347861878338,2.73233581186254e-07,3.11000299408423,7.63071940392792e-07,0.874953355366846,True,True,True,1.73231736286628,0.0043555933661436,1.59390978325606,0.0151330384940949,0.919571809181159,True,True,True,4.33779216679947,0.0002114398119969,4.44789179567199,0.0001995870111403,1.02514516129796,True,True,True,1.90406431731294,0.0032497314375255,2.35783528786872,0.0007832058927589,1.23766702595869,True,True,True,4,4,0.972358485239559,4_of_4
CCDC80,2.53324777709789,1.4032196340468e-05,2.48527342873992,1.44191735429934e-05,0.980674996028189,True,True,True,3.75581497288402,1.14126537433471e-07,2.85637753870962,4.78402679231078e-06,0.760318929552404,True,True,True,2.78905795821786,3.60408724608647e-07,2.67503992297533,7.91453172621029e-07,0.958775754136664,True,True,True,1.4738596931668,9.98542527810129e-06,1.59691445570995,7.76980908166804e-06,1.08275686365872,True,True,True,4,4,0.969725375082427,4_of_4
CYP26B1,-2.53921538500675,7.94903935534392e-05,-2.87467988142528,4.71458384198666e-05,1.13166777053342,True,True,True,1.85303995183528,6.06595914310401e-05,1.25508474100404,0.004896144668816,0.676945898475195,True,True,True,4.42063843574084,0.0005245669598668,3.84618195602684,0.0018899762209696,0.869854469541768,True,True,True,2.89586802957739,1.19472842653784e-07,3.09042515600797,8.8677243778853e-08,1.06681599729582,True,True,True,4,4,0.968335233418794,4_of_4
MSRB3,1.55645345813686,9.5517136896748e-05,1.52303879784862,0.0001142796368739,0.977903249623004,True,True,True,1.59122291706837,0.0037458901610763,1.62680871900992,0.0069081209763109,1.02172170841834,True,True,True,3.43029563987305,3.83679331403353e-06,3.28881841530378,7.9532774386219e-06,0.958477135308999,True,True,True,2.82174062735877,1.1142478121971e-05,2.00924552457061,0.0006440574428231,0.711806641069483,True,True,True,4,4,0.968190192466001,4_of_4
ADAMTS7,1.49895873670166,0.0012248145307375,1.4144791446154,0.0019818821450943,0.943012037601631,True,True,True,0.861880792776651,0.0039824679343159,0.885995171481054,0.0071368216630924,1.026787453027,True,True,True,4.8892878448522,5.49424800934223e-05,4.85734335979298,7.29070183433338e-05,0.993263283040915,True,True,True,1.18438432476592,0.0010996062676573,0.950549642168801,0.0084271030042169,0.801891523541538,True,True,True,4,4,0.968137660321273,4_of_4
HTRA1,1.24582833307666,0.0011530010465508,1.2726652708625,0.0009413002462294,1.02072212918204,True,True,True,3.12060160385673,1.45459656699687e-06,2.72151108712626,3.68541636166253e-05,0.871831653265375,True,True,True,5.08182463791046,0.0003644517734884,5.00395045835075,0.0004786268232825,0.984482215071631,True,True,True,2.79214617380938,6.97679465330577e-07,2.65140994096472,2.15979206666532e-06,0.949255705206665,True,True,True,4,4,0.966868960139148,4_of_4
SIDT2,1.09833976797144,4.12125460980097e-05,1.14414352902502,2.6558881113552e-05,1.04075515355571,True,True,True,1.89090512666977,6.08868870697407e-07,1.11253548594751,0.0003786216678254,0.588050357422443,True,True,True,1.01990100362788,0.0010633169174383,1.08363887545264,0.0007847837538881,1.06145343339052,True,True,True,1.86322057371917,1.27826980989041e-07,1.66443627104348,7.37025859925817e-07,0.892832261647497,True,True,True,4,4,0.966793707601604,4_of_4
SMARCD3,1.30384507264964,0.0001548731533887,1.57008872712849,2.79631672321069e-05,1.20327597508587,True,True,True,1.315895088022,4.54263810069617e-06,0.848784527917787,0.0010416144103917,0.644534660078865,True,True,True,2.39186336031198,0.0024005150539221,2.6797811216119,0.0011042543531699,1.11990561854,True,True,True,0.925778950391454,0.0005540537065922,0.75219120324732,0.0042588879356385,0.811618782374814,True,True,True,4,4,0.965762200457407,4_of_4
ABI3BP,2.80956489034407,0.0008336920503415,3.27322031989617,0.000214237537898,1.16461296842553,True,True,True,2.38570693582939,0.0002212830964208,1.69804461130303,0.0090109496553532,0.711459201719273,True,True,True,1.91731526581703,0.0004517231173497,2.51810511714427,4.85038755274009e-05,1.31266490029822,True,True,True,2.58119156336924,5.25087920546576e-05,1.97589133146418,0.0011586444004888,0.765199359913499,True,True,True,4,4,0.964906164169514,4_of_4
TLR2,1.68902834995311,4.25325792221238e-05,1.64690988410535,5.21558288906934e-05,0.974486542874292,True,True,True,0.852116233196803,0.0019469420888786,0.79477745026181,0.0073592171269221,0.931616841099852,True,True,True,3.0243467201782,0.0257866689454572,2.88454630812039,0.0360450435585863,0.953459743599399,True,True,True,2.14616206835736,1.33120750354993e-05,2.28659351817769,1.13315727420858e-05,1.06493755263057,True,True,True,4,4,0.963973143236845,4_of_4
JPH2,1.92931642892738,2.7011449533861e-06,1.96057441646244,2.17354827737564e-06,1.01567514376484,True,True,True,0.827461409039646,7.47847388536416e-06,0.631774951424638,0.0003601169782973,0.76258826848313,True,True,True,3.9297875722413,0.0001764418593713,3.73622271690495,0.0003236739566076,0.950502322559901,True,True,True,3.23783576863313,0.0001461597626682,3.16064953889446,0.0002963515275218,0.975859773287712,True,True,True,4,4,0.963181047923807,4_of_4
CRIM1,1.23754238211864,0.0001467461197717,1.23197988929892,0.000136509199603,0.994701438631035,True,True,True,1.79608717147027,1.14126537433471e-07,1.16393146678228,1.50038043530505e-05,0.647676687731303,True,True,True,1.4007444271248,6.63789884613019e-05,1.29032249894073,0.0001499602208016,0.920511952087718,True,True,True,1.56891405545043,1.66596944132277e-07,1.71951703779836,9.91799830773859e-08,1.09529374033473,True,True,True,4,4,0.957606695359376,4_of_4
NOG,1.45986560117894,0.0004600072173364,1.50599947812406,0.0003458063248469,1.03089529721878,True,True,True,-2.57783729891987,2.45007240873906e-07,-2.16795618250188,4.56393799407194e-06,0.840671950653853,True,True,True,3.47350297589186,4.14535511152972e-05,3.068552406004,0.0001566740265356,0.883162981092668,True,True,True,2.15420452627231,0.0008574832472282,2.99466356997348,4.76186136868548e-05,1.38950319260563,True,True,True,4,4,0.957029139155724,4_of_4
VIM,0.589668962499008,0.0474517567479808,0.669225431981586,0.0258734885759702,1.13299576322788,True,True,True,-0.745752301451553,0.0164680876994303,-0.674171401684602,0.0435194157183594,0.902804585100218,True,True,True,2.79582025401976,2.46197209654974e-08,2.72402110730181,3.52801753745609e-08,0.973970745308599,True,True,True,2.89697036212915,2.33707741067777e-05,2.71774170318689,7.14978900457418e-05,0.937808660399879,True,True,True,4,4,0.955889702854239,4_of_4
ERGIC3,0.622009446614907,0.0002904313975128,0.754945950097069,5.48985555016499e-05,1.21177287792189,True,True,True,0.519319338578552,1.567347020788e-05,0.326823804015256,0.0024040047015157,0.628121578006495,True,True,True,0.680201803438131,7.24159922949862e-06,0.619309277261632,2.06552174572688e-05,0.909142157486786,True,True,True,0.530544339800661,1.67246527004906e-05,0.532901077077931,2.77259967488593e-05,1.00255244421901,True,True,True,4,4,0.955847300852898,4_of_4
POFUT2,0.866483716677222,7.57624896869511e-06,0.954713255379358,3.3536602437855e-06,1.10055466981704,True,True,True,1.22568373865857,3.8133625128428e-07,0.826023682334486,6.44929603735854e-05,0.673379499786781,True,True,True,0.712807454285952,0.0006329669956842,0.864660449634043,0.0001611642313231,1.21133569626139,True,True,True,1.21784285708719,2.50975213254878e-07,0.988548907214366,4.27364859243668e-06,0.811055257424091,True,True,True,4,4,0.955804963620566,4_of_4
PSG8,2.43709267465336,0.0199547116164147,2.9525901577917,0.0054638070740224,1.21102458019217,True,True,True,6.11289833016639,5.21657288118184e-05,4.91470723782758,0.0013236533469062,0.803858188739921,True,True,True,6.55603086430584,0.0029920429846376,6.71441283169167,0.0027472281098148,1.02400201716947,True,True,True,3.63358835704878,2.59568557971371e-07,3.20301193072511,1.9352230604396e-06,0.881258512951903,True,True,True,4,4,0.952630265060686,4_of_4
SELENOP,4.78482341365444,0.0003442788917327,5.72878045507208,6.4256377889892e-05,1.19703130682325,True,True,True,5.27944464564051,1.87012757818685e-05,3.71846050558298,0.0015735808619484,0.704194581161439,True,True,True,4.8421584908103,0.0017345736542349,4.42741547949362,0.0039145965814447,0.914158701990543,True,True,True,3.07217725365671,0.0036266272518984,3.04569031055883,0.0051449189942541,0.991055854957545,True,True,True,4,4,0.952607278474044,4_of_4
SELENOM,1.31939832427775,8.69285551573979e-06,1.30602818220486,8.32436135276694e-06,0.989116812852099,True,True,True,2.95685138404752,2.17457789632862e-05,2.25252032737838,0.0010389612059083,0.761539386166196,True,True,True,2.40664925486634,1.32972468281424e-05,2.51097637378854,1.3323556006095e-05,1.04291618420472,True,True,True,2.48886278126398,3.46216624431514e-08,2.27098824396016,1.37523151460622e-07,0.912093735064103,True,True,True,4,4,0.950605273958101,4_of_4
MBOAT2,-0.587105804097744,0.0003878197959715,-0.689122112528104,0.0001086463180786,1.17176553560007,True,True,True,-1.2127069054088,6.96940651583104e-07,-0.972576491677674,2.64684920985725e-05,0.801327311679166,True,True,True,-0.643088866909267,0.0008997373632512,-0.653015736531253,0.0009472036213216,1.01385968626476,True,True,True,-0.974790815720064,1.0768125381489e-06,-0.862432913943955,6.19570198214576e-06,0.883829710272013,True,True,True,4,4,0.948844698268386,4_of_4
APMAP,0.748849798316072,1.08985409625971e-05,0.746292276138509,9.44655466332038e-06,0.995255686958172,True,True,True,0.618186192977851,8.8735596680786e-07,0.57222986277947,1.33514085975854e-05,0.92416444240697,True,True,True,1.00804155198801,3.11974365917851e-06,0.829927178142432,1.92463692138371e-05,0.822490586742749,True,True,True,0.536619860150575,8.69495817920123e-05,0.523053496424335,0.000182788713594,0.972905830297712,True,True,True,4,4,0.948535136352341,4_of_4
PEA15,0.729309873231813,0.0005229808990932,0.653191013666348,0.0011009795351252,0.89440255103742,True,True,True,0.545958758985257,2.03414689960375e-05,0.563574635015142,7.95492026501585e-05,1.0303786633945,True,True,True,0.831671362896184,0.0006340478971455,0.656005365424154,0.0037273370209678,0.787832264511231,True,True,True,1.14318851958336,7.71061859452936e-06,1.14461116303132,1.32390330332104e-05,1.00036938270287,True,True,True,4,4,0.947385966870145,4_of_4
PDGFD,2.55702827463425,0.0004783846110916,2.91680653549629,0.0001381682174006,1.14025578388626,True,True,True,2.5310589837773,1.17816828874553e-07,1.96277738251382,4.78402679231078e-06,0.775170481844688,True,True,True,2.09576411301273,0.0044811013753833,1.8300177885483,0.0126471721020339,0.872781910559717,True,True,True,3.44088064189521,3.36353766335656e-05,3.5046325348282,4.85635997473632e-05,1.01823186201438,True,True,True,4,4,0.945506886287048,4_of_4
PKD2,0.616727354134031,0.0006397003467082,0.536102709285574,0.0018698376985101,0.867862991168841,True,True,True,1.32617014501254,1.03709072906824e-07,0.751903810864398,4.13263113219262e-05,0.566546658459751,True,True,True,1.06618664120214,0.0001450173862444,1.08712171296445,0.0001512616807252,1.01868002371155,True,True,True,0.853061251884609,0.0005138816276838,0.919200836734334,0.0003944176597361,1.07627039009905,True,True,True,4,4,0.943271507440196,4_of_4
VSIR,1.11349082456713,0.0003248505718262,1.27712002460225,9.6039088168615e-05,1.1459224216568,True,True,True,1.64469575582598,7.70937962642904e-08,1.06360755856533,8.36704300660417e-06,0.646296592064492,True,True,True,1.48383771714879,2.38426156651228e-06,1.46899029155598,3.51395737472088e-06,0.989327166592158,True,True,True,0.850463846826259,0.0010784834496494,0.761775295722927,0.0035070095087146,0.894665461795428,True,True,True,4,4,0.941996314193793,4_of_4
FAM171A2,1.62943183189967,2.98708155824368e-06,1.66273352963088,2.40026565216355e-06,1.01981174379647,True,True,True,0.867638579932045,0.0013935338458124,0.774177959812937,0.0073560721731455,0.891254403958781,True,True,True,3.55703522867802,3.68921170398597e-05,3.53067131386052,4.85927993950145e-05,0.992309262539914,True,True,True,2.27721687459064,4.69577253347723e-05,1.63196656515734,0.0019353512810306,0.716335035245746,True,True,True,4,4,0.941781833249347,4_of_4
OLFML2A,1.36733490787119,0.0023162425777385,1.65000921058279,0.0005467416418873,1.20585187229479,True,True,True,2.81589213289791,4.9480065148499e-07,2.08140407679578,4.58091353228926e-05,0.738900880331016,True,True,True,3.65472302422872,2.01732592154247e-08,3.55088547535578,3.07109834521165e-08,0.971322349046107,True,True,True,1.92384547256317,2.25944272248863e-06,1.75457112076229,9.80153096560834e-06,0.911538690129687,True,True,True,4,4,0.941430519587897,4_of_4
WFS1,1.14722583161564,0.0001411741005555,1.31271701204639,4.21320542452881e-05,1.14325681926115,True,True,True,0.728857468361649,7.7868129610504e-06,0.646947819265089,0.0001151352094949,0.886402958535628,True,True,True,1.13294226310349,0.0005854304316646,1.12947092291325,0.0007082892074522,0.996056818467986,True,True,True,1.39129579841755,2.15608208727438e-06,0.912605793167042,0.0002608621181585,0.655468323760143,True,True,True,4,4,0.941229888501807,4_of_4
MRPL35,-0.648370894122741,0.0019283328948428,-0.796502460820058,0.0004394512983369,1.22657554877953,True,True,True,-1.71472036116976,1.76209639900057e-07,-0.867234853398366,7.50640966514811e-05,0.505463986454701,True,True,True,-0.820050684171856,0.0012246975644257,-1.05424352708445,0.0002765138954787,1.28401759770507,True,True,True,-0.994701984332607,7.93555653761257e-07,-0.652689925002207,6.92566666975399e-05,0.655507305672076,True,True,True,4,4,0.941041427225803,4_of_4
TTLL7,1.67081286691838,0.0002179070842882,1.60518924022912,0.0003083940353911,0.960148873113971,True,True,True,0.762375165144928,0.0015693637922555,0.700521744355535,0.0067366741322887,0.917663786223043,True,True,True,2.88349335059753,0.0002043538211646,2.54964410900694,0.0006727687076407,0.883914018549835,True,True,True,1.08962588931022,0.0330698347678248,1.2246823184004,0.0211682044595413,1.12291696942475,True,True,True,4,4,0.938906329668507,4_of_4
SEPTIN3,1.45958797280903,0.0053138815846857,1.52242139705947,0.0038896323231342,1.04233461140415,True,True,True,1.58809701214463,3.30052405892812e-05,1.25678049757628,0.0010608468400863,0.790877138381968,True,True,True,3.81062252091954,3.09889583845573e-05,3.26485210667225,0.0001564042894685,0.856551793561293,True,True,True,1.25129537244823,0.0001279928632846,1.27574765168772,0.0001754958422849,1.01872743424232,True,True,True,4,4,0.937639613901807,4_of_4
ACKR3,3.29146223407442,6.99996524506111e-05,2.97116149645693,0.000178912545305,0.902413235209723,True,True,True,2.79801730590505,3.40613282662336e-07,2.13010030432418,2.32076423766937e-05,0.761017196939203,True,True,True,8.14594887161726,0.0052550624562485,7.88525821288803,0.0069107458957812,0.967878691415271,True,True,True,6.32078551949011,0.0130840576958434,6.32183160557976,0.0163324896335258,1.00000729004322,True,True,True,4,4,0.935145963312497,4_of_4
FAM20C,-2.31606292511748,8.07957523701222e-07,-1.99943612830755,1.99430031225947e-06,0.862918355230329,True,True,True,0.813383092763326,2.78388237525405e-05,0.899932880747708,6.1993864286525e-05,1.10504858063064,True,True,True,3.03389138434586,0.0071995558718634,3.05541182430386,0.0074802723359423,1.0067615072038,True,True,True,1.36248146010876,1.30056315847262e-06,0.958446640841126,9.42239058508603e-05,0.702940721148254,True,True,True,4,4,0.934839931217065,4_of_4
PLA2R1,2.73015601357484,0.0001795139832954,2.84271491968872,0.0001178733510887,1.0408467716818,True,True,True,5.32466806809381,4.39459411315088e-06,3.45394603481181,0.0010130180598602,0.648546997418873,True,True,True,2.3681823770484,0.0068208064449299,2.49357931740249,0.0051960638673555,1.05250627455243,True,True,True,4.24697280393608,2.72435914306691e-05,3.50978202947095,0.0003022441928346,0.826225164675928,True,True,True,4,4,0.933535968178864,4_of_4
SEZ6L2,1.71800680394718,2.83809199772611e-05,1.89539145489669,1.11183215828329e-05,1.10260846585627,True,True,True,1.73568323271664,2.94185185715281e-07,0.897864177054047,0.000322978132704,0.516999392946027,True,True,True,1.6770508128315,1.96106244087116e-05,1.63423527720624,3.08915336623936e-05,0.973889029289091,True,True,True,1.01750399446672,1.13252423232336e-05,0.908313516243046,6.23283093655494e-05,0.891811442250289,True,True,True,4,4,0.93285023576969,4_of_4
JPH1,-2.60800977176972,2.2468390248391e-05,-2.64360915269215,2.1304140297447e-05,1.01326149916984,True,True,True,-2.1002690714179,4.40683719382589e-05,-1.08538433159035,0.0057762226739146,0.516537527894013,True,True,True,-1.90617058200614,0.0010136684752093,-1.79020750281747,0.0017988492764279,0.938671936169633,True,True,True,0.898082685492768,0.0012283977136073,0.830940647803824,0.0032358564566214,0.924209376080247,True,True,True,4,4,0.93144065612494,4_of_4
UBA7,1.14386606201591,0.0002093258762101,1.23208287033184,0.0001055182481733,1.07618079634779,True,True,True,4.35405018564942,2.36928043800141e-06,3.01296486134058,0.0003533049915678,0.691832409019941,True,True,True,1.68905640760646,6.42154627357597e-05,1.90946530025592,2.80624454221698e-05,1.12982341397717,True,True,True,1.25177641048095,0.0002745270167413,0.984446704837842,0.0031451387851532,0.785811974588431,True,True,True,4,4,0.93099638546811,4_of_4
PLD3,1.31765398693925,5.00249161360761e-06,1.49671254899171,1.8774884851105e-06,1.1350305416099,True,True,True,1.81425888675369,1.67757623490088e-07,1.03053797448541,7.00677502848384e-05,0.567708541192363,True,True,True,0.901747711578671,0.0001415458158258,0.950886042349162,0.0001113884844802,1.05332423461513,True,True,True,0.761277693104343,9.84462459181205e-05,0.614641274189476,0.0009881090354855,0.806322000170799,True,True,True,4,4,0.929823117392965,4_of_4
LMF1,0.88410524260366,6.11807775114581e-05,1.14832243850839,6.05954284920562e-06,1.29738519583325,True,True,True,1.34905913949874,1.74459455199392e-05,0.729919912243739,0.0090520700557071,0.540657731864064,True,True,True,1.22796570419708,0.0040596926034234,1.56431977178552,0.0007043372914593,1.2728750415436,True,True,True,0.848455267400842,0.0012944402285783,0.498084228909808,0.0496952771343852,0.586357219767255,True,True,True,4,4,0.929616130655428,4_of_4
CTIF,1.14228766305104,4.6876251549362e-06,1.3088545294592,1.64940931769831e-06,1.14481645499989,True,True,True,2.33148233651699,1.76209639900057e-07,1.57470812346674,2.07127531845172e-05,0.675121135458712,True,True,True,2.33655157431164,6.72725032992716e-07,2.38661915624799,8.26887723656794e-07,1.02099101576007,True,True,True,2.84439907023913,1.33335248776405e-07,2.38281511479613,1.55480757165422e-06,0.837427389261035,True,True,True,4,4,0.929209202510553,4_of_4
CXXC5,0.571366157993717,0.000507876164757,0.558712661444112,0.0005916766262644,0.976145520906645,True,True,True,1.43822780920342,1.48555887722832e-06,0.973008898630522,0.0002394896164488,0.676063158596873,True,True,True,1.33075267155478,8.47107676090461e-05,1.20556358061048,0.0002350489089014,0.905245851095626,True,True,True,2.16052921706068,3.38025716206536e-06,2.05926128783646,9.90480730310626e-06,0.95268723253101,True,True,True,4,4,0.928966541813318,4_of_4
PDK2,0.736906063877549,0.0009015783749087,0.794468699934699,0.0004852629672195,1.07665289503101,True,True,True,1.10415532477714,8.23104998162689e-07,0.800150923871024,8.21751947057689e-05,0.724016711435905,True,True,True,1.03949758641439,0.0001331649059164,1.11597286659339,9.06868277525031e-05,1.07253767924546,True,True,True,0.881396664883861,0.0002262074112708,0.690212665571338,0.0027066004761912,0.782202260093744,True,True,True,4,4,0.927369969669602,4_of_4
DISP2,-0.737319525659361,0.0041755233628912,-0.478837284334979,0.0378868293904683,0.648550211248105,True,True,True,-1.34403535741413,1.35685624813159e-05,-1.14823121143894,0.000205225212594,0.853681061326483,True,True,True,2.39319314331189,0.0020235392477647,2.39369380317082,0.0022899302443069,0.999791436984746,True,True,True,0.902714314931012,0.0003602739289973,1.02452617886464,0.0001778791591396,1.13368368956604,True,True,True,4,4,0.926736249155615,4_of_4
ACP6,-0.507821404502705,0.0010171247004882,-0.604861163759031,0.0002705560102432,1.18874944805081,True,True,True,-1.56703523097916,9.87069229708535e-07,-1.09507019173507,8.08530027008878e-05,0.698370910359746,True,True,True,-0.858067120445368,0.0002908834976808,-0.940325725666539,0.0002054482820213,1.09458935546159,True,True,True,-0.96012448608998,0.0001284069910191,-0.724259678688037,0.0016682465945941,0.753554497018851,True,True,True,4,4,0.92407192624022,4_of_4
FAM114A1,0.511496165493808,0.0028644251019682,0.473150604621878,0.0047852080343949,0.923227599500146,True,True,True,1.83567954513805,9.02252870026603e-06,0.94158303041401,0.0066611478320438,0.512655042577522,True,True,True,0.814801033016271,0.0017558191378376,0.829189825818097,0.0017829433172228,1.01641183604821,True,True,True,1.64299054383873,6.25259409136267e-08,1.51100754593524,2.3722852898419e-07,0.919109633323697,True,True,True,4,4,0.921168616411921,4_of_4
PDGFC,0.988378278670169,9.89558922591974e-07,0.842950549837763,3.39151637521957e-06,0.852000259163542,True,True,True,1.08830598508181,0.0005710613776385,0.674083033090841,0.0308561648792255,0.618818809703148,True,True,True,0.563695749724844,0.0102917483391388,0.557908699317098,0.0120592449265405,0.987981049244566,True,True,True,0.696718504434361,0.0002497080578328,0.832618403564326,7.60775822968788e-05,1.19334430471975,True,True,True,4,4,0.919990654204054,4_of_4
NINL,0.843328876591417,0.0004046943581481,0.777474127464175,0.0007822982888364,0.920819065910505,True,True,True,0.776167426369608,2.99239622112262e-05,0.546121567323909,0.002125106437987,0.702707741979117,True,True,True,1.75044702278855,6.97864692702505e-05,1.60833260449824,0.0001806105470183,0.918287897705035,True,True,True,2.31578381452033,3.03404066173415e-05,2.38762348092629,3.75630548453985e-05,1.03057672708259,True,True,True,4,4,0.91955348180777,4_of_4
SESN3,1.80234837336395,0.0004286899674205,2.01957991090327,0.0001507601593397,1.1199055827111,True,True,True,1.38153918740684,3.46598408876326e-05,1.0424006339189,0.0015475800366401,0.753975470217289,True,True,True,3.06979913128214,0.0004533717320189,3.32940433809324,0.0002686087740257,1.08421430245199,True,True,True,2.29009683519376,1.36857890851546e-06,1.47197144328788,0.0002358476015788,0.642474565315959,True,True,True,4,4,0.919094886334639,4_of_4
GLIS2,1.18491335002688,0.0023743179096047,0.974732886039427,0.0094348576017072,0.821925890299939,True,True,True,0.596955633264892,7.38439667453727e-05,0.430657700649839,0.0032116875632816,0.720216813241492,True,True,True,0.69213644290179,0.0125792207167955,0.835847087073928,0.0042148468236591,1.20589112812289,True,True,True,1.07165271291708,5.94163788681406e-06,1.08952183298057,8.83904409995642e-06,1.01572654397863,True,True,True,4,4,0.918826217139284,4_of_4
THBS1,1.20214605760075,0.0006139743987095,1.15245198643176,0.0007702255187517,0.957865405576708,True,True,True,1.16038329266359,0.0004513779234278,1.02131030405932,0.0031221252759743,0.879391248790038,True,True,True,2.86846018449242,4.00874755895876e-05,2.42226382691482,0.0001745083792538,0.844153140721587,True,True,True,1.59818209731852,4.92390223227006e-07,1.72406728072725,3.79248116920899e-07,1.07809316000857,True,True,True,4,4,0.918628327183373,4_of_4
VTCN1,4.46739979088746,5.40364437181299e-05,4.068329042241,0.0001217348644206,0.910466662033613,True,True,True,4.78567411147374,8.90835314947129e-05,3.56442881583005,0.0032831850489841,0.744656672424399,True,True,True,3.51916577392979,0.0084271582884511,3.42583285595946,0.0111124586757832,0.97320213761836,True,True,True,2.4649592582925,0.0001967698078551,2.28294464162233,0.0006094973313543,0.92578360082198,True,True,True,4,4,0.918125131427797,4_of_4
FYN,1.42213307284307,2.22824638988796e-05,1.47219228439582,1.50573995144529e-05,1.03447268037608,True,True,True,1.38908065612945,5.59293180109145e-07,1.11409593538434,2.32076423766937e-05,0.801461361592094,True,True,True,0.902667748154372,0.0009655759500942,0.551749688711572,0.0262379919049683,0.610566980882577,True,True,True,0.801867730536845,0.0006750776171862,0.865177453594196,0.0005118121370642,1.07760895187018,True,True,True,4,4,0.917967020984087,4_of_4
BMPR2,0.613358408325864,0.0002052823844006,0.598251728271872,0.0002352718253008,0.973782925673821,True,True,True,0.976296362932313,6.07695889625689e-06,0.497734554110432,0.0055362873804426,0.509297458773931,True,True,True,0.994472209251936,2.83708764788786e-06,0.94221961887856,6.10779438636523e-06,0.946505196349586,True,True,True,1.57408806165878,4.08345433884143e-08,1.39636904437019,2.1492009878534e-07,0.886533952203044,True,True,True,4,4,0.916519574276315,4_of_4
OLR1,2.6111929801896,0.003445936668004,2.4653632855341,0.0052582320457559,0.943790640366531,True,True,True,3.38110775805232,9.68320241707156e-06,3.00173004968162,0.0001448238634126,0.887532350953315,True,True,True,3.33614507938227,0.0059063117735043,2.60504656531431,0.0307150329320553,0.780621310535448,True,True,True,3.80683358717101,2.50178936966935e-09,4.18868379390317,9.14419046045179e-10,1.10001755539299,True,True,True,4,4,0.915661495659923,4_of_4
TMEM170A,-0.91315683752715,0.0005509884691496,-0.766554512403508,0.0018051121602093,0.838537197268124,True,True,True,-0.858806801149437,0.0001018079941078,-0.607265079392646,0.0036066335922349,0.706280851210784,True,True,True,-0.870436717110815,0.0003839527625401,-0.862850874016943,0.0005349829645919,0.990147485267389,True,True,True,-0.613208933099693,0.0084769837322323,-0.866214269540107,0.0012681288699741,1.41029252890972,True,True,True,4,4,0.914342341267756,4_of_4
SYNGR1,1.03476950028634,1.40151290642028e-05,1.11546615347088,6.88232486514203e-06,1.07694439077662,True,True,True,2.50852214553506,1.78503258284536e-07,1.76736758092779,1.70478850408564e-05,0.704264588408709,True,True,True,3.40316028248266,0.0016983084739926,3.2842924853406,0.0024562001735603,0.964787851571243,True,True,True,1.4321332971268,9.14173258318806e-05,1.23767738042689,0.0005993440780283,0.863616373234948,True,True,True,4,4,0.914202112403095,4_of_4
KLK6,-3.10685900094286,0.0008992973005853,-2.93786090402075,0.0011681521805563,0.945300576097392,True,True,True,-1.35069139226328,4.31122096453075e-07,-1.19091614388045,9.10430065156962e-06,0.881056246046202,True,True,True,-1.83339610238447,0.0059558844782037,-1.44476155860115,0.0184637943354183,0.787595196437211,True,True,True,1.07901942839766,0.0018206272554165,1.29203694361356,0.0005865621456988,1.19630898263604,True,True,True,4,4,0.913178411071797,4_of_4
PMEPA1,-2.04136848563915,0.0008209725528155,-2.13473191900435,0.0006397110859766,1.04522368711359,True,True,True,-1.9028267158868,2.20100525976955e-06,-1.51238410634757,8.48608945090969e-05,0.794391681620616,True,True,True,1.83764411322034,0.0002688322789145,1.53552091665297,0.0011851971534774,0.835137646057857,True,True,True,1.71000747548301,2.98504530082089e-07,1.69437501674615,5.30287059923685e-07,0.990279143150929,True,True,True,4,4,0.912708394604393,4_of_4
ACHE,-1.07521012585188,0.0135133310028783,-1.26376404168567,0.0062601486125284,1.17427258053842,True,True,True,4.539484742528,6.01711889125716e-05,3.44321139790333,0.0023061614900214,0.758335638847727,True,True,True,4.39172783750502,4.86052195558052e-05,3.68575700470184,0.0002664071781094,0.839058812893647,True,True,True,2.21804424941059,3.3724810326938e-07,2.18814258697495,6.43698771994581e-07,0.98607433698366,True,True,True,4,4,0.912566574938654,4_of_4
COL6A1,0.754826809714562,0.0005888315140973,0.986285184449534,6.4090941149212e-05,1.3049089709083,True,True,True,-1.74716272345521,3.85199201253399e-07,-1.39748175278342,1.54793306958497e-05,0.799400269799441,True,True,True,2.28228686015371,3.40985481799551e-05,2.16640019801442,6.51231463010372e-05,0.948807719179262,True,True,True,2.17159580442373,1.28951415999189e-09,1.89896689917611,5.9743275876382106e-09,0.874054389366641,True,True,True,4,4,0.911431054272952,4_of_4
MMP24,3.82562584109093,9.91817385023487e-07,4.09305831538632,7.46915657734043e-07,1.06962595387153,True,True,True,2.01388588329611,7.33128967929792e-05,1.58387743751561,0.002090632728563,0.786087912296342,True,True,True,1.52394385672662,3.13215929181398e-05,1.47677534474298,4.851086969675e-05,0.96841292761621,True,True,True,2.63948085907514,3.68262240572182e-08,2.25123764871726,2.74807257066074e-07,0.85258624048719,True,True,True,4,4,0.9104995840517,4_of_4
LYRM9,1.37632856019764,0.0009712097804714,1.60084088611006,0.0002620100458339,1.16227959861687,True,True,True,2.38740941646933,5.43464624021748e-05,1.41411906335875,0.0118471243254871,0.59207565235996,True,True,True,1.15408201322977,0.0212235220741582,1.13604199182552,0.0257371626161272,0.983516303443241,True,True,True,1.2784447049293,0.0019851176432365,1.07116375206013,0.010176892396665,0.837209883266757,True,True,True,4,4,0.910363093354999,4_of_4
ARHGAP31,1.46765110457161,0.0005997926106816,1.24646972816945,0.0021422102705637,0.848717387192537,True,True,True,2.70912203351028,0.0008643808259663,1.99282734438749,0.01705220671923,0.735327531286953,True,True,True,5.22997898218491,7.71921649536431e-06,5.07994260185624,1.3864552205945e-05,0.971126555690043,True,True,True,3.06672858063872,6.485086044696521e-09,2.98044133517867,1.0176145847743e-08,0.971546620515601,True,True,True,4,4,0.90992197144129,4_of_4
TLR1,1.61680248324605,0.0011321245344022,1.47143545641831,0.0023806180025403,0.909527257904772,True,True,True,3.47828932387616,0.0012680742457746,2.7768663816447,0.0143123199396015,0.798113098151632,True,True,True,2.9324197093989,0.0310634121431351,2.76449064744743,0.0451375430616182,0.942412242813325,True,True,True,1.86432106427852,0.0031409547723118,1.69041414973213,0.0085753677832906,0.906232273952237,True,True,True,4,4,0.907879765928505,4_of_4
EDN2,5.30038487367903,2.02309158460845e-05,5.65940829590695,9.94063283146244e-06,1.06753394268835,True,True,True,5.0041371252619,5.06269776099684e-05,3.81128477774182,0.001903535171576,0.761474597470172,True,True,True,1.96516063076387,0.000665413485796,1.82423992519705,0.0013995833957086,0.927818356574619,True,True,True,2.28355798515895,8.23544417931842e-05,2.0237312139048,0.0004242365306234,0.885830531355061,True,True,True,4,4,0.90682444396484,4_of_4
UBE2H,0.822332821657101,5.08539503474338e-05,0.700369011362202,0.0001673067838609,0.850651149741106,True,True,True,1.31172686812901,2.36499327758176e-07,0.806301731631401,6.44929603735854e-05,0.614218959942976,True,True,True,0.685387648986767,2.36323888850103e-05,0.670235733810088,3.46253211177521e-05,0.976468231617335,True,True,True,1.04930647631469,6.71006139549471e-08,1.00902762195884,1.5356596004324e-07,0.960698276848974,True,True,True,4,4,0.90567471329504,4_of_4
MYL9,2.13422708124757,4.76654935918464e-05,2.13992355434443,4.16936118084056e-05,1.00219951926336,True,True,True,6.71285097811001,0.0004832381108155,5.44858162073775,0.005704511498799,0.811543425450226,True,True,True,3.19225287315038,5.1224394070373e-05,2.6337988004101,0.0003067291211411,0.824801199602981,True,True,True,2.20014807304613,0.000170988637506,2.16737794233529,0.0003048379696835,0.984657946857657,True,True,True,4,4,0.904729573230319,4_of_4
ALPP,2.59013355688108,4.03960719253824e-05,3.22311230829501,5.0976879990667e-06,1.24390049279229,True,True,True,5.0098789210258,3.5445023705214604e-09,4.05363929161181,4.99179886682431e-08,0.80896771913658,True,True,True,2.43496430729299,0.0001406934208591,2.43573300884612,0.0001677757676156,0.999905048507411,True,True,True,4.33198027271966,2.83001837363401e-08,2.76712716353763,5.12916124182082e-06,0.638619838857656,True,True,True,4,4,0.904436383821996,4_of_4
ATP10D,0.853348447797523,0.0013377049513439,1.02528612666123,0.0003041121485021,1.20007958029815,True,True,True,1.02788924182928,0.0001297532864026,0.711601474076302,0.0061827997748435,0.691621065850716,True,True,True,1.05025603966762,0.0076047819337873,0.817642100841139,0.0339121408409054,0.777776364642487,True,True,True,1.65846073894012,7.78207931707283e-06,1.71068456058811,9.80153096560834e-06,1.03086775146046,True,True,True,4,4,0.904322058051473,4_of_4
CHCHD10,-1.74273662475156,4.85207999816704e-07,-1.93622149122542,3.56143127920601e-07,1.11038643321567,True,True,True,-1.33646229647984,3.27685918345996e-07,-0.872765119654351,4.1270692614216e-05,0.65255306407623,True,True,True,-0.954887493660164,0.0014009215336147,-0.852753126620941,0.0033481593585897,0.892106165502476,True,True,True,-0.837413968522393,5.74234214385998e-05,-0.768020864843542,0.0001912744466794,0.91604015877394,True,True,True,4,4,0.904073162138208,4_of_4
C1R,2.27094130113636,2.33985005092272e-05,2.22295244591645,2.62582569548688e-05,0.978437446779366,True,True,True,5.31103428325219,0.0002465465635143,4.06258140020201,0.0053596324837017,0.764788249392617,True,True,True,2.96502538294796,0.0021756118839912,2.85018770128262,0.0032650813705178,0.960945148233962,True,True,True,2.58923984811436,0.0029323623492,2.19170238947835,0.0131523619484057,0.846138781732457,True,True,True,4,4,0.903541964983209,4_of_4
FAM111A,-0.947206127752249,7.41381033314824e-06,-0.922466478578278,8.32436135276694e-06,0.972854373726747,True,True,True,0.827693196510387,0.0001319769279137,0.586532169308417,0.0053700834227121,0.707779636394137,True,True,True,-0.980852256216409,0.0003034509025882,-0.870839248009827,0.000859124563011,0.886935119307692,True,True,True,-0.66301334322056,0.0008430788398866,-0.610159150833244,0.0022600373910142,0.918895918377008,True,True,True,4,4,0.90291551884235,4_of_4
RPS26,-1.61572118754038,3.44237861904242e-06,-1.68895133126845,2.37097437928843e-06,1.0446769327233,True,True,True,-1.02315762282046,6.38548203819744e-07,-0.594102727154953,0.0002740435420174,0.580089152213538,True,True,True,-0.776943083655538,0.0003813860269108,-0.799824838169023,0.0003585477098046,1.0281277062207,True,True,True,-0.929686266016692,4.84561783852183e-07,-0.723442353901007,9.51262265554433e-06,0.777321402836766,True,True,True,4,4,0.902724554528733,4_of_4
TTLL1,1.19486927175967,0.0001009335854193,1.42300750377163,1.99299173790621e-05,1.18993567054176,True,True,True,1.39772103711251,0.0001464386592214,1.01004463014538,0.0059629764602144,0.722120139288457,True,True,True,2.35560984193602,4.63702926388912e-05,2.55086425723161,2.83964447809013e-05,1.08242960367848,True,True,True,1.30551369375053,5.73133549292888e-05,0.688578199848741,0.017719906758318,0.527034812679292,True,True,True,4,4,0.902274871483469,4_of_4
DNAJB4,1.15607767845113,2.09801442741591e-05,1.09154720338747,3.18371362969299e-05,0.943365535189151,True,True,True,0.938162215984184,0.0003974203925298,0.762754296266409,0.0050909607471472,0.812164590189661,True,True,True,1.05026500020738,2.31494721800594e-05,1.02400346984197,3.6682759047218e-05,0.974067879782898,True,True,True,0.798982900252826,0.0069561732995608,0.68743638067349,0.022515523840662,0.859313843403694,True,True,True,4,4,0.901339689296422,4_of_4
PELI1,1.54044427390454,0.0024509445414627,1.74750610485762,0.0008917217894309,1.13368101230875,True,True,True,1.02345032279336,0.0002012248771562,0.844697994369505,0.0028930704328675,0.824537779505281,True,True,True,1.53028552936262,4.21998953621945e-05,1.48073150818876,7.20444393400458e-05,0.96698589505061,True,True,True,1.20580559072361,4.07800338212439e-06,0.616318240397104,0.0034794653295761,0.510702175341726,True,True,True,4,4,0.895761837277945,4_of_4
ATP6V0A4,2.07824469625729,0.0001121829751309,1.94108251638251,0.0002062014114091,0.933551745918373,True,True,True,0.859812965518288,0.0003503415354959,0.596620926075635,0.0129848653394152,0.693090078768057,True,True,True,2.59880951822771,0.0219555655303006,3.25683079884404,0.0055019546498308,1.25271900730028,True,True,True,1.17988381878114,0.0159051393928948,1.01113698223816,0.0450161896446998,0.856254413987834,True,True,True,4,4,0.894903079953103,4_of_4
DOCK11,1.00950821543867,0.0003944948451672,1.09775866045832,0.0001897395804457,1.08634313277876,True,True,True,2.61269248505097,3.44394337775436e-07,1.86363873853882,3.9720490371711e-05,0.713029076372952,True,True,True,4.60561167255693,0.0003324475720131,4.95028713981573,0.0002145338976233,1.07460482708065,True,True,True,1.86196151790794,2.3002800455145e-06,1.0792340159782,0.0007881902958153,0.579310954952066,True,True,True,4,4,0.893816951726801,4_of_4
LRP1,1.9293119099697,7.59325635612642e-05,2.05606780164847,4.18369223108383e-05,1.06514796444516,True,True,True,2.84244483208593,2.38690522631843e-07,1.47955472087204,0.0002622592959071,0.520338817260137,True,True,True,2.59962233863557,6.3441517935128e-07,2.77129911476718,5.27354932042768e-07,1.06562920482378,True,True,True,2.24819139602674,2.45764239993587e-07,1.62216893431824,1.18892700498151e-05,0.721223163659548,True,True,True,4,4,0.893185564052354,4_of_4
TLCD5,1.26415649766575,0.0002019959940495,1.21814810238093,0.000277085706158,0.962843809938492,True,True,True,1.05068036676701,0.0002983397838898,0.801736955625606,0.0066113113005056,0.762338996676567,True,True,True,1.14288534680048,0.0007088615129461,1.05993678247585,0.0015618762561634,0.926611032688338,True,True,True,1.64285773908906,3.68054399938e-06,1.41228679646657,3.59319703823307e-05,0.859129572397904,True,True,True,4,4,0.892870302543121,4_of_4
SUSD2,3.64629938568791,0.000270141451115,4.95744563625463,1.77222880223722e-05,1.35920995564767,True,True,True,4.26951246705754,1.91578050583766e-06,2.94095157348055,0.0003192564075893,0.688664790506259,True,True,True,2.54928829568793,0.0005954314246216,2.55698819560804,0.0006921299046826,1.00262711471932,True,True,True,5.46573159887361,4.49379212571866e-05,4.2704610229615,0.0005947772016676,0.781172615798699,True,True,True,4,4,0.89189986525901,4_of_4
NGEF,-0.97865954336199,0.0001435376715606,-0.836729311577196,0.0004418101571302,0.854102139102032,True,True,True,-1.57486729502772,1.06129061988204e-05,-1.88385237609918,2.73931220597577e-05,1.19543846239035,True,True,True,-0.956543028776268,0.0010657071856919,-0.888582276553371,0.0020850417359485,0.927981563072911,True,True,True,0.87623143273923,0.0009564445318581,0.528278569087508,0.0386530807703205,0.602211171843117,True,True,True,4,4,0.891041851087472,4_of_4
PALM,2.52356479211972,7.42122563888556e-07,2.63668251233195,6.0546622151314e-07,1.04441071212044,True,True,True,2.80443900222263,5.71831084742873e-06,2.18123610228098,0.0003103310319695,0.77750259426524,True,True,True,4.88078794600814,1.06032192568513e-06,4.90088472468877,1.38701162381717e-06,1.00391184109016,True,True,True,1.85961536706853,1.16516857864218e-06,1.37392911470389,5.68165578850376e-05,0.738427263915684,True,True,True,4,4,0.8907072176777,4_of_4
KRTCAP3,-2.31019434122619,8.96403686188937e-05,-2.07207295038405,0.0001672433700348,0.896537739567467,True,True,True,-1.27426781497694,5.14723913687692e-07,-0.901418369300333,3.91649122713396e-05,0.706846325700326,True,True,True,-1.94060451910054,0.0001286391175574,-1.71688447434361,0.0003301801598133,0.884260650124036,True,True,True,-0.505314274417374,0.0020507951215573,-0.521558520691815,0.0023001033937696,1.03010826880594,True,True,True,4,4,0.890399194845751,4_of_4
MAPKAPK3,-0.651291400089941,0.0002318289660062,-0.656552064882621,0.0002065071737859,1.00653184265819,True,True,True,-0.955484049130487,5.97495688847867e-07,-0.619037489860785,0.0001105043313173,0.647201059362709,True,True,True,-1.08864882736447,6.49404747346749e-06,-0.895023041596303,3.8812159616075e-05,0.821386688187507,True,True,True,-1.28761038524279,2.26662108395939e-06,-1.23598535875367,5.59102386127272e-06,0.959161413650097,True,True,True,4,4,0.890274050918802,4_of_4
GABARAPL1,2.61066912765308,1.03033700957031e-06,2.63088886068047,1.02450447667309e-06,1.00735917610079,True,True,True,3.34239905571671,2.49522742489266e-07,2.3548187028126,2.60677888847483e-05,0.704318767688294,True,True,True,1.59757899586522,9.00274682848126e-06,1.56147972484159,1.50998209326691e-05,0.976792344250995,True,True,True,3.58467748872076,6.256918457850301e-10,2.88093761205772,6.87031321199341e-09,0.803456981594163,True,True,True,4,4,0.890124662922579,4_of_4
GBP1,1.42562267402628,0.0006134447987829,1.30944030143731,0.0011485623997919,0.91786029009461,True,True,True,4.24712235413832,4.76807880488419e-06,3.65800064649544,0.0001056968860494,0.861086461629804,True,True,True,1.53146314493088,0.0001924679936908,1.10693821089408,0.0027639591800183,0.722326154828348,True,True,True,1.9420667746282,1.84092799524796e-06,2.05837523032696,1.65487507432714e-06,1.05934353734232,True,True,True,4,4,0.889473375862207,4_of_4
TMEM170B,3.00644559413754,4.53074531168019e-06,3.00462345351554,4.30742231577144e-06,0.999061615402952,True,True,True,0.644429051371927,0.0024680267185018,0.500074880712024,0.0246379408906666,0.774794502430689,True,True,True,2.53015931423343,6.20000065569541e-06,2.58230083721297,7.77654688263161e-06,1.0202047823272,True,True,True,1.40692815634194,3.18365279564868e-05,0.753160674210287,0.0116417832273255,0.534942547187307,True,True,True,4,4,0.88692805891682,4_of_4
CTSA,0.75056290378515,0.0021540691056058,0.90593009064194,0.0005052831247813,1.20539489918853,True,True,True,1.83583539363393,6.41289886279079e-07,0.945025912329582,0.0008025837853183,0.514485900916781,True,True,True,1.66683392640393,1.80238114061235e-05,1.64895578800513,2.40656023224169e-05,0.988681044257504,True,True,True,1.03939150057406,3.60795056737587e-08,0.815991700686165,6.43698771994581e-07,0.784312155795124,True,True,True,4,4,0.886496600026314,4_of_4
COL4A4,5.25656457413272,0.0010515269001863,5.53903485979193,0.0006478661866185,1.05353624890202,True,True,True,3.09889667815651,3.57247991995389e-05,1.92694115405466,0.0060921134384173,0.621614638846802,True,True,True,3.47888833984108,0.028937423909054,3.31904983422079,0.0394841801966888,0.953780555606093,True,True,True,5.84648917181255,2.45764239993587e-07,4.7883062175673,2.73667965132732e-06,0.818865341495462,True,True,True,4,4,0.886322948550778,4_of_4
RRP15,-0.808038823912392,0.0001767265745265,-0.73649116669554,0.0003483301694531,0.910328583656811,True,True,True,-1.66477122834595,1.15735397783596e-06,-0.888162548399221,0.0005231039282317,0.533183989065014,True,True,True,-0.577906283054237,0.0454382711483045,-0.745867145887395,0.0167171164614573,1.28840741190835,True,True,True,-0.848792977740216,0.001647151915084,-0.732641003627101,0.005806336611375,0.862140571666469,True,True,True,4,4,0.88623457766164,4_of_4
FAM234A,0.986563998961537,7.39480153496679e-06,1.10669590198846,2.86402891367528e-06,1.12063208374566,True,True,True,0.633141991231345,5.02445006974506e-05,0.519446295455522,0.0009425922975257,0.819132469759474,True,True,True,0.753866060297883,0.000400127189503,0.60216822019712,0.0024749872390328,0.797715319138198,True,True,True,0.676747403556102,9.26385556904655e-05,0.645602639175173,0.0002309180488293,0.952571172958735,True,True,True,4,4,0.885851821359104,4_of_4
SMPD1,1.28892567115617,2.5928238185483e-05,1.44659915093816,8.76729880190701e-06,1.12145930830384,True,True,True,1.39386299690562,1.47430129876951e-06,1.03048045777059,0.0001409503565629,0.73876822315641,True,True,True,1.84801224382773,7.21631124381227e-06,1.90961352028635,8.25915060938134e-06,1.03277494600748,True,True,True,1.33569448476889,1.91816321860807e-06,0.911417316526198,0.0001427333293977,0.681844151308651,True,True,True,4,4,0.885771584581945,4_of_4
MYLK4,1.18606077538191,0.000364468270512,1.13528980623722,0.0005309536827672,0.956387263214865,True,True,True,1.40272594388057,0.0033223944787523,1.05814520959991,0.0358697612257565,0.753811820756615,True,True,True,2.2074373533322,0.0064364207223979,1.79976743605281,0.0260292389930924,0.81495064070404,True,True,True,1.04807478566781,0.0165912189457273,1.16208069069282,0.0107299599070423,1.10771958926939,True,True,True,4,4,0.885668951959452,4_of_4
AMMECR1,-0.513777235476522,0.0012989156950618,-0.620782914013493,0.000319522377597,1.20592534251994,True,True,True,-0.771813554241652,5.46884436482675e-05,-0.626100427756868,0.0010115957819367,0.810157151515347,True,True,True,-0.957319566821844,1.91378769180322e-06,-0.920451743608139,3.37630216102849e-06,0.960485182057495,True,True,True,-0.77553857885851,4.15849163734016e-05,-0.615616990824504,0.0004817183017238,0.792770646024366,True,True,True,4,4,0.885321166786421,4_of_4
LIMS2,1.04485864513306,0.0089321862679031,0.904710734867063,0.0212949480597034,0.865041121070392,True,True,True,5.56728445405679,1.04851582244961e-05,4.16091646618475,0.0006367564571326,0.74725285687467,True,True,True,5.07123979211558,0.0017989910484383,5.15605018280718,0.0017455966046262,1.01652334947214,True,True,True,4.7297752387313,8.90162849190465e-07,4.28304690739933,4.59643497427258e-06,0.905358359098023,True,True,True,4,4,0.885199740084208,4_of_4
ADAMTS14,3.74418714100446,0.0002047094494861,3.70244314462153,0.0002157427738516,0.988586953128472,True,True,True,2.27037595049313,4.67952057261275e-05,1.83385108199993,0.0012045565102536,0.807374526265363,True,True,True,6.91994238837762,0.0003184343106333,6.48589150989591,0.0006260614295682,0.937139936432314,True,True,True,-1.51247876317704,1.77515611339557e-07,-1.26025366687737,1.39077845520593e-06,0.832686719853202,True,True,True,4,4,0.884913328142758,4_of_4
HEG1,1.67385709293229,1.90995091906598e-07,1.41725913366666,5.98470603132977e-07,0.846197051466263,True,True,True,4.2860308695603,3.3981278479919e-07,3.60790123379338,1.08286276947904e-05,0.841585083842287,True,True,True,3.11551740675202,2.10331282244842e-06,3.16726420124814,2.50953112669456e-06,1.01628317377152,True,True,True,3.20434595543307,6.28349525910112e-06,2.96032765279704,2.3189876011714e-05,0.923559482800687,True,True,True,4,4,0.884878267133475,4_of_4
GASK1B,2.37784527107096,3.88709266797276e-06,2.23438849738273,5.99613663482119e-06,0.939274413748148,True,True,True,4.51537255538303,3.36330872941516e-05,3.52988539014721,0.0011227267295374,0.781575334377578,True,True,True,3.62575305534984,5.80515269918206e-05,3.54782667267038,8.81195045964324e-05,0.978237729044431,True,True,True,2.05171337419785,2.50178936966935e-09,1.70467085315625,1.84972405369071e-08,0.830447579571305,True,True,True,4,4,0.884860996659727,4_of_4
RETREG1,2.42224571244509,5.61022894953403e-05,2.60585465852636,2.6558881113552e-05,1.0753571728791,True,True,True,3.9658911876233,2.68467604936802e-06,2.670087675279,0.0004829232976701,0.673093248337558,True,True,True,1.86795013741507,0.0140576107792147,2.22549071381577,0.0047360972808377,1.19077051295431,True,True,True,3.33234247884605,9.36453537455816e-09,2.30239161313396,6.9623370184009e-07,0.690715588855728,True,True,True,4,4,0.883036380867414,4_of_4
BOC,4.29911951767431,0.001860519517486,3.10466141762351,0.0190889897453577,0.721994215477677,True,True,True,2.32615423128526,4.36008125746146e-05,1.37952949868033,0.0103510904995953,0.59279676444927,True,True,True,3.20438201251152,0.000291823181395,3.34281991531774,0.0002406444891239,1.04287723031756,True,True,True,1.65328619941937,0.0227130551300069,1.78494801427386,0.0175041963970728,1.07898380274245,True,True,True,4,4,0.882435722897619,4_of_4
GALNT16,2.38108306456915,2.39883943685043e-05,2.11688418474196,6.84020138044371e-05,0.888669339968984,True,True,True,-1.07213890184435,5.68311833538979e-07,-0.938308996697105,1.17481724159009e-05,0.874359316472901,True,True,True,4.97771305862766,0.0001652614102514,3.89633976304163,0.0015570103662742,0.78259978375127,True,True,True,1.55425630802107,0.0331783128732661,1.98874341774742,0.0092645690792218,1.27872390389332,True,True,True,4,4,0.881514328220943,4_of_4
B3GNT5,-0.78218215557067,0.0003250799075022,-0.783983856373154,0.0003124056530784,1.00102364538924,True,True,True,-2.41238130075394,2.95714440575614e-07,-1.70220649605932,1.54793306958497e-05,0.705320164504279,True,True,True,-0.97223579596535,0.0001827682911422,-0.818868002178573,0.0007510649859718,0.841387057045451,True,True,True,-1.41958126327838,4.34759082110881e-07,-1.30577613375182,1.51894375006758e-06,0.919184398320434,True,True,True,4,4,0.880285727682943,4_of_4
ATP2C2,-3.67436008357456,1.85550078734061e-05,-3.85979080383133,1.68706419694031e-05,1.05018031323815,True,True,True,-1.52534460467448,6.61471334073447e-06,-1.17731800563034,0.0001967294442674,0.771331717637528,True,True,True,-1.21724285113933,0.0024689328081042,-0.802256027567679,0.0227650206420386,0.658535387108892,True,True,True,-0.858399502172999,0.0387428705935763,-0.849844396838559,0.0470788306874663,0.988881648976664,True,True,True,4,4,0.880106683307096,4_of_4
HEXA,0.951372297898541,1.88467095778326e-05,1.02041386565657,9.12938483129535e-06,1.071444295375,True,True,True,1.0842251828013,3.61419685860599e-07,0.619243047861262,0.0002026058786965,0.570612493770929,True,True,True,0.806171140078312,9.37441032528952e-06,0.79961674123734,1.39575094345682e-05,0.990640895758192,True,True,True,0.681647068575436,1.47053985147982e-05,0.52332105272243,0.0002967211928488,0.766605581145333,True,True,True,4,4,0.878623238451762,4_of_4
DCLK2,1.44830189859837,0.0035977771678584,1.21364612803688,0.012134356416876,0.837400495514845,True,True,True,5.46812201159604,1.90250074126129e-06,3.81651224233639,0.0002681966746922,0.697829054507165,True,True,True,4.99718770583658,1.83309470937975e-05,4.59710970913897,4.85038755274009e-05,0.91975531526572,True,True,True,6.62387934774436,0.0008445676516836,6.10519938781385,0.0023093660810607,0.921556313307434,True,True,True,4,4,0.878577905390282,4_of_4
FADS3,3.02637401154556,9.53563377027006e-07,3.17312203424525,7.63071940392792e-07,1.04814338173739,True,True,True,0.965730674904755,3.34322245966643e-05,0.646321627924488,0.0030233292119195,0.668564311345728,True,True,True,1.76564603274967,6.3441517935128e-07,1.58282440783578,2.53386327957868e-06,0.895948808359882,True,True,True,1.10354288779064,1.23343271221781e-06,0.950853536975815,1.0249026817775e-05,0.860857054521222,True,True,True,4,4,0.878402931440552,4_of_4
PODXL,-0.909885094586278,0.000116417212386,-0.778955821837621,0.0003723261291442,0.855163649583509,True,True,True,-2.46022626907115,7.70937962642904e-08,-1.94332039109201,2.0337617228765e-06,0.789574049128529,True,True,True,2.26960767973951,8.93060472786455e-05,2.2248517238221,0.0001305749032037,0.979848585765966,True,True,True,0.629201282606378,0.0002623616501214,0.567479816501632,0.0009438341514214,0.900473915499912,True,True,True,4,4,0.877818782541711,4_of_4
ZNF365,-2.10301862134884,0.0005953012827967,-1.87577960794519,0.0010861158154705,0.891522341538341,True,True,True,2.30229921677084,0.0001518949583279,1.51011497705692,0.0116903008346034,0.655631264084767,True,True,True,2.21088265756696,0.0045185781929586,2.65885397982346,0.0011880300559585,1.202077321203,True,True,True,3.04277126783646,3.09210523808157e-05,2.62004816420581,0.0002474608210564,0.860790096776281,True,True,True,4,4,0.876156219157311,4_of_4
LBR,-1.03830970635095,8.7256892968643e-05,-1.01315908225932,0.0001014327858726,0.974838468329671,True,True,True,-2.37767538123082,1.29331714668351e-07,-1.26573550026328,3.72318792117413e-05,0.532117795580975,True,True,True,-0.943633658936122,0.0002461391925519,-0.997097184950865,0.0001976572724566,1.05553848893531,True,True,True,-1.43430652953118,3.16144097594826e-07,-1.11582055340108,5.12916124182082e-06,0.777409236593904,True,True,True,4,4,0.876123852461788,4_of_4
MAN2B2,1.08094775904091,5.80157166394934e-05,1.0846143457984,5.31483856686098e-05,1.0024646169237,True,True,True,1.29508765896358,3.25159517834592e-07,1.05414922251754,1.23459304161575e-05,0.813331733565377,True,True,True,0.910124512655583,0.0057343993358933,0.821803430889391,0.0119899095573964,0.90196610833589,True,True,True,0.727057033381896,5.93286615958589e-05,0.618630926320725,0.0004207079572067,0.849701188170828,True,True,True,4,4,0.875833648253359,4_of_4
KLHDC8B,0.967186249231765,0.0005891581163772,1.08905774803541,0.0002134956190247,1.1248432302148,True,True,True,1.36400865571286,0.0001738494673351,0.84254379342894,0.0174040186819647,0.617244286256142,True,True,True,1.8327337259827,0.0001229992730251,1.97526059802731,7.92245931967133e-05,1.07717961994115,True,True,True,1.709379491634,0.0015158799210914,1.14594673992569,0.0323043104472034,0.66999560362532,True,True,True,4,4,0.873587611783235,4_of_4
HIVEP3,-1.35349964882456,0.0003873608767118,-0.748082010624304,0.0127947449937099,0.552293986398219,True,True,True,-1.30217199607945,2.53826455401564e-05,-0.773329256353665,0.0031159941094307,0.593420713981117,True,True,True,-0.847747263116114,0.0010242844759419,-0.977181956119302,0.0005441944559079,1.1513226593882,True,True,True,0.726563927019324,0.0345435735002934,1.70409141105479,5.06467005840546e-05,2.34218787898968,True,True,True,4,4,0.872371686684658,4_of_4
ZNF121,0.618071828297631,0.0241471672508889,0.691908480468092,0.0128184373169847,1.11765460620418,True,True,True,-1.08444811919954,1.2762255502276e-05,-0.671258686800699,0.0018090694546402,0.618416186759544,True,True,True,-0.737924584118593,0.0006305134049188,-0.862363746716984,0.0002644808179015,1.16705245061731,True,True,True,-0.564982836943621,0.0025440091394263,-0.354405492078524,0.042738012708801,0.626177101044898,True,True,True,4,4,0.871915853624539,4_of_4
CLU,2.36121615957908,1.10803585878468e-05,2.52120788511345,5.97519260655835e-06,1.06730617132121,True,True,True,2.84809371387694,1.06863841076321e-07,2.1856520484697,4.14585285260756e-06,0.767139402198023,True,True,True,4.02304283159386,2.06898136799413e-06,3.671341570775,6.07412554378867e-06,0.912351514240926,True,True,True,1.61227618489436,3.85646304534089e-05,1.33877476987401,0.0003567172275274,0.829848467614784,True,True,True,4,4,0.871099990927855,4_of_4
C20orf194,1.30276850246541,2.98708155824368e-06,1.37728642728118,1.88906551954872e-06,1.05638878733207,True,True,True,1.19572225393015,6.99723768566066e-05,0.856917089736043,0.003735065193086,0.716053442577712,True,True,True,1.28190412952072,1.75978959153595e-05,1.11604122010631,7.46867247174296e-05,0.869933453658187,True,True,True,2.03578883624525,5.90575942102247e-06,1.77481542862401,4.93144694511469e-05,0.871379200946437,True,True,True,4,4,0.870656327302312,4_of_4
PNMA2,3.06952578465972,2.78394363755802e-05,3.07748128773542,2.47192103411807e-05,1.00226524822245,True,True,True,0.7552376270059,0.0009320947122662,0.550261315064721,0.0175951127484639,0.72763017259974,True,True,True,0.770174393343217,0.0006485519917822,0.765275300117475,0.0008098807010266,0.992350506867625,True,True,True,3.23977737494098,3.97779105226715e-07,2.42481008027959,1.81114325440276e-05,0.748218652422476,True,True,True,4,4,0.87028457964505,4_of_4
ZNF517,0.977534112888539,0.0019462632235757,0.960449962495825,0.0022539061797255,0.981519141586867,True,True,True,1.08674667799339,7.66286732156189e-07,0.667658437138759,0.0003216980499522,0.613799564408154,True,True,True,1.61739115763718,0.0002284021428501,1.72721551038476,0.000156631971201,1.06724230556626,True,True,True,1.30325635216726,0.0001052946799376,0.989859094591547,0.0020154481329201,0.758945197350747,True,True,True,4,4,0.870232169468807,4_of_4
EPB41L4B,-2.75325254974814,5.28734330495776e-06,-2.60119578249665,6.45355415357679e-06,0.944428927817282,True,True,True,-0.862080607121583,0.0001030225975576,-0.572578110846589,0.0052860631854867,0.663412091665651,True,True,True,-1.63574171840149,1.10720143533976e-05,-1.42712320853437,3.84147689730294e-05,0.871929390257223,True,True,True,-1.11741764409794,1.77515611339557e-07,-0.968588681799135,1.06868858826675e-06,0.866034872491976,True,True,True,4,4,0.8689821313746,4_of_4
APOBEC3B,-1.38918681526232,8.35212073038669e-05,-1.6252222926678,3.15032760457106e-05,1.16906754892588,True,True,True,0.786606853003291,0.001155174650913,0.543654872330073,0.0237493038074676,0.6902617343374,True,True,True,-1.40142358105533,0.0004526919634263,-1.46557361743511,0.0004862129022878,1.04502921744389,True,True,True,-1.66552705258114,1.93679215493112e-05,-1.01667871082858,0.0012630042254635,0.610058330138676,True,True,True,4,4,0.867645475890645,4_of_4
OTUD1,-0.691829202871827,0.0030570214052989,-0.933371807436288,0.0004431226779049,1.34718889383905,True,True,True,2.04133238884837,7.01667729997545e-06,1.31852399944058,0.0013935347008945,0.64559716461436,True,True,True,1.88487484905647,2.99885173929132e-05,1.67557857832552,0.0001130481911059,0.888488745244063,True,True,True,2.16762674872677,2.31388984135207e-07,1.83493179653036,2.7392715747412e-06,0.846126147622072,True,True,True,4,4,0.867307446433067,4_of_4
GALNT5,1.2809971601629,0.0016737599888142,1.21213037204433,0.0025296311386875,0.945501604613779,True,True,True,4.19843088951547,0.0002580807135559,3.30405095152544,0.005216994960005,0.786785409369283,True,True,True,-1.31559414188618,0.0033931338177466,-1.44475174178291,0.0021743605642831,1.09734024770392,True,True,True,-0.777725598880304,3.641946070773e-06,-0.530729932122492,0.0002446903859901,0.68153651669549,True,True,True,4,4,0.866143506991531,4_of_4
SORT1,2.74684083513292,2.04903528022228e-07,2.59827996928585,3.53394331056832e-07,0.945571496014311,True,True,True,0.747903936944564,8.05984357368723e-07,0.945054738435972,1.18871098265925e-06,1.26191717230341,True,True,True,0.674334566168181,0.0019194887789175,0.530359559390548,0.0101676628201647,0.785328614822406,True,True,True,1.60686242602837,1.07482324647505e-07,1.22638105135919,3.13116523295495e-06,0.762740040134224,True,True,True,4,4,0.865450055418359,4_of_4
FGFR3,1.00500291610882,0.0003906903165494,0.956988661915837,0.0006037284063945,0.951278218573592,True,True,True,2.30573408694393,3.93145728314839e-06,1.79064922319251,0.0002225423858321,0.776270326661209,True,True,True,1.58407844589996,0.0005749961776441,1.5360758936871,0.0008792423749452,0.969085093334269,True,True,True,0.915582196882902,0.0006316858564865,0.58107293381824,0.0206954983316355,0.633956164318207,True,True,True,4,4,0.8637742726174,4_of_4
GAA,0.698964326933355,0.0125287469026744,1.07002710910456,0.0006848495759059,1.52868806013658,True,True,True,1.85685222616296,2.01403914803358e-07,1.05887746684059,9.43276480903407e-05,0.56994708832548,True,True,True,0.556023792976961,0.0012182076860513,0.572362698966765,0.0010877766140264,1.02753725457189,True,True,True,0.576830426312015,0.0011296797013266,0.40375943455568,0.0168509137449676,0.69875073407377,True,True,True,4,4,0.86314399432283,4_of_4
SHISA4,0.649972214378323,0.0024240699329737,0.797879078628446,0.000485093364297,1.22567301799574,True,True,True,1.4049971554106,2.07312767211723e-06,1.15815171038824,7.77465331452601e-05,0.823722655434548,True,True,True,1.30751243378288,0.0006269308895174,1.17800724798204,0.0017639647969787,0.900264466403615,True,True,True,1.0420636931139,1.04091805219689e-05,0.743486227235289,0.0005127549982479,0.712790822021357,True,True,True,4,4,0.861993560919082,4_of_4
TSPOAP1,1.48241261582874,9.52403983356656e-05,1.87071673944906,1.08717059331849e-05,1.26108994860068,True,True,True,4.61318116320015,0.001178565941834,3.01809675447488,0.0407878804604819,0.65409151650684,True,True,True,4.2665411175201,0.0189433542744198,3.98461174983643,0.0298372746790049,0.933702017182184,True,True,True,-2.03664270085355,0.0017154703803944,-1.61022859262899,0.0059540749715021,0.790240895498745,True,True,True,4,4,0.861971456340465,4_of_4
TUBA1A,1.62577177077035,1.86208213376185e-06,1.65296778916761,1.5918399156319e-06,1.01610306919996,True,True,True,2.77046575962039,3.96137268412032e-06,2.29641336838748,0.0001273021798507,0.828591643398842,True,True,True,4.26367961436126,8.05491826469716e-08,3.79069151172517,2.30856890169879e-07,0.888857277569002,True,True,True,2.09841268369411,6.48964313004302e-06,1.3174472421967,0.0008331477871776,0.627531334086508,True,True,True,4,4,0.858724460483922,4_of_4
CTSO,2.77311713419093,8.80283755684124e-05,3.18039281374469,2.39114463137965e-05,1.14645224404782,True,True,True,4.79426204162068,5.72537965004069e-05,2.88979996313395,0.0099393779634504,0.602636506212134,True,True,True,1.69908775916224,1.16249731573848e-05,1.54161636029965,3.68450624523109e-05,0.906786342052906,True,True,True,1.89342469218903,9.10741907069032e-08,1.53131733212798,1.606440889346e-06,0.808328427327731,True,True,True,4,4,0.857557384690319,4_of_4
MFGE8,1.35924037519038,2.30279756927201e-05,1.36309987077612,2.02096901376953e-05,1.00210219872744,True,True,True,1.61618380027249,2.60026863598445e-06,0.827169461162376,0.0035560538023238,0.511487600248655,True,True,True,2.47277340739162,9.16479684664085e-06,2.37645979735416,1.76943544425393e-05,0.960661873983006,True,True,True,1.69289966065548,3.64366902101097e-08,1.274220488755,1.00024386399855e-06,0.752240831231952,True,True,True,4,4,0.856451352607479,4_of_4
TIMP2,1.43733165849868,8.2046363342072e-06,1.43336702861688,7.45735046093164e-06,0.996548341370041,True,True,True,3.06947522019414,2.59838270652694e-07,1.91117015116768,7.19571771911324e-05,0.622434644187371,True,True,True,2.29024326200563,2.1493211501691404e-09,2.04189209560153,1.10788453204507e-08,0.891172111430093,True,True,True,2.52572804557811,1.27795556374214e-08,2.07263968296619,1.26047628757392e-07,0.82028601637339,True,True,True,4,4,0.855729063901742,4_of_4
ITGB8,0.988207719790326,0.0022939976412052,1.08761848526069,0.0010814854660842,1.09948442930796,True,True,True,1.28495870857682,4.71442348608627e-06,0.876848981545912,0.0006648676757866,0.681864025413637,True,True,True,3.17104916563281,7.72299099069899e-05,3.11917334719535,0.000111456030203,0.98333070653181,True,True,True,0.98702394952848,0.0008343305791384,0.717941265241388,0.0122074758231607,0.726643585496095,True,True,True,4,4,0.854987146013952,4_of_4
FAM136A,-0.651815706581872,0.0001360301041119,-0.67098528595685,0.0001074275641968,1.02783263207638,True,True,True,-1.30723713306036,3.58275406968379e-07,-0.724814226727804,0.0001662898792133,0.554038872931428,True,True,True,-0.682376460629841,0.0004217431054095,-0.554226050368758,0.0021580641011359,0.81101132728211,True,True,True,-0.905050161367514,3.28667606839462e-07,-0.812860450521505,1.56968659983458e-06,0.897147294024697,True,True,True,4,4,0.854079310653403,4_of_4
CTSF,1.6887824956861,1.57763853723487e-05,1.96099449904012,4.41292203872747e-06,1.16050113197788,True,True,True,3.26100721212977,2.71417649352458e-06,1.7046852706308,0.0033948391638584,0.522587830061175,True,True,True,1.92689324539226,9.57970188687252e-06,1.92803793812262,1.3864552205945e-05,1.00007505225235,True,True,True,2.14771711269278,3.76631814569238e-08,1.52145937100108,2.90144815222721e-06,0.708078025726887,True,True,True,4,4,0.854076538989619,4_of_4
PLAU,-0.72373229460869,0.0005856443720096,-0.574239780753456,0.0029806246632501,0.792347443359771,True,True,True,-0.5743270593019,0.0079337637033883,-0.526073415978649,0.0225668227958673,0.914390184631651,True,True,True,-0.720401846980293,0.0018343471787978,-0.676366588784713,0.003052002331261,0.937572577081563,True,True,True,-2.14859379667479,1.65753521385583e-05,-1.6081250310185,0.0002133966691959,0.748106471793002,True,True,True,4,4,0.853368813995711,4_of_4
NCKAP5L,1.2098671064539,3.7927131299363e-06,1.28881436198732,2.21589720688331e-06,1.06437308860565,True,True,True,1.34658512211149,1.98169126920916e-07,0.815565015849405,6.64572349156143e-05,0.605204823404047,True,True,True,1.16407144058344,0.0002666904631517,1.17595965936922,0.0002960945050633,1.00934553745505,True,True,True,1.35778560158055,1.07757598617865e-05,0.947395557365914,0.0006697242590529,0.697236971207154,True,True,True,4,4,0.853291254331102,4_of_4
PTGES3,-1.39345498597075,2.52008556617196e-06,-1.50623217125991,1.31441402615887e-06,1.08015833168781,True,True,True,-1.08083274649864,3.29868749243219e-07,-0.579891500475366,0.0002447076091688,0.536026943492133,True,True,True,-0.86314763620458,1.01691008664427e-05,-0.865952558064292,1.3864552205945e-05,1.00208867302772,True,True,True,-0.616842883089341,1.17526434191176e-05,-0.433508563906935,0.0005103105823136,0.701648551391097,True,True,True,4,4,0.851868612209409,4_of_4
BTN3A3,0.819904656615313,0.0076280473765822,0.954269746315146,0.0026595503862806,1.16246111972335,True,True,True,2.8587550034957,1.24602251165328e-05,1.50588159827527,0.0093167366627472,0.526577135605852,True,True,True,0.81267734468106,0.0165353783575059,0.84195583635664,0.0150716387477844,1.03475393761475,True,True,True,1.71212864637224,3.93269470700186e-06,1.1411004982834,0.0004147879728796,0.666091540001868,True,True,True,4,4,0.850422738808309,4_of_4
NIP7,-0.727572297343142,0.0011621753160019,-0.741762595821038,0.000997036302414,1.01810430965602,True,True,True,-1.33582505831402,2.06040205127982e-06,-0.794907136728919,0.0005237338110719,0.594623157147759,True,True,True,-0.869601755239876,0.0008237840974739,-0.787965262345923,0.001909889554724,0.905081178166033,True,True,True,-0.886262826985536,0.0004993122458362,-0.705013567964665,0.003589022408046,0.794593830060411,True,True,True,4,4,0.849837504113222,4_of_4
APOL1,0.838587739240289,9.96311104037773e-06,0.7281480971303,2.83727891251712e-05,0.867268616606019,True,True,True,3.05814652275753,3.25616576524584e-06,2.19509636988535,0.0003615491086244,0.717551890226781,True,True,True,-0.865134007753444,0.0015914829918846,-0.720452023504009,0.0057504277942726,0.831802027232136,True,True,True,1.20691374103346,4.82442874000371e-06,1.18495527454623,1.00294275268101e-05,0.980993289746346,True,True,True,4,4,0.849535321919078,4_of_4
KCNK15,5.62559220251531,0.0039817691443455,5.84181299083525,0.002905184819391,1.03825064631905,True,True,True,5.03075951724808,6.96091816752786e-06,4.00998290342918,0.0002905736601859,0.796934529498795,True,True,True,4.4074572126847,0.0208193963750806,3.97236808165807,0.0389241064560162,0.90107896935648,True,True,True,4.49878428359917,8.22208686801499e-05,2.73063234709238,0.0101860624795179,0.606836278140043,True,True,True,4,4,0.849006749427637,4_of_4
MAPK13,-2.98032984255986,1.90995091906598e-07,-3.10287748453147,1.89708287565384e-07,1.04076960564258,True,True,True,-2.29117320457117,4.69452966305469e-08,-1.82022761391578,9.46878877380673e-07,0.794105615703817,True,True,True,-1.77529963605785,8.11875109010901e-05,-1.27836855884267,0.0007406225512905,0.719680696258971,True,True,True,-1.70548221507992,3.5289477719420804e-09,-1.54125126278329,9.938710454401021e-09,0.903174524271915,True,True,True,4,4,0.848640069987866,4_of_4
ATRN,1.00630216493776,5.35478256184519e-06,1.08614030885392,2.76667911222859e-06,1.07826662808873,True,True,True,0.766384650760132,2.77474960988182e-06,0.499400351352985,0.0005117533097346,0.650782304361059,True,True,True,0.551959721092606,0.0003285106057999,0.557070835577472,0.0003526524746572,1.00743474493358,True,True,True,0.980697452629449,3.71822746039622e-07,0.675220983236949,3.125373979061e-05,0.687809651974128,True,True,True,4,4,0.847622198453854,4_of_4
HHAT,2.89543115544814,0.0001009335854193,3.00393725305688,6.98461501113452e-05,1.03711674534591,True,True,True,1.2522483431285,6.73777603527343e-05,0.882233145202544,0.0040470833937869,0.703957160637623,True,True,True,2.15794446215026,2.11266682292583e-05,1.9783774210448,5.90284134353102e-05,0.916363276466307,True,True,True,1.7660415419627,1.53097122588158e-07,1.37505976582892,4.48142444529273e-06,0.778170593715417,True,True,True,4,4,0.847266935090862,4_of_4
HGSNAT,0.971136112814023,5.52461710024471e-05,1.03124778453924,3.02189220974923e-05,1.06080596219608,True,True,True,0.939780106329542,2.13713531260114e-05,0.68220429964033,0.0013082002206889,0.725147454809555,True,True,True,1.36622819796018,3.76717938034129e-06,1.17452414960922,1.84584125836131e-05,0.859054948809231,True,True,True,0.819824505122947,5.77795865643103e-06,0.685192409835923,6.43378959413609e-05,0.834761152425989,True,True,True,4,4,0.84690805061761,4_of_4
RPIA,-0.571452041187532,0.0015497273026099,-0.659162042149936,0.0005929886544629,1.15147120583678,True,True,True,-1.08206083079578,1.29225111744407e-06,-0.610390336398013,0.0004999229300338,0.563578996712057,True,True,True,-0.829012860900963,0.0003205600571394,-0.653776514594944,0.0019663145075752,0.787670342704428,True,True,True,-0.956101030953225,6.57013138799852e-06,-0.866429105622237,2.68646036720918e-05,0.905263997844947,True,True,True,4,4,0.846467170274688,4_of_4
CYBRD1,3.64086624790741,0.0005535704802466,3.39290288744609,0.0009848902190618,0.931638521704532,True,True,True,2.88579386731466,1.93272407765835e-07,2.0149547339135,1.86098495292625e-05,0.69799051353391,True,True,True,3.24819214405884,0.0007806028339677,3.74819902104516,0.0002690715743628,1.15357875276744,True,True,True,4.65704870263685,1.15780540096789e-08,3.54446963355526,3.13805775411103e-07,0.760934429807226,True,True,True,4,4,0.846286475755879,4_of_4
GRK3,-0.729592812115386,0.010135700222577,-0.930590222040653,0.0025461284565766,1.27374675278585,True,True,True,-1.00787371643678,0.001061062649387,-0.607764996666314,0.0337390295007083,0.60241929863419,True,True,True,-0.667033275673686,0.0025136297368878,-0.663540432911939,0.0031607208099479,0.993274522504562,True,True,True,-1.09740757287122,2.14646855740293e-05,-0.761823646386918,0.0006570359678617,0.693571006976512,True,True,True,4,4,0.843422764740537,4_of_4
GPC4,3.04175238004191,1.21039380532693e-07,2.85174378301243,1.41249622720782e-07,0.937225060349193,True,True,True,2.37259621157319,3.61419685860599e-07,1.46573953012872,0.0001261392640564,0.61751848228526,True,True,True,5.65880423391551,0.0075998509452754,5.38178020117149,0.0111734274845232,0.95087744712476,True,True,True,1.54870723552419,3.08559808324363e-06,1.16023908754574,9.37791217177798e-05,0.748682758232905,True,True,True,4,4,0.842953909291049,4_of_4
POU2F1,-0.764095277324938,0.0004250989509298,-0.800061440129459,0.0003031382327449,1.04570171041543,True,True,True,-1.22957775023225,9.56736787962594e-06,-0.644211876228424,0.0036201116369971,0.523503595044556,True,True,True,-0.558495123691237,0.0020248152816582,-0.841487191376401,0.0001449507963338,1.50401166291627,True,True,True,-0.722156516388252,0.0003214990378439,-0.460725083874882,0.0103243733411228,0.637102858695012,True,True,True,4,4,0.841402284555221,4_of_4
FILIP1L,3.42992584488462,7.70761284222238e-07,3.4584298887831,7.67105380501926e-07,1.00801650782965,True,True,True,2.20582694279251,3.47925435062722e-05,1.50826052707052,0.0028841826776043,0.683452108465729,True,True,True,5.04924466739481,4.37067599737366e-06,4.56564028384531,1.3864552205945e-05,0.904043384931787,True,True,True,3.34042408105976,3.57815712760369e-05,2.60089011336715,0.0005025058797365,0.778377736639241,True,True,True,4,4,0.841210560785514,4_of_4
HHLA1,-0.837385531657274,0.0092904897213698,-1.23298190929283,0.0010247995228541,1.47066219863735,True,True,True,1.2049931194457,0.0003226992635883,0.889464637564565,0.0085017057657793,0.737537074816299,True,True,True,-1.45189018791654,4.30557448109548e-05,-1.37035114526314,8.47798985714332e-05,0.943189758358984,True,True,True,1.85282147699419,0.0014881675130609,1.26427681950095,0.0294603097604401,0.681984125866782,True,True,True,4,4,0.840363416587641,4_of_4
NT5E,-4.14299773511465,5.730311373193e-07,-3.97404067275686,7.46915657734043e-07,0.958987172961597,True,True,True,-1.36266390766524,3.98068812866835e-07,-1.38148254875905,3.55439183233087e-06,1.01306673953432,True,True,True,-1.91956641947269,2.78905070901502e-05,-1.38497212737735,0.0003423643707667,0.721126909923588,True,True,True,-1.61935978152895,3.65603862473969e-08,-1.03882832613192,4.05019924640619e-06,0.641109670811315,True,True,True,4,4,0.840057041442593,4_of_4
CCT4,-0.928639804602096,6.72117455581335e-06,-0.975287850336029,4.27096512838427e-06,1.04910293804972,True,True,True,-1.65941443327806,1.14126537433471e-07,-0.990480476857593,2.29549967826188e-05,0.596526058197498,True,True,True,-0.559061951349086,0.0003849955247718,-0.57614501809039,0.0003492475369761,1.02871658519662,True,True,True,-0.697691653427929,5.90575942102247e-06,-0.455031008131545,0.0005368072765021,0.651261548494342,True,True,True,4,4,0.839989066845481,4_of_4
ARHGEF4,-1.00022410534291,0.0010211755931783,-0.871694198372484,0.0024669454064115,0.870628457426059,True,True,True,-2.10437303572906,9.09345175252359e-06,-1.41650305673347,0.0004366624527013,0.672803836989845,True,True,True,1.33393153021235,0.0001017143183798,1.07981220842229,0.0007577000066088,0.808889582711798,True,True,True,-1.08055208799543,0.0007082825141636,-2.20458471034174,1.24051034118888e-05,2.0383527846798,True,True,True,4,4,0.839759020068928,4_of_4
LHFPL6,1.61716351090188,0.0077246730087815,1.27391659388829,0.0320571810762827,0.787260734348333,True,True,True,1.12703376668399,8.95775639943775e-05,0.927663613029491,0.0016405063205641,0.822372202346819,True,True,True,2.90840473771279,0.0006071574081376,2.77741643807438,0.001032358496654,0.954633916028414,True,True,True,2.01376152780278,3.87952733974753e-06,1.72674959170366,3.7075318697048e-05,0.857049118655142,True,True,True,4,4,0.839710660500981,4_of_4
CCT7,-0.798038893838166,3.36831474398151e-05,-0.881887599624608,1.29046822270432e-05,1.10368544813692,True,True,True,-1.69959118920186,8.66193522259917e-08,-0.976775177842065,2.00487265150867e-05,0.574373890705911,True,True,True,-0.57935027333887,0.0006139983271278,-0.597557654490457,0.0005502080468206,1.0296499923272,True,True,True,-0.79380824022311,1.85271596919683e-06,-0.515969475638451,0.0002088352526677,0.649174794027819,True,True,True,4,4,0.839412393177509,4_of_4
SEMA3A,0.996080555271937,0.000275799935051,1.01882789931499,0.0002128632404484,1.02181102011073,True,True,True,2.83507369232609,8.0919172611893e-05,1.63858654025975,0.0173365405076949,0.577765854495768,True,True,True,1.63027957020554,1.20424781703453e-05,1.45343225141087,4.23278819897782e-05,0.890976800026827,True,True,True,-2.00220995459527,3.97010594168876e-08,-1.57752509949201,4.92356601473909e-07,0.787498632319214,True,True,True,4,4,0.83923771617302,4_of_4
SET,-0.543027245812141,0.000317939278667,-0.587172340042894,0.0001529729675033,1.07930686296115,True,True,True,-0.903497146220586,8.82576474932079e-07,-0.476685724980548,0.0007873477161028,0.527017389687038,True,True,True,-0.652688574266969,3.2889695799593e-05,-0.631246726063621,5.22474213632702e-05,0.965668899401349,True,True,True,-0.8611484268437,1.20138349439501e-06,-0.610510688915298,6.58843476036772e-05,0.708127127425564,True,True,True,4,4,0.836898013413456,4_of_4
ARPC1A,-1.11119263372518,2.29856188734321e-05,-1.20428161094037,1.04531225997253e-05,1.08279948492982,True,True,True,-0.930388448670356,1.12250414503579e-06,-0.653051642980128,0.0001177992572741,0.701159268093157,True,True,True,-0.960698027294227,2.83708764788786e-06,-0.854428098595497,9.75859193841645e-06,0.888457784403969,True,True,True,-0.854948683048012,1.98222217973491e-06,-0.671436558933547,3.85988173620941e-05,0.784435530109794,True,True,True,4,4,0.836446657256882,4_of_4
BDNF,1.90735556302947,0.0013962264330361,2.09084253226176,0.0006395353113729,1.09562524550854,True,True,True,5.1046632787543,1.32622927709172e-06,4.09939752684875,6.19476914846665e-05,0.802911845735533,True,True,True,2.04820646119669,3.44196593562259e-07,1.78010217711488,1.79814285606722e-06,0.868678784115945,True,True,True,1.63405706469122,1.71805053824903e-07,1.10685169586305,2.14285445222248e-05,0.676949887416974,True,True,True,4,4,0.835795314925739,4_of_4
CTNNBIP1,-1.79206672386229,7.35468856113646e-05,-1.83618478729947,6.99555091476929e-05,1.02404710480841,True,True,True,-0.785098409246586,1.88485747726561e-05,-0.39402674366229,0.0084535468424328,0.501243532651254,True,True,True,-0.95355475491265,0.0008351869311203,-0.918103904805418,0.0013533678434516,0.961813767183458,True,True,True,-0.797800329216402,3.02001766882464e-06,-0.566604064259312,0.0001209314623717,0.709318766574787,True,True,True,4,4,0.835566266879122,4_of_4
NRBP2,0.69043312526659,0.0009377343055528,0.930251862920448,7.4611361968462e-05,1.34539672591153,True,True,True,1.49843482093719,2.3715600914755e-07,0.975527538568592,4.85705460928498e-05,0.650596828182808,True,True,True,1.416857812281,0.0002621550986406,1.32697309726623,0.0005456997479786,0.935899979372009,True,True,True,1.44171621792907,6.38082646248069e-08,1.05546521349763,3.10000425595423e-06,0.73158199816502,True,True,True,4,4,0.833740988768515,4_of_4
SCD5,2.57785332125056,5.03485148940357e-07,2.32569071186378,1.17466246667359e-06,0.901831326620773,True,True,True,2.05666054835659,3.72459090977718e-07,1.40100695353756,6.02611868429376e-05,0.680873701280085,True,True,True,1.69648077334304,0.0234437323453632,1.7563284753444,0.0215073495415299,1.0346676692458,True,True,True,1.71220585616702,4.19653695002756e-06,1.3093693616209,0.0001325618598965,0.764280227567264,True,True,True,4,4,0.833055777094019,4_of_4
GTPBP10,-0.93331807456539,5.71164583244148e-05,-0.901925441544839,7.25319789302997e-05,0.965330186900624,True,True,True,-0.920394838434552,1.11115043540576e-05,-0.708917175436376,0.0003800734430988,0.769395644369817,True,True,True,-0.510286335246041,0.0160903368064124,-0.458200302244946,0.0299857003466359,0.89617161785568,True,True,True,-0.544726942277664,0.0005309371509129,-0.382819008672228,0.0087151681558668,0.70148453194281,True,True,True,4,4,0.832783631112749,4_of_4
MDGA1,-1.85169592919667,0.0027626868874764,-1.48960894303856,0.0078847870687226,0.804022354431607,True,True,True,1.9599304208444,1.98287285352875e-05,1.26869513300125,0.003154720276308,0.646986307884874,True,True,True,4.73688605391847,3.52594574301286e-05,4.08159403929477,0.0001491848600844,0.86147999188775,True,True,True,3.56503016125042,7.55964702944262e-09,3.64110110035042,7.257435936708461e-09,1.02105168372263,True,True,True,4,4,0.832751173159679,4_of_4
RGL1,2.31408228874581,5.5274405303103e-06,2.30502834341751,5.27219549130839e-06,0.995657197423532,True,True,True,5.29445359179575,4.27425086276688e-06,3.20260662817895,0.0014265400450347,0.604784193206933,True,True,True,2.37150492206147,2.32125780648491e-07,2.34716966854136,3.74175846370553e-07,0.989321306234385,True,True,True,3.23880603709085,3.5400789076468e-08,2.17936113553635,4.15618975802552e-06,0.672682595990618,True,True,True,4,4,0.831001951112502,4_of_4
C1orf115,4.54665115893946,0.0003875079708689,4.875993662372,0.000198614114624,1.0722004595245,True,True,True,1.12895849815261,2.30822783639286e-05,0.606576629528857,0.0107159782992917,0.53681319315759,True,True,True,1.37014196050028,6.4034791834099e-05,1.25938377353669,0.0001694793157931,0.918492621345485,True,True,True,1.22458075527893,0.0001865437614807,0.910709562155062,0.0037613126738607,0.743084091547924,True,True,True,4,4,0.830788356446704,4_of_4
TCF7,-2.84821243259998,1.06882733682686e-06,-2.55763047752635,1.86489364629194e-06,0.897662262126396,True,True,True,-2.07155383593607,8.95658508305326e-07,-1.57999983379725,3.19564389461287e-05,0.762344411229078,True,True,True,-0.904201887970231,0.024716507428666,-1.06045359438,0.0147189138753024,1.17151058617199,True,True,True,-1.74644144159801,0.0010604708824529,-1.24393658383454,0.0081255352027098,0.711861670567328,True,True,True,4,4,0.830003336677737,4_of_4
SCARB2,0.664631834591432,4.1559597949866e-05,0.644734286602531,4.82050283999451e-05,0.96860494510193,True,True,True,0.780719837731746,5.97280311649293e-06,0.57097441919704,0.0003864075087476,0.730407994830719,True,True,True,1.18646822153949,3.75105760304228e-05,1.10377010665004,8.11246558305506e-05,0.92951549071272,True,True,True,0.705278508956432,1.15768157362295e-05,0.479647187816096,0.0006749351290303,0.679119046854198,True,True,True,4,4,0.82996174277172,4_of_4
ZNF704,2.98735069386549,1.53473703109348e-05,3.22310190564148,7.15824420175521e-06,1.07855544272561,True,True,True,0.881515425154746,4.63230445998249e-06,0.681570609246158,0.0002159269901141,0.772304471762232,True,True,True,1.67995873470603,0.0003213570218726,1.4345226478548,0.001343048804081,0.853395516639897,True,True,True,1.63466083537257,1.33597435900835e-06,1.31764919042452,2.49428163685303e-05,0.805576047264338,True,True,True,4,4,0.829485781952118,4_of_4
PXDC1,1.68210703249163,7.61190073654386e-06,1.6799762748499,6.91649326059105e-06,0.998139893909721,True,True,True,1.53908502790061,1.04856525658164e-06,1.01802101849351,0.000228793850618,0.661016112779981,True,True,True,1.86339607172045,3.59162969681066e-06,1.63183368457086,1.53037978180767e-05,0.875261275928895,True,True,True,1.9374611622865,1.75155578824211e-08,1.51233388342945,3.58747891007593e-07,0.780172392850825,True,True,True,4,4,0.82771683438986,4_of_4
MCRIP1,0.551318397861285,0.002025151784066,0.674884270978064,0.0004134711200239,1.22191162487323,True,True,True,0.860726001015895,6.2574006215048e-06,0.681556216489914,0.0002635263557526,0.790919869757234,True,True,True,1.27360852033566,1.92773314209905e-05,1.10081652410815,8.9589623390582e-05,0.863650686893461,True,True,True,-0.755447870658478,0.0001110892100015,-0.59137583938785,0.0011767715124795,0.781780030490488,True,True,True,4,4,0.827285278325347,4_of_4
RFFL,-1.49449773695086,0.0001240304781363,-1.29074888794169,0.0003298874353212,0.86308983026171,True,True,True,-0.86486062865049,0.0020655736268901,-0.536755824346954,0.0463875169958463,0.619910187143547,True,True,True,-0.943338339139685,0.0004211523488344,-0.885768914376992,0.0008103323082302,0.937978347023323,True,True,True,-1.03415613999196,0.0001008112451379,-0.815741935099307,0.0010170317635984,0.788037575766727,True,True,True,4,4,0.825563703014218,4_of_4
TMEM198,0.86921764962446,0.0011814124598786,1.17441994560996,8.78534589614498e-05,1.34957035876804,True,True,True,1.24472784347003,1.64711976697103e-05,0.665088040724084,0.0091126007994911,0.533895139464373,True,True,True,1.97340270402359,0.0003657081137202,1.7519339570763,0.0012127986018719,0.887323519921277,True,True,True,1.10478008546557,0.0064235250737616,0.840955763221115,0.0416100105686512,0.760509050827267,True,True,True,4,4,0.823916285374272,4_of_4
PROS1,2.08046663210995,3.1489651363647e-06,2.0431133374955,3.28571875085764e-06,0.981573908501444,True,True,True,2.73315739761758,1.68363739397983e-05,2.076854594159,0.0009056424155913,0.759595843300271,True,True,True,1.2570986398097,0.0001506278008765,1.11435871450575,0.0004457911148855,0.885748286536824,True,True,True,2.76063623088935,3.62727814787423e-06,1.99576440008316,0.0001609971547577,0.72267461505618,True,True,True,4,4,0.822672064918547,4_of_4
DAPK3,0.806052159232176,4.82654052542589e-05,1.01265329324241,6.82822817556658e-06,1.25475569535164,True,True,True,0.568925386899504,0.000270671297314,0.351181252416251,0.0186157899932193,0.616188119512871,True,True,True,0.853455322456962,0.0018541952767191,0.671001915305645,0.0102666464292471,0.78529783555704,True,True,True,0.764162311840049,1.14200181007213e-05,0.657385372272428,9.19668483049703e-05,0.859144997211845,True,True,True,4,4,0.822221416384443,4_of_4
TLCD2,1.82888821502646,6.24238044053412e-06,1.81209961548164,6.33920691629813e-06,0.990278859987869,True,True,True,3.1958426883319,5.62229940841048e-07,2.08708331203753,0.0001625108267785,0.652857683506022,True,True,True,1.57766139891284,0.0002125025383007,1.59769411814082,0.0002337769401216,1.012056239065,True,True,True,2.5196074913563,9.21246198680232e-06,1.62445593128062,0.0012616248950277,0.644470008460748,True,True,True,4,4,0.821568271746945,4_of_4
CRYBG1,-1.42856125702284,3.91784287543872e-05,-1.24656161241567,0.000106312931952,0.871988945063971,True,True,True,-1.62384880878764,9.37982183612207e-08,-1.25005403587585,2.95854194554009e-06,0.769335601635799,True,True,True,-1.73777406279619,1.19332158005404e-07,-1.57224064903483,3.63272480341627e-07,0.904223661184852,True,True,True,-1.49126648050263,2.10171953722804e-08,-0.894352909107765,5.29961169298437e-06,0.599325201492515,True,True,True,4,4,0.820662273349885,4_of_4
DNAJB2,0.748991158351492,0.0026749045425975,0.751363676231037,0.0025420079805622,1.00183004541355,True,True,True,1.77489920621316,3.53208574002813e-06,1.16140820223538,0.0006345383191349,0.653983175493338,True,True,True,1.40143568735046,8.14025668466056e-06,1.27696400442171,2.42871168791544e-05,0.91053302189864,True,True,True,0.973184291293252,2.67861990848793e-07,0.708536762595292,1.26906096468581e-05,0.727312859515209,True,True,True,4,4,0.818922940706925,4_of_4
MXD4,1.79093763855476,1.53235744951601e-06,1.87404765344827,1.09355409825694e-06,1.04582191540981,True,True,True,2.7289902323618,2.86979795210776e-07,1.68949418576935,9.00420062779744e-05,0.618864553338609,True,True,True,1.48393313678879,3.01015374362658e-05,1.4837493934953,3.730698738282e-05,0.999202830575894,True,True,True,2.31402602363372,2.84434760797133e-08,1.46887642464503,6.02531791487744e-06,0.634496722563596,True,True,True,4,4,0.816849776569745,4_of_4
MST1R,-0.987516498428425,0.0003407457731081,-0.854246568814607,0.0009535049958195,0.864170269462083,True,True,True,-0.690636923865211,0.0009449210447222,-0.770933769975774,0.0012384512138412,1.11465097274942,True,True,True,-1.81278052147783,8.00524695882617e-07,-1.10416341820929,2.78104460969104e-05,0.608763521900456,True,True,True,-1.60083414689989,5.3831687980262e-07,-1.2287681698084,9.84753679705592e-06,0.767100746470224,True,True,True,4,4,0.815635507966153,4_of_4
SDF2L1,-0.855540007947936,3.72326802294368e-05,-0.90556508213462,2.44473233329576e-05,1.05723617546381,True,True,True,-1.1443952670541,2.98469875909665e-05,-0.636502017555164,0.0052873479680618,0.555705122819492,True,True,True,-0.982068712289853,0.0010025275275896,-0.910587328533098,0.0020273416241453,0.926270277091898,True,True,True,-1.1264189972507,1.75050510331586e-06,-0.794716171845137,6.06951617616009e-05,0.704898687873022,True,True,True,4,4,0.81558448248246,4_of_4
GPR176,1.43273313372432,0.0008927787243538,1.25512361998738,0.0023248007460646,0.875423459543704,True,True,True,1.24929206004538,0.000352449492483,0.857313615159248,0.0133339745194312,0.685690681846073,True,True,True,1.11228408396279,0.004049977623071,0.838453844053558,0.0252469655901392,0.753135570814091,True,True,True,1.35692560550375,7.27934765190986e-05,1.31490812329521,0.000164749723019,0.968321178984926,True,True,True,4,4,0.814279515178898,4_of_4
GCNT4,1.03590157798701,0.0099731116435069,0.804838493469888,0.0399448059730821,0.776195649188192,True,True,True,2.45094220816131,1.10845464624283e-06,2.08724003742096,3.58927850867128e-05,0.851259883072923,True,True,True,2.7384021038965,0.0020890850063037,2.10347037622898,0.0154658923401395,0.767857472708013,True,True,True,2.73269096761191,8.0262083036061e-09,2.81967860567027,6.944887891039181e-09,1.03145477637272,True,True,True,4,4,0.813727766130558,4_of_4
HSPA14,-0.928360039178131,7.95198013004417e-06,-0.95235247945917,6.52379567941483e-06,1.02474007845374,True,True,True,-0.741299204011665,1.61308726527189e-05,-0.372030314369291,0.0081280796684669,0.501186465455842,True,True,True,-0.813261368191952,0.0016965217893748,-0.696770620768397,0.0051050727141294,0.855708803078254,True,True,True,-1.10214455730153,1.93560596137619e-06,-0.850523522755535,3.26521624665445e-05,0.770999156117901,True,True,True,4,4,0.813353979598078,4_of_4
BDH2,1.27804435937873,4.67964556793322e-05,1.36718775216612,2.40696663478722e-05,1.06891347601908,True,True,True,1.17625376966748,2.77662149215967e-05,0.823383370050583,0.0022440901938048,0.699410264180467,True,True,True,1.23054687783659,0.0007350199875225,1.01393817434845,0.0037737724994861,0.823304571344938,True,True,True,1.56178015151769,5.80464646914984e-06,1.24916975784495,0.0001130400531162,0.799325328410284,True,True,True,4,4,0.811314949877611,4_of_4
RABAC1,0.776406796983938,9.14060734008301e-05,0.886999903280723,2.75172639242303e-05,1.14097266286064,True,True,True,1.55312721875434,2.30393409703018e-06,0.881035075226548,0.0014209486125774,0.566900228369151,True,True,True,0.956891461530932,0.0004754093159202,0.881198444406853,0.001103218323285,0.919935587481377,True,True,True,1.13592416224602,9.75007236437097e-06,0.79786091945566,0.0005385050694146,0.701771451386403,True,True,True,4,4,0.81085351943389,4_of_4
PLPP1,0.70398720325879,0.0003268576743985,0.586665464674922,0.0014306609844098,0.832164700242887,True,True,True,0.542950260659241,0.0009589119884592,0.428913598159486,0.011646287659763,0.788516210360234,True,True,True,0.853749636211369,0.002917952881274,0.806664736704104,0.0050175133765292,0.943743878359049,True,True,True,1.82029239321227,3.99739256074875e-06,0.964346105778342,0.0027722870549675,0.529484507469718,True,True,True,4,4,0.810340455301561,4_of_4
DNMBP,-1.20834325462634,2.88728932257422e-06,-1.10027561323932,5.06744621482272e-06,0.909812502802838,True,True,True,-2.48032191461716,3.61064361083803e-07,-1.85751365262074,1.43682629049603e-05,0.748598415094131,True,True,True,-0.789143768657648,3.29929522380848e-05,-0.585701598519991,0.0003813639047874,0.741259529914439,True,True,True,-0.675769343140859,6.9080313477541e-05,-0.589612979869418,0.0003634903101326,0.871217034053357,True,True,True,4,4,0.809907724573744,4_of_4
GLMP,1.23601342800067,1.48652290754069e-05,1.1713639530391,2.10511930623346e-05,0.946929052283874,True,True,True,1.49806865434981,6.14316118917979e-07,0.919296226692146,0.0002587145160262,0.613244913116319,True,True,True,1.28442556316076,1.26920608624021e-05,1.31488565221007,1.48260302481156e-05,1.02291854922884,True,True,True,0.879055329990305,1.32096388002328e-06,0.591395145878565,0.000140496538907,0.671997686651225,True,True,True,4,4,0.809463369467549,4_of_4
RHOBTB3,0.630363484289642,0.0001666665517315,0.654263678526263,0.0001115728718596,1.03627101472678,True,True,True,1.92470047187219,1.4872148632433e-06,1.13713452879477,0.000711200956403,0.590504362129191,True,True,True,1.01385817905079,0.0014903562420001,0.867639881102023,0.0045429000350288,0.854937072994315,True,True,True,1.61247129817974,4.36109908187832e-07,1.23066782527998,1.14983021816496e-05,0.762745409024862,True,True,True,4,4,0.808841241009588,4_of_4
COASY,-0.68458886926821,0.000210217218221,-0.67994835249905,0.0002079856956234,0.991772741621111,True,True,True,-0.58340700054436,5.85273848450974e-05,-0.410410301093053,0.0028367753052802,0.702267941196403,True,True,True,-0.645916817401256,7.52663998517275e-05,-0.591259608498585,0.0001846894392465,0.91396543202223,True,True,True,-0.506015774870568,0.0004088437238399,-0.297893329354662,0.0211677838730539,0.587542526523378,True,True,True,4,4,0.808116686609317,4_of_4
SMIM29,-0.660822559160354,0.0041775691194613,-0.605916659569237,0.0072749532915556,0.915527358780208,True,True,True,-0.623810803638653,0.0001198290571896,-0.422405842041729,0.0055113585290486,0.67605399839728,True,True,True,0.842440898333724,0.0074706490948623,0.879090156303015,0.0064944287912002,1.04226645641647,True,True,True,-0.932661197283328,1.96242925594747e-05,-0.653661513504578,0.0005871902222018,0.700105686523694,True,True,True,4,4,0.807816522651951,4_of_4
SNRPG,-1.11979405679138,2.24913827534119e-05,-1.34849279898221,5.9045594421534e-06,1.2031584132795,True,True,True,-1.8151967865741,1.06903551898446e-07,-1.01855902235873,1.99541265951744e-05,0.560819747005523,True,True,True,-0.822049421134705,0.0006656314647052,-0.867898772049708,0.0005738614431779,1.0544916863597,True,True,True,-1.23772589696348,1.73747636695981e-06,-0.687693706452177,0.0004699733087285,0.555162129198992,True,True,True,4,4,0.807655716682611,4_of_4
PIK3IP1,3.51678934531479,4.21208176328554e-05,3.35874364942443,5.84499268318719e-05,0.954788169421746,True,True,True,5.01705377741948,2.97805295095955e-05,2.69213938357972,0.0131787126759702,0.536490739835025,True,True,True,2.85195320594738,1.70712567016576e-05,2.60619597616894,4.85038755274009e-05,0.913508139823661,True,True,True,2.17938970279191,7.51011578757492e-06,1.52803029459524,0.0004438938846041,0.7008060497803,True,True,True,4,4,0.807157094801981,4_of_4
RFT1,-0.75960453240293,6.3477726112973e-06,-0.765271048847214,5.72275612845309e-06,1.00613527299074,True,True,True,-1.04470807969523,8.20054146265499e-07,-0.6355308293527,0.0002119660305809,0.607751667690972,True,True,True,-0.57667241143942,0.0027667136751646,-0.740603837292713,0.0006490583394705,1.28204813424845,True,True,True,-0.942489652579482,3.14837969949686e-05,-0.533195575442847,0.0035331379928453,0.565131344032339,True,True,True,4,4,0.806943470340856,4_of_4
PNP,-1.02121166886919,2.75731617353733e-05,-1.17371187805021,8.69770905905958e-06,1.14820825646475,True,True,True,-2.39463756929,3.72459090977718e-07,-1.20664459628533,0.0001528278572429,0.503684118062544,True,True,True,-1.22866395195589,2.81024858509866e-05,-1.24547919549589,3.30349201473171e-05,1.01286143544734,True,True,True,-2.59385494962873,5.31707172024463e-09,-1.55567408125317,4.81398190686116e-07,0.599522559623518,True,True,True,4,4,0.806191997535429,4_of_4
CCN2,2.44710613099593,0.0008386145615791,2.1774102642255,0.0018244340108295,0.889426416876663,True,True,True,4.11929564719546,0.0002532303872816,2.76114739743197,0.0130371205163321,0.670133319028062,True,True,True,4.55682160424855,6.22531741547423e-05,4.15743095829756,0.0001576676100152,0.912153067689668,True,True,True,3.17622344365701,4.93793711915448e-05,2.29158273567122,0.0013263803526005,0.721253250301335,True,True,True,4,4,0.805339833588999,4_of_4
TMEM25,1.24743381661133,0.001294962650675,1.55322742207018,0.0001982196127045,1.24414077975408,True,True,True,0.780450041007691,1.80584803318359e-05,0.572853178241159,0.0010608468400863,0.73306436519276,True,True,True,0.861858764148125,0.0012603166586329,0.721471457368111,0.0053999293366965,0.836140846387993,True,True,True,1.68869217459348,6.17066784255007e-08,1.30800986703016,1.73679291514268e-06,0.774111336193441,True,True,True,4,4,0.805126091290717,4_of_4
ING4,0.973517500226249,0.0002477815500151,0.999434403276406,0.000197193433197,1.02556845109952,True,True,True,1.8954548012135,2.02870503933305e-07,1.2033435668412,4.69709031796116e-05,0.634522671498001,True,True,True,1.05391167528473,0.0007092551296983,1.02553990379593,0.0010509441662041,0.97215712729611,True,True,True,1.92521959677888,5.13767539823758e-07,1.15562295381189,0.0002238858206176,0.59994351409589,True,True,True,4,4,0.803339899397056,4_of_4
MAP2,3.15581702443495,0.0015538035360581,3.14965825807075,0.0015306780690901,0.997732283401671,True,True,True,4.03371790915744,9.2643064961829e-07,3.05123851224693,7.19571771911324e-05,0.756245809730999,True,True,True,4.66964418778435,0.0116699958141958,3.9633490348756,0.0310033165562099,0.848565824226428,True,True,True,3.33241470573634,3.34675133960989e-07,2.52558092039994,9.99579849486657e-06,0.75765578043853,True,True,True,4,4,0.803110802332479,4_of_4
NATD1,3.00365245324556,5.10533220755015e-05,3.15380046381792,3.00505085587153e-05,1.04963902244709,True,True,True,4.23830467712297,3.64490111167547e-06,2.6452859872725,0.0011687988127075,0.623990533529602,True,True,True,3.55760943731838,3.02247852429471e-06,3.48953182679604,4.89273194028462e-06,0.980588594579125,True,True,True,3.55845950505041,1.96896944582605e-06,2.06101127255364,0.0010337429007204,0.5790236606511,True,True,True,4,4,0.802289564054363,4_of_4
DAPK1,1.03709121157835,1.43068122174722e-06,0.889508818564615,4.25448999151665e-06,0.856869616699842,True,True,True,2.90394648184768,1.29331714668351e-07,2.0981952722838,8.14827326010654e-06,0.722283623947953,True,True,True,-0.61904884083149,0.0033575390705708,-0.462182303571963,0.0201319580283814,0.745396609325441,True,True,True,0.938736912275228,5.22078657065783e-06,0.897316457054622,1.42338551998337e-05,0.954859222122178,True,True,True,4,4,0.801133113012642,4_of_4
SLC7A7,1.73967060710809,1.35710408845209e-05,1.62002047034388,2.42472690035137e-05,0.930687554399132,True,True,True,6.19506870491063,5.0183529954334e-05,4.43328042315772,0.0026639953869727,0.715498912987225,True,True,True,3.36904630437014,4.52966750814227e-07,2.8803388174,2.83536442348257e-06,0.854688202255528,True,True,True,2.05641663288466,0.0056674431950061,1.53482217100029,0.0437270191964568,0.745994829860177,True,True,True,4,4,0.800341516057852,4_of_4
BBS12,0.580715119947684,0.004494527829865,0.498084535217509,0.0123097451358199,0.856234466214844,True,True,True,0.983976606837395,0.0033016752140532,0.731092171005791,0.0377493026195032,0.742243182153547,True,True,True,0.960477665389497,0.0018823855431634,0.84672829587846,0.0055920972685836,0.880653109643944,True,True,True,1.58560136164383,0.0001782084519664,1.08487027435981,0.0069903145519134,0.683769912585861,True,True,True,4,4,0.799238824184195,4_of_4
TAGLN,1.71695089936604,0.0005849584502708,1.38159576978276,0.0025613654282349,0.804211441836084,True,True,True,3.60039885675752,5.79800189671815e-05,2.80748419229713,0.0017229034128658,0.779553807829222,True,True,True,3.12030767348649,0.0046797924785332,2.47912146747142,0.0213551320628844,0.79425731994637,True,True,True,2.88368976840253,0.0001205978156362,3.00135933250569,0.0001407151845127,1.04044440597429,True,True,True,4,4,0.799234380891227,4_of_4
PHF21A,1.30644671379202,1.7325367394926e-06,1.26043076433276,2.17354827737564e-06,0.964039873316979,True,True,True,1.30167762249231,6.34663226921623e-06,0.729234848740244,0.0031931172078185,0.559796864664841,True,True,True,0.672971803083223,0.0074341586739548,0.76020531078985,0.0037293083823887,1.12794824251124,True,True,True,1.24256451839982,1.77720045370544e-05,0.780668027700915,0.0022852694525443,0.627766405482085,True,True,True,4,4,0.795903139399532,4_of_4
STK39,-1.15323236854383,2.65156056466383e-05,-1.1148589230263,3.25459711287778e-05,0.965887765245049,True,True,True,-1.65059248724026,5.40212965997556e-07,-1.23055041767713,2.64684920985725e-05,0.745069033181016,True,True,True,-1.13993355476894,2.33818735440406e-05,-0.947201906518822,0.0001140199949174,0.830199009012973,True,True,True,-1.05559489791639,6.97679465330577e-07,-0.800452940994983,1.66241681489125e-05,0.757577897237134,True,True,True,4,4,0.793888453125054,4_of_4
OPTN,0.890721241367523,6.7337780803778e-05,0.798013653066458,0.0001626194451939,0.894913809435158,True,True,True,2.56994086943981,1.00563757848331e-06,1.58273537778363,0.0003805709041313,0.615624963062063,True,True,True,1.29845096052285,4.14221249372953e-05,1.11882518369901,0.0001837765457086,0.86099838908029,True,True,True,0.882472052013226,0.0001807708046956,0.636978775350481,0.0039353192619182,0.720994822528857,True,True,True,4,4,0.790996605804574,4_of_4
BCCIP,-0.723539943448555,0.0002475479347273,-0.793920996415038,0.0001123937930888,1.0957587688489,True,True,True,-1.56635973529553,2.22703985921481e-07,-1.01508991309077,2.52624637425979e-05,0.647643224610062,True,True,True,-0.905125023575007,5.81921505490818e-05,-0.798090986352435,0.0001912909390739,0.880773585971242,True,True,True,-0.830007809412577,1.06237493214255e-05,-0.582027961884431,0.0003871344623029,0.700388077334502,True,True,True,4,4,0.790580831652872,4_of_4
TRMU,-0.78279738536354,7.88831088714811e-05,-0.709572649158335,0.0001652115058411,0.905301117876557,True,True,True,-0.61578372220764,7.1596206798327e-05,-0.393096956731741,0.0056562746300013,0.637333545906072,True,True,True,-0.563393531310542,0.0060526419805676,-0.448468732372311,0.023040757473204,0.794602892295648,True,True,True,-0.580195123759175,0.0006441243756814,-0.455266136830168,0.0051160881310724,0.783327523268782,True,True,True,4,4,0.788965207782215,4_of_4
HNRNPF,-0.611571471539667,0.0001684059705709,-0.56412782723193,0.0002955611754152,0.92091756381345,True,True,True,-0.575546225727624,6.4360874906458e-06,-0.302460923487214,0.003824160140691,0.524608279423729,True,True,True,-0.548728109642734,0.0005328245598999,-0.468565748580786,0.001883498491496,0.852359085085361,True,True,True,-1.17433781176704,2.32423035912917e-07,-0.851021905120114,1.03192539863214e-05,0.724065793340436,True,True,True,4,4,0.788212439212898,4_of_4
MAGED2,1.71043464787101,7.86022694923829e-07,1.7339957204325,7.63071940392792e-07,1.01318254985053,True,True,True,2.53678399240592,8.53110132725971e-07,1.29502848515175,0.0011943741539113,0.510298941528121,True,True,True,2.29654769582772,5.21049739425109e-06,2.04975709616333,1.76943544425393e-05,0.892149964888925,True,True,True,1.47087387194683,4.6224115298608e-08,1.0017806586366,4.05019924640619e-06,0.680615831104847,True,True,True,4,4,0.786382897996886,4_of_4
GBA,0.602709701840595,0.0002308703051425,0.534615287065705,0.0005507489561334,0.885550266023166,True,True,True,1.01735745307219,1.70839203521706e-06,0.686031412019806,0.0002687357414873,0.673664644914396,True,True,True,1.19022161194416,5.05612674346978e-06,1.11455957084892,1.1972516203582e-05,0.935644182134908,True,True,True,0.923557353742224,5.70849059422677e-07,0.628021778096637,5.33101941114785e-05,0.679267517103905,True,True,True,4,4,0.782408891563535,4_of_4
NAA50,-0.619407483575858,0.0004734677541723,-0.755563419435448,8.77271114859061e-05,1.21785026686105,True,True,True,-1.117767011242,7.61368538547507e-07,-0.602396516247862,0.0005675702360153,0.538446799194688,True,True,True,-1.18533582562894,1.65834896818393e-05,-1.11667153530813,3.32033098435163e-05,0.941277765691787,True,True,True,-0.808159757223022,8.46183705499677e-07,-0.504187523504179,0.0001478573851579,0.623100097358418,True,True,True,4,4,0.782188931525102,4_of_4
TUFT1,1.86965393906903,7.47468916197461e-06,1.93132890252634,5.22225322759304e-06,1.0324351619453,True,True,True,1.84062538824358,8.39196406121565e-07,1.11542238465065,0.0003208620766823,0.605672788706755,True,True,True,1.02780856479149,0.0002821741041838,0.65076818038535,0.0085753231074057,0.632545453698903,True,True,True,1.37050151616241,3.48888451112414e-08,1.272548591431,1.01185603036199e-07,0.927850663258259,True,True,True,4,4,0.780198058478581,4_of_4
CLSTN3,1.63515919600294,4.90453155407389e-05,1.48067447007708,0.0001146607097961,0.904969683692332,True,True,True,1.83077048810638,3.66470047195222e-06,0.940820431679594,0.0035067441166446,0.513612615656987,True,True,True,0.770565562515579,0.0050797056481112,0.640873145666985,0.0166432862815343,0.830613983829851,True,True,True,1.6066894839131,2.00341988347925e-06,1.15734815712517,0.0001032802860523,0.719882893248886,True,True,True,4,4,0.775248438539369,4_of_4
CCDC58,-0.939197882504322,6.142542802171e-06,-1.05742262569353,2.89260906125231e-06,1.12468092661192,True,True,True,-1.39121335901265,1.51946243156099e-06,-0.910075079610741,0.0001711975313923,0.653689374347163,True,True,True,-1.02854976459926,0.0013053761255685,-0.922681688592351,0.0030974557443122,0.896199212819493,True,True,True,-0.727840171227573,0.0006083331070854,-0.415804269221431,0.0251559567874698,0.570501305548374,True,True,True,4,4,0.774944293583328,4_of_4
ORMDL3,0.972507535178188,4.60668271405886e-07,0.898711041362485,8.32350140475322e-07,0.923168038137463,True,True,True,1.16044769240874,1.63058743675031e-06,0.681274567762248,0.0007622590751246,0.586573611721889,True,True,True,1.00176875035597,1.57655823895276e-06,0.880647666840674,6.5584769849318e-06,0.878216105685439,True,True,True,1.15686836773301,1.2978710594508e-06,0.773157339761319,0.0001319499537208,0.667742000133472,True,True,True,4,4,0.772979052909455,4_of_4
TGM2,-1.14231602092347,0.0013728855885329,-1.12566429911902,0.0014351541982836,0.984560942485357,True,True,True,-3.47001558811531,2.38544230407402e-06,-1.87783434551334,0.0012953377644113,0.541004296247763,True,True,True,-1.41503469559312,0.0002270066550728,-0.792788918581062,0.0119389288881992,0.559865461664408,True,True,True,0.553132085097859,0.0037080151059429,1.82355220231786,8.4801985635629e-08,3.29082587231133,True,True,True,4,4,0.772213202074882,4_of_4
POLE4,-0.979683565542328,9.77488024968521e-05,-1.10216569048032,4.38688124610817e-05,1.12387494723725,True,True,True,-1.26967462616245,1.14126537433471e-07,-0.692610983040296,3.14014238863245e-05,0.545073434835197,True,True,True,-0.588593070099073,0.0019772290623657,-0.587531924437069,0.0023893243242443,0.996504121628062,True,True,True,-1.11740868322113,1.6729708618484e-05,-0.560375774091693,0.0049512925571441,0.501047410037764,True,True,True,4,4,0.77078877823163,4_of_4
CHAC2,-1.46560636087767,6.53970438828963e-05,-1.69652624163718,2.65843873857538e-05,1.1567700010669,True,True,True,-3.01988006311505,1.25679021841954e-06,-1.76899987185574,9.90593440711721e-05,0.58559089897518,True,True,True,-1.35501585552002,0.0014714701842131,-1.29593282569744,0.002366579508736,0.955691499049959,True,True,True,-1.56932113748412,3.83879712731154e-05,-0.880126489878064,0.0026633322460255,0.560475477830065,True,True,True,4,4,0.770641199012569,4_of_4
SERBP1,-0.522344691463266,0.0001947948529933,-0.538766617927161,0.0001360907272153,1.02946800973709,True,True,True,-1.23016665289418,1.5267013694915e-07,-0.636986824617802,0.0001008227136538,0.517384728639618,True,True,True,-0.760373279115814,4.69276276419153e-05,-0.712543433424518,9.39944278256495e-05,0.935866089563844,True,True,True,-0.890909035899835,3.05782907830703e-07,-0.537192047134525,8.01739297287163e-05,0.602294657316213,True,True,True,4,4,0.769080373440028,4_of_4
NEDD9,2.56368491013266,3.94425321758952e-07,2.50927009427846,5.46939032801558e-07,0.978393129060313,True,True,True,3.37131077893312,1.37029501906794e-07,2.35008114556591,1.17335097007396e-05,0.696875614266308,True,True,True,2.96618253571469,0.0014073495184267,2.27678899734739,0.0102752422338852,0.767323536702804,True,True,True,1.89760087206477,6.86725175785144e-08,1.46006774011691,1.59896435261933e-06,0.769023000884359,True,True,True,4,4,0.768173268793581,4_of_4
MOSPD1,1.50802879097349,2.04903528022228e-07,1.47403863620656,2.91492948287297e-07,0.9768127984196,True,True,True,1.1899629416123,7.50619256973699e-06,0.647790808551196,0.0045402246727337,0.543921885322671,True,True,True,1.24033513008123,1.15634903653013e-05,1.18648421547149,2.30201066430018e-05,0.955812968407532,True,True,True,0.99008277173362,1.04246600566456e-05,0.57477664963198,0.0026704103917997,0.579948179935133,True,True,True,4,4,0.767880574171333,4_of_4
SNRPA1,-0.88559466780315,0.0002105308878977,-1.03337041172528,6.8644881581123e-05,1.16554999624103,True,True,True,-1.39827359491039,2.38690522631843e-07,-0.719096148724575,0.0001504677782777,0.513906752289302,True,True,True,-0.972561666089332,4.12211505924061e-05,-0.908636980194614,8.9589623390582e-05,0.93331219977517,True,True,True,-0.764434800120038,3.26565390821751e-05,-0.460070704231377,0.0029958612176854,0.601057992345301,True,True,True,4,4,0.767185096060236,4_of_4
IDUA,1.487187860491,0.0005662975224978,1.539390590721,0.0004232094454639,1.03440609320191,True,True,True,1.94686177718786,7.70475988980301e-07,1.19244755536585,0.000360254412307,0.612182840348864,True,True,True,1.69685312817631,0.0007231453553433,1.50960980401555,0.0022589361725562,0.889128617171407,True,True,True,0.793727273739225,0.0003861420079448,0.511833630593059,0.0145238999365805,0.644036825595352,True,True,True,4,4,0.76658272138338,4_of_4
GRK4,0.78504699559397,0.0025782052692713,0.651655886302961,0.0094887484149,0.829029167410713,True,True,True,1.76180959071552,0.0001604733341254,1.0647125270952,0.019042450185119,0.603986121191362,True,True,True,1.073691670323,0.0146775197680846,1.3499339103252,0.0035444202976403,1.25611275085018,True,True,True,1.28821430549693,0.0019021166908195,0.902032594314586,0.0288701568402947,0.699676221764306,True,True,True,4,4,0.764352694587509,4_of_4
WIPI1,1.37054880446748,3.17751265457575e-06,1.21616307523246,7.92085128994526e-06,0.88670783808138,True,True,True,2.36264724025523,1.84966211410599e-05,1.22165559833664,0.0126740036859081,0.516851913234195,True,True,True,2.15583385130482,1.41183192354584e-05,1.82831295183927,8.56394631278204e-05,0.847683724331939,True,True,True,1.53356232732759,1.89118789474788e-07,1.03921283933178,2.37280330082537e-05,0.677204712265776,True,True,True,4,4,0.762444218298858,4_of_4
GGT7,1.1397249765935,0.0002830001771994,1.3618893275793,5.84499268318719e-05,1.19388051942744,True,True,True,3.14832300354876,0.0001135394591562,2.05337762146329,0.0103750131970473,0.652006040393277,True,True,True,1.46288123315422,0.0002186447878815,1.27699307770726,0.0007842023900872,0.872333799208374,True,True,True,0.969521961291343,6.57664245796354e-05,0.622094060603113,0.004739852235591,0.640989163991071,True,True,True,4,4,0.762169919800825,4_of_4
ZDHHC17,1.34109620769627,4.61771996807736e-05,1.28809481579124,6.16074230301463e-05,0.959763397291969,True,True,True,0.571904197330785,0.0024478504204865,0.416436057070559,0.0317140016343789,0.726886029131527,True,True,True,1.66435104193968,1.10056084944921e-05,1.32633539642816,9.95363262068949e-05,0.796429919594214,True,True,True,0.825090660920425,0.0012913156281437,0.579304232004723,0.0199720901611173,0.701259873049849,True,True,True,4,4,0.761657974362871,4_of_4
GAS6,0.977265586802173,0.0002610374013304,0.948957888204524,0.0003163455353049,0.970041163674731,True,True,True,2.57954835505525,5.53628066113781e-07,1.76927616533626,8.02140441071393e-05,0.685620233339274,True,True,True,1.44764466619212,0.0001918782107347,1.18380044206579,0.0010932936717839,0.817177924782276,True,True,True,2.29054332544033,1.83837856846867e-07,1.61468795762783,1.14378584748578e-05,0.704629033063366,True,True,True,4,4,0.760903478922821,4_of_4
ITGB2,-3.08560527387327,7.58856281963478e-06,-3.27022904773238,6.57516765352121e-06,1.05949052683004,True,True,True,2.39113807535891,7.18436150688941e-05,1.33311041089897,0.0183749634481619,0.557288237092649,True,True,True,-1.7811972291361,1.70712567016576e-05,-1.22315416290454,0.000224795087994,0.686318070137192,True,True,True,-1.64772376309691,5.45427386601956e-06,-1.37748558478989,3.60864099169286e-05,0.835485977470516,True,True,True,4,4,0.760902023803854,4_of_4
EPPK1,1.81509345461607,0.0001427742593197,2.35709398393822,1.3089011737615e-05,1.29789245038412,True,True,True,2.08400313504892,7.70937962642904e-08,1.66947621614898,2.19026406914921e-06,0.800706813378393,True,True,True,1.95206742600063,0.002315792507743,1.4062019190419,0.0224503434329681,0.719996606528548,True,True,True,1.00019263014017,0.0003120042113798,0.673244496847911,0.0087283797080522,0.672442521629084,True,True,True,4,4,0.76035170995347,4_of_4
FSTL3,1.15887239528962,1.33257075682576e-05,1.13241294833688,1.38486708625427e-05,0.976325458676096,True,True,True,0.759270262058514,0.0001563885913019,0.404407401591254,0.0270575016590329,0.531925845022896,True,True,True,1.9062929103058,4.33220559313511e-06,1.73038471001035,1.3466906763063e-05,0.907246443721596,True,True,True,0.953533974941217,4.82294184753502e-05,0.58357101501631,0.0043316773670205,0.611367463428683,True,True,True,4,4,0.75930695357514,4_of_4
TTLL12,-0.742272632140102,6.142542802171e-06,-0.700943828745895,8.28479154182819e-06,0.943050770923275,True,True,True,-2.36842585083855,1.57585700414333e-07,-1.40266917260409,3.19806936107298e-05,0.591986945743704,True,True,True,-0.85284125976801,7.10547443018799e-05,-0.641187097729287,0.0007420195438098,0.75094414845155,True,True,True,-1.25338731791475,1.11911936511841e-06,-0.953529093186705,2.57648839445237e-05,0.760155240386055,True,True,True,4,4,0.755549694418802,4_of_4
SCUBE3,0.815484706678627,0.0389248084183869,0.964932903228779,0.0161208241893486,1.18181381149688,True,True,True,2.70929256131577,1.5015652176526e-06,1.76609268297934,0.0004439538427859,0.651624370072415,True,True,True,1.50471758029619,0.0021357565972057,1.16542088837554,0.0149487728988312,0.773996998923457,True,True,True,2.17041325565971,3.05849097829582e-05,1.59743990869095,0.0010697821242184,0.735668304744516,True,True,True,4,4,0.754832651833987,4_of_4
NOC2L,-0.732754801184807,1.21477694617765e-05,-0.514935171499843,0.0001936097704011,0.701780990963695,True,True,True,-1.23911629306894,1.77611135403209e-07,-0.720264456418493,5.08854315061503e-05,0.580803962051043,True,True,True,-0.730342909122974,0.0003470377101209,-0.713068751798304,0.000494708255341,0.975012874129614,True,True,True,-0.553770765586976,0.0017893370930111,-0.447924649335307,0.0098033376541992,0.807404926720282,True,True,True,4,4,0.754592958841988,4_of_4
PRMT5,-0.508337075272485,0.0005853505061034,-0.50687840885045,0.0005626478500987,0.995172810813508,True,True,True,-1.00284990244471,1.0587847723748e-05,-0.564050972228967,0.0031942287445677,0.561887759171281,True,True,True,-0.514685830392842,0.0064320935791588,-0.46818326980871,0.0120956305620558,0.907884689117897,True,True,True,-0.593206126315931,1.45281242692176e-05,-0.355929816052341,0.0019878825729967,0.59900058294434,True,True,True,4,4,0.753442636031118,4_of_4
MDFI,-1.76784560139138,0.0010648440756399,-1.51532004008414,0.0024560363890949,0.856671740536418,True,True,True,-0.677348103979373,0.0005391181309405,-0.437926779425162,0.0184140056484689,0.645578246413848,True,True,True,-1.85672057316512,0.0002067911923748,-1.71634495666033,0.0004243178043454,0.923898341576786,True,True,True,-1.45200752009366,1.07110886871222e-05,-0.870663387047361,0.0009699356832525,0.59921464617832,True,True,True,4,4,0.751124993475133,4_of_4
FOSL1,-3.07435490721897,3.57940685701156e-05,-2.70773438270872,7.02505845931709e-05,0.880462406583607,True,True,True,-3.35434458492083,1.97145510133516e-05,-2.07463682887462,0.0010285739397222,0.618308127933624,True,True,True,-1.64113336351567,0.000262108481896,-1.45205241095553,0.0007385348611106,0.884247554563295,True,True,True,-2.64922268271051,3.76719974049794e-05,-1.44202773112643,0.0017432006259314,0.544115685272001,True,True,True,4,4,0.749385267258615,4_of_4
CLDN4,-1.49865393855267,0.0033777308183832,-1.03501711104087,0.0259364166588616,0.690170634993147,True,True,True,1.585078577802,2.39786079454761e-07,0.832516321194032,0.0002225423858321,0.524889707764504,True,True,True,-0.635413175979153,0.0102815790567963,-0.513486616202026,0.0325328853478067,0.806844728524047,True,True,True,-0.714382657750972,0.0001556678583151,-0.593220991612077,0.0011540687718748,0.829235913374042,True,True,True,4,4,0.748507681758597,4_of_4
KARS1,-0.682992693229266,3.47773402628695e-05,-0.694761036609832,2.63109921601164e-05,1.01574336025393,True,True,True,-0.973652167335576,2.99943142484375e-07,-0.53235378783365,0.000187361902142,0.546198742151218,True,True,True,-0.55414630929576,9.4199459373743e-05,-0.491370220390398,0.000284172762706,0.885118413222874,True,True,True,-0.63434398421539,2.44773341092067e-05,-0.386194048742955,0.0026891017545376,0.607850327283543,True,True,True,4,4,0.746484370253208,4_of_4
NUAK1,0.98471975150716,0.0005232091944199,0.638929168282133,0.012694917389244,0.648185417107868,True,True,True,-0.845346412130112,0.0028342686998214,-0.815824636664635,0.0077666302797949,0.963937017953844,True,True,True,1.67626538982276,0.0001384250452675,1.29857971378696,0.0013789485418399,0.774224354515646,True,True,True,2.15611979750046,3.46128799158581e-05,1.54845578805644,0.0013286786349233,0.717834860099424,True,True,True,4,4,0.746029607307535,4_of_4
ERMAP,0.898883725719985,0.0027438939175089,1.05970818061466,0.0007493359265465,1.17760567318495,True,True,True,1.87999201306762,3.1387569593685e-07,1.16188359082264,0.000122036004591,0.617697248446993,True,True,True,1.1428812472667,0.0004230449360228,0.947421349371045,0.0022412976567663,0.828251491695405,True,True,True,0.8107562023631,0.0001957677068739,0.535493122600005,0.008306402344726,0.659672351182699,True,True,True,4,4,0.743961921439052,4_of_4
GEMIN6,-0.633552683581683,0.0001730712873613,-0.77281602140661,3.95613385623472e-05,1.21789103001584,True,True,True,-1.53869914426161,8.57001494919396e-07,-0.894416473857631,0.0002150460549253,0.580903403883207,True,True,True,-0.597141265457209,0.0054060921994686,-0.388932884775243,0.0495132157037153,0.650235834302369,True,True,True,-0.556610489503003,0.0114802747101404,-0.466197771168249,0.034108307727622,0.836063488661718,True,True,True,4,4,0.743149661482043,4_of_4
NOC4L,-0.878232699453791,1.31233195273809e-05,-0.689394590349376,7.68685830536074e-05,0.784086614132585,True,True,True,-1.1043652111733,1.06279789900285e-05,-0.638103746488993,0.0023225132662167,0.577278658708349,True,True,True,-0.515382351173936,0.0089542078712012,-0.557428996172157,0.0065961483528886,1.07948886112181,True,True,True,-0.745656756766969,0.0003343678676552,-0.522891797396563,0.0056787335492078,0.700310809026479,True,True,True,4,4,0.742198711579532,4_of_4
NCR3LG1,0.855739169378888,0.0099406175500722,0.634680520689695,0.0485835683565171,0.740809505826401,True,True,True,-1.14809550884826,0.0001863177778928,-0.631546644433981,0.0173744637610675,0.549603265847746,True,True,True,1.80204540233325,9.91425024998072e-06,1.68687408240875,2.50093775334164e-05,0.935569387340903,True,True,True,1.94977243778093,0.0024715706089769,1.44008647127217,0.0260919955029468,0.738213460156489,True,True,True,4,4,0.739511482991445,4_of_4
PDSS1,-1.10662007512605,0.0003518676859952,-0.97553655669993,0.0008297746055271,0.88075015847732,True,True,True,-2.30334377122924,4.90852727356429e-06,-1.34476887200397,0.000513046285492,0.583579971354105,True,True,True,-0.985064057598732,0.0026531439035932,-0.851687449667979,0.007075053721728,0.86372426122296,True,True,True,-1.45914408647816,0.0002825158426301,-0.898106954078295,0.0073077236384012,0.615081047408487,True,True,True,4,4,0.739402654315723,4_of_4
ZNF608,0.870167763949078,2.74568065795113e-06,0.9801621076649,1.09355409825694e-06,1.1251129211,True,True,True,3.49899689356937,2.57953899401473e-05,2.378115302533,0.0028742324445653,0.679462118067125,True,True,True,1.05521471384827,6.78352563939786e-06,0.803052325940498,8.99382414068015e-05,0.7603116254787,True,True,True,1.00093827830231,0.0001358737184843,0.717916456715415,0.0034759030318302,0.716527626763454,True,True,True,4,4,0.738419626121077,4_of_4
DDX39A,-0.733528260192459,0.0002166553381551,-0.713880302930947,0.0002537367911474,0.971889499178559,True,True,True,-1.25135259935515,2.31285684000138e-06,-0.62759448675145,0.0021924173678172,0.501132418357741,True,True,True,-1.15905913185355,3.66802329001268e-05,-1.08316289210335,7.808509429029e-05,0.933713517148618,True,True,True,-1.28105680953173,6.42466995598653e-08,-0.695937982122103,3.22758934827092e-05,0.542829285682195,True,True,True,4,4,0.738271401415407,4_of_4
DRAM1,0.792618918012845,6.37021493357555e-05,0.463118612852846,0.0047019330941615,0.583552889606583,True,True,True,1.37159173025017,6.75974714753876e-06,0.937233709667129,0.0008645672305768,0.682820454918746,True,True,True,1.85705698634778,0.0003546987235757,1.45359477394788,0.0027941499167557,0.782319802152615,True,True,True,1.33894261579512,8.00878049030029e-07,1.32681720551902,1.53945085560752e-06,0.990204498221507,True,True,True,4,4,0.73257012853568,4_of_4
MRPL19,-0.664966639432913,0.0002124396521034,-0.703503711850233,0.0001335859890051,1.05636479396218,True,True,True,-1.73797589572008,1.40295060331357e-07,-0.924456657293342,5.07839559552479e-05,0.531609816771233,True,True,True,-0.957194894059185,4.07511458793363e-05,-0.776176947781204,0.0002398186054007,0.810040788772208,True,True,True,-0.600434119969865,2.44773341092067e-05,-0.393718192219291,0.001440675784562,0.654632284977477,True,True,True,4,4,0.732336536874842,4_of_4
RALB,-1.59089242048726,2.87911211259475e-05,-1.63747743360696,2.18873841820782e-05,1.02863573727284,True,True,True,-1.427771903212,1.29331714668351e-07,-0.929030925469677,1.32015977100068e-05,0.650230399534829,True,True,True,-1.24259630837129,8.00524695882617e-07,-1.01078819275811,6.07412554378867e-06,0.812794462281668,True,True,True,-1.0497318733546,5.12020017914368e-06,-0.601774684080601,0.0012491307668907,0.572719548479439,True,True,True,4,4,0.731512430908248,4_of_4
ARSD,0.735037901424115,0.000600762766332,0.944583944757328,7.12860112522505e-05,1.28333601154195,True,True,True,1.46817688614895,0.0001412275831715,0.807529299708477,0.0273538196266028,0.549647430014501,True,True,True,0.792185794986026,0.0009086877090621,0.528270672545512,0.0148337052175931,0.666011262285426,True,True,True,0.546263661770982,0.0001126564930599,0.43543232619833,0.0012616248950277,0.795653643052495,True,True,True,4,4,0.73083245266896,4_of_4
EMP1,-0.764311687859936,0.0146399518691525,-0.588862605829241,0.0471395367668901,0.769441542799242,True,True,True,-0.608049805523128,7.33309653246323e-05,-0.969699943246344,1.02859293117959e-05,1.59215212689124,True,True,True,-2.17366319176251,6.36748636401023e-07,-1.49084522541769,1.01356461318308e-05,0.685552241406816,True,True,True,-1.16890030562569,2.44852412582192e-05,-0.616846093912571,0.0068459021627002,0.527263811237888,True,True,True,4,4,0.727496892103029,4_of_4
TBC1D9,1.47548000132526,1.35710408845209e-05,1.52532830269809,8.95467455160268e-06,1.03308429598029,True,True,True,2.32924468605261,6.37008653545712e-07,1.27587620357075,0.0006174261440152,0.547528854462087,True,True,True,1.39475425141897,0.0001428328786252,1.26081666062078,0.0003798591651998,0.903322815845979,True,True,True,1.54357239407325,6.08891784496093e-06,0.794661858059647,0.0048072089816391,0.514486637925733,True,True,True,4,4,0.725425835154033,4_of_4
HSPB8,1.01138101812727,0.0002765448443054,0.6622596607948,0.0067059231148913,0.654160487935527,True,True,True,2.73169306453787,9.04386942870213e-06,1.70043761278979,0.0024651655425143,0.62225708216424,True,True,True,2.039841552188,1.10283097912361e-05,1.60538489781033,0.0001130481911059,0.786628876744099,True,True,True,1.73818482822517,6.17066784255007e-08,1.49443538523909,5.11331109498449e-07,0.859273471678197,True,True,True,4,4,0.720394682339813,4_of_4
C1orf198,1.50384531306945,9.39041505043515e-07,1.57739658556075,7.5870035465009e-07,1.04821178087954,True,True,True,1.86329731245538,6.19729373078001e-07,1.1725770143675,0.0001789740370562,0.628964600513827,True,True,True,0.750442886679108,0.0002984164031032,0.607880129241628,0.0018068875164782,0.808950540377148,True,True,True,1.24001350430103,3.02001766882464e-06,0.662981634890597,0.0016832209235115,0.534225963370161,True,True,True,4,4,0.718957570445487,4_of_4
RPF2,-0.685234976487379,0.0001919495535562,-0.636279828164918,0.0003309578857753,0.927204018981711,True,True,True,-1.56840005150886,3.01974601538043e-07,-0.860992710161585,0.0001108954675743,0.548612642986602,True,True,True,-0.64071406801661,0.0015413672206116,-0.454963155119859,0.0139601901963566,0.70898111447992,True,True,True,-1.01888799042403,1.20654755044469e-06,-0.740443670460249,3.54365550213091e-05,0.726004892118007,True,True,True,4,4,0.717493003298963,4_of_4
SDHAF3,-0.861356868445365,3.93375712073665e-05,-0.827986539893772,5.27842160363165e-05,0.960143729575025,True,True,True,-1.83820998590532,3.08435296646157e-06,-0.992633319719429,0.0007814814243711,0.539706356167277,True,True,True,-1.74838806447673,1.0518313941265e-05,-1.29734527367369,8.63178036096503e-05,0.741599476992972,True,True,True,-1.24448326038952,6.18798467953818e-06,-0.862910056520575,0.0001902420352479,0.692831516860936,True,True,True,4,4,0.717215496926954,4_of_4
MLKL,-1.21699686404901,8.00125772717107e-06,-1.36730173555651,4.08770493271423e-06,1.12258231192087,True,True,True,-2.562543049381,2.22703985921481e-07,-1.73090141341777,1.1358364549258e-05,0.675198886882636,True,True,True,-1.08245737798643,0.0003664989051363,-0.810638569476113,0.0027669793458764,0.748196085925095,True,True,True,-1.48724511014764,2.82633745679516e-06,-1.0165857886916,0.0001020935271934,0.683076854585298,True,True,True,4,4,0.715636470255196,4_of_4
ABHD4,1.49964160046959,2.33036980461727e-05,1.22452054322231,0.0001115728718596,0.815997999015305,True,True,True,2.27994316716233,2.49522742489266e-07,1.35985472086099,9.52043175242773e-05,0.596180887116427,True,True,True,1.55577268956331,4.35105428576525e-06,1.31031596941285,2.30201066430018e-05,0.841687407671833,True,True,True,1.92395664905148,4.3577864105961404e-09,1.18037759802114,8.95409648836778e-07,0.613196976982713,True,True,True,4,4,0.714597487999009,4_of_4
SMAGP,-2.89687128006205,1.02631160377056e-05,-3.2066051229639,7.49066125799533e-06,1.10653814923596,True,True,True,-1.25870302739974,6.96697596500649e-07,-0.689239962610678,0.0003339234027166,0.547144801289711,True,True,True,-1.18677737620667,2.4170005279065e-05,-1.02462897721043,9.06868277525031e-05,0.862643958148726,True,True,True,-1.81710513557436,1.67246527004906e-05,-1.02951480285081,0.0010816264886276,0.566257023703734,True,True,True,4,4,0.71445049092623,4_of_4
GPNMB,1.38705774677818,0.0117019131740489,1.15272256123993,0.0298195309200083,0.830457208221714,True,True,True,5.30173655938082,6.80043289649866e-07,3.16555957580995,0.0003192564075893,0.59696715844009,True,True,True,4.95078970200367,1.93907045672068e-07,5.14273487107732,2.25588439921818e-07,1.0385608397296,True,True,True,3.89880105517698,9.21246198680232e-06,2.29349032964592,0.0016103333029689,0.588104443584709,True,True,True,4,4,0.713712183330902,4_of_4
PNPT1,-0.841515680994146,4.5418920614746e-05,-0.706756398721771,0.0001672525839209,0.838864385156389,True,True,True,-1.87253593933085,7.70937962642904e-08,-0.964242034134178,2.34944967354936e-05,0.514664284731344,True,True,True,-0.552908108201233,0.0063763948635341,-0.404777288339029,0.035189384417065,0.730766136739733,True,True,True,-0.637444809108576,0.0001158417005404,-0.443264980677451,0.0030032562608116,0.694288643831808,True,True,True,4,4,0.712527390285771,4_of_4
PUS1,-0.585547075395358,0.0013368590755137,-0.567295767591838,0.0016677909986189,0.967178580183792,True,True,True,-1.56674893083339,1.20508883208056e-06,-0.960157767418653,0.0002395723191187,0.612443579794533,True,True,True,-0.603807618812582,0.0058674997711345,-0.411883998690259,0.0439589684267947,0.681016551178555,True,True,True,-0.698138722660924,0.0021859762473097,-0.51414559197034,0.0173216958116513,0.735398534375982,True,True,True,4,4,0.708207542777268,4_of_4
DUSP4,-1.74234112849824,0.0001043676548335,-1.40422056596538,0.0004038905526054,0.805476646544221,True,True,True,-2.39996788826212,9.40934116976817e-05,-1.47122626616555,0.0066916471544158,0.612763824688409,True,True,True,1.37508127680995,0.0002314372288677,1.01791653831808,0.0029300790430109,0.739721232657004,True,True,True,-1.57365788624056,7.8034108751249e-06,-1.05585932294937,0.0003797572611559,0.670532521492778,True,True,True,4,4,0.705126877074891,4_of_4
FGFR1OP,-0.671565160287468,0.0003749430994207,-0.56740312222994,0.0012502354352758,0.843640372313399,True,True,True,-0.686989766544493,0.0003370556524263,-0.368947868002162,0.032327650147767,0.536269412632756,True,True,True,-0.65482785945638,0.0047744027455085,-0.725029803410635,0.0032303685017379,1.10551845725434,True,True,True,-0.924935995317289,0.0002489534775453,-0.520288295904701,0.0151093923925095,0.561905248889708,True,True,True,4,4,0.702772810601553,4_of_4
BTN3A1,0.860593568621888,0.0003076886162953,1.08593345728779,4.01556072248932e-05,1.26037785893032,True,True,True,2.04117055685888,2.835757625162e-05,1.13971330363655,0.0102703579068958,0.558089185944182,True,True,True,0.593894275371769,0.0060646075255472,0.452758780926339,0.0315760233908056,0.761074361731578,True,True,True,1.24293432901035,7.8112210544747e-06,0.79241404414288,0.0009898645891083,0.637022409995959,True,True,True,4,4,0.699048385863769,4_of_4
EEF2KMT,-1.15149226951111,6.32453746499297e-06,-0.96020140751125,2.10809056331221e-05,0.833152145930289,True,True,True,-1.64912598981935,9.8481994542271e-07,-0.914937150967229,0.0002992354442254,0.554465026677989,True,True,True,-0.506438116044295,0.0297312311570836,-0.463828093109348,0.0479725393426052,0.914058440712128,True,True,True,-1.29473209809172,2.03738861807961e-06,-0.715894888542265,0.0004624874734025,0.552502241471516,True,True,True,4,4,0.693808586304139,4_of_4
YPEL5,1.93875056150043,1.3155615085847e-06,1.96096919030727,1.2249441100073e-06,1.01093884400808,True,True,True,2.52693794998055,4.61501426185249e-06,1.47065001761871,0.0020393559593603,0.581758748322927,True,True,True,0.99855605476833,0.0004663135259216,0.800704039396609,0.0027971473110491,0.80105966601562,True,True,True,0.860943796711922,3.49153980377515e-06,0.44228499466743,0.0026572980705768,0.513125097430511,True,True,True,4,4,0.691409207169273,4_of_4
HPDL,-1.87681306482764,5.65365187748712e-06,-1.99253176240218,4.23202847273519e-06,1.06109164949551,True,True,True,-1.70068692708122,6.75974714753876e-06,-1.08729304294837,0.0006486324102841,0.638950106300296,True,True,True,-0.903605581393886,0.0084048484964941,-0.660787636288179,0.0392944571504485,0.730470439138775,True,True,True,-3.10360797113418,0.0004721568515242,-1.81850609718009,0.0069256507196645,0.585744195108715,True,True,True,4,4,0.684710272719536,4_of_4
ADORA2B,-1.11535932622274,9.98611470084559e-05,-0.965750627393993,0.0002847349065516,0.865089406886276,True,True,True,-2.78083858977143,7.66286732156189e-07,-1.67790560829872,6.60051332883852e-05,0.603164257792752,True,True,True,-0.883192832714525,0.0004113573898241,-0.665103329318669,0.0032140346680362,0.752215246166113,True,True,True,-3.46628231300265,2.48374673625397e-08,-2.12972761126632,2.11505534041693e-07,0.614235421003831,True,True,True,4,4,0.683225333584972,4_of_4
RRAGC,0.568016358916468,9.68100644025181e-05,0.38158526219912,0.0023201500348826,0.670605082296302,True,True,True,0.791795488184479,8.33709911429264e-05,0.436360582915607,0.018065475200797,0.550407500318756,True,True,True,0.741453988088991,0.000106738087309,0.575369305666609,0.0010025197762219,0.774956178964783,True,True,True,0.795433306691923,4.00860416324232e-05,0.53241119602952,0.0023549518855304,0.66849438811261,True,True,True,4,4,0.669549735204456,4_of_4
BOLA2,-0.546099346574501,0.0006752342639203,-0.615420174946653,0.0002959742908254,1.12487828545203,True,True,True,-0.963593219632275,8.0473505349859e-06,-0.600372088616861,0.0012034181769315,0.622409608939338,True,True,True,-0.736280602103065,0.000889520993197,-0.523964242668203,0.008664008648485,0.71067140675289,True,True,True,-1.12423316567868,2.44773341092067e-05,-0.638365431599154,0.0026697167271891,0.567318357714889,True,True,True,4,4,0.666540507846114,4_of_4
MAP1LC3B,0.605792805523168,6.17075897894024e-05,0.415629946873241,0.0011398624945852,0.68496188994016,True,True,True,0.97161742549616,1.4402687998754e-05,0.54673588325246,0.0052803869497212,0.562128406216406,True,True,True,0.874066110573417,0.0031060338678322,0.582216147389835,0.0346324444620415,0.665339613036,True,True,True,0.883478113921933,1.75838801606576e-05,0.589522970267514,0.0011574088153105,0.666520698464165,True,True,True,4,4,0.665930155750083,4_of_4
WNT7B,-1.64988493136528,1.44939869155659e-05,-0.983261181942838,0.0004962761131389,0.595596436348645,True,True,True,0.975350335149069,1.78503258284536e-07,0.688377286942726,1.46317994359403e-05,0.705051519071405,True,True,True,-0.73344477878715,0.001335784166091,-0.460159804875981,0.0235332926746493,0.626541052733578,True,True,True,0.698658706739804,2.45884826574225e-05,0.587719190850013,0.000206884512687,0.84000840007924,True,True,True,4,4,0.665796285902492,4_of_4
TELO2,-0.719583297651235,0.0002475863697725,-0.539349092827043,0.0019937745471467,0.748489584181411,True,True,True,-0.8814389569834,8.69349193546743e-06,-0.459064973169456,0.0044420160528176,0.520222922544989,True,True,True,-0.625075336648898,0.0018541952767191,-0.668980438469559,0.0013672307186667,1.06853025396323,True,True,True,-1.01049345200978,1.43239924137193e-05,-0.557050077980235,0.0029690103518611,0.5507203994978,True,True,True,4,4,0.649604991839606,4_of_4
CCPG1,1.01720802795933,9.00943038580897e-05,0.62879354732532,0.0037192116885435,0.617549194328721,True,True,True,1.04230715807956,0.0003208117353555,0.597423929844441,0.0315124548050305,0.572625161456894,True,True,True,1.06219709105135,9.51221590576876e-05,1.12881577795554,7.24227743251877e-05,1.06171827166993,True,True,True,1.41852365218326,1.14559180185074e-06,0.967541211888257,8.80743385083586e-05,0.68159569613381,True,True,True,4,4,0.649572445231265,4_of_4
GPRC5A,1.92123881839358,1.69506957607508e-05,1.84828775031237,1.9580057592002e-05,0.961528678240401,True,True,True,1.35076910793909,2.05545749220312e-06,0.815558168238471,0.0006823041040437,0.603326532207762,True,True,True,0.974772706587263,0.0033259559254425,0.63496488887605,0.03751134492143,0.650730323352476,True,True,True,1.46008270740946,3.36086669169946e-07,0.80545917098989,0.0001948752508291,0.551275548540295,True,True,True,4,4,0.627028427780119,4_of_4
HMGA1,-1.33942608852734,3.57419640228583e-05,-1.47729325687621,1.38486708625427e-05,1.10210721017765,True,True,True,-2.95447888286201,2.2305628901794e-07,-1.75950725668458,6.04507606761221e-05,0.595337448319278,True,True,True,-1.95720955564921,6.62770744901926e-06,-1.18569462263033,0.0004257057743257,0.605499354862066,True,True,True,-3.49323671016229,2.31804517530288e-07,-2.13617511892853,2.64571075334651e-05,0.611342417849338,True,True,True,4,4,0.608420886355702,4_of_4
ACTN1,0.702386785658268,0.0024199570132449,0.85764412094786,0.0005248273301706,1.21930655854621,True,True,True,0.123968254057262,0.163508440127025,0.312555893062767,0.0048191947784449,2.50108233823568,True,False,False,1.05288962186366,0.0008583577513439,0.73427582712065,0.0101710056948481,0.696729346117085,True,True,True,0.726572851658121,5.51210130116445e-05,1.30460167965875,2.47219012698381e-07,1.79308735432554,True,True,True,3,3,1.50619695643588,3_of_4
CILP2,0.239598481986732,0.125840304279266,0.462791574798638,0.0062103345626052,1.92350164048067,True,False,False,1.21834623767833,0.0019852181741526,1.35971139893267,0.0021492240770458,1.11511509767857,True,True,True,1.93433765478897,8.55936548359093e-05,1.87394776364722,0.0001467914683392,0.968279493250265,True,True,True,1.2590285052592,0.0008725770786714,2.20461938677731,3.79816941414463e-06,1.74965834310534,True,True,True,3,3,1.43238672039196,3_of_4
DHX58,0.0721697213237436,0.816697653725938,0.195978991413317,0.501117500720299,2.67841653443228,True,False,False,2.69388936545357,1.10096217515338e-05,1.60293138737543,0.0042204156293439,0.594804153344397,True,True,True,0.95542574900571,0.0147923374570066,1.41073882883803,0.0010355024145989,1.47501134333179,True,True,True,0.738161837329517,0.0050425156029503,1.01580473862614,0.0005296200899016,1.37426567136649,True,True,True,3,3,1.42463850734914,3_of_4
C6orf223,-0.326985677107545,0.611386672681257,-0.597714302390725,0.357147178384606,1.82237928089383,True,False,False,-0.914516403933763,0.0471476261679405,-1.51738224714053,0.0119483575979234,1.65740585381178,True,True,True,-1.68977722538045,0.0280499349590771,-1.96386558278964,0.0197058742757052,1.16151646314478,True,True,True,-2.96296235085075,4.7793571107488306e-09,-3.22689173424872,4.1880529319013e-09,1.08870874602118,True,True,True,3,3,1.40946115847828,3_of_4
TMEM265,0.0541956381312403,0.983005348327692,0.121430339320273,0.957895781914935,2.19999883018916,True,False,False,4.95572472515897,6.12156884856621e-06,3.97650122783624,0.0002271940685297,0.802243708966248,True,True,True,-1.66927094404674,0.0342549902893301,-3.06543581829861,0.0079352010825767,1.83529254892722,True,True,True,-1.30928446269588,0.0002607423469023,-1.2361637728858,0.0005824232037509,0.943431604418495,True,True,True,3,3,1.38936207667286,3_of_4
DEPP1,1.79550439192051,0.0009963208835052,1.90477646669696,0.0005977168241185,1.06026819375638,True,True,True,3.30262228841203,4.35821894318943e-05,1.96218889842044,0.0088288356034118,0.593950738649247,True,True,True,0.750698622736708,0.023536934752875,1.28854127485881,0.0006156519849856,1.7141727227963,True,True,True,0.0100794453712862,0.974242386067538,0.556296979032088,0.0401584016634818,50.2098219170612,True,False,False,3,3,1.38722045827634,3_of_4
SFTA3,0.847310105073277,0.0191708945189334,1.17916222449162,0.0020624196069588,1.39001317730356,True,True,True,,,,,,,,,0.925735582654549,0.0079334060855385,0.915817377025844,0.0098137127393795,0.988218639887085,True,True,True,-1.38090219872636,3.84713464486087e-07,-1.90489446784423,5.07991206806846e-08,1.37845823648004,True,True,True,3,3,1.37845823648004,3_of_4
FOXQ1,-3.16951203161491,0.0010899198484541,-4.36177583675438,0.0004335905350747,1.37573230861789,True,True,True,-1.24204650566988,2.1518771184681e-05,-1.69948821830127,1.77068587583735e-05,1.36719600638386,True,True,True,2.65383930856084,0.0223330690538206,2.74615212447782,0.0201768154358378,1.03439485607379,True,True,True,-0.36524722104728,0.0161925142802372,-0.676081410290444,0.0003462578843065,1.84597007550582,True,False,False,3,3,1.37146415750088,3_of_4
WWC1,-0.786474167449411,0.0002091610243341,-1.02756834435956,2.41739199439673e-05,1.30489149591764,True,True,True,1.40977340964965,9.3124059604444e-08,1.10185361586961,3.20263533245958e-06,0.781028057612202,True,True,True,-0.739132989073702,0.0038408235679478,-1.05792434110095,0.000351948050895,1.42937060868611,True,True,True,0.106042920598688,0.563262740039337,0.273413776561148,0.137038376535214,2.55424436321386,True,False,False,3,3,1.36713105230187,3_of_4
CFB,1.57498644884599,0.0003043278669014,1.93341256294603,5.21558288906934e-05,1.22679516969309,True,True,True,4.04409535639349,2.25616134093354e-05,2.52806786176148,0.0040875956944566,0.624971141351645,True,True,True,0.757834046089831,0.326766265437317,1.42114277290735,0.0660197762560464,1.87279785379993,True,False,False,1.20188414466148,0.0008363064282439,1.79839297503148,2.55619336322971e-05,1.49506748676747,True,True,True,3,3,1.36093132823028,3_of_4
SLC9A5,0.849724031557805,0.0013223376418558,1.3209351493179,2.80352982032228e-05,1.55271874346733,True,True,True,-0.569846276821675,0.0281760340368362,-0.585167869030006,0.0418928376509329,1.02508835178548,True,True,True,1.10512259577802,0.0017207815521941,1.36917775685162,0.0003459593628776,1.23781736498075,True,True,True,-0.368913067645357,0.092362676041571,-0.529990716548352,0.0266045540566864,1.4327439685274,True,False,False,3,3,1.33528066675408,3_of_4
DDO,2.23294755925003,4.26822026338905e-05,2.54413048164088,1.17876720634882e-05,1.13884968834944,True,True,True,,,,,,,,,1.82545233068622,0.016690721398049,2.46868537145024,0.0022356194412855,1.35162869020662,True,True,True,1.92029632826721,0.0123513239258077,2.56028280491758,0.0017885499892965,1.3325809076139,True,True,True,3,3,1.3325809076139,3_of_4
UBA6,-0.881184668840659,0.0003899738782808,-1.10294595910115,6.04091139718112e-05,1.25024385262851,True,True,True,-0.848365002686129,4.64427959625722e-07,-0.520387405707298,0.0001237306886128,0.612678182008401,True,True,True,-0.608073422673762,0.0008063924578763,-0.869699119721332,7.07854668526813e-05,1.42790522020063,True,True,True,0.316902206915364,0.0884516092415529,0.448429771748278,0.0236166482221448,1.41059030731317,True,False,False,3,3,1.33041707997084,3_of_4
SEMA3E,0.850536152923031,0.111484230288977,1.18572510374611,0.0273485979230385,1.39245421310173,True,False,False,3.00577100569135,1.28148924866345e-06,2.35661940588275,8.10415453343452e-05,0.783770829711353,True,True,True,0.611300832469954,0.0305197674895102,0.816525443418771,0.0064803249931495,1.33353639276464,True,True,True,2.49286724882992,0.0129634364005188,3.29940702919393,0.0020438761377582,1.32300828391806,True,True,True,3,3,1.32827233834135,3_of_4
SMIM3,-1.20587020328765,0.0002776113784209,-1.59653637368377,4.94693505984674e-05,1.32287330429952,True,True,True,0.0374663687609758,0.846339626866087,0.136382498626146,0.512564385830812,3.54549969282534,True,False,False,1.36538069078535,0.0015392797956056,1.37253731487111,0.0017368427684839,1.00450578973143,True,True,True,1.16767382095935,0.0031488280021788,1.55253340167913,0.0003740988841581,1.32845741372445,True,True,True,3,3,1.32566535901198,3_of_4
FHOD1,0.739978069371706,0.005452454779391,1.23827492851191,0.0001162976503254,1.67113573221118,True,True,True,-0.888501387334306,1.29542490099771e-05,-0.558390068902987,0.001838563117981,0.62775626531218,True,True,True,0.066775081907922,0.666531944201347,0.458282180550878,0.0042487308776369,6.76180932062158,True,False,False,-0.998902209885957,2.27468545792365e-06,-0.958237401222123,5.86946530174444e-06,0.9583311165313,True,True,True,3,3,1.31473342437124,3_of_4
VAMP1,0.0607756944367095,0.844743654923631,0.0830642328442157,0.784562133182376,1.34461026462951,True,False,False,1.67653382680736,3.55749270366644e-06,1.42915768558116,9.42885662823277e-05,0.851939712179215,True,True,True,0.964963462233229,0.0309267479391213,1.21576279127418,0.0091249798078527,1.25860121920495,True,True,True,0.763045958937019,0.0182117364666709,1.1020000409174,0.0017912808217992,1.44232166668424,True,True,True,3,3,1.30160574191723,3_of_4
MDH1B,1.18891140416795,0.0033962070978305,1.56686293678956,0.0003519402116568,1.31678957887221,True,True,True,0.61842818610669,0.0490475710596465,0.857039490968971,0.0159562234045769,1.38359782488386,True,True,True,-0.663719164517556,0.220300113832278,0.331927178596394,0.501515270676715,0.499349494214301,False,False,False,1.59920296323217,0.0091740948362512,2.05022949448171,0.0017769135290492,1.28123090732225,True,True,True,3,3,1.29901024309723,3_of_4
CST6,-0.390281610473958,0.151046336230571,-0.981302502300255,0.0032694148143071,2.50791878798395,True,False,False,1.00478913153331,0.0002086876856977,0.587161172229416,0.0213906140216999,0.583781583853763,True,True,True,-1.46569436570661,0.0151754739004329,-2.11042026314398,0.0038695982966958,1.43889573212292,True,True,True,1.3015592162333,1.61233628261613e-07,1.49796254694732,5.47794143998084e-08,1.1500149308214,True,True,True,3,3,1.29445533147216,3_of_4
ASIC1,0.720607107606452,0.0152311362787954,1.01995395635189,0.0013877362163582,1.41344776901525,True,True,True,0.537561178796499,0.0132515369664711,0.663249684195569,0.0072030834105667,1.23152152495972,True,True,True,1.5173349934664,0.0058674997711345,1.97422384497175,0.0009076569451461,1.30025577587759,True,True,True,-0.943195365521765,0.08366347390729,-1.12425555884214,0.0559090730347547,1.19070226342498,True,False,False,3,3,1.26588865041865,3_of_4
AC068580.4,0.889273422353128,0.0171978816271557,1.29182347747569,0.0012619052635632,1.45104127006421,True,True,True,3.18518228955099,3.77569870169675e-05,1.99001287819724,0.0069173848834387,0.624575965010992,True,True,True,0.934727936470271,0.0678255854807506,1.18919447470511,0.0231423794224349,1.27087631816461,True,False,False,1.40008809982676,3.57808106436238e-05,1.76311967286238,4.93427505869515e-06,1.25839315392114,True,True,True,3,3,1.26463473604288,3_of_4
TRABD2B,1.13376127240021,0.0154667588612578,1.43248918477858,0.0031281689042731,1.26237052640035,True,True,True,,,,,,,,,2.28877894928383,0.0003324297421909,2.34665764843065,0.0003236739566076,1.02484025768715,True,True,True,1.31970385392992,0.0227072245244828,2.35036326825535,0.000348821547044,1.77962929483514,True,True,True,3,3,1.26237052640035,3_of_4
TCEA3,0.116149441292162,0.600687271058519,0.305159998819349,0.148766158425874,2.60487796999648,True,False,False,2.07636411048076,3.15911863640336e-05,1.43556027343761,0.0029293744568214,0.691048943319513,True,True,True,2.17737590173712,0.0008755130451595,2.43776905323107,0.0003897499507584,1.11907639599167,True,True,True,-0.755539117761084,0.0006006546614553,-1.06032815087858,7.14115954697829e-05,1.40155099185953,True,True,True,3,3,1.2603136939256,3_of_4
TLE2,0.244456423953685,0.468388011937641,0.63574778486603,0.052297720557966,2.59006374584023,True,False,False,2.1602880896647,3.54087868218083e-08,1.86777692005223,2.80698707243385e-07,0.86419618420328,True,True,True,2.65755923593202,0.0012974031764799,2.16081386772486,0.0069631651420007,0.812776273148315,True,True,True,-0.742227058489271,0.0012617487449326,-1.22815166404407,3.42939038547657e-05,1.65245822257936,True,True,True,3,3,1.25832720339132,3_of_4
CCDC88C,-1.36278484315293,0.000218281475657,-1.45203716514983,0.0001527829152065,1.06471132337332,True,True,True,-1.44407271304385,1.55592273257068e-06,-0.861488349805467,0.0003534365947183,0.596155710386959,True,True,True,-0.292188020555646,0.128687354954737,-0.547131890571968,0.0107702273511808,1.86614681437206,True,False,False,-1.07584168976042,3.41040020485852e-06,-1.56129526512549,2.3722852898419e-07,1.44988374797493,True,True,True,3,3,1.25729753567412,3_of_4
IL1RAPL2,1.30926117778717,0.032929694002963,1.73373105014034,0.005814373881313,1.32319500839393,True,True,True,-1.45141734178366,0.0008442761161171,-1.88712801864087,0.0007072787428368,1.29930149162455,True,True,True,1.60133145129873,0.372933649369335,-0.025623885201389,0.991367252940889,0.0159916259402012,False,False,False,2.36119698321967,0.0095887415601789,2.82084990615284,0.0031988053363945,1.19416370700297,True,True,True,3,3,1.24673259931376,3_of_4
CLTRN,0.075667712575973,0.908133692246126,0.322051260541101,0.588828173193257,4.20061130977356,True,False,False,3.17754662997768,0.0001256184872883,2.21743233191493,0.0071855955806565,0.697624603333411,True,True,True,-0.906207315901594,0.0039086342951303,-0.869627590753814,0.0060733677165483,0.958576474760422,True,True,True,1.00371908753627,0.0115543632147221,1.53897761423553,0.000517969666592,1.5317491558853,True,True,True,3,3,1.24516281532286,3_of_4
PRR5L,2.08924268290311,6.17474382343274e-06,2.146650893875,4.60473356061422e-06,1.02698644106413,True,True,True,0.780899960785295,0.0092060043987414,1.13775718451414,0.0014590004755425,1.45511861053356,True,True,True,1.52751612377916,6.0819214458859e-05,1.3644364099954,0.0002050157545823,0.892654247324469,True,True,True,-0.847449547008011,0.0771201264184718,-1.44452072485739,0.0130666575574556,1.70254168907435,True,False,False,3,3,1.24105252579885,3_of_4
NR5A2,-1.23940419100302,0.0214768929437765,-1.57203715164866,0.0075399328022633,1.26735878760412,True,True,True,0.586411292575764,0.0253190734176638,0.705892817126519,0.0163247892921579,1.20170113521519,True,True,True,-0.949647163711731,0.0002231874297523,-0.695175324067521,0.0022305628571598,0.731265342814742,True,True,True,0.159810954085169,0.741804150831233,0.782786367763293,0.0772250876040903,4.86774282396653,True,False,False,3,3,1.23452996140965,3_of_4
P3H3,0.329845641757419,0.0769905693663332,0.468627588934715,0.0153120812975183,1.41645386786845,True,False,False,3.92498022366326,0.0002436335585501,3.3994706127535,0.0024477105914133,0.865890916175201,True,True,True,4.15200492171924,0.0122120913387483,4.36006169580389,0.0097764968285976,1.04985709817048,True,True,True,1.28273785486061,0.0415405390038502,1.95751901174885,0.0035070095087146,1.52485883651176,True,True,True,3,3,1.23315548301946,3_of_4
MARC1,-0.122887575757109,0.783361856726737,-0.242258457843143,0.574400812241829,1.95547016206136,True,False,False,-1.39506838728741,5.53628066113781e-07,-0.866496908277298,9.9859995004843e-05,0.620669385660197,True,True,True,-1.14390934400333,5.49424800934223e-05,-1.58651091855154,1.26255866184037e-05,1.38570876974773,True,True,True,-0.99333592617218,0.0008778762242465,-1.0725148772484,0.0007728688493015,1.07862428483016,True,True,True,3,3,1.23216652728894,3_of_4
PADI2,1.8412169532089,0.0002491263910507,2.74677169255667,6.04463057585675e-06,1.4910142303121,True,True,True,0.611475280966099,0.0002320687034902,0.497424280401223,0.0034298297988825,0.812154050717935,True,True,True,-0.129179641721894,0.857261206535014,0.408538029349699,0.516135837597814,3.13826358673247,False,False,False,-1.51790471448558,5.28581713014403e-06,-1.46553948255803,1.23085681724551e-05,0.964865977820325,True,True,True,3,3,1.22794010406621,3_of_4
MARCHF4,-4.20800192575241,3.03779360836391e-06,-4.65856028477736,2.86169352186103e-06,1.10680877960031,True,True,True,-3.72716527570576,2.81747639075977e-07,-2.11890146710473,1.77013780461724e-05,0.568349660062646,True,True,True,-0.643038259721446,0.0314227924186064,-0.866666661720783,0.0087789812387298,1.34567573997176,True,True,True,0.144919120392619,0.695896172925374,0.743274113137271,0.0357791411829801,5.09374036204009,True,False,False,3,3,1.22624225978603,3_of_4
SLC38A6,-0.555268774023388,0.0003727262783779,-0.726818106714664,5.2562058111867e-05,1.30659519400617,True,True,True,-0.10311057986073,0.608594377033815,-0.208293581419094,0.361711165799024,2.00069562284382,True,False,False,0.869793725475058,0.0331776750423659,0.89482297619107,0.0315760233908056,1.02759465303095,True,True,True,-0.600131296075279,0.0276333498776824,-0.687978070701977,0.0182482661588993,1.14447222294649,True,True,True,3,3,1.22553370847633,3_of_4
CORO2B,-2.0482614462164,0.0317931862041872,-2.95246039985967,0.0088325874147682,1.44074364220869,True,True,True,-2.3304778324751,2.33840137999905e-06,-2.34417947684701,1.99035989857016e-05,1.00544789411891,True,True,True,3.38226486829211,0.002582676480795,3.22664296864286,0.004147553995588,0.953706876125157,True,True,True,0.547230844656359,0.447729393656789,0.928553255538397,0.190850564890038,1.69372676599477,True,False,False,3,3,1.2230957681638,3_of_4
NFU1,-0.804306865525737,0.0003581559545127,-0.938518248545902,0.0001254120173841,1.1654169220738,True,True,True,-0.780531209196864,4.7572919588747e-05,-0.611476214063919,0.0011159695925294,0.782407928011345,True,True,True,-0.195261526292041,0.414723101500168,-0.360096642150423,0.140960930108584,1.83477958698126,True,False,False,-0.568426891013827,0.0008470323199008,-0.724986585893869,0.0001911854272282,1.27318642188302,True,True,True,3,3,1.21930167197841,3_of_4
EFHD1,1.45963279555763,0.0316689054160648,2.19648706812872,0.0021181925461578,1.50379142164213,True,True,True,4.06253864198252,4.11355059806227e-06,2.73021495213943,0.0007281612304294,0.671881134322722,True,True,True,0.884901981404497,0.567556350706531,1.80616761918402,0.192608317987191,2.0387894565046,True,False,False,1.83340952608611,0.0001904516711373,1.69967077265807,0.000627145807383,0.926549251128499,True,True,True,3,3,1.21517033638531,3_of_4
SH3RF3,,,,,,,,,-3.54968117569585,2.20929984660329e-07,-2.56090422563953,4.36068366721264e-06,0.721243079544491,True,True,True,1.68748666012976,0.0058278769838239,2.04970520468126,0.0014915191962767,1.21393035140931,True,True,True,2.01545622674479,0.0084228969928067,2.63978078845289,0.0012875019488959,1.30911881618891,True,True,True,3,3,1.21393035140931,3_of_4
CNKSR3,0.153223434951491,0.22442976794186,0.209063783708061,0.0987284849124056,1.35559024329746,True,False,False,0.679361233870626,0.006882720955066,0.884517690374822,0.0024747181197496,1.30007067766447,True,True,True,0.510218078932298,0.0030696112853564,0.57551787727065,0.0014865724300655,1.12577762991607,True,True,True,-1.22733187744815,3.15326250365725e-05,-0.901162871419019,0.000502225229068,0.733647711961345,True,True,True,3,3,1.21292415379027,3_of_4
ARRB1,0.841066633267332,0.0007920842147185,1.08036992514666,9.44548467190577e-05,1.28299814107902,True,True,True,2.31979914088505,1.08238385537911e-06,1.33391176123606,0.0006879864187207,0.57476398441244,True,True,True,1.02184341516454,0.000148259051651,1.15565077807236,6.5872615609834e-05,1.12984134319959,True,True,True,0.238043865998265,0.119765260984995,-0.741736515919955,0.000361984685875,3.10293055553803,False,False,False,3,3,1.20641974213931,3_of_4
MDFIC,-1.21474879616428,0.0005591246001525,-1.2400229450718,0.0004935540770958,1.01996641821411,True,True,True,0.868840997351,2.63976253741505e-05,0.568767868332362,0.0029565646224948,0.653875673904172,True,True,True,-0.0492746014121881,0.685658171491952,0.139996417985126,0.219266048677613,2.78463506527546,False,False,False,-0.57329053848221,0.0001708877246549,-0.798212410761516,1.34043977081375e-05,1.389910432568,True,True,True,3,3,1.20493842539106,3_of_4
ZYX,0.0281961830057131,0.801866898446715,0.189935096510156,0.0697071899365318,6.50547698214488,True,False,False,0.635291405676355,0.0003180344741038,0.633429416622874,0.001006105138823,0.995502078091973,True,True,True,0.752765434641328,0.002651018575413,0.513415240050533,0.0263851731123499,0.681133966158632,True,True,True,0.570847787360436,0.000721102057308,0.806010639771116,5.16412197247527e-05,1.40948458241229,True,True,True,3,3,1.20249333025213,3_of_4
TERT,0.0439921522710218,0.936868680722853,0.206146813452767,0.68117406439224,4.58183934413692,True,False,False,-2.71155605784929,0.000272460232179,-1.45747035023476,0.0142538369912482,0.53730515394043,True,True,True,-1.373102309644,0.0074035093608657,-1.82139540754773,0.0026421140684062,1.32551658982337,True,True,True,-2.4011606753558,0.0134662556829137,-2.58735033328755,0.0121765670170647,1.07709295212083,True,True,True,3,3,1.2013047709721,3_of_4
AMIGO1,1.06453030603082,0.0013368590755137,1.4591048781914,8.52670958370293e-05,1.36936966497619,True,True,True,0.0322902242626233,0.780254960295036,0.295530922018144,0.0216271619436385,8.87740856555155,True,False,False,3.63324747064609,2.51807419051948e-05,3.74809098111362,2.42203120010829e-05,1.03132519493707,True,True,True,1.18616868329023,1.23951643916655e-05,0.716678457347177,0.0024422524426891,0.603687131773816,True,True,True,3,3,1.20034742995663,3_of_4
C1QTNF1,1.20320378570602,0.0005930693322346,1.50817410247231,7.84996441478002e-05,1.25242431586284,True,True,True,0.654248566900601,0.0004941881331548,0.457851334717416,0.014512629599549,0.698744503758481,True,True,True,0.48286544464649,0.678488755891593,1.2421272204651,0.229284936402456,2.56709222410497,True,False,False,2.11993837494141,0.0010552284632631,2.43160482281881,0.000438700043052,1.14647594269965,True,True,True,3,3,1.19945012928124,3_of_4
CRIP1,-1.64352861985176,0.0001435096232281,-1.90438206983156,6.44095807584801e-05,1.15801090163042,True,True,True,2.31621522834718,1.06287848598562e-06,1.44053468478364,0.0003651785482091,0.621666329118311,True,True,True,-0.224635035460246,0.762692149529336,0.383306186603231,0.568276899844424,1.698788425394,False,False,False,-0.707812408873963,0.0013601007759779,-0.878012681923259,0.0003646401316799,1.23870952445386,True,True,True,3,3,1.19836021304214,3_of_4
MAP1A,-0.711906416982687,0.0097881861148064,-0.911156496180628,0.0025296311386875,1.27808710158202,True,True,True,2.47086320475835,0.0031127273803421,2.2670215049996,0.0118214220755376,0.917130648911142,True,True,True,2.40817904837801,0.0047051853149968,2.659421962488,0.002465766350788,1.10387061695496,True,True,True,0.739014411421876,0.213832574898307,1.37415458215704,0.0227212569264809,1.85692948805783,True,False,False,3,3,1.19097885926849,3_of_4
ZBTB7C,1.21453676446829,0.0044972313207468,1.44133375476248,0.0011948006070213,1.18575907935862,True,True,True,2.51229312206869,5.21657288118184e-05,1.414198768429,0.0156247085422178,0.562687557615633,True,True,True,2.33776441362718,0.111885782404265,2.79749345644498,0.0559431623302079,1.19614162082548,True,False,False,-1.92618408512249,0.0006165563877232,-2.38847583478256,0.0003156981868471,1.23936050179179,True,True,True,3,3,1.19095035009205,3_of_4
TUBGCP5,-0.556899212092766,0.0008583061871204,-0.490441091277015,0.0020942400128352,0.879085470361743,True,True,True,-0.768197107897575,0.0005484878506075,-0.422012343172614,0.0373866262887764,0.548640054466778,True,True,True,-0.694571774331351,0.0038408235679478,-1.0447934017323,0.0003813639047874,1.50206411514707,True,True,True,-0.0558324546641771,0.724412275737431,0.224176305575639,0.141246555188688,3.94451210844748,False,False,False,3,3,1.19057479275441,3_of_4
SOCS1,-0.833659338636896,0.0088274989440999,-1.13794337196775,0.0015314152570587,1.3633626550278,True,True,True,1.06798100875459,0.0013846205273799,0.907967829144098,0.0099817649588048,0.849376950299539,True,True,True,1.7101875477757,0.0044811013753833,1.73877267386391,0.0044611122218483,1.01612045747064,True,True,True,-0.175890307627047,0.333897870806554,-0.263988126852627,0.165068083634142,1.49238321982692,True,False,False,3,3,1.18974155624922,3_of_4
GXYLT2,2.11628405831357,2.11681458751557e-06,2.21341089210006,1.45298475861966e-06,1.0454010095665,True,True,True,-0.712649192087717,0.0338810797647495,-0.805600689617215,0.0342839851647105,1.12884691603237,True,True,True,1.7025401969018,0.0014839866165879,2.12788587226742,0.0002666423120323,1.24909636775074,True,True,True,0.0095029425656216,0.988255097740469,-0.0731529766670249,0.919841166763953,6.96499825739026,False,False,False,3,3,1.18897164189156,3_of_4
ORC2,-0.547949143274222,0.0044001839264905,-0.661993842504568,0.001248046482662,1.20592927526235,True,True,True,-0.845831356524073,0.0004258457525418,-0.508786390973033,0.0216191494163638,0.600811940952932,True,True,True,-0.672936759743149,0.0004671487799407,-0.789859603085421,0.0001863145213212,1.17200848843214,True,True,True,-0.0942587379336981,0.713062728112323,-0.410266248987804,0.116297648817457,4.30686210931492,True,False,False,3,3,1.18896888184725,3_of_4
EVC,0.591544171488659,0.0014724568631074,0.762477607467608,0.000187120432651,1.28678610668302,True,True,True,0.0194828211793174,0.84652504558549,0.19258250786367,0.0714137538830241,9.40214759371775,True,False,False,1.15438688599379,4.65656119671743e-05,1.25936607242981,2.80684204025639e-05,1.08999512431421,True,True,True,1.43114808363753,1.0517132190649e-07,1.23396332409938,8.58466550579283e-07,0.861617131773986,True,True,True,3,3,1.18839061549862,3_of_4
POLR3G,-0.919693325245001,0.0015461647093715,-1.32727509471568,0.0001415103141933,1.44160390688451,True,True,True,-3.38696635705337,8.35843344995902e-07,-2.11070939871846,3.9720490371711e-05,0.623001876722948,True,True,True,-1.02631454236064,0.0038099342574243,-0.957489959300855,0.0066028557597407,0.932031933569891,True,True,True,-0.217669559174381,0.72400890926114,0.812907653578403,0.124094688245948,3.71751631387403,False,False,False,3,3,1.1868179202272,3_of_4
VPS51,0.522181018143964,0.0121933416550377,0.778038575558142,0.0007832810191464,1.48713074170449,True,True,True,0.590199734037611,2.41171371932235e-05,0.352570906672027,0.0046156334686889,0.596365130721789,True,True,True,0.177596477129518,0.276661832473581,0.23090305963576,0.159500018437891,1.29287577978545,True,False,False,-0.574362572354267,0.0018281492223172,-0.620478353265352,0.0014761141933155,1.07841278365828,True,True,True,3,3,1.18564428172186,3_of_4
ROBO3,1.06862026450207,0.0008810521318365,1.05496329328286,0.0009840644856394,0.98629703296989,True,True,True,0.122413811846303,0.849056977036443,-0.340616712852073,0.652437194055043,2.75995618121147,False,False,False,2.59543988601289,0.0018686612244932,2.62851125683094,0.0019153035409867,1.01235205597897,True,True,True,1.81395729246818,0.0016311652157216,2.46157930772951,0.0001354846562655,1.35627395638714,True,True,True,3,3,1.18431300618305,3_of_4
UACA,-1.35722080314501,3.05782819974115e-07,-1.68598645511494,1.41249622720782e-07,1.2413198584582,True,True,True,-0.929061771427832,1.10064170512909e-05,-0.749077485912802,0.0002830903799455,0.805406166477327,True,True,True,-1.01986652384065,4.7827650129451e-05,-1.15029754172991,2.55184745158832e-05,1.12678544635034,True,True,True,0.363013631867102,0.108896867963034,0.907489300104692,0.0006179844422052,2.49300910916437,True,False,False,3,3,1.18405265240427,3_of_4
GPSM1,0.584770764091321,0.0004127768868891,0.808524393466191,2.56692993700123e-05,1.38027440601345,True,True,True,1.85403929202247,1.1861534293841e-06,1.08893120881275,0.0007439441776366,0.587012476498832,True,True,True,1.67632488235784,1.19332158005404e-07,1.65676527386374,1.98369495705412e-07,0.987742619983554,True,True,True,-0.0174104647137847,0.913426887566976,-0.190262534864333,0.209619994215083,10.3344775823,True,False,False,3,3,1.1840085129985,3_of_4
REXO5,-1.25092734003431,0.0001210958100139,-1.14677381348921,0.0002199356592037,0.916006685705723,True,True,True,-0.175523502221393,0.451616249664054,0.256004081753367,0.300256408010336,1.45025494357284,False,False,False,-0.855188809555144,0.0172212749867558,-1.24571247041177,0.003412358662131,1.45495065633831,True,True,True,-1.49928600668438,0.0002821611370264,-0.833948449158543,0.0119291605961107,0.555859646389399,True,True,True,3,3,1.18313081463928,3_of_4
FLNB,0.542220871168842,0.003632039901288,0.661511507557885,0.0008251799430975,1.21775790045496,True,True,True,0.0470234471861168,0.590362099770731,0.0551371593369048,0.575553172149008,1.14812997749242,True,False,False,0.714237443670827,0.0095606651544523,0.658845631170248,0.0157543602058779,0.921156515224988,True,True,True,0.958885035988203,2.27671866204624e-06,1.27849535627041,1.96247785078894e-07,1.33192549975966,True,True,True,3,3,1.18294393897369,3_of_4
PTHLH,-1.71228437601705,0.0144230113816005,-1.71201667860467,0.0146915989693833,0.999260077643779,True,True,True,-1.97270289846434,0.000172717976202,-2.7638843503465,0.0001651718315793,1.4003548115053,True,True,True,0.45463870104564,0.17937731916385,0.440334161216674,0.204036560937808,0.966410799183994,True,False,False,1.09585467887493,0.000224467965182,1.48980731889693,1.50967813464402e-05,1.35825405825415,True,True,True,3,3,1.17875706794896,3_of_4
DLC1,1.21082441085574,0.0036869022830924,1.57381388229105,0.0004995661750977,1.29871445746805,True,True,True,0.0446871343974435,0.909794811944532,-0.510655190983005,0.254918317675882,11.1772208460415,False,False,False,2.63531310675092,0.0383985288683131,2.78807600788946,0.0308514919023333,1.0575663417027,True,True,True,2.8248343483992,6.84946163260685e-08,2.46416606761936,5.07512154549115e-07,0.872013629891391,True,True,True,3,3,1.17814039958537,3_of_4
ABLIM3,-0.822653806492668,1.82765195825523e-05,-0.75531457292681,3.19646975196402e-05,0.917029177759933,True,True,True,-0.408961729324655,0.0004192659735804,-0.658381113057478,3.99698511318194e-05,1.60595749789146,True,False,False,0.848187080185518,0.000618654006829,0.770537481050393,0.0015732102866964,0.907382482646883,True,True,True,0.561298497465347,0.0017356537500305,0.807725055892621,0.0001108441844708,1.43647023695346,True,True,True,3,3,1.1767497073567,3_of_4
PSG9,0.916487093948793,0.191155444579728,1.73594778280233,0.013260779495208,1.89206779501491,True,False,False,5.43172946207885,1.39854543668957e-05,4.84299767619855,0.0001914256060676,0.891448342863987,True,True,True,3.16406571869803,0.0152533541844837,3.02304720664503,0.0218673921031465,0.955129363913676,True,True,True,1.30447714841169,0.0070272709894992,1.81847586545665,0.0006133295772764,1.39295878726725,True,True,True,3,3,1.17404407559046,3_of_4
OTUB2,-1.15870552583542,0.0002223301115314,-1.32796651791324,9.74995108655826e-05,1.1450894113457,True,True,True,-1.18936328605093,0.001613633661314,-1.44668770995749,0.0015208466531317,1.21533293819648,True,True,True,0.466606662669791,0.0602115008511346,0.559866533517429,0.0286239646638137,1.19730230172702,True,False,False,-0.968663845865658,7.84805739556504e-05,-0.927304523667372,0.0001836403350751,0.956315456764844,True,True,True,3,3,1.17119585653636,3_of_4
PLEKHO2,1.19331882806997,3.88709266797276e-06,1.30974715038392,1.88906551954872e-06,1.09664782937441,True,True,True,0.497423197084604,0.0107106351634145,0.578023353381585,0.0083684648156527,1.15970395592055,True,False,False,0.800209530623769,0.0020971123177436,0.946144369757552,0.0006783646059452,1.18089505128695,True,True,True,0.62566190971168,0.0024823797186074,1.05028558327457,3.06374689148133e-05,1.67600035521194,True,True,True,3,3,1.17029950360375,3_of_4
DENND5A,0.808824249588064,8.7003104816748e-06,0.828316225421206,6.46547569412882e-06,1.02283455434009,True,True,True,0.382835041969283,0.0360215270513249,0.512049389880329,0.014050376500023,1.33403502518487,True,False,False,1.04248525453488,0.000167035810095,1.07183291054612,0.0001561691283967,1.02716632160162,True,True,True,0.785401342532429,0.0001556678583151,1.03135185218784,1.68872587930981e-05,1.31148282232912,True,True,True,3,3,1.16932457196537,3_of_4
FOXJ1,0.103757435424347,0.813640160916427,0.431110065892321,0.273167313339358,4.11531710513911,True,False,False,2.66052792168462,0.0114673020369878,3.40013488959709,0.0042443356225375,1.27751238748792,True,True,True,2.16648676320692,0.0126194476126786,2.29757683488557,0.009614206960233,1.06001885404189,True,True,True,-2.45496716220634,0.0043958798936797,-2.48313329488624,0.0052712878496338,1.01106127683543,True,True,True,3,3,1.1687656207649,3_of_4
NRSN2,0.531867002581072,0.0004970738905162,0.659992458424052,7.91734107288507e-05,1.23856882716929,True,True,True,3.096454351928,3.12874660471984e-05,2.29431853095967,0.0017912821736963,0.740711006614699,True,True,True,0.250342932198954,0.19486488769867,0.352250366805772,0.072644336322826,1.40147313363458,True,False,False,0.753424132199425,0.0003542547168271,0.828854789010246,0.0002269112589373,1.09865890237873,True,True,True,3,3,1.16861386477401,3_of_4
STAT5A,0.627109048486945,0.0018894771808693,0.834525423194207,0.0001803451802365,1.32863142985203,True,True,True,1.73528319703563,4.10402951960127e-05,0.995698792097861,0.0115456152530765,0.573465661476092,True,True,True,0.92182845685686,0.0050111344614873,0.930404785551092,0.0053900341473227,1.00820989929162,True,True,True,0.0901001565967579,0.769400994790895,0.358773381200907,0.21929732952112,3.93823012609042,True,False,False,3,3,1.16842066457182,3_of_4
THNSL2,0.620809253796791,0.0011220160683556,0.784819941344905,0.000161001542638,1.26215545451079,True,True,True,1.39576346816742,2.63175729235509e-06,1.03921338273421,0.0002073228478688,0.744015294227073,True,True,True,0.90775864792056,0.0197788574942617,0.975916275179565,0.0146402896876841,1.07390039964151,True,True,True,0.282087983916405,0.757954692471109,0.467546664918892,0.613287875529442,1.65159488032864,True,False,False,3,3,1.16802792707615,3_of_4
DNAJC4,0.882581419824555,0.0027836809632323,1.1885186303426,0.000248013147413,1.34511500997678,True,True,True,1.32021099157176,7.38142098218702e-07,0.718229713080382,0.0007987892977771,0.543614697169564,True,True,True,0.721557049296189,0.001790524980479,0.978811629791152,0.0001863145213212,1.35464961658677,True,True,True,0.0830381671103906,0.605136001661345,0.0830472605285415,0.629301326073476,0.988208850622034,True,False,False,3,3,1.16666193029941,3_of_4
MAOA,2.005209716826,9.67967725714522e-06,1.93053995808194,1.1822074834708e-05,0.962282228966682,True,True,True,0.502360251832355,0.0231428038735904,0.673431696162154,0.008006266748908,1.3378722171858,True,True,True,0.694212388511712,0.371538844583555,0.690573558030409,0.382664427932373,0.993327462861769,True,False,False,0.85013888890713,7.7139277801015e-05,1.41410972553016,6.96580945324503e-07,1.66143239835497,True,True,True,3,3,1.16559984002378,3_of_4
ADAMTS15,0.783710141688846,0.000841846059891,0.992300858480459,0.0001162976503254,1.26454445503258,True,True,True,-0.317366453823833,0.243685750222075,-0.502176048813868,0.111788636549488,1.57735227057479,True,False,False,1.28311550719128,0.0047859878221981,1.24205072450326,0.0066992104703649,0.967242212672887,True,True,True,5.9368194050941,3.17059468083377e-06,6.31821552042999,2.9137465238507e-06,1.06406326790767,True,True,True,3,3,1.16430386147012,3_of_4
KRT4,,,,,,,,,7.34424187268933,9.1128568060974e-05,5.15291000616469,0.0044994629562488,0.70153033698236,True,True,True,1.90383151722144,0.0035248443052749,3.33111375997235,3.32824932149032e-05,1.74877081246084,True,True,True,-1.66641026950379,0.0236287083529984,-1.9406448029568,0.0164749441267377,1.1638676086206,True,True,True,3,3,1.1638676086206,3_of_4
GPR156,1.15577035499373,0.0002563615190746,1.18809291815931,0.0001986806424042,1.02707759844498,True,True,True,-0.0783601060347161,0.759044902872079,0.168024564006808,0.543011513045501,2.11724218127059,False,False,False,1.64019368657333,0.0019058289930659,1.35791608447662,0.0088506014410327,0.827395386410382,True,True,True,0.768806336219114,0.0379554712675578,0.990659165649431,0.0108965509927817,1.28689401351908,True,True,True,3,3,1.15698580598203,3_of_4
PDLIM4,0.814695354402991,0.001743452453982,0.958673595217026,0.0004792360231307,1.17528387288497,True,True,True,3.30171572107143,2.79106967546214e-06,2.1912343380948,0.000582999931,0.663464410247196,True,True,True,0.301130385770182,0.281586813090622,0.343053259614012,0.225939034969889,1.13544772644933,True,False,False,0.74346202746039,0.0235044875700078,1.13320769330363,0.0016265606973893,1.52218333709965,True,True,True,3,3,1.15536579966715,3_of_4
THUMPD3,-0.607907783286158,0.0002377602399548,-0.688864570084513,8.63925918270356e-05,1.13131181599756,True,True,True,-0.750659756955087,8.15311761471035e-05,-0.574055828353892,0.0019956813689114,0.763717656881547,True,True,True,-0.0748391732954428,0.619590723873408,-0.297401799523347,0.0486763355658281,3.92147997664444,True,False,False,-0.537495749674983,0.0122472423891303,-0.633970923745623,0.0061476653300794,1.17729977279907,True,True,True,3,3,1.15430579439832,3_of_4
MYRF,0.318284073175914,0.0871019368629596,0.62250976193554,0.002344769504571,1.94970502519416,True,False,False,-0.806821351155052,1.84265890059045e-05,-0.927934862763685,4.24579084604101e-05,1.14868821112105,True,True,True,0.868964775623285,0.013643243060479,1.00586319358211,0.0061335330523547,1.15621140276796,True,True,True,-1.83162323891778,1.52367956055188e-07,-1.28240198915156,5.00069207937784e-06,0.699763029256825,True,True,True,3,3,1.1524498069445,3_of_4
SCAMP5,0.968939345962444,8.02485142719876e-06,0.912057437049668,1.26547319518292e-05,0.940324197431808,True,True,True,0.098926009211187,0.451616249664054,0.306198448117356,0.0393342506220224,3.06425174521106,True,False,False,0.809194035735703,0.0013099044767648,0.612748615101236,0.0102666464292471,0.756298600180171,True,True,True,1.22067198930567,0.0013263491263866,1.65956282917659,0.0001099707666874,1.35843568789671,True,True,True,3,3,1.14937994266426,3_of_4
BACE2,2.25543182652817,1.50765095462994e-07,2.03134350096838,2.93725730127214e-07,0.900245900224639,True,True,True,-0.0113121221277925,0.921343537674179,0.491381718209315,0.0007493880290381,39.9103999382938,False,False,False,0.967021807383473,0.0077949543559733,1.13496514478616,0.0029140365676077,1.17245824022697,True,True,True,1.06633377064449,2.453772847572e-06,1.20077191311245,1.18231582699348e-06,1.12502006976448,True,True,True,3,3,1.14873915499573,3_of_4
MBD2,-0.507689160393601,0.0173889050507779,-0.720389030119618,0.0021138246131959,1.41616744803882,True,True,True,-0.232234097204967,0.0972006497245306,-0.226065663764516,0.142963509034459,0.969265070903628,True,False,False,-0.712432330687125,0.0001006820540277,-0.478854845138589,0.0021043851776367,0.671198689127799,True,True,True,-0.545666559491646,0.017686748089827,-0.725946397609188,0.0043565746230747,1.32795098768115,True,True,True,3,3,1.14860802929239,3_of_4
SCARF2,0.767821550559167,0.0339472369530089,1.02284644415861,0.0063313273809288,1.33040813361006,True,True,True,0.918791530787929,0.246821433468642,1.2212808836874,0.157457242877857,1.32778009234462,True,False,False,4.76741895078261,0.0034975039406741,4.62263247186905,0.0047742024978339,0.96942666313126,True,True,True,2.22873798916645,0.0001545468344456,1.90405181244458,0.0010887230951734,0.853935225437128,True,True,True,3,3,1.14860337773794,3_of_4
MPPE1,-1.06552005275337,0.0007893933165877,-1.2427065046253,0.0003154769017193,1.16519750511683,True,True,True,1.16540113986136,1.34953706274903e-05,0.848846956300003,0.0009432535403628,0.727748736940448,True,True,True,0.0903826936957315,0.766822777542559,0.414375955620049,0.127837738896627,4.53451237714395,True,False,False,0.643420149048548,0.0010245540897669,0.729469131165442,0.0005120631181579,1.13197753397758,True,True,True,3,3,1.1485875195472,3_of_4
THBD,0.308719295690637,0.571917839979476,0.836163314089134,0.101405571249465,2.6997456268412,True,False,False,0.886048897685098,2.21861160396493e-05,0.821487274283755,0.0002042136202699,0.926090181079716,True,True,True,2.47573939312942,5.24370461102911e-05,2.27110735978725,0.0001361639642262,0.916974699109401,True,True,True,0.606104131925052,0.0005674503989439,0.832317313418517,5.0907412275498e-05,1.37096301878121,True,True,True,3,3,1.14852659993046,3_of_4
COL8A2,2.18477941570819,0.0004676514454002,2.52850331731269,0.0001209404252232,1.15679711280173,True,True,True,,,,,,,,,4.78507770944278,0.0007494385453413,4.96059152534013,0.0006409455531281,1.03646280451173,True,True,True,1.7272703807128,0.0464495754983362,1.98317794708107,0.0272541084707376,1.14749287450216,True,True,True,3,3,1.14749287450216,3_of_4
NLGN3,1.50996471184033,0.0001910868839012,1.73995075744624,5.0895856495821e-05,1.15154956552692,True,True,True,3.44182148392212,1.34031677320566e-05,1.97004291850191,0.0061801994468507,0.572217562746705,True,True,True,-0.0566367146182989,0.869818997647089,0.144937235271511,0.656232510979783,2.51466857941787,False,False,False,2.18131983319219,0.0217630747531901,2.4952632081703,0.0114521169077555,1.14339940929756,True,True,True,3,3,1.14747448741224,3_of_4
TTC9,-0.261918982939318,0.693930383583349,-0.389150258628332,0.555629205429489,1.48011472689345,True,False,False,3.00820633526206,1.77611135403209e-07,2.22525665135416,1.17162855107951e-05,0.739482907927738,True,True,True,1.00443680660278,0.0007937253276041,1.00741597468611,0.0009388762577672,1.00196846591485,True,True,True,-0.736699800706121,3.08559808324363e-06,-0.950565083110101,4.07866412222352e-07,1.28855271778605,True,True,True,3,3,1.14526059185045,3_of_4
RAP1GAP,-0.667426653577789,0.0007679681613864,-0.520566031557977,0.0040434910861023,0.778793048977954,True,True,True,-0.0958323041974065,0.399639591864137,0.132304082229786,0.288410984517816,1.36632173866342,False,False,False,1.60805113321401,0.0001216081359361,1.48115679774187,0.0003086030634607,0.920515679811445,True,True,True,-0.538621996602445,0.0069383860427323,-1.1225350310763,4.76636814838222e-05,2.08022474647805,True,True,True,3,3,1.14341870923743,3_of_4
NEK6,0.78168364019064,3.93522285109181e-05,0.874943997304921,1.38091025269639e-05,1.11787694590347,True,True,True,-0.768739190405818,9.78062788390919e-05,-0.428817344264337,0.0137836365833035,0.557094337418702,True,True,True,0.21429278136946,0.130421371143479,0.251601660234821,0.0792242228899739,1.16864884477038,True,False,False,-0.864435062443953,4.52365550088529e-05,-1.12820688334131,6.44020395635464e-06,1.30362973757419,True,True,True,3,3,1.14326289533693,3_of_4
COQ3,-0.788138488329811,0.0010902104760518,-0.96060244558416,0.0003015319295383,1.21727993221728,True,True,True,-1.8808570500014,2.96166691043237e-06,-0.839125476654451,0.0024717823546925,0.445902879102229,True,True,False,-0.971964828747297,0.0003592241678647,-1.07756974170999,0.0002628279593813,1.10751150490956,True,True,True,-1.0401606661452,0.0046535998166955,-1.22325294804241,0.0025545837204974,1.17489354699826,True,True,True,4,3,1.14120252595391,3_of_4
TMEM117,-3.32682151887585,0.0003504468796584,-2.9675748135985,0.0005404122852808,0.89174698726059,True,True,True,0.106084124413387,0.779476252200736,0.307066055701246,0.44964423559167,2.86752174875007,True,False,False,0.975114306393209,0.0255380738248477,1.35444088888157,0.0035418165207572,1.38758430238186,True,True,True,2.82649068035349,0.0003190826181721,2.39281533749555,0.0021702434759875,0.846268160712877,True,True,True,3,3,1.13966564482123,3_of_4
HLA.DMA,1.33896409338404,2.52706062766641e-05,1.54551121350459,6.83327507009367e-06,1.15339748366051,True,True,True,3.34112006522253,4.99593621039671e-06,2.16654734836644,0.0012034181769315,0.648255390616011,True,True,True,0.463400404156311,0.393378036779115,0.522075768094263,0.339467082291873,1.12419318205102,True,False,False,0.788962373573332,0.0009534176511009,1.0390185775763,0.0001138087863818,1.3152760338146,True,True,True,3,3,1.13879533285577,3_of_4
TMEM156,-1.85403794430152,0.0065303175572235,-2.67171362684464,0.0011591141557577,1.44024742731105,True,True,True,-2.65172010548013,1.21562173032422e-06,-2.22109867113624,2.20305682534299e-05,0.837291000489564,True,True,True,-0.439331265436527,0.191981790710133,-0.995220371770579,0.0123744789615634,2.26016285894202,True,False,False,-1.74532787909646,8.12403831128686e-05,-1.02356998491608,0.0031853764196616,0.586127036719857,True,True,True,3,3,1.13876921390031,3_of_4
GNAZ,-0.597055210772751,0.0232065863383913,-0.649655193897436,0.0159913948626745,1.08627963137051,True,True,True,0.630749642396079,0.166310837686706,0.848544338788374,0.0897213599454591,1.34316552292779,True,False,False,2.46462289431464,5.17840323011466e-05,2.21220660035139,0.0001753164902291,0.897220173227792,True,True,True,2.1535971792572,0.0009793333441327,2.56239825012042,0.0002819325349453,1.1892702147711,True,True,True,3,3,1.1377749230708,3_of_4
GRAMD1B,0.603335881306619,0.0015893619034443,0.707444816541421,0.0004473467677496,1.17061527939045,True,True,True,-2.76632058891987,9.82669263474532e-05,-1.84550800923812,0.00214511955678,0.666893462444281,True,True,True,1.78966635527458,0.0200177253726439,1.97669817158082,0.0120833364975298,1.10388971443969,True,True,True,0.77976527879775,0.369213049658356,1.0136989295847,0.248591085034462,1.29834017612262,True,False,False,3,3,1.13725249691507,3_of_4
PSG4,2.01274809328853,1.62696357005059e-05,2.28944073589771,5.26311475051074e-06,1.13690522837887,True,True,True,6.73591538049839,0.0003438191062183,5.99059840931073,0.0024824205840759,0.889219779522828,True,True,True,,,,,,,,,1.2155305576709,0.0254888989241761,1.6235770684775,0.0047472581880527,1.33459620741949,True,True,True,3,3,1.13690522837887,3_of_4
ERRFI1,0.362568880013754,0.0823303603188955,0.792773700398887,0.0011066835012184,2.18053233920597,True,False,False,-0.899522125943538,0.0038031991035804,-1.01552629634232,0.003941039136324,1.12770832285579,True,True,True,-1.32048639925001,2.73594082719671e-05,-1.20822170864879,6.76605285239517e-05,0.914289930894861,True,True,True,-0.772782095543579,1.15461245939971e-05,-0.88612145851408,5.4699587660262e-06,1.14518216900791,True,True,True,3,3,1.13644524593185,3_of_4
SERPINF2,2.13829708435264,4.31525306251357e-05,2.29459569221226,2.08666661450043e-05,1.07259328729774,True,True,True,0.169411927257966,0.305036320468756,-0.113276629072929,0.567115545444904,0.664722422283584,False,False,False,1.60783762247049,0.0399465030384851,2.37383517367172,0.0038410585166023,1.47549705484045,True,True,True,-2.5035953422301,0.0032990994408178,-3.00510885560954,0.0021942890992667,1.19983807561256,True,True,True,3,3,1.13621568145515,3_of_4
PARL,-0.528790797817647,0.007467521333433,-0.713847830658248,0.0010925507960367,1.34741455230778,True,True,True,-0.672060927641194,8.7164626665066e-06,-0.367110738890861,0.0035079952335166,0.545434631270954,True,True,True,-0.847439173232376,9.38730914813882e-05,-0.781906362029396,0.000216981798935,0.921582108297164,True,True,True,-0.140278637677344,0.241049346971369,-0.237280565045658,0.0608277038223686,1.67952189337758,True,False,False,3,3,1.13449833030247,3_of_4
NKX6.1,0.0120897260516175,0.989155373099883,0.633085566208391,0.378239564525938,48.365073777091,True,False,False,1.18806711592384,0.0004862488798711,0.744358295385485,0.0280302269253254,0.626001918156789,True,True,True,1.15453907676836,0.0190830396045279,1.25644048206835,0.0130293587126765,1.0873197690399,True,True,True,1.77424233779349,0.0135908997626219,2.09756851949146,0.0054033135410837,1.18156742594287,True,True,True,3,3,1.13444359749138,3_of_4
ULK2,1.11029809316502,0.000138854560714,1.22007461486083,5.80440254161496e-05,1.09788239749968,True,True,True,0.810379117786348,0.0490993178860285,1.10280170871787,0.0168833000055236,1.35916944932795,True,True,True,1.32144337163309,0.0003350688997205,1.54704128158031,0.0001079347407934,1.16983555951425,True,True,True,0.524464927146067,0.204579100064719,0.282340667304392,0.539300564527363,0.537315913429,True,False,False,3,3,1.13385897850697,3_of_4
CAMK1D,0.711930848785827,0.0004495615561066,0.702946749937063,0.0004903579263951,0.985995698088016,True,True,True,1.26464257786231,3.35557108083203e-05,0.939272022998804,0.001503034349732,0.742130550463346,True,True,True,0.428543659676396,0.179242011340377,0.550087886340707,0.0884193951853738,1.28063323471036,True,False,False,0.752889633242778,0.0247758574199785,1.06442729305966,0.0033711930453877,1.41191395414357,True,True,True,3,3,1.13331446639919,3_of_4
PPARD,-0.546173976271453,0.0036869022830924,-0.643825031182976,0.0011773519066159,1.17663679031324,True,True,True,-0.432817063715973,0.0021383046324485,-0.537202438703126,0.0013082002206889,1.23831560266804,True,False,False,-0.78681009560618,0.0141022588889499,-0.85694465086591,0.0103387827905876,1.08775535582155,True,True,True,-1.53691972153055,3.41535651803281e-09,-1.07574645571461,1.52411830563127e-07,0.699481540326447,True,True,True,3,3,1.1321960730674,3_of_4
ERO1B,1.62911467365626,0.0036993613511533,1.81804275968537,0.0015451271362802,1.11528519377572,True,True,True,-1.47964449695191,0.20603616010115,-1.9361358321512,0.157262296048711,1.30763045156145,True,False,False,1.85531648915291,0.0071552122691106,2.12473472035126,0.0029658465415441,1.14459723477479,True,True,True,2.25619448073024,3.51385119940134e-05,2.06150083239576,0.0001554398371399,0.913302265265521,True,True,True,3,3,1.12994121427525,3_of_4
IFIT3,-1.69706070592903,0.000861790488007,-1.64762579295587,0.0010370193902617,0.970298521839026,True,True,True,2.67163252208313,2.2751581203769e-05,1.76409965874071,0.0031736985779179,0.660060687043394,True,True,True,0.65050779356727,0.0134503060270431,0.839316781038035,0.0028857188844956,1.28826821309755,True,True,True,-0.0436631390446971,0.823914104868713,0.355237455997394,0.0550056474170715,7.95370552978568,False,False,False,3,3,1.12928336746829,3_of_4
LYNX1,0.143822199479018,0.587929766372445,0.608507239516267,0.0188321260527245,4.20175388652641,True,False,False,2.20327685232752,0.0031951884257143,1.6598685328927,0.0361062590231539,0.753021804470717,True,True,True,1.98973776373328,0.0403072399282534,2.38451113533849,0.016021454245193,1.19780273362914,True,True,True,2.18446341399754,1.65356088329057e-06,2.31651730462649,1.52184440750261e-06,1.05996617915888,True,True,True,3,3,1.12888445639401,3_of_4
FOXO6,1.3761942385338,0.0184374325040788,1.7484139439231,0.0037266757600285,1.26954782049082,True,True,True,1.96212718613643,7.17860199681569e-06,1.56217694066424,0.0002948440737279,0.795759414721729,True,True,True,2.23188517224799,3.77861352949372e-05,2.6154700143312,1.20423599003162e-05,1.17134102856621,True,True,True,-0.333732515721201,0.240381813950218,-0.362374376075259,0.223689431256573,1.08257895201636,True,False,False,3,3,1.12695999029129,3_of_4
SECTM1,2.49758742706263,0.0003629934342375,2.89674573245014,9.17110574029389e-05,1.15935336145335,True,True,True,3.4714064274111,9.57566373934973e-07,2.80177068348,4.66013959413989e-05,0.806867151656812,True,True,True,1.98218569520842,0.0003657081137202,2.16721610063793,0.0002072580624931,1.09279534734148,True,True,True,-0.138035975929824,0.479548595109806,-0.376460118667137,0.0662792915324821,2.7076453856601,True,False,False,3,3,1.12607435439741,3_of_4
SLCO2B1,1.77148245145799,0.225758472248571,2.90185293094407,0.039091113237554,1.63716877905172,True,False,False,5.43273128774758,3.45931278559208e-05,3.99764838921569,0.0020027357718684,0.735709621532061,True,True,True,3.78859661782257,0.0103324298829523,3.82655040811155,0.0106231988589569,1.00975137831694,True,True,True,3.7113434301031,0.0019057260962761,4.58398748472806,0.0003998450173346,1.23479617956595,True,True,True,3,3,1.12227377894144,3_of_4
FLVCR2,0.699603123448516,0.0029426072756841,0.979346092757631,0.0001916232138311,1.39786144249127,True,True,True,2.48180491258276,4.34062850189202e-07,1.73441542599707,6.80923305979887e-05,0.698570965929348,True,True,True,2.76070844766278,0.0066243655235912,2.3264313406385,0.0218344693106602,0.842388465229683,True,True,True,0.227896198180571,0.184642022708872,-0.430259682657792,0.0290948918442343,1.87971528613319,False,False,False,3,3,1.12012495386048,3_of_4
ITGA2,-2.18423410325825,2.71922292843047e-06,-2.6113108606611,1.02188190511543e-06,1.19497991394494,True,True,True,-1.96914266921064,7.05448140734873e-07,-1.33766621656923,9.0384477875353e-05,0.678969212470882,True,True,True,-0.997562794033744,0.0007092551296983,-1.04029069450187,0.0006300830652706,1.04178795837121,True,True,True,0.276183329615382,0.404863810575366,0.730475308103994,0.0371143676562832,2.63535079514918,True,False,False,3,3,1.11838393615807,3_of_4
BST2,1.15133220252079,1.32928060740713e-05,1.24910633197829,6.18176746450135e-06,1.08398110305848,True,True,True,5.35121740984422,0.0006804896054036,4.63187820248648,0.0051091594429971,0.865412939684992,True,True,True,2.95456974889673,0.0002092986485356,3.40645358517581,7.57007318476709e-05,1.15255394884434,True,True,True,0.471176882709343,0.55389970925732,2.23119628829453,0.0030485935148494,4.72533995203654,True,False,False,3,3,1.11826752595141,3_of_4
ATG7,-0.263444853927719,0.0817928871029485,-0.313359105147123,0.0419029769762305,1.18496957113325,True,False,False,-0.636151642737374,4.27570756420827e-05,-0.378294243241514,0.005919880495617,0.593727172414185,True,True,True,-0.593138943283138,0.0014113088940455,-0.623193530944953,0.001209632542003,1.04890200851212,True,True,True,-0.579336389401619,0.0100897482751571,-0.898400674238794,0.000895698006717,1.54806882808974,True,True,True,3,3,1.11693578982268,3_of_4
CACNG8,0.586623908154475,0.0384008309309584,0.625937446808139,0.0282636602583276,1.06520078254473,True,True,True,-0.658174297193908,0.0004034091470015,-0.769165376269122,0.0004366624527013,1.16686190517962,True,True,True,1.23400307430512,0.019167954808777,1.16713494209676,0.0289368772983662,0.945046183592259,True,True,True,-0.142221772866523,0.848887261125121,-0.367588721795667,0.644436867205502,2.56657011317857,True,False,False,3,3,1.11603134386218,3_of_4
CSPG5,-1.87395715757614,0.001529501065373,-2.57323739339109,0.000319522377597,1.37242463540749,True,True,True,-1.74341418169594,0.0001573481740036,-0.946322442771632,0.0128928533942183,0.542487244543957,True,True,True,1.0870090977148,0.0458757265160244,1.36032794144587,0.0151456826487245,1.25029096199934,True,True,True,0.660925664421756,0.136345535393847,0.64930569960267,0.161825887876204,0.980934468177616,True,False,False,3,3,1.11561271508848,3_of_4
ATG16L2,0.750585129116898,0.0248615790661106,1.00184806071208,0.0042946437348114,1.33298015341155,True,True,True,1.04164890818228,5.32542793213321e-05,0.530506334163649,0.0225014456955062,0.508806300951791,True,True,True,1.2379315330079,0.0080544470998199,1.11230261151413,0.0170704179294248,0.89779183262344,True,True,True,-0.289450394652232,0.37555861672427,-0.472286713849789,0.169931468773337,1.62604948227141,True,False,False,3,3,1.11538599301749,3_of_4
HSP90AA1,-1.77486351298336,7.03023102266833e-07,-1.98980312201089,3.53394331056832e-07,1.12047074984278,True,True,True,-1.49465892232559,2.2842143764298e-07,-0.840364032230406,0.0001048530090118,0.56186876545605,True,True,True,-0.816980930961437,7.67108347448178e-05,-0.970779092284214,2.33886285413923e-05,1.1867991728648,True,True,True,-0.430592723806475,0.0007469146069495,-0.47907453886015,0.0004525812154738,1.11001532795758,True,False,False,3,3,1.11524303890018,3_of_4
CCDC9B,0.879026184364125,0.0006014119224905,0.916651562124451,0.0004090566547936,1.04161850909787,True,True,True,-0.778319564257528,6.53733243932498e-05,-0.925969549059306,7.50640966514811e-05,1.18817695785874,True,True,True,1.3625422708088,0.0003230676987212,1.08689052528873,0.0022134841215531,0.797108053455526,True,True,True,0.204909517242034,0.256355047462914,0.399025892734119,0.0359847061353669,1.9378700804057,True,False,False,3,3,1.11489773347831,3_of_4
IL36RN,-5.2753415040197,0.002158542132418,-6.83821050234225,0.0006285635358463,1.29601362935524,True,True,True,0.885626863350529,0.0105849551415295,0.82703706904163,0.0280655216508544,0.93279044796397,True,True,True,0.988930038919708,0.212952618488477,1.40327244367919,0.0737094157662627,1.41754708768163,True,False,False,-1.58220515994857,3.94386251622762e-05,-1.42363234629856,0.0001364148342228,0.899209011133343,True,True,True,3,3,1.1144020386596,3_of_4
LHX2,-1.1614804455194,0.0354860913633309,-1.98185533144649,0.0035846635899579,1.7048504678812,True,True,True,2.60849948178482,0.0011407956229635,2.88954650518301,0.0013355447969395,1.10731829048176,True,True,True,2.44744473587474,0.0094365048325577,2.74003324941836,0.0046652680032536,1.11909131918366,True,True,True,-0.999518819700385,0.176900548951696,0.628263436470586,0.310893129790683,0.627937650047128,False,False,False,3,3,1.11320480483271,3_of_4
PKIB,-2.24931093395874,0.00269263936776,-2.65021079741981,0.0014591917205735,1.17770871457198,True,True,True,-0.483335382833455,0.201203239400797,-1.25041745069794,0.0143764276799186,2.58171815443827,True,False,False,-1.92497143137622,0.0001641868947013,-1.79010464900657,0.0003297962920023,0.929455452891861,True,True,True,-0.685723514086879,0.04277276851801,-0.71407265011189,0.0442558125345401,1.03982554181413,True,True,True,3,3,1.10876712819306,3_of_4
SUGCT,0.899897534050565,0.0043541900223085,0.990268030918887,0.0021664378216778,1.09920162226052,True,True,True,0.0796269324366652,0.723158257286592,-0.19747442449683,0.445163623331685,2.44923648375128,False,False,False,4.00409516866729,0.0001621095396758,4.4645992541708,7.47206878439569e-05,1.11472987935426,True,True,True,2.94119444760125,2.70770994442664e-05,1.48866358170605,0.0121985749093518,0.505970495226699,True,True,True,3,3,1.10696575080739,3_of_4
COBL,0.459452202695781,0.0248628830387679,0.502849366947062,0.0150616481215911,1.09207723191042,True,False,False,-0.738413127975206,9.41091955211358e-06,-0.429257809216726,0.0024585985908674,0.580538528430239,True,True,True,-0.910367393755594,0.0001373586445134,-1.02133067587361,7.94651889521795e-05,1.12065746796676,True,True,True,-0.797570158323608,0.0001556678583151,-1.60192106512188,5.92892519556977e-07,2.00598663551954,True,True,True,3,3,1.10636734993859,3_of_4
FBXW8,0.512706340157988,0.0033302683862515,0.680223001334944,0.0003788664125069,1.32414756867853,True,True,True,1.00745833286314,5.15686246887096e-07,0.69197954506897,7.90942175238917e-05,0.686175643077244,True,True,True,0.70105146578528,0.0010987424870844,0.620570862471649,0.0032320839424191,0.883939273280356,True,True,True,0.0295908337043143,0.863590137764868,0.141613365060443,0.397132953665738,4.62927445617381,True,False,False,3,3,1.10404342097944,3_of_4
PRDM11,0.794725905863162,0.0070667924720936,0.894077661447538,0.0031026798979498,1.12360004225034,True,True,True,0.786641529897508,0.0038088467118722,0.854122110911459,0.0048745011841007,1.08440461617432,True,True,True,1.48836062497769,0.0007741287378648,1.57167232855676,0.0006016812840182,1.05526646951628,True,True,True,0.139631762528447,0.518070891517453,0.314471089130186,0.142027741908548,2.23613132251382,True,False,False,3,3,1.10400232921233,3_of_4
SLC29A4,0.984378374177022,0.002646060532688,1.14333363008129,0.0008116603821371,1.16029908920641,True,True,True,0.300119888155492,0.323461332306733,0.774437077389507,0.0223677804441478,2.57185628665485,True,False,False,2.05547511686475,0.000283816145793,2.15382485975879,0.000224795087994,1.04733815745967,True,True,True,0.703446075198009,0.0003999771983461,0.558565218991995,0.0037310741834962,0.792914090457514,True,True,True,3,3,1.10381862333304,3_of_4
CTSL,-0.843670643938333,4.64428861924329e-05,-1.07483664555037,6.35993578956762e-06,1.27249201006782,True,True,True,-0.123848768046245,0.163259569116675,-0.402639123300997,0.0010198812911988,3.22501478870706,True,False,False,0.875128797130952,0.0001689243968,0.801211125714711,0.0003974968366384,0.914490116451402,True,True,True,1.15987132106254,4.46171790080603e-07,1.08479547856655,1.52098679453181e-06,0.934466601839764,True,True,True,3,3,1.10347930595379,3_of_4
SNX30,0.333204247216679,0.0399917976817962,0.24726140240768,0.118593636205997,0.739851167263502,True,False,False,-1.09362875360442,0.0001776523780433,-1.64064241400171,5.73812023998645e-05,1.49881172826802,True,True,True,0.685358860204679,0.0038986166501847,0.543780188498199,0.017543968290196,0.792268039398571,True,True,True,-0.781986882752974,0.0003768778868707,-1.10510230892568,3.125373979061e-05,1.41139313220696,True,True,True,3,3,1.10183058580277,3_of_4
PRRG4,-0.28660990606476,0.498125394756871,-1.21566030372642,0.0169074182880043,4.22676784801944,True,False,False,0.696606158571846,2.92344593083285e-05,0.645662547230843,0.0002627323197212,0.925540205311055,True,True,True,-0.935542658357742,0.0053249664212579,-1.01952844272712,0.0041230446103805,1.08860865399863,True,True,True,0.546620698603802,0.0015730770516795,0.610049673827942,0.0009293375375715,1.11400039367268,True,True,True,3,3,1.10130452383565,3_of_4
SLITRK5,1.53041035518824,0.0184595889387968,1.37635109299973,0.0329626387383897,0.89874741171549,True,True,True,-0.427000832974785,0.0641312235219168,-0.0128579109041791,0.962764487779758,0.0300417894395467,True,False,False,1.24176932890727,0.0332343776730627,1.620341440635,0.0075060092079475,1.30381511914179,True,True,True,-0.842652580618323,0.0030184748345855,-1.44495122096483,0.0001394882537951,1.71273253251452,True,True,True,3,3,1.10128126542864,3_of_4
LONRF2,2.31627345434165,0.001017083834121,2.55189919512586,0.0004270440638254,1.10125077829922,True,True,True,,,,,,,,,1.95611748287457,0.0491692066604889,2.0581661333438,0.0412408589662233,1.05163136671837,True,True,True,-0.552616967111066,0.003297570180955,-0.832028878487632,0.0002370947072325,1.5028962765166,True,True,True,3,3,1.10125077829922,3_of_4
CDKL2,-1.6106516892545,0.02531388604938,-1.6582545982908,0.0233163696275934,1.02891624123687,True,True,True,0.699240006663395,0.529156863125758,1.37802970721216,0.237148696008735,1.96793912672656,True,False,False,1.68668506789205,0.020445815060846,1.97953500820294,0.0083227339043061,1.17292914766107,True,True,True,1.63905004412228,0.0177080589608683,1.425454028643,0.0466946139009989,0.869152763814517,True,True,True,3,3,1.10092269444897,3_of_4
EGFR,-0.801604968051843,7.50550358595608e-06,-0.799057394608682,6.71655093892617e-06,0.995579925885866,True,True,True,-0.197453589038844,0.0194451496668536,-0.407691133270154,0.0003845748474681,2.05433993532037,True,False,False,-0.667645734534789,8.11875109010901e-05,-0.761929061797542,3.40514985970186e-05,1.13951083876674,True,True,True,0.525546124705309,0.000600006663077,0.558259788092764,0.0005373544091678,1.06022960173756,True,True,True,3,3,1.09987022025215,3_of_4
IGFLR1,-1.13621148365955,0.0038085978493999,-1.0854948369277,0.0050869240308104,0.954523281311383,True,True,True,0.0468465899771733,0.905426331509451,0.278935953448185,0.495310979575639,5.82979797685185,True,False,False,-1.515527158739,0.0237595957447942,-1.88462237380856,0.0131223950768048,1.24272246820534,True,True,True,-1.57682745519357,0.0006018435181105,-1.0734777875049,0.0069903145519134,0.680351824257745,True,True,True,3,3,1.09862287475836,3_of_4
EPHB2,-0.156790248152006,0.187480622180382,-0.181088369028771,0.128779005911647,1.14765247630716,True,False,False,-1.55505535564574,4.27296934408872e-07,-0.983135601812037,6.97581412393035e-05,0.631812742551212,True,True,True,0.754968164996752,3.13969628356637e-05,0.792313737700932,2.61799396586819e-05,1.04807817893275,True,True,True,0.972294815601146,1.66581884512323e-05,1.18973569315524,3.53765726089445e-06,1.22237956483967,True,True,True,3,3,1.09786532761996,3_of_4
CREB5,1.40870943183837,0.0001478114600067,1.53397140806063,6.71429171154943e-05,1.08814722624095,True,True,True,0.35593948433993,0.362173302697191,0.738423459175861,0.0808589589196426,2.0687637304721,True,False,False,1.86084197701807,5.43489442755287e-05,1.75017721543026,0.0001139547353085,0.940024576217444,True,True,True,2.22205732392797,0.0023453235081434,2.45852885138363,0.0013746845608115,1.10592238217213,True,True,True,3,3,1.09703480420654,3_of_4
NUMA1,0.65947600214757,6.37770838623043e-05,0.757876131536078,1.82216086692414e-05,1.14746959627875,True,True,True,0.761696324112645,3.31210308703749e-07,0.405806195854339,0.0002905688871537,0.532067853252698,True,True,True,0.624701200138418,0.0002208658219015,0.654410762590874,0.0001753164902291,1.04588382193626,True,True,True,-0.3244841979452,0.0092545046728805,-0.402167878640943,0.0029129791912407,1.23559878230603,True,False,False,3,3,1.09667670910751,3_of_4
SLC1A3,5.04998057765875,0.0002558831627525,5.01516911821204,0.0002584402583776,0.992909998584214,True,True,True,0.0452372507679524,0.772299356923775,0.31311983856165,0.0639133205304447,6.77202544184736,True,False,False,4.05880958479345,0.0026280591925882,3.87434917133724,0.0041386514036659,0.954317952706236,True,True,True,4.65547320907746,3.20622330406653e-06,5.58222410630678,7.88680436703493e-07,1.19880945420767,True,True,True,3,3,1.09585972639594,3_of_4
COL16A1,0.366768264599569,0.207928102923589,0.589274812462549,0.0445473630194092,1.6022992443466,True,False,False,4.28983012536822,3.91499645263002e-06,2.47804611851264,0.0018090694546402,0.57752137607638,True,True,True,2.13776854255037,0.0148590047941731,2.22255865970333,0.0128795290688787,1.03917680454241,True,True,True,4.33884245621785,8.49807370512658e-07,4.99961434191997,2.93205461982998e-07,1.15202669045206,True,True,True,3,3,1.09560174749724,3_of_4
F2RL2,3.66063481427646,1.06582814014829e-05,3.64781313002321,9.65833192646961e-06,0.996225269598334,True,True,True,1.32315341511725,0.0259047430529053,1.8281338316601,0.0067366741322887,1.38060575971722,True,True,True,4.39390936907205,0.0007553979925294,4.81189835056138,0.0004014584306509,1.09487999557483,True,True,True,,,,,,,,,3,3,1.09487999557483,3_of_4
STC2,2.32844098458819,0.0004115525530967,2.06940706798718,0.0009022479186761,0.888370678492643,True,True,True,-1.09430356112435,9.05420928726746e-05,-1.3828538427422,8.21751947057689e-05,1.26253021703196,True,True,True,1.97498003065466,7.21333348645779e-06,1.82418509996905,1.81635350509544e-05,0.923179926754969,True,True,True,0.130161761820615,0.746678681226869,-0.387915214067499,0.340496913162011,2.95753281050033,False,False,False,3,3,1.09285507189346,3_of_4
PDE1C,1.55261945759799,0.0081248951788605,1.54067447838215,0.008450378468708,0.991667857175364,True,True,True,,,,,,,,,3.88089114319729,0.0017259501923137,4.50021893611809,0.0005795524389445,1.15928519634157,True,True,True,4.45906907678223,0.001940134306525,4.87361713531003,0.0012618094330633,1.09272234384902,True,True,True,3,3,1.09272234384902,3_of_4
TANC2,1.1930541885242,1.27111596116762e-05,1.32359434770513,5.0976879990667e-06,1.10848767202185,True,True,True,-0.688449997282252,0.000647425640401,-0.74142477013604,0.001091151373229,1.07538584822492,True,True,True,1.02746153962167,0.0002934357036998,0.909308381362647,0.0008792423749452,0.884144274074795,True,True,True,-0.371504432393497,0.0174225303122023,-0.593712611147022,0.0009998410265254,1.59384039360866,True,False,False,3,3,1.09193676012338,3_of_4
GNPNAT1,-0.362464999717332,0.0581266133856513,-0.505994625358566,0.0117848943584755,1.39214126739048,True,False,False,-1.21443836739458,3.11387263165909e-06,-0.6272519023485,0.0020021578681662,0.516070513466742,True,True,True,-0.966053322776015,1.04153200216131e-05,-1.18510604744858,3.25129324994013e-06,1.22548159396901,True,True,True,-1.13704172453559,2.00942211396184e-06,-1.08793639282989,5.2077615886325e-06,0.955972324541838,True,True,True,3,3,1.09072695925542,3_of_4
TPM1,1.27277446342031,4.44199870505353e-05,1.39922674986859,1.82163017376718e-05,1.09848861792332,True,True,True,0.153401063232341,0.100131085402576,0.26746153635618,0.0145354790067394,1.73225190783633,True,False,False,0.994574084667951,5.76310375466403e-05,0.755659641247515,0.0005814348034112,0.759018995055045,True,True,True,2.1649393869283,4.54621774332022e-08,2.34427869180541,2.79915140683813e-08,1.08233808663041,True,True,True,3,3,1.09041335227686,3_of_4
GYG1,-0.371213760547138,0.0235541927440781,-0.474980105584465,0.0062688442279452,1.27609496458773,True,False,False,-0.673578247384019,4.4948213558034e-05,-0.345080559614956,0.0133551953869721,0.511550084742817,True,True,True,-0.718796747737112,7.42010780645464e-05,-0.864181265079865,2.66193939734705e-05,1.20059067757206,True,True,True,-0.516888926200308,0.000517396401354,-0.506885185899772,0.0008926047884047,0.978752702087552,True,True,True,3,3,1.08967168982981,3_of_4
SERPINE2,0.674646405402265,0.296075006538824,1.02639173246923,0.103035128120063,1.51912557258133,True,False,False,-0.743614750641193,0.0003378364539121,-0.592745457068461,0.0045357131414048,0.796043130434958,True,True,True,2.17751411772524,0.0003644517734884,2.27571061682965,0.0003006502953387,1.04461596016917,True,True,True,2.26963727562718,6.07226520677496e-08,2.57584178972942,2.0275037816667e-08,1.13441359277339,True,True,True,3,3,1.08951477647128,3_of_4
ADAM11,-0.942894199843722,0.0035661817160578,-1.06947382259298,0.0017318705482334,1.13304417250371,True,True,True,1.10422591565628,0.0123474610318375,1.26651255332784,0.0101032948663253,1.14593092270714,True,True,True,2.74159411042972,0.0008760820231046,2.68079856224184,0.0012284576288069,0.97746821232027,True,True,True,1.41867517802254,0.158685099020538,1.48376164105411,0.152567348166359,1.04514163804768,True,False,False,3,3,1.08909290527569,3_of_4
HEPHL1,1.37438687475668,0.0015500187796877,1.73861424617846,0.0002026226945002,1.26409105546106,True,True,True,0.421694336516654,0.176860290242498,-0.0981403660177289,0.806457936590752,0.232178095468431,False,False,False,1.92650018145494,0.007194247834354,1.75960713283686,0.0147174851658527,0.912895962224321,True,True,True,1.47330157125944,0.0028070899019298,2.81168845899709,6.02801338330818e-06,1.90713251196983,True,True,True,3,3,1.08849350884269,3_of_4
SNPH,0.597030534579789,0.0034800741916926,0.808468584253503,0.0003261719737437,1.35188512543357,True,True,True,0.271050591636328,0.223877594320456,-0.0071547663687385,0.981234135436068,0.0262993964677824,False,False,False,2.06865452191,0.0001277165596716,2.4059008233619,4.05872494131545e-05,1.16246494180178,True,True,True,1.63962254184569,3.03631295456296e-05,1.66049399114969,4.6244723031555e-05,1.0121121396282,True,True,True,3,3,1.08728854071499,3_of_4
NPY4R2,2.12349863067713,0.0036753256835766,1.99658446749744,0.0057183917988926,0.939790894033704,True,True,True,10.0806523578085,0.0001318544356593,8.44741628905291,0.0017122664127576,0.837899978023956,True,True,True,1.39441631236477,0.0205448695198418,1.71915624383169,0.0060520742036231,1.23200239856612,True,True,True,-0.0705736742199279,0.760457149453702,0.275444370929584,0.204874600312426,3.8484033959639,False,False,False,3,3,1.08589664629991,3_of_4
KIRREL1,0.764907406567072,1.12752567241822e-05,0.858470020892817,4.25448999151665e-06,1.12085353076898,True,True,True,-0.944147185954275,0.0003549003994649,-0.361439864550265,0.118164199598176,0.382416484883605,True,True,False,0.691801027476819,0.0004787859036577,0.72780248916064,0.0003669756546762,1.05052166537815,True,True,True,1.887126785291,3.83443759636664e-08,2.18965848094475,9.675920713387211e-09,1.15969886026869,True,True,True,4,3,1.08568759807356,3_of_4
ATP8B2,0.894801740074127,0.0008428060007094,1.02959415513771,0.0002644768281492,1.14935493991395,True,True,True,0.469966534423769,0.440664385194641,1.0453018908231,0.10712699906568,2.21948230802011,True,False,False,1.53611146601562,0.0002841918519415,1.56893306566186,0.0002828851503808,1.0207022069315,True,True,True,1.34942838072265,9.84251306199589e-06,0.996638371698616,0.0003674730558289,0.738016459018203,True,True,True,3,3,1.08502857342272,3_of_4
ITGA6,-2.69893970522383,1.21039380532693e-07,-2.89038349761308,1.16713506477794e-07,1.07053631309647,True,True,True,-2.22354489956471,3.81686707231219e-07,-1.67942199149932,2.25340601196755e-05,0.754950817952896,True,True,True,-1.05801194017919,8.02914927630576e-06,-1.16227998420351,5.52485931535687e-06,1.0975135785597,True,True,True,-0.0815930737089854,0.643411681582742,0.578528128358306,0.002941624685291,7.00455985445868,False,False,False,3,3,1.08402494582809,3_of_4
KLF9,1.32849645554442,1.71089135567088e-05,1.55206789452854,4.2950142582379e-06,1.16741032896773,True,True,True,1.10462178068684,0.0003215252005507,0.236720990317732,0.439411218993228,0.214106663284686,True,True,False,0.74264758198587,0.0113180267239946,0.743631871829159,0.0129372609214084,0.999978874191093,True,True,True,-1.25054334891374,3.18687728790631e-07,-1.49113660398819,1.11951387070509e-07,1.19143823926067,True,True,True,4,3,1.08369460157941,3_of_4
ALDH3B2,-3.68393976718017,0.0217371328766051,-4.35086649712266,0.0185400272992416,1.18071577068194,True,True,True,2.83863151906911,5.96882201855135e-07,1.74708887701987,0.0002741322811823,0.615251966773704,True,True,True,-0.24227935880333,0.810692664199963,0.238425695740936,0.803863788883425,0.98004901407884,False,False,False,-1.47964542117308,0.0017601522172182,-1.86792052319612,0.000716119618687,1.26155830186285,True,True,True,3,3,1.08038239238039,3_of_4
REEP6,0.628559194796435,0.0010832538078154,0.773796893073079,0.0001958530561735,1.22910903290561,True,True,True,-0.628502752546523,0.000694943202649,-0.52725560899488,0.0056674894195636,0.837574747468501,True,True,True,0.532458052274992,0.107330111860954,0.804396464602193,0.0190397949879811,1.50789075386856,True,False,False,-1.63698657256135,1.75050510331586e-06,-1.5211009230556,5.12916124182082e-06,0.928640654652636,True,True,True,3,3,1.07887484377912,3_of_4
LCP1,-2.48574810439865,0.0002770562572491,-2.87688812138721,0.0001534212214263,1.15688763019401,True,True,True,-0.768464286616302,1.43422989107232e-06,-0.275766413968199,0.0129579642947511,0.358387541520444,True,True,False,-2.23044154627531,0.000164908081314,-2.229215645212,0.0001976572724566,0.999002482916469,True,True,True,0.580239617599725,0.000388321304329,0.862885328382043,1.45590513916196e-05,1.48456041579787,True,True,True,4,3,1.07794505655524,3_of_4
VTN,3.83131505451574,2.4755219683489e-05,4.39597597326478,6.88232486514203e-06,1.14708104911282,True,True,True,5.26745838344566,1.71277113093415e-06,4.47575726658027,4.93152575453395e-05,0.849538316681748,True,True,True,-0.43674467823283,0.678983598666513,0.661274466515465,0.465698383078881,1.51063964771661,False,False,False,4.97531087653296,0.0009497232868137,4.9875831635688,0.0013492587713571,1.00226518947781,True,True,True,3,3,1.07467311929532,3_of_4
SNAI2,0.508032225434552,0.0464782952277767,0.623141186792828,0.0169036774886538,1.2241684428935,True,True,True,0.564008976858716,0.0648514357940998,0.195460980525956,0.583636503822161,0.345943141669468,True,False,False,1.77083225863166,0.0002895563353928,1.63705927748662,0.0006637429063424,0.923935812496652,True,True,True,1.63845262568422,5.13767539823758e-07,2.29936395611567,1.50447693835666e-08,1.40251930436602,True,True,True,3,3,1.07405212769508,3_of_4
PKIG,1.2102013515853,2.11179576858128e-05,1.52158095080169,2.90795687760057e-06,1.25625763941738,True,True,True,0.447976056395748,0.0003092134408656,0.470490543127932,0.0006982636009684,1.04791900687287,True,False,False,1.34747296942461,4.83875083591357e-05,1.47743152468979,2.78104460969104e-05,1.09563302950018,True,True,True,2.13361466870672,3.52695620052429e-07,2.02799434802416,1.05396729174773e-06,0.95005172491054,True,True,True,3,3,1.07177601818653,3_of_4
GCNT2,0.768842469901826,0.0002541793883223,0.768253813338904,0.000245007386216,0.997936387475317,True,True,True,-0.913310414684555,1.73373245476791e-05,-0.811601507564873,0.0002106899721911,0.887665167682556,True,True,True,-0.0763991292688511,0.689309949440154,-0.17162349299102,0.353294712301225,2.21738273559738,True,False,False,-0.660086437132175,0.0003413145140433,-0.754585059432535,0.0001833925673701,1.14143176602739,True,True,True,3,3,1.06968407675135,3_of_4
TRIM8,0.846454710057047,2.7192022805027e-05,0.679138530582366,0.000156019067294,0.801386224564908,True,True,True,-0.498716609493967,0.0002567550217866,-0.606851810152293,0.0002076887574036,1.21439191458298,True,False,False,0.619117199478192,0.0010731603451114,0.649084518224994,0.0008732869161331,1.04671265169097,True,True,True,-0.715015610998444,6.71060880797087e-05,-0.781167300870282,5.16412197247527e-05,1.09099199636302,True,True,True,3,3,1.06885232402699,3_of_4
TMOD2,1.13605516017245,0.0001396107728716,1.26763173223067,5.11844180931266e-05,1.11483750008963,True,True,True,0.0198234973578635,0.924368244165706,0.160606934668325,0.463273266102558,7.71277427168955,True,False,False,1.52251151110158,2.4170005279065e-05,1.55820578461514,2.61233201899107e-05,1.02277257064403,True,True,True,2.83933915166203,1.52719301747882e-06,2.34074580439498,2.43308519174618e-05,0.82410785452339,True,True,True,3,3,1.06880503536683,3_of_4
PROCR,1.33158477350629,3.59607620991885e-05,1.41747386931142,1.90823142856379e-05,1.06370258575128,True,True,True,-0.256484120184063,0.209710191446935,0.116658106902553,0.60492266257611,0.453069132260117,False,False,False,1.0417213949693,4.22456349762898e-05,1.11923417001815,2.8968961785784e-05,1.07337796598209,True,True,True,0.507188529037548,0.0212698742573219,1.05876691501635,9.80717907177206e-05,2.08341364379384,True,True,True,3,3,1.06854027586669,3_of_4
GSTM4,1.07435623482207,6.43110796762071e-05,0.97993089302715,0.0001404551802899,0.911261646415516,True,True,True,0.217465066679774,0.313783237148333,0.913646972048111,0.0011421821851914,4.18211930142284,True,False,False,1.48527009461074,0.0063734304863384,1.12121034216177,0.0385186391968618,0.754378592577024,True,True,True,2.53319243012463,5.11028250361478e-08,3.10402118394568,6.87031321199341e-09,1.22485615024626,True,True,True,3,3,1.06805889833089,3_of_4
PLAUR,-1.37177786263647,5.81621893559602e-06,-1.41633960961111,4.56018889253333e-06,1.03173255350358,True,True,True,0.402425026781212,0.0676204457233067,0.145463205942007,0.562746602634437,0.360570604909188,True,False,False,-0.705497808867982,0.0236197762110363,-0.872869336034807,0.0092370072192454,1.23548767608126,True,True,True,-0.794500948042703,0.001409441740123,-0.877334519514151,0.0009712054813806,1.10287048893253,True,True,True,3,3,1.06730152121805,3_of_4
GNAS,0.601577662262597,2.48135652219034e-05,0.724722552411745,5.122968350968e-06,1.20270397958416,True,True,True,0.554965476707284,5.75449371344596e-06,0.517078245658638,6.14062674056297e-05,0.930054593895009,True,True,True,0.509404706475905,0.0006317518974391,0.438006128659918,0.0020868525525717,0.858154564608419,True,True,True,0.484787859832661,0.0012734900535321,0.629054279874842,0.000214911445849,1.29491560388424,True,False,False,3,3,1.06637928673958,3_of_4
C1QTNF3,0.915038365853008,0.0340971476375875,1.13797972652545,0.0099285494614469,1.24228391402119,True,True,True,2.40577431776579,0.0001047310676749,1.51285749533702,0.0123788126682984,0.628583030893153,True,True,True,2.30089767706405,0.0322208043030392,2.31704403390789,0.0334771696174535,1.00657994358079,True,True,True,0.68738427622926,0.328167746956861,0.774137986979341,0.285749472749325,1.12457244261855,True,False,False,3,3,1.06557619309967,3_of_4
NACAD,1.7617472851078,4.17305451715296e-05,1.81605450578475,2.97811055826033e-05,1.03024098866996,True,True,True,,,,,,,,,3.15491206267255,0.0280345341407297,3.35701067566128,0.0214086165168746,1.06372123462098,True,True,True,2.23720833831726,1.42349085791574e-05,2.59896474535308,4.50349273310382e-06,1.16118088779307,True,True,True,3,3,1.06372123462098,3_of_4
CCT2,-0.515281814447829,0.0019573048081421,-0.618210255757611,0.0004742757365031,1.19742791331668,True,True,True,-1.26513523943068,2.56836136944509e-07,-0.684978738514458,0.0001615664832363,0.540999663529198,True,True,True,-0.287636553133845,0.0306375620642187,-0.425066695600126,0.0035426247270915,1.47267104940453,True,False,False,-0.607570015767538,1.01199484786957e-05,-0.565957736149389,3.59319703823307e-05,0.929979659670867,True,True,True,3,3,1.06370378649377,3_of_4
TPST2,1.31353110131808,4.35957587555326e-06,1.39182854801307,2.62725111629754e-06,1.05880229582814,True,True,True,0.400734058309637,0.0141598433448317,0.0909994064123127,0.61973973951254,0.226516533836359,True,False,False,1.11858964000341,0.0032439333702979,1.19268980429256,0.0023251229097593,1.06529192632483,True,True,True,0.890034716919443,0.0014072732112544,1.06640199337555,0.0004207079572067,1.19681306813993,True,True,True,3,3,1.06204711107649,3_of_4
SH3BGRL,1.31135495864604,1.06753107540807e-05,1.41356279943059,5.2847076976046e-06,1.07711925810755,True,True,True,2.13044746535165,6.72677269968785e-06,1.78383496665381,0.0001820917116225,0.836912471759894,True,True,True,0.0222224218741021,0.927986975159073,-0.0583832263273916,0.805323808212969,2.51408860987498,False,False,False,2.26672181460829,1.63030671232566e-08,2.37413188480179,1.13298881447046e-08,1.04692377588293,True,True,True,3,3,1.06202151699524,3_of_4
ZNF138,-0.616554694622552,0.0025828350459208,-0.762424229999583,0.0006601015503251,1.23458575675726,True,True,True,-0.56460180217243,0.0133949266078346,-0.431968314439919,0.0688929475079712,0.763732210153441,True,True,False,-0.545048574869078,0.0399664074177448,-0.559439831498084,0.0407670863457432,1.02452392927171,True,True,True,-0.920550928084507,5.45483822775875e-05,-1.01161807964172,4.62812065274747e-05,1.097734318107,True,True,True,4,3,1.06112912368935,3_of_4
ADAM21,1.63570491650893,6.9203797623376e-05,1.57381995889153,9.69687196172185e-05,0.961578316907893,True,True,True,3.61790504700519,0.000499754193611,2.73812322664262,0.0107969995397477,0.756616487881754,True,True,True,0.876295357083452,0.272232746250269,1.57494970089803,0.0414817428483849,1.79523314261449,True,False,False,2.35790145838758,0.0048088599532822,2.73744235673646,0.0019281044867459,1.16047338349082,True,True,True,3,3,1.06102585019936,3_of_4
SLC6A6,0.570927675399142,0.0019991652543061,0.662731450936926,0.0006161571329233,1.15876793420499,True,True,True,-0.626701938937688,0.0005392498485586,-0.364982823075407,0.0320439919178942,0.581458810997299,True,True,True,0.13243435227179,0.624950568508124,0.128429929269473,0.640154950970873,0.962495242663421,True,False,False,-1.09522660375343,9.47982697575458e-06,-1.33296311201165,3.04128504911323e-06,1.21595581374111,True,True,True,3,3,1.06063158843421,3_of_4
OGDHL,2.59375905704465,8.43380085306728e-05,2.70574522641311,5.50421805177495e-05,1.04277320819717,True,True,True,,,,,,,,,1.85334110564498,0.0001849809764718,1.96571609439677,0.0001345455199184,1.06006175908669,True,True,True,1.70190660731775,0.0194296164572987,2.02144633716493,0.0079607145434921,1.18705648828794,True,True,True,3,3,1.06006175908669,3_of_4
IGFN1,1.71717318202794,0.0027312211946793,1.94206198107378,0.0010297827715129,1.13030630520119,True,True,True,-3.9037528248508,1.37636949414925e-06,-3.39581958134136,1.627809427064e-05,0.869663134559897,True,True,True,7.191792215118,0.0068287070288699,7.11257150096702,0.0077979779919734,0.988847069155929,True,True,True,-0.158022946244381,0.849023885950416,-1.52734556589683,0.134232944226175,9.60456086349738,True,False,False,3,3,1.05957668717856,3_of_4
ASPHD1,1.11668079635836,0.0002871526585336,1.20599763145539,0.0001411924053632,1.07901794088687,True,True,True,0.578008246599026,0.0001706587812621,0.185367611369281,0.183335377415232,0.32014675517679,True,True,False,0.93548950933021,0.0071229239068046,0.974071146536691,0.006179242552846,1.04013033443734,True,True,True,1.15130209018959,0.0014065731221212,1.32240742782435,0.0005980678104235,1.14762217224371,True,True,True,4,3,1.05957413766211,3_of_4
BSPRY,-3.53315777468781,0.0009819890454637,-4.59979845821723,0.0006740758459842,1.3015260640489,True,True,True,-1.20122276422713,4.44399782974758e-07,-0.552008505947812,0.0006715895605438,0.459156590919055,True,True,False,-2.6674804612279,3.20553084746345e-06,-2.42658895458793,7.77654688263161e-06,0.909352341096527,True,True,True,-1.21374755306731,1.38110609164596e-07,-1.46741628712848,4.32654722402075e-08,1.20800102327695,True,True,True,4,3,1.05867668218674,3_of_4
NOP53,0.797471832483111,0.0001619889719238,0.985634425528898,2.52901142009935e-05,1.23440099629281,True,True,True,0.51380882706423,1.04851582244961e-05,0.209773088083034,0.0223101694520993,0.407477644234064,True,True,False,0.618356574963411,0.0020222192988034,0.653006116229567,0.0015169807213585,1.05432983619839,True,True,True,-0.618764378897422,7.05949258364966e-05,-0.658554579246911,6.86701419390594e-05,1.06258862508119,True,True,True,4,3,1.05845923063979,3_of_4
POPDC3,,,,,,,,,-2.44922834091049,6.14316118917979e-07,-1.34535156320943,0.0001059247923798,0.549071913317885,True,True,True,1.11961041596704,0.0313293094952015,1.18501961138092,0.0254003882093782,1.05747688446952,True,True,True,-1.8315022883477,0.0013949371134905,-2.32847990769626,0.0006631793965035,1.27065593451224,True,True,True,3,3,1.05747688446952,3_of_4
CHPF2,0.229744260173041,0.0832117247869075,0.286089897682006,0.0335411460398404,1.23985704982416,True,False,False,1.13222079814981,1.41110486365607e-06,0.596936549773028,0.0013538090179755,0.526761025519154,True,True,True,0.809404583058984,0.0001870420065568,0.872184992373335,0.0001208825930092,1.07623403248924,True,True,True,0.679377072634371,0.0001155320633623,0.705881572540723,0.0001341800667678,1.03748583091961,True,True,True,3,3,1.05685993170442,3_of_4
SYNM,-0.596345052357999,0.0021542932492773,-0.616996829691489,0.0017369347885945,1.03289853537066,True,True,True,-0.378198094439464,0.0065658634471,-0.0004470334695367,0.997365801974277,0.0011788916560817,True,False,False,1.00272189232723,0.0031739463622081,1.08416367544385,0.0020557951168486,1.08014349764765,True,True,True,1.31902958606115,2.52217899535028e-05,1.52900963447188,8.66621580167943e-06,1.1583146700782,True,True,True,3,3,1.05652101650915,3_of_4
BFSP1,0.777456279682894,0.0306798916710364,0.779055089209352,0.030972999077504,1.00076922692011,True,True,True,0.923473473103366,0.0005437574941782,0.54841991813957,0.0376465936406351,0.593224071966693,True,True,True,1.46882089735333,0.0006043610633691,1.63452878188055,0.0002907071500809,1.11205983315641,True,True,True,-0.0449858991935714,0.927754961679117,0.46118035364839,0.292561588677915,10.028734062742,False,False,False,3,3,1.05641453003826,3_of_4
RNF43,1.33970811455615,6.11807775114581e-05,1.54719343140384,1.61955509790493e-05,1.15401213329424,True,True,True,1.56584563519109,0.0011331690556263,1.45059264216325,0.0050205944965434,0.925804437644132,True,True,True,0.25852564603177,0.725673714404952,1.00076697638572,0.115463627695497,3.85613904324203,True,False,False,-1.02529699606853,2.12551528543788e-07,-0.983325968360788,5.30287059923685e-07,0.958130026812558,True,True,True,3,3,1.0560710800534,3_of_4
KIAA1549L,-1.07301548091946,0.130315584166898,-1.25328170979232,0.0866806758529202,1.16691214610742,True,False,False,-3.31395398508664,1.30000704912286e-07,-2.12931744683623,6.24435082194871e-06,0.642336954423993,True,True,True,2.39542231476329,0.0039004598866214,2.26442937176149,0.0064264856212113,0.944920833782656,True,True,True,2.57186892292487,6.53636339140093e-05,3.43360329153483,4.35319378671291e-06,1.3345426426277,True,True,True,3,3,1.05591648994504,3_of_4
RSAD2,-2.99856491423586,0.009167515844194,-2.73083358873063,0.0126579151093338,0.910409898372315,True,True,True,6.00201161670532,0.0013059231799805,4.42987855682778,0.0229478994022265,0.737942692714472,True,True,True,4.4369400148573,0.0011823492207586,5.32702560868619,0.0002885847149154,1.20033745180251,True,True,True,-0.186948979698837,0.513030202150414,0.641968426027933,0.0169908617391919,3.41565262581686,False,False,False,3,3,1.05537367508741,3_of_4
MAP6,1.46560737515465,6.01299203864033e-05,1.68457228490607,1.59040357032364e-05,1.14861844652079,True,True,True,0.421523566055932,0.681885355352324,-0.739729258771433,0.572753960346997,1.75074083009493,False,False,False,4.50234449039595,0.0016903066202171,4.32445861511317,0.002540432781342,0.960277106123176,True,True,True,2.30188597740138,0.0002419338710207,1.82500983952757,0.0029684677869401,0.792488146367953,True,True,True,3,3,1.05444777632198,3_of_4
SEC61G,-0.604183426342418,0.0005693986953849,-0.669608523088675,0.0002569073750151,1.10645548761245,True,True,True,-0.505866582524849,1.22359049214396e-05,-0.400346277995794,0.0003738145118539,0.789845477682812,True,True,True,-1.1601891594432,2.57481075697794e-06,-1.16315912008538,3.30298136110285e-06,1.00169650278437,True,True,True,-0.024109167489053,0.844319989432138,-0.0479315884648495,0.710106471003353,1.90892782429949,True,False,False,3,3,1.05407599519841,3_of_4
ARAP3,0.043889147483438,0.81105462685803,0.0548604342499486,0.761293836490783,1.2221313463391,True,False,False,-1.47676607860946,4.31482806867648e-07,-1.02275478593724,3.87635730482502e-05,0.692095183900571,True,True,True,1.16461817109156,0.0001873996722965,1.13290081264397,0.0002956805208316,0.971931324288681,True,True,True,1.26093495213368,0.0001026544876381,1.43218063215101,4.6956304591166e-05,1.13490844336269,True,True,True,3,3,1.05341988382569,3_of_4
APBB1,1.15924210643013,0.0001347771632763,1.2302247318355,7.606522236399e-05,1.06031726052478,True,True,True,0.207850778937866,0.484751845490096,0.27932175011777,0.400414794290268,1.33742259204534,True,False,False,2.42155044900282,1.34511075993661e-06,2.5332299235411,1.2293183061987e-06,1.04568717014081,True,True,True,2.34238314227394,2.03601012395988e-06,1.673048806491,0.0001413248359046,0.713945908507104,True,True,True,3,3,1.05300221533279,3_of_4
CAMK1,0.957914652800603,0.0013231237080564,0.755186631335171,0.007351357725879,0.787543113591575,True,True,True,0.568274204003647,0.207599117014371,0.749029477569286,0.129527448996774,1.31576219737595,True,False,False,1.46838512424228,0.0006556955873649,1.43767616045672,0.0009435551890548,0.978420249897445,True,True,True,-1.34128370191638,0.0008321693379762,-1.51169318668044,0.0006234798337695,1.12620989476531,True,True,True,3,3,1.05231507233138,3_of_4
PLOD1,0.619879721635868,6.31000537410509e-05,0.708319521683875,1.88224888042984e-05,1.1408321080573,True,True,True,0.222167748900191,0.0289060969472743,0.291195283680379,0.0123924010584522,1.30482690763087,True,False,False,0.59348483002171,0.0005867459986406,0.436620180016607,0.0056966959186388,0.734451339995778,True,True,True,1.15465677976356,3.97779105226715e-07,1.11178454275387,9.69662509958854e-07,0.962036966530265,True,True,True,3,3,1.05143453729378,3_of_4
SLC9B2,0.591234371995225,0.0146262438624293,0.841791099498391,0.0012628935355971,1.42138170174489,True,True,True,-1.50928455748369,2.60570689659566e-06,-0.547510245629687,0.0085765713325396,0.362521249996691,True,True,False,0.959025088343,0.0005137212905762,0.777943441376029,0.0031531702814754,0.810336574348027,True,True,True,1.28244363291418,0.0042002486367514,1.65836386484744,0.0006710095944706,1.29212052817775,True,True,True,4,3,1.05122855126289,3_of_4
CHCHD7,-0.530335349624784,0.0028609772400749,-0.582553181566429,0.0015468614092653,1.09639455002912,True,True,True,-0.543044768051761,0.0002731926919069,-0.584690580300086,0.0005706738136632,1.07471041839788,True,True,True,-0.888488253125689,9.84943550580956e-05,-0.913733804816875,0.0001095852786377,1.02725786608872,True,True,True,-0.177283682487444,0.372289004657188,-0.0350317968020026,0.878190369922562,0.196494689324525,True,False,False,3,3,1.0509841422433,3_of_4
CLIC2,1.61077837988486,0.0209030337958613,2.06428646692125,0.0039725445845754,1.28075081083338,True,True,True,2.89809223479313,0.0026945918408714,1.38515037953379,0.182847641333061,0.477787620176434,True,True,False,1.83808145622395,0.0066673284154704,2.66306664066761,0.0003895752652129,1.44804170128249,True,True,True,1.71932651965316,1.23343271221781e-06,1.41206457294636,1.9516209870468e-05,0.820811954483531,True,True,True,4,3,1.05078138265846,3_of_4
LRRC32,-0.295399969817209,0.678214315444793,-0.677528753156865,0.341001117914955,2.28585972385456,True,False,False,8.81616952270172,7.95962005282043e-05,6.91328532796042,0.0020016845338858,0.784070818890423,True,True,True,5.60695630393271,0.0009124353984024,5.59849298990251,0.001041738602686,0.998312520013117,True,True,True,2.69655294691655,0.0279014576731594,2.96968957569764,0.0192731236858081,1.10088277566235,True,True,True,3,3,1.04959764783773,3_of_4
B3GNT2,-0.595081220888054,0.0137694298597474,-0.667868617654887,0.007688450744232,1.12043224019016,True,True,True,-0.617506402333217,8.41365812073085e-05,-0.605257459021417,0.0003907177663134,0.978579133115162,True,True,True,-0.618570147512638,0.0014977753402586,-0.5622762521886,0.0033091584797317,0.907526378483448,True,True,True,0.103941778013616,0.476952256049716,-0.211280702783497,0.164382243416816,2.01331354187732,False,False,False,3,3,1.04950568665266,3_of_4
EPSTI1,-2.03684057962684,0.0478622702548705,-2.139892476061,0.0428692553956317,1.05007844944026,True,True,True,3.16968072919925,0.0033133441021434,2.26820711279009,0.0478991337998431,0.715369129380277,True,True,True,1.84747200879214,0.000738328498808,1.93696665189344,0.0006054955366445,1.04787448372514,True,True,True,0.415378713106658,0.0904886577632237,1.18561150219967,8.27407679991756e-05,2.84743543528837,True,False,False,3,3,1.0489764665827,3_of_4
TOM1L2,0.576610014539958,0.0001090221628131,0.636153475911422,4.50240335354857e-05,1.10135465088515,True,True,True,1.54001231987808,1.55555311092698e-06,0.65089457377842,0.0067088833183212,0.42238116164439,True,True,False,0.720926563740223,0.0011935250357704,0.745666126717166,0.0010350681650081,1.03288362579976,True,True,True,0.648052716788388,9.16575940543597e-05,0.69058676510388,8.51927933401617e-05,1.06399179487455,True,True,True,4,3,1.04843771033716,3_of_4
WNT10A,1.46968526214097,0.0063162823004406,1.66511485123445,0.0025127987416962,1.13220339803395,True,True,True,3.50918578559275,9.3330653805453e-06,2.01055813360604,0.0046002291584641,0.572778267708279,True,True,True,-0.781631278821993,0.416131885588016,-0.848744068881119,0.388735042551534,1.08447501633034,True,False,False,2.4377768554908,2.06572067609125e-10,2.46864893698983,1.59982482821743e-10,1.01224879653576,True,True,True,3,3,1.04836190643305,3_of_4
COL27A1,0.342858915435502,0.16347919798863,0.60935074238296,0.0175730878219326,1.77209522577365,True,False,False,0.530875010893332,0.0080380312657434,0.556926543364311,0.0117536125701915,1.0471004126118,True,True,True,1.57312638372848,0.0334266918041696,1.65202082540048,0.0278328470425985,1.04948423613071,True,True,True,-0.907115386070673,0.0016780675649889,-0.719072958647462,0.0094214878077112,0.791829947688499,True,True,True,3,3,1.04829232437125,3_of_4
GRHL1,-1.89422730871026,0.0052631745088251,-1.41066951472322,0.019720066943025,0.744327347036387,True,True,True,-0.188623849315466,0.0686754462605485,-0.424332249678561,0.0020046973556369,2.23775780952861,True,False,False,-1.16042563334303,0.0025260306373716,-1.26697258348563,0.0020874917298598,1.09087706273435,True,True,True,-2.44161249980035,7.25535069959406e-10,-2.45564135046133,9.00010093985241e-10,1.00533398181744,True,True,True,3,3,1.0481055222759,3_of_4
FZD2,0.824979052872938,0.0002986825007542,0.833138419315642,0.0002606698041126,1.00866773366443,True,True,True,0.204256944606867,0.105977309995237,0.408998189991232,0.0072204461321513,1.99261560077587,True,False,False,0.696675653271054,0.0032710406654886,0.758730796456572,0.0020448687191736,1.08751221702988,True,True,True,1.10307000496999,2.64581535982116e-05,0.99800619104722,0.000123407401658,0.903933796366787,True,True,True,3,3,1.04808997534716,3_of_4
PLSCR3,1.05378297384564,0.0001440970311449,1.15792489998947,6.02713889040143e-05,1.09778497444625,True,True,True,0.144549848273041,0.149628573147734,0.147958249452307,0.184447810092283,1.016546916454,True,False,False,0.663545033785399,0.0005255635129441,0.715789009444611,0.0003396717060934,1.07711136650486,True,True,True,1.53629954566342,1.73108520131734e-07,1.46060705119383,4.94075240643598e-07,0.950112198571884,True,True,True,3,3,1.04682914147943,3_of_4
GPR37,0.193533002050691,0.849105892167407,-0.200337236889032,0.850199459758173,1.02983676176872,False,False,False,1.5588693569468,1.74355518240201e-05,1.3825583290169,0.0002598561218391,0.886329565267595,True,True,True,2.53732395320227,0.015968195521188,2.69645026768815,0.0119605804371426,1.06229556092964,True,True,True,0.557453974543263,0.0487302505428355,0.980477154378,0.0017338914955372,1.75569912485607,True,True,True,3,3,1.04606616134918,3_of_4
CTSH,-0.015229748956413,0.980750007517901,0.179852978649079,0.734742631587122,11.0816858062375,False,False,False,2.87191290007602,3.39361590407598e-07,1.50161165430125,0.0003805709041313,0.522679143618143,True,True,True,2.42214435023975,4.13743016629349e-07,2.48413850270739,4.69079790960326e-07,1.02517148945815,True,True,True,2.06999038294811,7.73177427134374e-06,2.2052205064822,7.49147975303969e-06,1.06481446009566,True,True,True,3,3,1.04499297477691,3_of_4
KCNK2,,,,,,,,,-2.69035009043943,0.0057725107530638,-1.84781361453129,0.0393606982095998,0.686574972574299,True,True,True,-1.88157318096829,0.0032349164946462,-2.188031691734,0.0022312972407234,1.16225584952219,True,True,True,-2.68270550096257,0.0006524747036516,-2.80282455380943,0.000830925384225,1.04438603744119,True,True,True,3,3,1.04438603744119,3_of_4
LIMCH1,2.16630447571926,1.32291209409723e-05,2.30847590432238,6.94659140666519e-06,1.06513686940838,True,True,True,0.228239537493427,0.0504117633671903,0.38430247002225,0.0060150980828961,1.67642316078774,True,False,False,0.894871172303978,0.0034025437731728,0.916418319310603,0.0032650813705178,1.02293538138277,True,True,True,1.07906384523265,5.51831232424101e-06,1.08342522099348,9.25312698367767e-06,1.00311220098299,True,True,True,3,3,1.04403612539557,3_of_4
LZTS3,1.63697795537754,9.89820085574767e-06,1.70656347517515,6.41629569785956e-06,1.04187206523289,True,True,True,2.50053621531636,3.27455877009056e-07,2.27497150006389,6.20547867619937e-06,0.909429768050023,True,True,True,1.75422155914892,4.18034802708965e-05,1.83531859880644,3.55506522888582e-05,1.04563357784664,True,True,True,-0.115625604995631,0.446315354942013,-0.618955599422057,0.0009553595165126,5.30720161704837,True,False,False,3,3,1.04375282153977,3_of_4
TMEM92,0.873110857472339,0.0032391128524382,0.867223169899427,0.0034266085449417,0.992120350051675,True,True,True,-0.818072843928857,0.0322090187795254,-1.12746888593332,0.0144648291241432,1.37651845533686,True,True,True,0.338242498308263,0.478650037564255,0.370191174401578,0.442067436557272,1.09122877071019,True,False,False,-0.829301306233771,0.0003128162160624,-0.759746417228501,0.0008790667168079,0.915024957234735,True,True,True,3,3,1.04167456038093,3_of_4
RGS20,-1.22081504052143,4.16356048222118e-05,-1.18639590442214,5.17440033726235e-05,0.971011049197615,True,True,True,-1.32072824886112,5.94420700923667e-05,-1.12304082395908,0.0006982636009684,0.849676039629749,True,True,True,-0.781092429973202,0.0171156710747768,-0.869773398749661,0.0122282927707681,1.1121107498502,True,True,True,0.298493649135429,0.646371931204965,0.560067455409006,0.379094198971677,1.87004785251973,True,False,False,3,3,1.04156089952391,3_of_4
MRC2,-0.491962226538786,0.155734568037771,-0.578908576886624,0.101319262907083,1.17434672622138,True,False,False,2.12363471685532,1.57470888647446e-05,1.64319543528593,0.0006909966326294,0.773401386247717,True,True,True,3.91868852953799,2.1493211501691404e-09,4.02278655324744,1.6211581950149301e-09,1.02630260617203,True,True,True,3.52903248394665,2.45130509480875e-05,3.72299523888415,2.40432865296011e-05,1.05466316692977,True,True,True,3,3,1.0404828865509,3_of_4
HLA.E,0.806436094352692,1.40439996484505e-05,0.898567484204437,5.32577223947234e-06,1.1128651425037,True,True,True,1.60736831825213,1.84987728320686e-06,0.981804256322708,0.0006099842867532,0.610434963920247,True,True,True,0.891736381529989,1.70712567016576e-05,0.863900766930748,2.78104460969104e-05,0.967699742952313,True,True,True,0.149305855292607,0.126564815024904,0.312014985584813,0.004643097358284,2.07586713756027,True,False,False,3,3,1.04028244272801,3_of_4
SHFL,0.591475329979815,0.0005375596239222,0.67145821061441,0.0001840642826452,1.13330999053967,True,True,True,1.64657857544974,4.654800575426e-06,0.835893098273272,0.0056707984082515,0.50734642385423,True,True,True,0.40362690068144,0.0694003309226989,0.536548294743516,0.0204988686728464,1.32603218876428,True,False,False,1.15833405456024,1.48162595500755e-05,1.09524999491864,4.74262279667196e-05,0.944723387198431,True,True,True,3,3,1.03901668886905,3_of_4
PRR16,1.55928764917417,0.0171723477223,2.00800534414628,0.0029775638236496,1.28694561237415,True,True,True,5.83783800313053,4.01423719926084e-06,4.55788170654718,0.0002092135304484,0.78061451681027,True,True,True,0.659645584582035,0.0777757438100547,0.698907982042217,0.066289633076685,1.0579166777969,True,False,False,3.68253482678049,0.0040232712650715,3.75359032735075,0.0046946656646504,1.01901855252214,True,True,True,3,3,1.03846761515952,3_of_4
IRS1,-2.6343081322195,7.96608043760886e-07,-2.24628599832254,1.88906551954872e-06,0.852380778877148,True,True,True,-0.953122339010251,0.0003124600731936,-0.823358480646625,0.002530858514547,0.86294854127483,True,True,True,0.0985019068846977,0.727608355309308,0.280903479173403,0.284634111244691,2.82309644074372,True,False,False,-1.50247573577316,9.34878332057805e-08,-1.82394825886682,2.27714773200148e-08,1.21315443639591,True,True,True,3,3,1.03805148883537,3_of_4
MMP24OS,1.32591079806442,4.28210548131218e-05,1.57429176728184,8.95669680510807e-06,1.18643375996207,True,True,True,1.12319422311293,6.74989049996511e-07,0.650997766433118,0.0004355693951126,0.579079444680372,True,True,True,1.91306500440963,2.24253994251077e-06,2.06701840614828,1.5079734547656e-06,1.0799102441068,True,True,True,0.487856874529408,0.001056997454675,0.486826343670507,0.0015369719079963,0.995846369428975,True,False,False,3,3,1.03787830676789,3_of_4
MAN1B1,0.807223441128155,3.1614430444493e-05,0.962184163778743,6.84865489218702e-06,1.19049277070668,True,True,True,0.657755527676199,3.01741761368691e-06,0.467248295834231,0.0002879205632457,0.709289373984425,True,True,True,0.445852715928779,0.0017558191378376,0.498005423304839,0.0008742650725558,1.11447330530316,True,False,False,0.63216848075092,6.93398314742762e-05,0.608567535694153,0.0001638067000367,0.961146289171579,True,True,True,3,3,1.03780979723737,3_of_4
CHST14,-0.556589457321769,0.0006927860768852,-0.646614640299204,0.0002474878659935,1.15966080744253,True,True,True,0.0782482048754476,0.501775007378922,0.319117832513601,0.0179698933452671,4.02681465170284,True,False,False,0.981134036978666,5.49424800934223e-05,0.872107404238923,0.0001995870111403,0.887971876956614,True,True,True,0.677842652110592,0.0001458418615486,0.621601067910917,0.000499641915887,0.915677684627351,True,True,True,3,3,1.03766924603494,3_of_4
PCDHB8,1.04926075563546,7.9568276035975e-06,1.08970847894075,5.44316870112864e-06,1.03755993270588,True,True,True,,,,,,,,,1.75297999264223,5.85551393750552e-05,1.55164900093074,0.0002219523011808,0.884644641010588,True,True,True,1.48994004195163,0.047281338008328,1.55487622234632,0.0455620737820596,1.04288313318824,True,True,True,3,3,1.03755993270588,3_of_4
CXCL14,3.57490713564158,0.000934099697262,3.70974534139143,0.0006588889839145,1.03742776327043,True,True,True,,,,,,,,,2.90834251914786,0.0201235725389077,4.02238188380879,0.0022609538539393,1.38257419239414,True,True,True,-3.02184518792828,0.0021381702979452,-2.55442699563563,0.0055176332077194,0.845040627894781,True,True,True,3,3,1.03742776327043,3_of_4
EMID1,1.78013412154157,0.0002536876203203,1.98759124276641,9.00188519356817e-05,1.11591329295637,True,True,True,2.82066425748884,6.69463799097262e-06,2.17228230960632,0.0003781349421692,0.769858534317459,True,True,True,1.83145013847079,0.0006556955873649,1.7570404000899,0.0011119811662133,0.958847590557732,True,True,True,0.479625296983176,0.198170663855166,0.630285259090642,0.0996633830595253,1.31138594461603,True,False,False,3,3,1.03738044175705,3_of_4
SYDE1,0.513562036565648,0.0478600458215322,0.532644856221235,0.0402780512590485,1.03514215657315,True,True,True,-1.28925982288754,2.86111352812868e-05,-0.912213591442138,0.0012503105395639,0.706999919908106,True,True,True,1.84783154830744,0.000203913905404,1.92074562407009,0.0001753164902291,1.03889704058138,True,True,True,0.582833988757732,0.0828639439760782,0.794922402699804,0.0236772163520633,1.36155554148401,True,False,False,3,3,1.03701959857727,3_of_4
ATAD3B,-1.12773636973099,2.74679087326112e-06,-1.01596550898375,5.25177617391855e-06,0.900091054234288,True,True,True,-1.07782385156813,4.73262745566879e-06,-0.797053941549856,0.0002602331128093,0.738817500550525,True,True,True,-0.568816438366311,0.0354353456365189,-0.668916443718113,0.0187337518007014,1.17391566595714,True,True,True,-0.0597436712903985,0.778472008196678,-0.295178533343733,0.164242823590667,4.85941213418871,True,False,False,3,3,1.03700336009571,3_of_4
GLRX3,-0.707208516871928,0.0001775795826692,-0.806452348742337,5.66982181048339e-05,1.13872161874633,True,True,True,-1.33782758765064,7.41910693720499e-07,-0.716586776960915,0.0003831833286231,0.535234546681529,True,True,True,-0.395863091571735,0.0121788227957614,-0.457978407354744,0.0058095984809434,1.15399596757907,True,False,False,-0.80362802021205,8.30566528269426e-06,-0.751643697630963,2.79149092668086e-05,0.934150537577446,True,True,True,3,3,1.03643607816189,3_of_4
AUTS2,1.28613945097135,0.225057123390053,0.141909823197462,0.91251218093565,0.110252096686469,True,False,False,1.69767752281682,0.0051038511526057,1.64685625213013,0.0125373710277979,0.969493167484339,True,True,True,4.2025616905009,0.0101527341517113,4.63498954763231,0.0055661000949019,1.10263388262062,True,True,True,-0.706869030765181,0.0038938880793412,-1.25457580581774,8.7175300075752e-05,1.77232757938511,True,True,True,3,3,1.03606352505248,3_of_4
C16orf74,-1.74017667003129,7.61470062192102e-05,-1.87454881715808,5.21344187893568e-05,1.07659885950826,True,True,True,-1.29331510209929,1.2970358614264e-05,-0.682497265950677,0.0040713465703773,0.527303795531485,True,True,True,-1.08639402784584,0.0001316835628812,-1.08231510630606,0.0001863459872976,0.995329272177592,True,True,True,0.629162641597027,0.0734234318811717,1.164350249355,0.0023645053355363,1.84769799492426,True,False,False,3,3,1.03596406584293,3_of_4
ZBTB18,1.25545099304204,9.43628784259332e-06,1.27235484604537,7.72157927425448e-06,1.01265775831401,True,True,True,-1.71916021449452,2.2842143764298e-07,-1.21629946322655,1.46742745256063e-05,0.707084987187643,True,True,True,0.889462417264634,0.0086928887643468,0.943235861516195,0.0066224420212288,1.05926521235301,True,True,True,0.496269368666706,0.0019705354657114,0.643100544697531,0.0003159400645398,1.29326394348768,True,False,False,3,3,1.03596148533351,3_of_4
GLIPR2,0.945013412781321,0.0165627133328287,1.16660374877699,0.0041800078324979,1.23317886725001,True,True,True,0.890204281505772,0.0187440698261745,0.695068651057553,0.090097554143052,0.779920682027212,True,True,False,3.74496980112541,1.78251023513386e-07,3.62554169183428,3.63272480341627e-07,0.96785128666682,True,True,True,1.22964372803332,0.0001741361635682,1.35827797878628,0.0001039235043098,1.10371340449354,True,True,True,4,3,1.03578234558018,3_of_4
CPQ,2.27677824175637,3.90853349022563e-05,2.32266204897602,3.0140332380974e-05,1.01970508208255,True,True,True,0.447039774102327,0.356069897882057,-0.0565853679292281,0.930718066158857,0.12629541214862,False,False,False,1.41189927952691,0.0076735285845817,1.51450439341793,0.0053409247013341,1.07191249607335,True,True,True,2.35817628584203,2.82633745679516e-06,2.48142167471373,2.82013611155257e-06,1.05181697934373,True,True,True,3,3,1.03576103071314,3_of_4
SPATA13,-0.739815065624294,0.0056574722609948,-0.558247652290215,0.0249928203495107,0.753558719570279,True,True,True,-0.295541324743367,0.0517247403101339,-0.54276537209658,0.0044653428672774,1.83031950965452,True,False,False,-0.992825390158114,0.0011037394606466,-0.620856206117347,0.0189370844424803,0.624713568666797,True,True,True,-1.31726274010485,0.0005309552693929,-1.73717782359286,0.000172040581321,1.31777814144598,True,True,True,3,3,1.03566843050813,3_of_4
FAM162A,-0.699820149421814,0.0001971266264483,-0.83798194416722,4.96573636602338e-05,1.19571611184206,True,True,True,-0.979687141042914,1.58557182313992e-06,-0.608963421362728,0.0003192564075893,0.620955854193341,True,True,True,-1.42862160972517,1.78251023513386e-07,-1.25168600232805,7.9000493426097e-07,0.875536571225077,True,True,True,0.258912696884764,0.337758894276234,0.48899210973675,0.0729596370968023,1.88137061250821,True,False,False,3,3,1.03562634153357,3_of_4
AKR1C3,1.99942793196272,0.0007867833828835,1.97919228485935,0.0008345923528413,0.989384447815356,True,True,True,0.183172925639823,0.206037962938899,0.897549568537361,8.28777880998212e-05,4.87340669329785,True,False,False,0.943147250383106,0.0037758298494498,1.02097784790828,0.0024596345265325,1.08137565140819,True,True,True,2.63321471048841,8.35368757719234e-07,1.76702908392081,0.0001208431379392,0.670799186142721,True,True,True,3,3,1.03538004961177,3_of_4
ALOX5AP,-2.39621583542599,0.0052828598606241,-2.67190952872913,0.0033775566855981,1.11458863621862,True,True,True,-2.89710226345936,0.0003517705674762,-2.7700476458076,0.0014821768327284,0.955814320541296,True,True,True,0.857112016023014,0.292737723472451,0.733730150745143,0.385487749805103,0.855051714746603,True,False,False,2.60356392347914,0.0004506924735654,3.05610348066864,0.0001413248359046,1.17336474375578,True,True,True,3,3,1.03520147837996,3_of_4
CTSB,0.743261959027475,0.0001284919534766,0.745399719869623,0.000113999253696,1.00152871019182,True,True,True,0.6210546962346,1.99641160029945e-05,0.478293565187613,0.0007322554666382,0.768893102299208,True,True,True,1.45335315902649,1.55515630778045e-07,1.55444416041183,1.26513263776559e-07,1.06882166189424,True,True,True,0.280124239350533,0.0272103122232972,0.481745711938359,0.0010687784712888,1.71363989477148,True,False,False,3,3,1.03517518604303,3_of_4
HERC5,-1.37888025584312,0.0009257531154382,-1.3673993983072,0.0010206183436753,0.990955115501458,True,True,True,1.45093694044582,8.37203700721584e-05,1.27104769791275,0.0010035313810774,0.875415221216476,True,True,True,0.657589607707736,0.0178270904391583,0.847244125304447,0.0040616919985763,1.28645231474778,True,True,True,0.601588881526579,0.0777063546908523,0.650221261746893,0.0663534685634229,1.07904623148646,True,False,False,3,3,1.03500067349396,3_of_4
LZTS2,0.959656857766178,1.51308288542798e-05,1.1044663729293,4.53652234160522e-06,1.14969915011852,True,True,True,0.583631579526464,0.0001034396769303,0.347193088563293,0.0129883192028232,0.593866463464923,True,True,True,0.427023840606642,0.0303115778364823,0.576342962118805,0.0061579867709097,1.34652070151501,True,False,False,-0.551343902776004,0.0001374591341274,-0.506999096031181,0.000440139285395,0.917904757313467,True,True,True,3,3,1.03380195371599,3_of_4
C1orf210,-4.53631552873516,0.0029510281842832,-5.27264466241534,0.0023582917551037,1.16206259604898,True,True,True,0.259721679748969,0.067756243114952,-0.0915331096088776,0.582650208341634,0.351075943116846,False,False,False,-1.60653228884999,0.0060083729287785,-1.45513824048309,0.0113967108659174,0.905200007848103,True,True,True,-0.573739587273668,0.0080054966594495,-0.711567402181553,0.0029138977685735,1.238069236812,True,True,True,3,3,1.03363130194854,3_of_4
IGFBP7,2.67820342442957,4.60668271405886e-07,2.04610333990662,3.41564788655316e-06,0.763698389323408,True,True,True,,,,,,,,,5.53420733179651,7.37917400723394e-05,5.95077349048332,4.93682863834935e-05,1.0750768912123,True,True,True,4.53561792074898,6.07226520677496e-08,4.68899773550954,6.80345902860237e-08,1.0335888579163,True,True,True,3,3,1.0335888579163,3_of_4
BBS1,0.624763017669512,0.0033463500358443,0.718504395028081,0.001162083852397,1.14820527058943,True,True,True,0.615028898150483,0.0003717532860131,0.457386475961836,0.0081915589017591,0.742475681473803,True,True,True,0.342257511210441,0.1195323957874,0.508546891341742,0.025806726004241,1.48153172103484,True,False,False,0.762905738490142,0.0002233765151306,0.701983093806947,0.0007216887318383,0.918939416785132,True,True,True,3,3,1.03357234368728,3_of_4
ELOC,-0.965597422104501,8.92228341576369e-05,-1.22724930186244,1.48111891572548e-05,1.26965919192133,True,True,True,-0.895769948787532,1.84314016538539e-06,-0.524659101117117,0.0005878410507516,0.585054284910502,True,True,True,-0.544834994838979,0.0002512922223874,-0.613590346864296,0.0001152028153445,1.12413156478783,True,True,True,-0.145040960459414,0.315914114929695,0.137658506409883,0.350989802969647,0.942602034229564,False,False,False,3,3,1.0333667995087,3_of_4
NUPR1,2.52229425757574,7.82025948900582e-05,2.58642797867489,5.91156758914487e-05,1.02502035619096,True,True,True,5.50531303274861,1.60778651619989e-05,3.69393173916832,0.0019528639350115,0.67085393024312,True,True,True,1.94397566270027,0.0921171052842368,2.26468690606568,0.0508758205594965,1.1643780174203,True,False,False,2.92924843116949,0.002071151686225,3.04787078407532,0.0021073756177024,1.04014074426409,True,True,True,3,3,1.03258055022753,3_of_4
RAB9B,3.21359603302547,1.06882733682686e-06,3.40825976425984,7.63071940392792e-07,1.06024512232478,True,True,True,,,,,,,,,1.1711643894881,0.0171584544119906,1.21015840890247,0.0160261174671905,1.03241355884473,True,True,True,2.45309914630659,0.0133549461013118,2.49562458825896,0.0148948404209096,1.01692084935316,True,True,True,3,3,1.03241355884473,3_of_4
FCGBP,1.95504588961094,0.0016259352932196,2.13907282656976,0.0007506771954014,1.09356985842251,True,True,True,3.58049176166346,0.0002097105757988,1.78742666580311,0.0588818865505994,0.499073231142355,True,True,False,1.038867256546,0.0313100208464208,1.00871605091832,0.0398366826666799,0.970043094028029,True,True,True,-2.15074098862604,0.0001768204852835,-2.38273279134326,0.0001862052473598,1.10735111890243,True,True,True,4,3,1.03180647622527,3_of_4
ZNF503,3.56783409990196,5.90496222726421e-06,3.46478161788969,6.91649326059105e-06,0.970844124691835,True,True,True,-0.123890082821437,0.33627176514766,-0.0815496888299743,0.581203956802277,0.652971693089281,True,False,False,3.33027524189805,0.0060203926446034,3.63906903417507,0.0035018331804808,1.09239518500478,True,True,True,-0.577251076494509,0.0049466676867904,-0.68640061912138,0.0021218950874997,1.18702869224645,True,True,True,3,3,1.03161965484831,3_of_4
ADAM28,2.00773926415904,0.0313908186313179,1.99075779780012,0.0326519576597066,0.991048382097291,True,True,True,3.49334801520015,0.0016884837112318,2.63648064089028,0.0236129792617658,0.754498587267722,True,True,True,-0.0215044407841549,0.974077834294458,0.217877415147792,0.716982772318704,9.68152984726449,False,False,False,-0.81433483141812,0.0493011793730855,-0.873175319019249,0.0461112588032477,1.07094077840453,True,True,True,3,3,1.03099458025091,3_of_4
PCDHGB2,1.65381777480831,3.40488232512758e-05,1.73077533287651,2.0951518216584e-05,1.04590085943269,True,True,True,2.77167655473646,0.0001759657477958,1.83322912506952,0.0125699555657427,0.661176696552608,True,True,True,-0.0668274595716505,0.904129420275996,0.159230595767913,0.760577686774883,2.34758306994688,False,False,False,1.89561778877951,0.0001616497133673,1.92613632603965,0.0002159653786627,1.01556377749633,True,True,True,3,3,1.03073231846451,3_of_4
LYPD3,-3.20282149028274,0.0002607261136058,-3.27021319686392,0.0002556225683981,1.02072266097925,True,True,True,-0.763080701665607,2.35842239309406e-05,-0.6481128491177,0.0003763954126321,0.848225649077237,True,True,True,0.46689695775407,0.529300787101868,0.73718428844879,0.299576280721862,1.57552699634405,True,False,False,-1.7055749070477,7.28858678161902e-06,-1.77589807368457,9.61504102008416e-06,1.04062122696788,True,True,True,3,3,1.03067194397356,3_of_4
CYP2U1,1.8447502882726,9.5457960895473e-05,2.08496192491927,2.91166331531219e-05,1.12960129989769,True,True,True,0.338950972880641,0.0901043545446333,0.551978197948458,0.0163756247063258,1.62369942133468,True,False,False,1.31150680332652,0.0001781649211592,1.20650669785663,0.0004431705463443,0.919238433506604,True,True,True,1.98861262392161,2.44773341092067e-05,1.85277286722574,9.0568975715506e-05,0.931222914927956,True,True,True,3,3,1.03041210741282,3_of_4
CYP51A1,-0.839650647753234,0.0001360235353288,-0.911943796766258,6.78935050112733e-05,1.08480710649967,True,True,True,-1.09816609306874,0.0015614614436037,-0.493811813034893,0.122710982850754,0.44926041309756,True,True,False,-0.590570774219852,0.0013725083367132,-0.789099883296196,0.0001976572724566,1.33390613208849,True,True,True,-0.998884553768139,1.14864976409505e-06,-0.975626583003327,2.55248493373333e-06,0.975739228420527,True,True,True,4,3,1.0302731674601,3_of_4
TMEM107,-1.08236729396208,0.0003315120206773,-1.12553254531767,0.0002723610865609,1.03892055039006,True,True,True,0.509882768966182,0.0350336609656508,0.603320615817216,0.0256480822436555,1.18093749185961,True,True,True,-1.01943902966147,0.0010502782449783,-1.04038216121554,0.0012100234028379,1.01954367774495,True,True,True,-1.37397607017438,8.9668860203279e-05,-0.605637759312444,0.0204928282161655,0.440471490704296,True,True,False,4,3,1.02923211406751,3_of_4
DDX58,-1.81041716973985,0.001073257446643,-1.74199825095429,0.0013702527392137,0.961677011819685,True,True,True,1.71329464774851,0.0002027453468479,1.08043884313426,0.0163247892921579,0.630252707463835,True,True,True,0.782165059562392,4.96895122515618e-05,0.858685413745978,2.8876589025515e-05,1.09642967757753,True,True,True,0.179242647508324,0.291348066246672,0.240838349583864,0.169975377596349,1.33618959171548,True,False,False,3,3,1.02905334469861,3_of_4
COL4A5,1.85288052718397,9.23937660203069e-05,2.29442198050921,1.27656170438153e-05,1.23763206251183,True,True,True,0.445355927122787,0.0116304858133441,0.430589782807457,0.0241715510577298,0.964678089037691,True,False,False,-0.57005875960544,0.0099646488970482,-0.494214936973448,0.0230578941959195,0.865436224662615,True,True,True,3.17240532511318,2.06572067609125e-10,3.46767372457781,8.472233295089419e-11,1.09272953477953,True,True,True,3,3,1.02870381190861,3_of_4
FABP5,-1.248812292869,2.08858977376784e-05,-1.26153606420704,1.79227619312733e-05,1.00938042568867,True,True,True,-2.93921362264508,2.19145037802266e-07,-1.5400903854059,4.31717545631409e-05,0.523802207276491,True,True,True,-1.4569896197008,4.40433310525448e-05,-1.52678419386477,4.21386253605783e-05,1.04718454317808,True,True,True,0.950935235564815,0.120094767019139,1.95530740116602,0.0025091283561738,2.05403406462402,True,False,False,3,3,1.02828248443338,3_of_4
VWA5A,1.40229876117508,5.65837686570283e-06,1.49571680941375,3.15807510418527e-06,1.06585771383514,True,True,True,,,,,,,,,2.85441119412825,0.0001728475214578,2.89273994933585,0.0001863145213212,1.01307298762587,True,True,True,1.17981858176592,5.44107723661675e-05,1.21276720893939,7.08707681944327e-05,1.02705633843066,True,True,True,3,3,1.02705633843066,3_of_4
CHMP4C,-0.796437834829502,0.0471653431657133,-1.00763376373819,0.0187603477865691,1.26358910968104,True,True,True,0.343923809196014,0.0023929242745233,-0.0019798964251664,0.987706486665509,0.0057400978777935,False,False,False,-0.614464005893511,0.0343355616237668,-0.736563806468111,0.0159600008781991,1.19676179177821,True,True,True,0.527855000264733,0.004567197076311,0.453344156528677,0.015915086639836,0.857218247538064,True,True,True,3,3,1.02699001965814,3_of_4
EIF4EBP1,-0.703699455849717,5.48485548102777e-05,-0.79657946863405,1.99299173790621e-05,1.13038184153775,True,True,True,-1.06163049040009,1.08044099760554e-06,-0.60265916736257,0.000422475937575,0.567138975219564,True,True,True,-0.953593753819924,9.49877233735596e-06,-0.881519334151332,2.38383312667557e-05,0.923449719447487,True,True,True,0.018631763103623,0.91755634673892,0.116218074772799,0.500126255965334,5.91990001913538,True,False,False,3,3,1.02691578049262,3_of_4
ZNF681,-1.15151399392267,5.7817703696358e-05,-1.4913706135629,1.09057663237668e-05,1.29401518890622,True,True,True,-0.578829452978233,0.0526438204144639,-0.324317818995109,0.303086291749057,0.559333123437046,True,False,False,-0.786736050263663,0.0132607597825389,-0.937861246029112,0.0068486419121968,1.19057804414969,True,True,True,-1.57167985462481,0.000802158881951,-1.35627124826009,0.0027353768361514,0.862395003198952,True,True,True,3,3,1.02648652367432,3_of_4
MAP3K20,-0.575109756200591,0.0024047991608175,-0.631808279292466,0.0011722940775631,1.0966804024622,True,True,True,-0.664421715816082,4.36008125746146e-05,-0.0576793184393258,0.669672721831024,0.0866808477516955,True,True,False,-0.593211664867189,0.0002336362094389,-0.568049281417817,0.0003718603488206,0.955971272534309,True,True,True,0.547030883506961,0.000577584239757,0.927036951413991,5.76449293441877e-06,1.69157793714415,True,True,True,4,3,1.02632583749825,3_of_4
CAV2,-1.44565639646668,2.03199378192591e-05,-1.32642487798559,3.55681090793302e-05,0.916890065412392,True,True,True,-0.014147474729608,0.894084350889798,0.0941449002229859,0.400896977402355,6.21522081426323,False,False,False,-1.32474936341598,6.66136332775255e-06,-0.984196823390405,9.06868277525031e-05,0.742370202505309,True,True,True,1.09303919011256,1.03149178876437e-05,1.24164404862746,5.02600514601114e-06,1.1349173410321,True,True,True,3,3,1.02590370322225,3_of_4
HOOK1,-2.20798056330829,0.0073259046481942,-2.1342189455575,0.0090610064917807,0.966155601822579,True,True,True,-0.609329190875608,0.0018887721312071,-0.427466610726968,0.0279805490674608,0.700386966767399,True,True,True,-1.20678843985655,0.0047768133568178,-1.31097510089336,0.0033743693441168,1.0854343837312,True,True,True,-0.629067930763846,0.126343976654841,-0.917688257034385,0.0419411970812488,1.45649097855504,True,False,False,3,3,1.02579499277689,3_of_4
NUBP1,-0.593746740285066,0.0005117949830432,-0.595878210529786,0.0005078112702165,1.00190244043066,True,True,True,-0.627515377010246,0.000152450816061,-0.385241272987842,0.0110397376787021,0.612938500916839,True,True,True,-0.077429576481209,0.624874147016777,-0.285483209354298,0.072164525675147,3.63999427464328,True,False,False,-0.97428736339906,2.28166718854567e-05,-1.02365442540857,2.61344764011511e-05,1.04959262656797,True,True,True,3,3,1.02574753349931,3_of_4
RING1,0.523688761063196,0.0013950055965567,0.630695793045132,0.0003128792121486,1.20203793152941,True,True,True,0.866109953941996,4.14757890171698e-06,0.500894548218189,0.0019133642035088,0.577659783446213,True,True,True,0.608217906982957,0.0002097800539986,0.516815749073712,0.0009198786215855,0.848326589139754,True,True,True,-0.337259544596786,0.0073344630871828,-0.448305856328052,0.0014063160039364,1.32533098766642,True,False,False,3,3,1.02518226033458,3_of_4
TPRKB,-0.79314887450421,6.48463854662522e-05,-0.967462016736137,1.59040357032364e-05,1.21823759725168,True,True,True,-1.00831337423139,3.66579162822817e-06,-0.562119015145618,0.001306671227888,0.55693209809459,True,True,True,-0.393403124141802,0.0193849996226779,-0.535715997491061,0.0042135086117931,1.35829552226988,True,False,False,-0.710861883874199,9.91859941058996e-05,-0.591794506641689,0.0006847436027325,0.831333324690652,True,True,True,3,3,1.02478546097117,3_of_4
ZNF680,-0.867477959354176,0.0021595988782559,-1.06714389684781,0.0005943057122941,1.22875184724477,True,True,True,-0.595879506321571,0.0304199955925304,-0.269262545290339,0.343042613545285,0.451117088857249,True,True,False,-0.625685486024913,0.000240838861484,-0.599656243022076,0.00040618580029,0.956869524497393,True,True,True,-0.543602870067859,0.0075622589244887,-0.594898220170018,0.0058148818779074,1.09235234124986,True,True,True,4,3,1.02461093287363,3_of_4
PALLD,1.50319772148057,7.62354741103572e-07,1.55166692773056,6.96945381041782e-07,1.03155782353085,True,True,True,0.0280759980853063,0.872052044372872,0.436734428824668,0.0222657466218081,15.0204449574983,True,False,False,1.55333612438639,7.36006569190967e-06,1.39590431588982,2.30201066430018e-05,0.898071076126398,True,True,True,1.07151322257552,1.10627391908576e-06,1.09022840461184,1.56968659983458e-06,1.01651744860896,True,True,True,3,3,1.02403763606991,3_of_4
ZMAT3,0.882127563969466,0.000311260247729,0.903782159099674,0.0002478013392015,1.02338800867835,True,True,True,0.100387614223845,0.604264945318923,0.160562956116586,0.457251171146219,1.58365454543681,True,False,False,0.880020032699723,0.0012036626975695,0.841613974543742,0.0019969483198793,0.95527223366848,True,True,True,1.91164211072055,4.60169122510822e-06,1.95775424231492,6.13206534430048e-06,1.02358629005474,True,True,True,3,3,1.02348714936654,3_of_4
AC040160.1,1.6421964926481,1.26730313515081e-05,1.80265705313383,5.46751724220851e-06,1.09704290460647,True,True,True,-0.296221247953945,0.013995327098188,-0.281842370998785,0.0310865984555382,0.948257814469768,True,False,False,0.833168460403668,0.0020454545082569,0.916356331514571,0.0011445527661815,1.09852670654934,True,True,True,-1.95432761251898,8.23971274101091e-06,-1.05711762487096,0.0008232271803328,0.540634530041292,True,True,True,3,3,1.02265035953812,3_of_4
MISP,-1.84786259827676,8.86459259465866e-05,-1.91458699674155,7.27918575973535e-05,1.03554855754346,True,True,True,0.124598019056197,0.101286277063041,0.14391860515786,0.0867153871934862,1.14586683961525,True,False,False,-0.971922922661365,0.000577074348923,-0.980801052059753,0.0006561622010653,1.00809738286034,True,True,True,-0.769654937004827,8.7685348227344e-07,-0.455262167427948,0.0002370947072325,0.590747097783267,True,True,True,3,3,1.0218229702019,3_of_4
NPAS2,-1.93426037756322,7.91818021153428e-05,-2.32866220658614,3.368445893416e-05,1.2032810848524,True,True,True,-0.726267143449519,7.01127723663341e-05,-0.929253552771901,5.07839559552479e-05,1.27773344518815,True,True,True,0.383853715390046,0.24496368589966,0.0635989229819529,0.869723294589735,0.165254797962639,True,False,False,0.690563089239758,0.0005922727567612,0.580903479380622,0.0033529232523754,0.839986240473324,True,True,True,3,3,1.02163366266286,3_of_4
BIK,-2.42241037382944,0.0058053476183695,-2.47619108151196,0.0055696608808954,1.02177951710222,True,True,True,-0.630547579075797,0.0246373598127505,-0.645001505293954,0.0384517034184719,1.02130310789544,True,True,True,-0.763408116887806,0.0079202765530688,-0.527896956696411,0.0484452784236843,0.690595697551825,True,True,True,-0.164073766290491,0.554486327258362,-0.345452540743527,0.230161369901614,2.09271617475312,True,False,False,3,3,1.02154131249883,3_of_4
BMP7,3.47523162501583,9.04320848683176e-05,3.00371954511929,0.0003454977977205,0.864073476434589,True,True,True,2.46607702904618,0.027276288154209,2.51850421425163,0.0396665998749203,1.02084539096265,True,True,True,,,,,,,,,-1.83694514435732,2.45375075127071e-05,-2.15372740976157,1.77937561194373e-05,1.17181267154449,True,True,True,3,3,1.02084539096265,3_of_4
MEIS3,1.92047175039953,6.13333271426919e-05,1.92897195703884,5.68517183428179e-05,1.00390336555182,True,True,True,2.21588577364879,5.97627859160191e-05,1.26781000376509,0.0152560226785441,0.571887834201936,True,True,True,1.46208959596536,0.0035933263576128,1.51729822037772,0.0031666079081126,1.03705078934458,True,True,True,0.259937279775035,0.449362404885367,1.04821664075497,0.002941624685291,4.01712105552216,True,False,False,3,3,1.0204770774482,3_of_4
GBP2,2.8534858742142,8.91710706325164e-07,3.18255148609938,4.93454033328022e-07,1.11492984248013,True,True,True,4.01402206864908,2.27339076005964e-06,2.85355702479607,0.0002826757248029,0.710720134536196,True,True,True,1.36038571495188,0.0004616324338457,1.35458905640071,0.0005665894340188,0.995007543801493,True,True,True,-0.0748379473423126,0.774966479015832,0.0791154802601448,0.772412905390932,1.04321758476714,False,False,False,3,3,1.01911256428432,3_of_4
RGS11,2.10105903732179,0.0003867483803389,2.14196705761277,0.0003233010483878,1.01898520430798,True,True,True,,,,,,,,,4.39170013873419,0.0275279543876923,4.87983852743171,0.0160883698339743,1.11089725528998,True,True,True,3.19121249513446,3.79934584170547e-05,2.58304598991802,0.000517969666592,0.809171066730387,True,True,True,3,3,1.01898520430798,3_of_4
VASN,1.74924836136263,2.7194321364981e-06,1.78913769776078,2.03881484819487e-06,1.02221932455796,True,True,True,2.86422930709208,7.70937962642904e-08,1.94043382192865,6.42085455173591e-06,0.677235087999988,True,True,True,1.04654511484913,0.0325671485918168,1.06352132848646,0.0324939670620662,1.01525109841177,True,True,True,0.190324047312016,0.208827853274844,0.314946761020193,0.0480539008219812,1.64614310351991,True,False,False,3,3,1.01873521148487,3_of_4
TNFAIP8,-0.566006441810141,0.0357274121262551,-0.639053851653619,0.0213459201708327,1.12706629860054,True,True,True,0.366285581940857,0.0777337740702203,0.160018898123414,0.502116961052689,0.43567977070546,True,False,False,-0.807998540955791,0.0017558191378376,-1.09703585673674,0.0003283552572197,1.35604182356206,True,True,True,0.842747235536107,6.17237784119261e-06,0.767172030630581,2.95992687016736e-05,0.909243904240029,True,True,True,3,3,1.01815510142028,3_of_4
HIVEP1,1.02303222217338,3.1489651363647e-06,1.09342014539598,1.8774884851105e-06,1.06775951158581,True,True,True,1.60074596665336,3.95688695300339e-05,1.00444767056421,0.0050511627117679,0.627095489219725,True,True,True,0.689028480033892,0.0074412915417883,0.911147666763251,0.0011808260178578,1.32044936278355,True,True,True,0.452582184970322,0.0566877237025736,0.438342548560426,0.0750711105344642,0.96640159839855,True,False,False,3,3,1.01708055499218,3_of_4
CNTNAP3,-0.889596358616159,0.0143797602843285,-0.88208153442252,0.0155442805589293,0.990439188178504,True,True,True,-0.958462014335085,0.0002431458095541,-0.42991426940898,0.0506211763204116,0.448078467918205,True,True,False,2.03793134306074,0.0085341790531015,2.12741902335804,0.007061742206593,1.04339904852533,True,True,True,0.727497161512044,2.92375724706931e-05,1.24436659914651,1.48647007549127e-07,1.70812827405359,True,True,True,4,3,1.01691911835192,3_of_4
NCF2,-1.61853817939417,0.0021064272684493,-2.21256966958859,0.0004378069211574,1.36617320773275,True,True,True,2.04158825920568,4.61635211122117e-05,2.08911630879951,0.0001688625810485,1.02277896653138,True,True,True,0.611176894953875,0.352869113314686,-0.224697534466282,0.783558028578686,0.367046741421386,False,False,False,1.43092679739388,5.43942936972315e-05,1.44748370440802,8.31014849361755e-05,1.01086431725592,True,True,True,3,3,1.01682164189365,3_of_4
STN1,-0.618921003127557,0.0027998934748462,-0.556678018457383,0.0054638070740224,0.897982187486619,True,True,True,-0.573211828150292,0.0002582982231516,-0.652097625849522,0.0003671591526702,1.13563948682514,True,True,True,-0.156174908139343,0.469943044922737,-0.184626405273045,0.399866908467365,1.17465572246026,True,False,False,-0.657369978138145,0.0001041893753073,-0.437707968032681,0.0034791916894453,0.664835856079752,True,True,True,3,3,1.01681083715588,3_of_4
ATP5MPL,-0.912492857777862,0.0001218630232744,-1.06964395159127,3.49136824302219e-05,1.17093849446536,True,True,True,-0.74438852983245,1.46660705280017e-06,-0.406485458893718,0.0009123792828428,0.545333665095556,True,True,True,-0.0164490752654727,0.918916466346111,-0.234051082439747,0.104487196684642,13.4133803011828,True,False,False,-0.8002149321792,8.69013513631497e-06,-0.690951116552489,5.97073635736992e-05,0.862379230343589,True,True,True,3,3,1.01665886240447,3_of_4
ZNF516,0.700188046985624,0.001010517952692,0.829963921113924,0.0002482332904442,1.18365383534688,True,True,True,0.781221583260552,0.0056624260610225,0.151420127326624,0.626686302410556,0.193577025445215,True,True,False,0.579666142687212,0.0158624361930006,0.745449590778954,0.0036409355764038,1.28378346174818,True,True,True,1.46329528161489,8.56787151585372e-05,1.24388155415617,0.0006398802536292,0.84947453548055,True,True,True,4,3,1.01656418541371,3_of_4
AKT3,0.889982327150043,0.110574131130883,0.974492351701926,0.0806944852114327,1.09372803702965,True,False,False,-0.974991880631552,1.28070327837856e-05,-0.787419407488566,0.0003283355889345,0.806788891500856,True,True,True,0.776524523700313,0.0334827599180846,1.10067032646793,0.0049165839587484,1.41560850226271,True,True,True,3.97001128164112,2.13597867192867e-06,3.72928923013514,7.50076204232675e-06,0.939128339266243,True,True,True,3,3,1.01642818814795,3_of_4
CDH24,1.13777616763106,0.0002003431443219,1.30399252236202,5.87748698426262e-05,1.14508237828216,True,True,True,0.804025121734877,5.91664684369643e-06,0.714440858876443,9.96777623705643e-05,0.887476476928795,True,True,True,1.10483933045072,1.30879453209726e-05,0.892820059874255,0.0001079347407934,0.807368697503604,True,True,True,-0.0634174785771764,0.682157868613285,0.203809447722995,0.177801048486647,3.16388427837668,False,False,False,3,3,1.01627942760548,3_of_4
NR2F2,0.665489584574743,0.0012391636750378,0.632002580718085,0.0017104623238613,0.948255749744893,True,True,True,0.0483196934007424,0.527562083063057,-0.1242992520031,0.143846854867385,2.52027625137728,False,False,False,0.604381878452481,0.0043578043080624,0.620120673445395,0.0039707046496135,1.02434627714756,True,True,True,1.79143072383127,5.39847943609711e-09,1.80590182498257,5.9743275876382106e-09,1.0075155491212,True,True,True,3,3,1.01593091313438,3_of_4
P3H2,0.908845218561856,0.0001755081776081,0.921538818144564,0.0001411924053632,1.01285229547196,True,True,True,0.248090917421394,0.0795533917757736,0.493156328018738,0.004392564985182,1.97982460831541,True,False,False,0.724138857690775,0.0134829482442492,0.598238018936261,0.0384598177915272,0.824997878118636,True,True,True,2.29420799243574,8.48134044975421e-08,2.33604391744768,1.03032565218954e-07,1.01779181893167,True,True,True,3,3,1.01532205720182,3_of_4
ASPHD2,1.39101264791631,0.0003512715411941,1.4174514018529,0.0002975666162408,1.01827480086095,True,True,True,0.149126765984915,0.745010239088272,0.281022148747612,0.581026899788558,1.87189903748309,True,False,False,2.2832261876788,0.0005762314521863,2.17291919358524,0.0010394112687385,0.951271465718258,True,True,True,1.45311513466799,0.0014804877050593,1.46815600633281,0.0019353512810306,1.00965595593503,True,True,True,3,3,1.01396537839799,3_of_4
EIF2AK3,1.19784636867559,6.3135894327805e-05,1.22962123557427,4.79818034834744e-05,1.02567040089772,True,True,True,1.24121996822511,0.0003882549826046,0.776898729915523,0.0233650022295889,0.625411561388407,True,True,True,-0.199560514481004,0.425077616599373,-0.24261666119139,0.338342409278549,1.20969305358642,True,False,False,0.616045135916676,0.0020207520759063,0.618190015389586,0.0027332837466513,1.00185542257166,True,True,True,3,3,1.01376291173469,3_of_4
YPEL4,2.80700050026942,0.0006340978750409,3.03148835874494,0.0003137304345216,1.0795896790097,True,True,True,2.74439367882451,2.22509828697359e-06,1.62586698878212,0.0013718603092209,0.592216337249769,True,True,True,2.25423449387455,0.0033430276453127,2.13663721411421,0.0056463739115019,0.947412439778452,True,True,True,-0.202798754102416,0.78117650397617,-0.396927634003469,0.607753251652853,1.94764504695646,True,False,False,3,3,1.01350105939408,3_of_4
KANK2,1.3308078900689,3.7927131299363e-06,1.55205938802195,1.24072919362618e-06,1.16537782933667,True,True,True,0.877249459384677,2.03020392817312e-05,0.545807332635675,0.0034237427020779,0.621471868617011,True,True,True,0.667502676938961,0.0002386344611803,0.575350328916848,0.0008838612630115,0.860655235595087,True,True,True,0.0184065592984854,0.905061630284714,0.0390567369722197,0.806344597982464,2.01255340380033,True,False,False,3,3,1.01301653246588,3_of_4
SIK2,0.744559404884503,0.0001203944866766,0.743840608507417,0.0001144192182122,0.997694621829159,True,True,True,-0.0534809110142307,0.66284991096112,-0.247675061339053,0.0709046057745761,4.54608883603945,True,False,False,0.606760805613753,0.0068350679530935,0.624020077403791,0.0063152877486807,1.02675274818622,True,True,True,0.851628674136373,3.63303105408168e-05,0.631796183459628,0.0009007171852701,0.740998048299952,True,True,True,3,3,1.01222368500769,3_of_4
MRPL18,-0.835937517709884,0.0001770470994389,-0.934789482916004,7.42523976926959e-05,1.11691669107375,True,True,True,-1.02440544072733,7.58869735042168e-06,-0.427053659356154,0.0126740036859081,0.416472979754467,True,True,False,-0.650819923547913,0.000207543030441,-0.665392687053538,0.0002216359247416,1.02082287302872,True,True,True,-0.727354333354501,6.19373885035631e-05,-0.730650403322191,0.0001013288172311,1.00315240791816,True,True,True,4,3,1.01198764047344,3_of_4
CFAP410,0.652491251168609,0.0015060750904132,0.958197280787164,5.84499268318719e-05,1.46627407646799,True,True,True,0.92385975619158,6.72677269968785e-06,0.650533800649488,0.0006760437978883,0.703386428368641,True,True,True,0.706290295936956,0.0014051597244507,0.501513712928586,0.0158651196792596,0.709063471971187,True,True,True,0.22376310683596,0.297571693370155,0.295462178708117,0.180853585437077,1.31454927308758,True,False,False,3,3,1.01180637252938,3_of_4
LIX1L,0.892556269525951,0.0003723081486048,0.787742962732763,0.0009554568546439,0.881581820415939,True,True,True,,,,,,,,,3.73726509584051,2.05239996504582e-05,3.77840706298149,2.33886285413923e-05,1.01073812747674,True,True,True,1.55647114562005,0.0259848623833613,2.48351497002176,0.0010595134990436,1.59458168904506,True,True,True,3,3,1.01073812747674,3_of_4
DNAH11,0.734920449395748,0.000233063111911,0.847944326768089,6.5879133290735e-05,1.15222280813683,True,True,True,-0.924522461300135,0.0003044418708121,-0.803842595445114,0.0023875938665528,0.868528457230427,True,True,True,-0.572892855643111,0.130976800004843,-0.343296087236896,0.366532622868591,0.598188466472883,True,False,False,1.28701465604567,0.0023875986208634,1.65324471905649,0.0003674730558289,1.28356048690635,True,True,True,3,3,1.01037563268363,3_of_4
PUDP,-0.741839869588074,0.0003857044160019,-0.891081275080611,9.95021741153703e-05,1.19956037843626,True,True,True,-0.15308204864716,0.131392249216032,-0.156190543653928,0.166144251243011,1.01368423528426,True,False,False,-0.761627522478225,0.0002370985570152,-0.767738220744804,0.0002907071500809,1.00670143433845,True,True,True,-0.741407029142447,0.0008869870053995,-0.561357660448816,0.0075707824603821,0.756131930885998,True,True,True,3,3,1.01019283481136,3_of_4
LMO7,-1.2614305888304,0.0076131320515917,-1.36203955595657,0.0054072381695506,1.07890252977667,True,True,True,3.02524684512146,6.27257539089814e-07,1.71452720194867,0.0004029093802826,0.566552330227991,True,True,True,-0.963527706791975,0.0002543714687559,-0.906519751426713,0.0004686415694468,0.939858694616252,True,True,True,-0.0957974761859077,0.479548595109806,-0.573501251991477,0.0004636492085878,5.92475418357003,True,False,False,3,3,1.00938061219646,3_of_4
SDK1,3.7877754776687,1.90795248105459e-05,3.82376695682873,1.57586228046669e-05,1.00923556419911,True,True,True,,,,,,,,,2.2734055581583,0.0386983346934607,2.50658865374564,0.0246511759427218,1.10208517770918,True,True,True,2.15349978108275,6.45965276960579e-07,1.7883908255808,7.91239903667167e-06,0.830072409978171,True,True,True,3,3,1.00923556419911,3_of_4
NCOA1,0.772856037548087,4.64428861924329e-05,0.787787072720699,3.65684383615211e-05,1.01800210180792,True,True,True,0.775389102537289,1.48555887722832e-06,0.645415073811644,4.90057483589633e-05,0.831303623018904,True,True,True,0.768413841499262,4.9177337245422e-05,0.769185133185035,6.25435705960965e-05,0.999702749935222,True,True,True,-0.202211429269298,0.0837131195714442,-0.341347180761999,0.0087197554502536,1.67976369237402,True,False,False,3,3,1.00885242587157,3_of_4
ARHGAP44,0.726214287429467,0.0114643509979445,0.809319440694249,0.005693984628577,1.11290365808819,True,True,True,-0.252726489110786,0.649376241356885,-0.452168785875502,0.477661585309749,1.78211107346411,True,False,False,1.03427668809136,0.0006847010718864,0.936099607469609,0.0018686209863698,0.904202343428988,True,True,True,2.61718901069028,3.42900853070497e-05,2.29665957238889,0.000228600218545,0.877193954680675,True,True,True,3,3,1.00855300075859,3_of_4
CYB5R2,-0.108666552589412,0.601528996061091,-0.11350451696612,0.584609863118888,1.03499667205805,True,False,False,2.07048684289968,3.61293153431607e-05,1.23142791011247,0.0087859851049356,0.594465716416866,True,True,True,2.95425778051992,0.0399664074177448,2.90201970706479,0.0466120694228457,0.981985303006033,True,True,True,0.504363601733345,0.0237230794634959,0.638877372372709,0.0071290141954141,1.26419348402106,True,True,True,3,3,1.00849098753204,3_of_4
STX11,0.0911702249752813,0.813269150254276,0.232935956150484,0.516388471730401,2.52723649327051,True,False,False,4.40811590774869,3.21967701088399e-06,3.05175864077961,0.0005175838064161,0.69214751996344,True,True,True,1.6201952683759,0.0025449224361888,1.537244822791,0.0043093683690437,0.948216943866977,True,True,True,3.84772193604856,0.0002972394821386,4.10704434976254,0.0002396303054511,1.06711901197497,True,True,True,3,3,1.00766797792097,3_of_4
MX2,0.827642217982629,0.0213568998433676,0.822215055610033,0.022417740548486,0.992243742554847,True,True,True,1.09867203708484,0.0147384744334448,0.688459443308748,0.162580575525504,0.626058879458106,True,True,False,1.91862473646517,4.12092168018093e-06,2.04107259321241,3.30593525502142e-06,1.06326645746964,True,True,True,-1.12343711861381,0.0011773844401492,-1.1496992727034,0.0014712710887147,1.02246648894047,True,True,True,4,3,1.00735511574766,3_of_4
BEAN1,1.0983564002549,0.0019248300368108,1.56892315623477,8.70823339578723e-05,1.42712877813873,True,True,True,1.57589837085617,0.0064670296790485,1.63790651993859,0.0101095024194807,1.03868870068608,True,True,True,3.23290225070361,0.0001810293271719,3.15351118029296,0.0002687089544542,0.975141156355867,True,True,True,0.274168735377855,0.0871283540904624,0.191288077264101,0.255448668730476,0.695166465773914,True,False,False,3,3,1.00691492852097,3_of_4
NLGN2,0.642887363321226,1.90795248105459e-05,0.646149876626182,1.60049329555937e-05,1.00351383399308,True,True,True,0.261385107814174,0.0168318661993442,0.182779980137575,0.112546491708196,0.696609581466884,True,False,False,0.814580721184456,0.0005758015220181,0.946022939527996,0.0002073329874844,1.15993783932766,True,True,True,1.31151161101595,1.07679178829386e-05,1.32483724260455,1.69981290612773e-05,1.00939087432458,True,True,True,3,3,1.00645235415883,3_of_4
GABARAP,1.2092186603039,7.96608043760886e-07,1.27334867675751,6.63967357181996e-07,1.05216414068327,True,True,True,1.15386330345555,1.29207703706395e-06,0.651523475434632,0.0007732186695219,0.564156358146597,True,True,True,0.977117180873428,1.30201604944309e-05,0.93949863577196,2.3372118169521e-05,0.960517465742721,True,True,True,-0.069006705765589,0.472153300530677,-0.3965014048754,0.0006309873312591,5.66376321438475,True,False,False,3,3,1.006340803213,3_of_4
AXIN2,1.87877486554237,7.3485721743357e-05,1.55043665784566,0.0004237364425143,0.824799121568377,True,True,True,2.42321748335647,1.95435609277361e-05,1.56662808937613,0.0032902271371474,0.646240735466952,True,True,True,3.32059759335631,0.0039244009304176,3.94272595731446,0.0011121822795848,1.18699687319153,True,True,True,0.219308886356772,0.388950174336811,-0.425875865335098,0.125862048791886,1.9330852802979,False,False,False,3,3,1.00589799737995,3_of_4
FAM124A,1.62732153474742,0.016897276395227,1.71179642081596,0.0124072556908225,1.05126437517851,True,True,True,,,,,,,,,3.83795295661748,4.80567002896676e-05,3.86044143535891,5.74764123750615e-05,1.00559748425789,True,True,True,2.37876729025844,0.0055045731741397,1.78477607968254,0.0422761712507962,0.749979246705553,True,True,True,3,3,1.00559748425789,3_of_4
PON3,-2.82022968655878,8.34793157088166e-05,-2.26225570426575,0.0002350487198795,0.801868672743607,True,True,True,2.79369180605948,5.61959499408058e-05,2.08674460840437,0.0025431990746334,0.746681478036279,True,True,True,-0.579487915903297,0.416893304483893,-0.701523467353867,0.341870811656396,1.2085065823674,True,False,False,-0.836175939637855,8.04612723209144e-05,-1.0375991668379,2.34791334952432e-05,1.2394039504847,True,True,True,3,3,1.0051876275555,3_of_4
HACD2,-0.2800498729027,0.027338277043192,-0.507771210127033,0.000614812090344,1.80669432397439,True,False,False,1.17612066539291,4.14492674567803e-06,0.927649112853731,0.0001697220633115,0.788066287617244,True,True,True,-0.566407950379378,0.007004138381363,-0.693537277727831,0.00226321767796,1.222290377257,True,True,True,0.789998386103634,9.05745987398007e-06,0.502720790937121,0.0009625134907142,0.635552233441923,True,True,True,3,3,1.00517833243712,3_of_4
LAYN,2.26752343490829,0.0122046997123819,2.60477049749284,0.0045226489118745,1.14822287370293,True,True,True,0.784601442819833,0.0041336147669102,0.463775593452353,0.10058983613291,0.590344630462591,True,True,False,3.55978216340773,7.19348156226021e-05,3.56368319672106,8.99382414068015e-05,1.00081471799739,True,True,True,2.58615477772224,4.92070539289832e-07,2.60748657367493,7.18773399251997e-07,1.00785874742701,True,True,True,4,3,1.0043367327122,3_of_4
TBC1D8,-0.22162066652078,0.113980172617643,-0.33020556038942,0.0259451824390374,1.48326552763509,True,False,False,-1.78888986441289,6.20481813920038e-06,-1.59471798378918,7.95492026501585e-05,0.890958720698869,True,True,True,-0.968432444689131,0.0006076722267114,-0.819858687794063,0.002176240384186,0.845709974207608,True,True,True,-0.952806506956966,9.084383141275e-05,-1.06389439216524,6.43876958881286e-05,1.11541951580882,True,True,True,3,3,1.00318911825384,3_of_4
TNIK,0.0747431647353309,0.573927310009613,0.080639689908665,0.539828282886542,1.06464642968701,True,False,False,-1.6047464133108,3.09971323442072e-07,-1.18873990660237,1.627809427064e-05,0.740303634962742,True,True,True,2.01406359953199,8.06598371475649e-06,1.89588750104651,1.87217293801327e-05,0.940857400970789,True,True,True,1.34395550983305,0.009638403747201,2.44677205845951,8.33286174333989e-05,1.81922155831253,True,True,True,3,3,1.0027519153289,3_of_4
PALM2AKAP2,0.721855923095379,0.0004144805887996,0.739340198001072,0.0003186663369967,1.02280437135398,True,True,True,1.26976459089475,7.75682046865617e-07,0.841118034847509,0.0001448494665169,0.661899175405316,True,True,True,0.956925859061961,0.0002876521292136,0.946301874925837,0.0003521193143954,0.987865465760047,True,True,True,0.0800143659207766,0.657310485674427,0.0823373923446873,0.670303654822714,1.01633076317853,True,False,False,3,3,1.00209811446929,3_of_4
NLRP1,1.23553066623783,0.0002019594919794,1.25451916262682,0.0001693831853667,1.01454755379721,True,True,True,1.11422573635987,1.09722840686191e-05,0.640152754479566,0.0037734746215745,0.574011819857246,True,True,True,3.37122055047211,0.0001036807479746,3.33549986990891,0.0001378544721842,0.989110830678599,True,True,True,0.0075063218717241,0.984730828710672,0.0951484551850115,0.811674015689188,11.1856166060791,True,False,False,3,3,1.0018291922379,3_of_4
OSBPL6,-0.777159189350302,0.0001679116913715,-0.79732422535529,0.0001415103141933,1.02462868300892,True,True,True,-1.00434230773851,0.00258313006846,-0.15928305412843,0.592368259577622,0.158436636857284,True,True,False,3.60769528468309,0.0301042804340454,3.53273893143737,0.0356290596617554,0.978951851776427,True,True,True,0.82679807538408,0.0120796022973099,1.28271967280579,0.0005025058797365,1.54955623955834,True,True,True,4,3,1.00179026739267,3_of_4
PLPPR2,0.77328422440401,2.56568715157805e-05,0.814325586738516,1.4751432765485e-05,1.0517140361026,True,True,True,0.711764958000521,0.0001757388537593,0.185620864243659,0.270288150438769,0.260423667241401,True,True,False,0.561203411081265,0.0136051908957531,0.704484488702112,0.0035860835474307,1.25307757800189,True,True,True,0.69332420205602,0.0038727663466189,0.660820680145234,0.0072814685902888,0.95174657341401,True,True,True,4,3,1.00173030475831,3_of_4
CPE,3.23693465533385,3.7927131299363e-06,3.49798053198544,2.01464352498231e-06,1.08031226826126,True,True,True,1.76217219375101,0.0041689835415648,0.63025300611335,0.356487532200287,0.357454029928034,True,True,False,4.6763254223486,0.000509910148872,4.31641333612811,0.001064801776796,0.9228379354372,True,True,True,1.47452374409199,0.0027756183550276,2.13116337949859,0.0001354846562655,1.44434366985403,True,True,True,4,3,1.00157510184923,3_of_4
OLFML3,0.913005650508329,0.0149790227989174,1.11101550415285,0.004134933971387,1.21554555328509,True,True,True,-2.91077091862285,0.0002871946064336,-2.23603862025574,0.002846968143106,0.767930816931607,True,True,True,2.68369642289745,0.01093445865258,2.68819064383905,0.0119896865207182,1.0013015329822,True,True,True,,,,,,,,,3,3,1.0013015329822,3_of_4
KIF26B,1.29093386158884,0.0098023945718636,1.5664493853775,0.0024560363890949,1.21248419284487,True,True,True,1.59607164273469,0.0299071736415706,0.120869205277927,0.903440785733734,0.0756817678328825,True,True,False,3.14602331539291,0.0009835067084859,2.68422333095613,0.0039671206616528,0.852940401752632,True,True,True,-1.04431727851901,0.0049567263697247,-1.20152009261443,0.0031640931342775,1.14943100750877,True,True,True,4,3,1.0011857046307,3_of_4
RIMS4,4.44973893643797,0.002133286853841,3.48868497476932,0.0126169366596087,0.783843991883603,True,True,True,,,,,,,,,5.23400211850761,7.44752373898447e-05,5.24084621678712,9.06868277525031e-05,1.0011163507,True,True,True,2.37223653701559,0.0008664247869778,2.42420951459842,0.0010306965818,1.02147825418487,True,True,True,3,3,1.0011163507,3_of_4
INSIG1,-1.69902985246272,0.0004648592904101,-1.56889887690266,0.0007676049837855,0.922865486526546,True,True,True,-1.19589529005676,0.0231527807613636,-0.556501187210349,0.287928001787686,0.464953945289532,True,True,False,-2.31441181347276,2.55672630599112e-05,-2.71267824560609,1.3864552205945e-05,1.17157484894123,True,True,True,-1.0514728314388,5.12667952455379e-05,-1.13573413616789,4.56523134130422e-05,1.07911017010792,True,True,True,4,3,1.00098782831723,3_of_4
PDZD2,1.71950176641728,0.0031081175725471,1.71302725858616,0.0031893604813367,0.995655623273968,True,True,True,2.63465103923237,0.0039168253160051,0.56437942114688,0.610585983211509,0.214132831981906,True,True,False,1.5747379201186,0.0097541573134365,1.83528504519851,0.0037020928052747,1.16471465322125,True,True,True,-1.60618978193631,1.3631699281583e-06,-1.61202257135106,2.38403187840221e-06,1.0030069811724,True,True,True,4,3,0.999331302223184,3_of_4
TMEM167A,-0.63940305554419,0.0002536889175416,-0.68886928882094,0.0001279013846217,1.07568082765559,True,True,True,-0.567018381836725,1.43017904418726e-05,-0.332439606346174,0.0033127074371665,0.585262056610225,True,True,True,-0.900089229380184,0.000262108481896,-0.831559954853275,0.000554519070213,0.922838635442647,True,True,True,-0.0727515790135378,0.670065646960985,-0.0862700581304994,0.634903877353527,1.16973845556125,True,False,False,3,3,0.999259731549119,3_of_4
WIPF3,-1.81687360985427,8.45936107228527e-06,-1.81650274105628,8.48758976098959e-06,0.999245894329199,True,True,True,,,,,,,,,1.90204721692417,0.0232887668724306,1.94910105527734,0.0224823379864889,1.02420005028966,True,True,True,2.36004101951576,2.26425280594045e-05,2.04268442221166,0.0001828037550165,0.865162614849701,True,True,True,3,3,0.999245894329199,3_of_4
FKBP7,1.35077057689177,0.0005591161471693,1.33025048010093,0.0006437221376288,0.984080067166188,True,True,True,1.20216276782171,0.0002390128162103,0.567199457281453,0.0689061352620819,0.471423711280852,True,True,False,2.26401047150608,6.63828060591694e-05,2.29711210531072,7.5270991869712e-05,1.0141728412334,True,True,True,1.29123059844633,0.0009921626510905,1.32390911252907,0.0011540687718748,1.02451459833936,True,True,True,4,3,0.999126454199794,3_of_4
RASD2,0.909864375395813,2.22857597093367e-05,0.925083448489184,1.77405707145073e-05,1.01561052718435,True,True,True,-0.598954425710882,0.0057037164839246,-0.337585376016302,0.112209707336694,0.562685033311154,True,True,False,4.35555065972341,4.09394524068825e-05,4.27892391786793,5.81209951498576e-05,0.982181604687134,True,True,True,2.37268335861417,1.83837856846867e-07,2.61432084134519,9.62231424566279e-08,1.10137724640388,True,True,True,4,3,0.998896065935742,3_of_4
SIM2,0.337429816125954,0.434146169926873,0.420294602383385,0.324615009390295,1.24189590383775,True,False,False,-1.34029001214144,2.99302912930889e-07,-1.01156036343705,1.46742745256063e-05,0.754169757681294,True,True,True,2.89564871401669,2.6618995598356e-05,2.88088243181102,3.55506522888582e-05,0.994557061016968,True,True,True,1.69585478962756,0.0012688214558807,1.69991128084254,0.0017929045413722,1.00180126857859,True,True,True,3,3,0.998179164797779,3_of_4
MED21,-0.501515823677567,0.0009396872444458,-0.528315728772279,0.0006724915788276,1.05134147797755,True,True,True,-0.570804745922517,0.0003264503252058,-0.358817612818134,0.0159975948576314,0.627517724147669,True,True,True,-0.771318154430876,0.0003356005073758,-0.788761484950879,0.0003629651163113,1.02129087659751,True,True,True,0.278220282692547,0.057891692301361,0.272064488074878,0.0740703220568695,0.974372224866098,True,False,False,3,3,0.997831550731804,3_of_4
RAB11FIP3,0.958122289685624,1.11938588423079e-05,0.928754951726417,1.29385144507011e-05,0.968338408682838,True,True,True,0.0384227298775341,0.712277888043168,0.124326269070578,0.272327995723558,3.15366970924629,True,False,False,1.67386904251404,2.32191598734463e-06,1.71968433592187,2.60106074054852e-06,1.02675749104572,True,True,True,1.03914182442299,5.97403077517975e-06,0.821379852804685,0.0001159361723838,0.789680631543048,True,True,True,3,3,0.997547949864279,3_of_4
DCUN1D5,0.0444127865459754,0.812872389525778,-0.105844042725339,0.553651456773546,2.33071015402641,False,False,False,-1.12308001135452,1.45459656699687e-06,-0.630537681452154,0.0006345989005418,0.56093665493825,True,True,True,-0.614553868365548,0.0010135450216095,-0.576518439253187,0.0018694516249838,0.936584869142306,True,True,True,0.558753437092962,0.000328532232536,0.591517913964736,0.000300815636612,1.05674726543305,True,True,True,3,3,0.996666067287678,3_of_4
UBE2L6,0.446770283760697,0.0008133019832657,0.36277356509982,0.0035916873261572,0.810177848456103,True,False,False,2.35859388914593,2.22703985921481e-07,2.11195242606296,4.14585285260756e-06,0.895049116620401,True,True,True,0.683961876779878,0.0255609935583924,1.0190084279925,0.0024698215121881,1.48768634070998,True,True,True,1.5018550276262,6.92817116027899e-07,1.65038071757626,4.07866412222352e-07,1.09816362006858,True,True,True,3,3,0.996606368344491,3_of_4
PLPBP,-0.620103189095436,0.0216474480836362,-0.646380473678247,0.018050284317831,1.04069739944441,True,True,True,-0.976430176348104,0.0001489807587558,-0.48778511815184,0.0266718916683872,0.499048556055752,True,True,False,-0.537644518543264,0.0164321107772789,-0.873829050799458,0.0011157930137782,1.62227409862572,True,True,True,-0.658157933356227,0.0009969662832021,-0.627188760910609,0.0020075489345048,0.951499980766611,True,True,True,4,3,0.99609869010551,3_of_4
LOXL1,0.73085038971027,0.0268466136655616,0.77601056787177,0.0196603402984426,1.06034044496305,True,True,True,-3.52387286876961,4.68298656853908e-08,-2.39321138994635,8.73255636798153e-07,0.678949703732641,True,True,True,2.58750074472589,0.0002001822483486,2.41146752939398,0.0004457911148855,0.93160781750107,True,True,True,-0.264667412128238,0.520845846647895,0.357651104415592,0.358020942908138,1.34623626417136,False,False,False,3,3,0.99597413123206,3_of_4
TCIM,2.56771172827495,0.0005677120167643,2.4107316532664,0.0009564281489793,0.938498324561066,True,True,True,1.52017624724949,0.0003828240113904,0.498606509636627,0.22949620588113,0.327776949277364,True,True,False,4.17595831060958,0.0024480214543827,4.39915650867136,0.0018263973199712,1.05319617327695,True,True,True,2.62943990780943,0.007011711884212,3.14016795580474,0.0023061194380512,1.19378053324161,True,True,True,4,3,0.995847248919008,3_of_4
NXT2,-0.612106789033163,0.0024649351631721,-0.66244790770433,0.0015107162990145,1.08047720161275,True,True,True,-0.41781717490549,0.0012481368126204,-0.219085445818942,0.0728549889606272,0.52310520901723,True,False,False,-1.13493581596004,2.47033367329059e-05,-1.03434064595813,6.57641648459523e-05,0.91056257882313,True,True,True,-0.548390324373282,0.0125879226926553,-0.640416477054011,0.0069097852355818,1.16568575863539,True,True,True,3,3,0.99551989021794,3_of_4
CMTM3,1.31570247245053,0.0001258069141935,1.42894416011088,5.81155314360411e-05,1.08524453322508,True,True,True,-0.721289848818337,0.0080309128086975,-0.342535409762511,0.199761090517063,0.474235392236091,True,True,False,1.58650129749187,0.0002977092595553,1.43711867597583,0.0007732693900963,0.905270867019994,True,True,True,0.625722574388813,0.0007273664965479,0.736530729434634,0.000260680152286,1.1752101480514,True,True,True,4,3,0.995257700122537,3_of_4
TCP11L1,1.01665533357743,0.0002179070842882,1.08734107111805,0.0001173996312851,1.06847675754388,True,True,True,0.625413874240152,0.0010474798943921,0.44359156341056,0.0216930516798931,0.708144537744542,True,True,True,0.226383577652875,0.20243999391609,0.407136851906179,0.0265390176051968,1.79052883285932,True,False,False,1.4581618777695,3.94257632044005e-08,1.3449247345542,1.4626688204688e-07,0.921710438741776,True,True,True,3,3,0.995093598142828,3_of_4
C11orf71,0.989491351066365,6.03713567794951e-05,1.12997431665675,1.76227764984395e-05,1.140821992479,True,True,True,1.08110631954,0.0004313647876199,0.917601846449402,0.0043288471345546,0.847977532225735,True,True,True,0.0423398178188519,0.91023121797541,0.17815330894824,0.605207827706878,4.11061508594406,True,False,False,1.039045698986,0.005276200184076,0.859716740740271,0.0229193136166204,0.826614389712354,True,True,True,3,3,0.994399762352367,3_of_4
PHLDB2,1.66057149634151,2.04903528022228e-07,1.72159753253153,1.61306601023038e-07,1.03612606277984,True,True,True,-0.185028234953629,0.309424298112755,-0.435989108234595,0.0380286439218471,2.34367169232817,True,False,False,0.797553095860978,0.0012780118998748,0.464578462524497,0.0340148088027392,0.581775294507626,True,True,True,0.894301845505217,4.26840987499656e-05,0.852160243919799,0.0001138010592997,0.951813344513913,True,True,True,3,3,0.993969703646877,3_of_4
HSD17B7,-0.687022335272345,0.0053607784398156,-0.670015994097461,0.0063663086532404,0.973828842100371,True,True,True,-1.39846312251085,0.0009020367993343,-0.773172939428141,0.0390877702128405,0.552478251831996,True,True,True,-1.08578452580959,8.20771515538581e-05,-1.10190098514338,0.0001058008279293,1.01390934354952,True,True,True,-0.261360437992637,0.114946133729683,-0.509752645624676,0.007627004927877,1.94294783742884,True,False,False,3,3,0.993869092824945,3_of_4
COL6A2,0.459985255466236,0.0447354894509122,0.807214873292928,0.0015669283684157,1.7510644076382,True,False,False,-0.988643248034872,1.35268064731619e-05,-0.980769924761397,7.75746679304589e-05,0.991033816184676,True,True,True,3.11955076083562,2.45374558611185e-05,3.10989744695285,3.16692186976224e-05,0.996586078965138,True,True,True,3.25738313763012,3.87545064486014e-10,3.05843664799745,9.14419046045179e-10,0.938636286407345,True,True,True,3,3,0.993809947574907,3_of_4
PLS3,0.553302017786944,0.0001131959198619,0.53014878343418,0.0001445450101258,0.956425858868066,True,True,True,0.730643154930384,1.38873283777438e-05,0.629362296702633,0.0002296747186104,0.860203901945228,True,True,True,-0.652879232684285,0.0049275054225972,-0.674214831457965,0.0042459447364352,1.03109993062511,True,True,True,-0.039961219930337,0.748061790531537,0.180213074196137,0.140107588855867,4.39960222138468,False,False,False,3,3,0.993762894746588,3_of_4
VRK2,-0.831083221684045,2.88878930285322e-05,-0.867800809495708,2.00667897924977e-05,1.04292549937418,True,True,True,-1.11207149956909,4.96410522769314e-07,-0.753874408370952,5.45248260878738e-05,0.677291987678064,True,True,True,-0.144097762522606,0.300803339714762,-0.255007538909251,0.0756999173090422,1.75748774120153,True,False,False,-0.62529636173337,0.0012927149012902,-0.591505346135761,0.0027066004761912,0.944449596511595,True,True,True,3,3,0.993687547942887,3_of_4
ACSS1,0.611073858111093,0.216098944762866,1.55095518924477,0.002849936553158,2.53393470198374,True,False,False,0.567761894833662,0.0011317699249508,0.565918933791711,0.0029656563892306,0.995001491717756,True,True,True,4.296797586021,0.0018541106994277,4.2585753418356,0.0021852862902323,0.99087387355957,True,True,True,2.60306821002804,1.75050510331586e-06,1.37934572980346,0.0021727085595079,0.52968878637346,True,True,True,3,3,0.992937682638663,3_of_4
AGPAT3,1.08171043837704,0.0003346805434016,1.08562321781207,0.000312436597643,1.00269026632771,True,True,True,-0.974994755561032,1.51458796212946e-05,-0.603846675219032,0.0021552803315599,0.618698688469819,True,True,True,1.83030075234512,2.96487811105771e-05,1.79876371629828,4.30949478963039e-05,0.982232827674442,True,True,True,-0.0379606214828145,0.818987576536802,-0.231642982905137,0.152619351068589,5.94556693627987,True,False,False,3,3,0.992461547001076,3_of_4
GLUL,0.92266661359598,0.0098343707448347,0.950862121688146,0.0079877919229252,1.02944299132594,True,True,True,0.864053664448482,0.0006652828928484,0.370325297135238,0.118136328659726,0.428095171842709,True,True,False,1.02209247854764,3.15398940305938e-05,0.97763908291107,5.68275756241892e-05,0.955572544428149,True,True,True,-0.775783872334332,2.17855265033243e-06,-0.799207202671718,2.88672500115169e-06,1.02886688451705,True,True,True,4,3,0.992219714472599,3_of_4
PCDHA1,1.18959391330884,3.01051600284045e-05,1.36480141141004,8.32436135276694e-06,1.1463198292498,True,True,True,,,,,,,,,2.41238253151975,0.0065938369032366,2.03500264701464,0.0218845281523447,0.843215951237189,True,True,True,2.95640092129221,0.0087683663150665,2.93396594358245,0.0119291605961107,0.992075819838617,True,True,True,3,3,0.992075819838617,3_of_4
EFNA4,0.666779507237108,0.0011945018029472,0.720656993850445,0.0006414743514637,1.07918405108314,True,True,True,1.00208522309544,5.12707044471685e-05,0.608118865750694,0.0083155125794341,0.60624845401878,True,True,True,0.747652883112185,0.0026248661946685,0.67686605445093,0.0061652705812004,0.904111998657063,True,True,True,0.0700670477114667,0.681503590528274,-0.19976013144921,0.256132404317135,2.81086857948904,False,False,False,3,3,0.991648024870102,3_of_4
ANTXR1,1.5285366663348,0.0001880643115634,1.42092299855364,0.0003497320612165,0.928989170268518,True,True,True,0.284695890971237,0.039211687082819,0.353122948849337,0.0228838015573747,1.23600989726831,True,False,False,2.92019234119193,7.22430315486297e-05,2.84159973425412,0.0001130481911059,0.972753383673006,True,True,True,4.41944014570563,6.14225781166688e-08,4.46497718239004,8.34770138955127e-08,1.0100752493454,True,True,True,3,3,0.991414316509203,3_of_4
C1QL1,-1.07164944142578,0.0079307252398571,-1.0087908247332,0.0109556193012458,0.940466461617042,True,True,True,3.743483497681,6.32576644393621e-05,3.13501907242495,0.0011688722499709,0.837236717524994,True,True,True,2.09035097415061,0.0222665936696576,2.17989964833576,0.0190872366216732,1.04234041788281,True,True,True,0.672957065796797,0.290772761616409,1.34916786093682,0.0329965279470152,2.00186025105582,True,False,False,3,3,0.991403439749926,3_of_4
NOVA1,1.33507202569409,0.0016409701932793,1.41526455897602,0.001010435793187,1.0592726527904,True,True,True,0.91240888180377,0.0017733879216971,1.07294288833277,0.0013511909364667,1.17465782269815,True,True,True,0.460509248308829,0.137451045768985,0.332017085475332,0.305603832354069,0.719415887529854,True,False,False,2.43140914442649,0.0055699767392572,2.24457536466163,0.0128688175576837,0.922778706783251,True,True,True,3,3,0.991025679786826,3_of_4
INPP5K,0.986047371517347,2.7944534325842e-06,1.03082554032392,1.92008533134646e-06,1.04435265223317,True,True,True,1.85232920429045,1.05679865536988e-06,1.04894416046151,0.0007548325960257,0.565978325940803,True,True,True,1.05670095634431,0.000262108481896,1.02685496739348,0.0003916010210598,0.970836758002525,True,True,True,0.331232316003145,0.0331022230050705,-0.335891810597419,0.0482541983981426,1.01101486645941,False,False,False,3,3,0.990925812230968,3_of_4
ALDH1L1,1.47617161241632,0.0031327897595496,1.56034180026089,0.0020394425855793,1.0563036732804,True,True,True,0.885256676957908,2.38031574957386e-06,0.91241858939985,1.46742745256063e-05,1.02951956597015,True,True,True,2.11486702189369,0.0529040047803039,2.01495901360694,0.0701748465710056,0.952308908242997,True,False,False,-1.49416691911679,0.0023310180479844,-1.40649481955187,0.0041883077170357,0.940694180408098,True,True,True,3,3,0.990914237106573,3_of_4
CDCP1,-0.516864431652446,0.0231797497522316,-0.610402768795634,0.0095810436816719,1.17869220492303,True,True,True,-0.71687594904705,3.52734979255803e-06,-0.568242586556946,0.0001338551818597,0.791560975557496,True,True,True,-0.861122808235899,4.25924595484765e-05,-0.692382990262453,0.0002787640951749,0.803114108161954,True,True,True,0.0777168349004027,0.560409189540723,0.262883657465307,0.051148965725419,3.33961163197076,True,False,False,3,3,0.990903156542492,3_of_4
SH3KBP1,-0.856160534520082,2.94891613082713e-05,-0.938842796988077,1.23617639318452e-05,1.09529400757319,True,True,True,-1.81843391338971,1.06903551898446e-07,-1.10076497405389,1.17481724159009e-05,0.60500409822696,True,True,True,-1.12053016969282,0.000973612398145,-0.990807316919889,0.0025296702052328,0.883442410819198,True,True,True,-0.0388054284742401,0.816873055428738,0.452283184231525,0.007672220682222,11.3623493470047,False,False,False,3,3,0.989368209196194,3_of_4
MCC,1.34273169169317,0.0001558641426484,1.2851694040529,0.0002158051141843,0.956418168893168,True,True,True,1.80616943761088,1.09428000687919e-05,0.739159596347912,0.0344802410754501,0.409015104485774,True,True,False,-1.23888080606872,0.0003193185040756,-1.26508325754747,0.0003776326561195,1.02032651151255,True,True,True,0.866465962262128,0.0004205300573447,1.92581444948834,1.62393717761715e-07,2.22004612661264,True,True,True,4,3,0.988372340202859,3_of_4
ARID3B,-1.41503114022588,6.57076068067033e-06,-1.63982715236723,2.95050408348087e-06,1.1580445555072,True,True,True,-0.858348937311078,1.54993487953033e-05,-0.954778371989117,4.41643973871979e-05,1.11104852817604,True,True,True,-1.39931399938812,0.0004894461747762,-1.1811601451523,0.0016235944770583,0.84349663408951,True,True,True,-0.313244145658964,0.0761463271968304,-0.271889700936254,0.134331987106385,0.865218030923397,True,False,False,3,3,0.988133279549719,3_of_4
DISP1,0.96822905955233,0.0009612487667365,0.927745409401726,0.0013800042697281,0.957199333076368,True,True,True,-0.279728758036045,0.136250440328202,-0.494881930413488,0.0282726559512221,1.76284729030129,True,False,False,1.49056414202531,0.0018541952767191,1.519240050446,0.0018614866566854,1.01855495693475,True,True,True,1.23301670507359,3.42900853070497e-05,0.755278321249395,0.0045805019820164,0.612048700916374,True,True,True,3,3,0.987877145005559,3_of_4
FUT2,-1.14327824297567,0.0003928280157489,-1.07885246428453,0.0006007849290862,0.942823540434535,True,True,True,1.64473596330058,0.0018081167581192,0.706722590848948,0.200147558105383,0.429426473388594,True,True,False,-1.04656206264806,0.0046646439795935,-1.25546246726485,0.00226321767796,1.19846118147048,True,True,True,-1.15855845633352,0.0004364073530699,-1.1971398902263,0.0005229002461822,1.03241012446376,True,True,True,4,3,0.987616832449147,3_of_4
CARMIL3,1.88444632757896,0.018130265475673,1.91121124227585,0.0165430700037729,1.01366515414415,True,True,True,1.85817133279021,0.0039357937560774,1.61515444764877,0.0194326719079296,0.868749651612138,True,True,True,4.51891625154042,0.0008365081289937,4.34607961998484,0.0013094798125622,0.961539855634198,True,True,True,2.49376145279739,0.0516528884867612,2.81415123984115,0.0334367134855994,1.12802417909962,True,False,False,3,3,0.987602504889174,3_of_4
DLX4,0.46270810485933,0.0767807517315449,0.478034917943836,0.0688055523433426,1.0308961886462,True,False,False,1.690109453262,1.23638453265208e-05,1.22661541788776,0.0009937073531979,0.725331772891298,True,True,True,1.4694292987114,0.0174953905900525,1.50168760537167,0.0171885517433868,1.02125794602139,True,True,True,1.55104423838493,0.0003601104430546,1.47719775751471,0.0008623342168207,0.951775549292264,True,True,True,3,3,0.986516747656827,3_of_4
EPS8,-0.568686900371541,0.0001655759148754,-0.6275801348743,7.06954555881535e-05,1.10162289928907,True,True,True,0.270549516821752,0.0095655797548513,0.236592511595053,0.0329968117625262,0.871268394671293,True,False,False,-0.666359509201899,0.0001950342273517,-0.486191661034725,0.0022473114023621,0.728530356323484,True,True,True,-0.875312004043924,1.26705802654405e-06,-1.07507639101542,2.82182681652207e-07,1.22681919915995,True,True,True,3,3,0.986445646980181,3_of_4
EFNB3,3.06600967704926,1.35673873427161e-06,3.36027666354447,7.56843126816224e-07,1.09561984387912,True,True,True,,,,,,,,,3.82839043898351,5.21049739425109e-06,3.77697232331004,8.39815495740006e-06,0.986311629354936,True,True,True,2.8165279316479,8.51558363967403e-05,2.25775040315586,0.0011885239043175,0.801323166239335,True,True,True,3,3,0.986311629354936,3_of_4
DUSP6,-2.95024919297091,6.113953345898e-05,-3.51354232504834,3.48628148321698e-05,1.19052716165638,True,True,True,-4.84663382438,3.6594924284775e-06,-3.71220356807427,3.19806936107298e-05,0.765776397838599,True,True,True,-0.496168571034373,0.318866664541128,0.570877833288241,0.199414573008758,1.14825808900292,False,False,False,-3.72436173304197,2.50178936966935e-09,-3.0709797611356,5.13915000609101e-09,0.824344045276905,True,True,True,3,3,0.986301067139912,3_of_4
GTF2A2,-0.524139817164689,0.0173398361799789,-0.534051556713742,0.0159787335525981,1.01697022251554,True,True,True,-1.03177361989316,7.3076130512458e-06,-0.617876088452381,0.001420694458434,0.598268658833772,True,True,True,-0.619906285469182,0.0258208251907323,-0.593321254401863,0.0352634411551883,0.955572955673215,True,True,True,0.0904230682117868,0.652090829673795,0.344915749072599,0.0786729750170991,3.77274309229681,True,False,False,3,3,0.986271589094377,3_of_4
NGF,0.458969022397668,0.426535574747681,0.410399577997067,0.484815047502339,0.892233080953557,True,False,False,1.11704869004293,0.0002247639869475,1.18732701548816,0.0004673924300991,1.0619636032511,True,True,True,2.65427796836859,7.5494344081963e-06,2.41714799988045,2.45786732528775e-05,0.910318252429727,True,True,True,0.541889107363315,0.0456849741331189,0.883027362909095,0.0028716678040548,1.62653357920138,True,True,True,3,3,0.986140927840413,3_of_4
HTR7,-1.52843887658714,0.0032657123076014,-1.76353030359548,0.0015679015072511,1.15305706595526,True,True,True,0.377602990414875,0.203494724960896,-0.199981812249914,0.58775313988249,0.528209806348262,False,False,False,3.78427231645902,0.0120662898472252,3.53023280280324,0.0202962742296869,0.932623205853163,True,True,True,3.44333960117156,0.0003198992410762,3.57991601901949,0.0003372512055825,1.03936209362219,True,True,True,3,3,0.985992649737677,3_of_4
PSMD6,-0.566782862100577,0.0019781247327971,-0.744061054245476,0.0002559921815015,1.31046761695613,True,True,True,-0.871067045370991,6.20481813920038e-06,-0.484700722260974,0.0022648179576708,0.55580671788231,True,True,True,-0.361264227360581,0.0063400258252527,-0.405038707931611,0.0035331976848031,1.11807536416908,True,False,False,-0.681772872976858,4.88919891702934e-05,-0.583013156995893,0.000303367785924,0.853890334649622,True,True,True,3,3,0.985982849409351,3_of_4
TMEM87B,-0.70551539864706,0.0079806971948707,-0.813235752338524,0.0035241417648677,1.15105170233491,True,True,True,-0.624681516738026,7.08471301489621e-05,-0.5135307353691,0.0011534193827646,0.820754204225784,True,True,True,-0.626322110015281,0.000761657606492,-0.749679416114412,0.0002585053010772,1.19504701674894,True,True,True,0.128137816701088,0.407417142290212,-0.0111401147552144,0.952321445554745,0.0862653174708702,False,False,False,3,3,0.985902953280347,3_of_4
XPO4,-0.683361108173297,4.94478986768168e-05,-0.741589980010695,2.40231308225187e-05,1.08362379327802,True,True,True,-1.09612515503268,1.29728872901469e-06,-0.589121893050773,0.0007921816316594,0.536968722618729,True,True,True,-0.525804834256908,0.0053935778007745,-0.467535972564169,0.0119136968513151,0.887493701958256,True,True,True,-0.12479962256165,0.325753843023628,-0.26195590204529,0.0508155307343413,2.08232661363443,True,False,False,3,3,0.985558747618138,3_of_4
MAPT,1.30901241598048,0.0003072334034493,1.66792375257065,3.29015638193407e-05,1.27321217129251,True,True,True,2.01182767784706,2.26310800258711e-06,1.67944033493972,7.7523944247075e-05,0.83436866127361,True,True,True,3.4409682338483,0.0274323458232992,3.91177394562653,0.0141025687496863,1.13649333168103,True,True,True,2.23414639571136,0.003046839376336,1.27078137320252,0.0997175604516511,0.568545029372933,True,True,False,4,3,0.98543099647732,3_of_4
GLP2R,1.56795013347932,8.15478311421942e-05,1.71044629150886,3.56284623133758e-05,1.09018524872792,True,True,True,3.28099436744891,0.0013049455688363,3.2320578964795,0.0035957886633886,0.984784717650742,True,True,True,2.29753515990088,0.0028823372483096,1.88085855362516,0.0133733096156636,0.818285744085058,True,True,True,,,,,,,,,3,3,0.984784717650742,3_of_4
WNT5A,1.82283340009369,9.56709770375371e-05,1.80509644912697,0.0001048970828043,0.989726610464663,True,True,True,0.403408210654908,0.0715849760145098,0.604534543508227,0.0181795817321527,1.49486219018459,True,False,False,3.9627481511838,5.49451938398955e-05,3.87869922134577,8.47361017137693e-05,0.978543306336799,True,True,True,2.8225410233429,6.76742053211716e-09,2.4343113060915,5.07991206806846e-08,0.862148375379163,True,True,True,3,3,0.984134958400731,3_of_4
SERPINE1,1.01259099666372,0.0002399406849745,0.857415796931207,0.0007805786222966,0.84591891576921,True,True,True,0.606858121491832,0.180041759544958,0.590072913256841,0.242987916593066,0.970741185144747,True,False,False,4.61908117270693,0.0143275659316993,4.60305076452865,0.0154687934476726,0.996313829229043,True,True,True,3.0828111739451,7.68189951498849e-06,4.04959963169286,1.249201571873e-06,1.31318015380048,True,True,True,3,3,0.983527507186895,3_of_4
NUDT5,-0.648944579564464,0.0003571322155203,-0.782638095366234,8.24281439384831e-05,1.20416127770569,True,True,True,-0.928548274648088,1.24460869893016e-06,-0.446508057592905,0.0017107330289147,0.480349509294658,True,True,False,-0.568210664379325,0.0140752492107992,-0.65506117057086,0.0077007215225122,1.15082378381851,True,True,True,-0.905192105624523,1.59073756824219e-05,-0.739465888243599,0.0001556087902066,0.816014489261059,True,True,True,4,3,0.983419136539785,3_of_4
TRPC1,0.10734784783381,0.457791826577818,-0.0040891070237307,0.97967990636675,0.0377405468173478,False,False,False,1.23911248580201,0.0007408797793178,1.25562153084532,0.0019022322937045,1.01250615990152,True,True,True,0.815284091694067,0.0116984204611001,0.778983681027846,0.0172923659779501,0.954304621337395,True,True,True,2.98072838631004,6.36052307961515e-07,3.2179393750157,4.41842387075502e-07,1.0792194855139,True,True,True,3,3,0.983405390619458,3_of_4
CREB3L1,0.621685769917382,0.003700896905402,0.635410396140853,0.0030295459572332,1.02043506827715,True,True,True,-1.05024380001854,0.0495296147413377,-0.0622507139491786,0.913115039120742,0.0592162483603525,True,True,False,2.92199684531184,0.0041052266208028,3.10417732002065,0.0028838828440309,1.06198449204603,True,True,True,-2.36564966383208,6.9925601919171e-08,-2.23755178560625,1.5356596004324e-07,0.945451208854971,True,True,True,4,3,0.982943138566061,3_of_4
LHX1,-1.69216598357404,5.4406994628593e-06,-1.71908941808708,4.98953453800301e-06,1.01531062799781,True,True,True,-2.47612597287586,1.61618334508303e-06,-2.10119405266455,2.68650152858502e-05,0.84823867484831,True,True,True,1.74458226345786,0.0058880663484302,1.65867380097631,0.0095218358629231,0.95021233642155,True,True,True,0.416081987585241,0.787142338798203,3.20900459559662,0.0130308844908124,7.69394193735298,True,False,False,3,3,0.98276148220968,3_of_4
RHOU,0.839869929638207,0.0075021600186348,1.08554275195439,0.0011331487254336,1.29097582597758,True,True,True,,,,,,,,,5.47840224647584,0.0001475439117314,5.38490978765341,0.0002020186192702,0.982754969507266,True,True,True,3.55439273104544,3.46216624431514e-08,2.43918800109724,3.01733847167857e-06,0.686053042691577,True,True,True,3,3,0.982754969507266,3_of_4
RUNX2,0.202912221769157,0.195309096972271,0.31486377968547,0.0478525525750884,1.5441143103326,True,False,False,-1.78946905942866,1.00612594476552e-06,-1.01654227237116,0.0002214663528865,0.567751934621836,True,True,True,1.20789507077173,0.0025351493322472,1.25543603194093,0.0021624785132259,1.0384987599788,True,True,True,-0.992593820032881,1.49807188016568e-05,-0.920958964640507,5.03901502058058e-05,0.926896832560844,True,True,True,3,3,0.982697796269822,3_of_4
ARSI,-0.801102875789485,0.0015421151465039,-0.709659058655691,0.0034026076476176,0.88474817891308,True,True,True,2.0329308235554,1.33302677525296e-05,1.17416573361242,0.0053102599245703,0.577288922520938,True,True,True,2.57003158606121,0.0001566375268118,2.7765724639526,9.55070489463448e-05,1.07994490577468,True,True,True,0.396452711580058,0.285986615232047,0.821403419016348,0.0297587402301,2.06666955611119,True,False,False,3,3,0.98234654234388,3_of_4
RAB27B,-0.182626998493254,0.243530237665167,-0.0427772996707274,0.795858324778048,0.232957571717314,True,False,False,-0.726687039120191,0.0118517009266287,-0.942808033384957,0.0059803169925954,1.29562295698554,True,True,True,1.27279320620134,0.0009881486350006,1.25677135005458,0.0012112892507838,0.986636876328206,True,True,True,-1.1549905810512,6.5704402313938e-05,-1.13041016513059,0.0001310142602043,0.977871432224518,True,True,True,3,3,0.982254154276362,3_of_4
AC055839.2,1.79936078981645,0.0078197161634907,1.76808444288287,0.0088255732972946,0.982072289556545,True,True,True,1.30974696675389,5.78076995613029e-05,0.840085103401723,0.0069531771837315,0.640920883061223,True,True,True,5.6805702844243,7.21631124381227e-06,5.63564634390607,1.10339854749707e-05,0.991917033809451,True,True,True,,,,,,,,,3,3,0.982072289556545,3_of_4
B2M,0.626853626366037,1.42795533030028e-05,0.624096972337725,1.27656170438153e-05,0.994016672245639,True,True,True,1.65431266761301,3.53229639329962e-06,1.10865112669687,0.0004999229300338,0.669753303039458,True,True,True,0.314038938981751,0.0067246063491742,0.305427540152897,0.0085423738843703,0.969491394111727,True,False,False,0.651490121621345,2.11697687243213e-05,0.769900372242658,6.81303281705416e-06,1.17994180560093,True,True,True,3,3,0.981754033178683,3_of_4
PRAF2,0.63593024478956,0.0002502618665721,0.692613281358462,0.0001178733510887,1.08742407355345,True,True,True,1.63581119934278,0.0020109640352741,1.24066643979908,0.0253958167245933,0.757977731516768,True,True,True,1.61899704567181,0.0318751554003204,1.41775216880108,0.0653007981898362,0.875157255742488,True,True,False,1.365869727899,9.85693339817415e-06,1.49678912440045,6.19570198214576e-06,1.09504885055955,True,True,True,4,3,0.981290664647969,3_of_4
PDE4B,-1.31797342362001,0.0080287030693087,-1.64605675451781,0.0027547441780876,1.24798326110324,True,True,True,2.90614548249513,0.0003945314651028,2.8523353094464,0.0013869135179719,0.981146394847193,True,True,True,5.07846946425568,0.0005630874521971,3.66669260257578,0.0095218358629231,0.721865271241094,True,True,True,,,,,,,,,3,3,0.981146394847193,3_of_4
GPR87,-2.32001573752401,3.48276598550776e-05,-2.18595431706082,4.79665931329929e-05,0.941809347399226,True,True,True,-1.46873298358707,1.5973277683219e-05,-1.53337856667427,7.38537305962248e-05,1.04330418096209,True,True,True,-1.79419007939567,0.0013206933299804,-1.83026238266837,0.0016401850430835,1.01953681878885,True,True,True,-0.91009809374117,0.003987674193975,0.211304479934669,0.425552697405914,0.231922864712631,False,True,False,4,3,0.980673083094038,3_of_4
GTF3C6,-0.657233686859325,0.0020871613879812,-0.731033367748626,0.001033331069081,1.11059853414166,True,True,True,-1.43099401610695,6.42697582619395e-07,-0.533049265393287,0.0030279718836968,0.372242662607241,True,True,False,-0.59528458192294,0.0010913912099451,-0.638156446004231,0.0008474183491161,1.07022127579798,True,True,True,-1.39021518082044,3.52695620052429e-07,-1.23844116868856,1.54399324675741e-06,0.890186640975421,True,True,True,4,3,0.980203958386701,3_of_4
KLF13,0.846036941782949,0.000262746549246,1.00191677249209,5.864528425746e-05,1.18284896805461,True,True,True,,,,,,,,,2.06706460767166,2.25530169719067e-06,2.0270609571305,3.46167933753066e-06,0.980172935415531,True,True,True,1.51874236807011,5.67461964753368e-06,0.985871482951171,0.0006611859121597,0.648709612671462,True,True,True,3,3,0.980172935415531,3_of_4
ZFPM2,0.760382844788296,0.0556374915989229,1.00401380345393,0.0134293728073669,1.31867142834443,True,False,False,1.66482929535317,1.92513782884974e-05,1.14078236960393,0.0021471540104703,0.684813487664157,True,True,True,1.39355406346025,0.0024412061923864,1.36022320421325,0.0034070791677109,0.975382195537249,True,True,True,1.55624719108934,0.0001467339321014,1.53252017674225,0.000270494133601,0.984121329941335,True,True,True,3,3,0.979751762739292,3_of_4
ZNF468,-0.674746035348125,0.0038006115030498,-0.95215599863704,0.0003858155667605,1.40904415095313,True,True,True,0.494819465383065,0.0005611391952292,0.365734464694159,0.0112337594310302,0.737636358047372,True,False,False,-0.520841796373801,0.0356224020415212,-0.63740821752461,0.0160427980965342,1.22145872935794,True,True,True,-0.745028261315175,0.0001078107577899,-0.437262657338382,0.0077595686489929,0.586120767821222,True,True,True,3,3,0.979547543702656,3_of_4
S1PR3,-1.54257954222321,0.0009328506103026,-1.69684620376869,0.0005633946746741,1.09929301169976,True,True,True,0.524686738677065,0.0088690425182337,0.475665121202142,0.0267976168742731,0.904845198110178,True,True,True,1.81998133204589,0.0115029542044988,0.48985826602041,0.544158005134878,0.269007846154057,True,True,False,1.41347014473428,7.054663119534161e-09,1.48977933410816,5.13915000609101e-09,1.0532419787397,True,True,True,4,3,0.979043588424939,3_of_4
SLC4A11,-0.975243867647618,0.0098800429445828,-0.844617244546032,0.0202139350331876,0.865170345787926,True,True,True,0.0924118454741905,0.597586836708853,0.121807928456595,0.537464326393712,1.30398803104956,True,False,False,4.36908730178183,0.0174435481228873,4.77363025999603,0.0108590997396095,1.09234208159861,True,True,True,-3.76060606673842,1.80963911643208e-07,-2.6971130882296,7.07788431218285e-07,0.717011042724149,True,True,True,3,3,0.978756213693268,3_of_4
HR,-3.16842928256314,3.22260104289533e-05,-2.56893751892267,7.65641336383909e-05,0.810536311081581,True,True,True,-0.989603711422386,0.0004225827675016,-1.16914466061766,0.0004723403795326,1.18023448442255,True,True,True,1.47064515705046,0.102499275384524,0.678184574298542,0.505699236003435,0.460834305776395,True,False,False,2.12379699759121,0.0048935193749139,2.4367755185244,0.0022294405434139,1.1468274481218,True,True,True,3,3,0.978681879601691,3_of_4
HOXC13,0.0787610358879733,0.787669474948864,-0.262496327473363,0.354617251913077,3.29103458287637,False,False,False,-1.02886039767833,0.0001656051463317,-0.781438686804605,0.003163229351464,0.758781179047417,True,True,True,2.0016621512562,4.10315110076691e-05,1.9858475504756,5.74764123750615e-05,0.99160387548641,True,True,True,4.4699697684359,1.62271461649947e-06,4.31767414226514,4.16880416684911e-06,0.96571311502641,True,True,True,3,3,0.97865849525641,3_of_4
TXNDC16,1.14309654175195,1.42763612784611e-05,1.1138804266776,1.64348049562178e-05,0.97358954076718,True,True,True,0.978670385536128,0.0002826387334272,0.963663682500479,0.0010734883690608,0.983661134120239,True,True,True,0.772290226350477,0.0051356467354766,0.710641195773066,0.0101480579552529,0.918983806541715,True,True,True,-0.035843013293392,0.818210850924635,0.0712090538642434,0.656918144643348,1.9327695402432,False,False,False,3,3,0.978625337443709,3_of_4
RIBC2,-2.27595650179082,5.99443744157323e-07,-2.25688080346349,7.46915657734043e-07,0.991183099759903,True,True,True,0.735131648595666,0.0461715524746942,0.757022135004937,0.0618126105537638,1.02837873694077,True,True,False,-1.2507190388596,0.0198785804157727,-1.20921857938531,0.0264215532876653,0.966046326567813,True,True,True,-1.98863094384612,8.21735454567012e-06,-1.14931260967242,0.0005001447256806,0.57765115346,True,True,True,4,3,0.978614713163858,3_of_4
CEMIP2,1.435769201736,1.54746792388286e-06,1.37608155612283,2.01464352498231e-06,0.957761033894767,True,True,True,0.341460314246986,0.0068698869375179,0.394984364609352,0.0056325767378683,1.15337266298391,True,False,False,0.99537338839034,0.0001201318657189,0.994076114066943,0.0001411939116658,0.997694364030428,True,True,True,1.31079840904577,1.02127983661138e-07,0.964761538191409,3.90443776475032e-06,0.735449541285232,True,True,True,3,3,0.977727698962597,3_of_4
HCN4,2.32759008664838,8.27338771470367e-05,2.46973344185625,4.63363946445302e-05,1.06061322515163,True,True,True,,,,,,,,,4.69593528268498,0.0173353984638467,4.59164809676421,0.0215946028624424,0.977583854240252,True,True,True,2.23095240944384,1.32108788429074e-05,1.7153855168177,0.0003672454847408,0.768558285364669,True,True,True,3,3,0.977583854240252,3_of_4
ARFGEF3,2.93704649464019,3.17439935387671e-05,3.01040901265981,2.31604961424244e-05,1.02462946660362,True,True,True,-0.675710730427541,1.91468412271048e-05,-0.629496734439319,0.0001654483500228,0.930230165024289,True,True,True,0.274903109719286,0.13433740526765,0.356589437539268,0.0573661159948973,1.29244443059042,True,False,False,-0.59073502137039,7.28979415905823e-05,-0.488281574788141,0.0005990942951188,0.825169302397105,True,True,True,3,3,0.977429815813954,3_of_4
LAMC2,-2.21014464543326,2.73765870325298e-06,-2.32956117933759,1.98242134069727e-06,1.05355440411775,True,True,True,0.247867112310583,0.212089382528199,0.0035908637355319,0.988573273805175,0.0144288399627935,True,False,False,-1.67099867290599,0.0002978185869285,-1.71051960722456,0.0002878877313467,1.02303885460125,True,True,True,0.769601550008124,0.0022555122898839,0.717777896233878,0.0049525384032945,0.931451404719223,True,True,True,3,3,0.977245129660237,3_of_4
FBN1,0.0278717926152837,0.967845307108412,-0.360738360688985,0.571461280210371,12.494491266816,False,False,False,3.77069233558069,1.82523978099469e-05,3.15336509346237,0.0003964300713707,0.836061060366653,True,True,True,3.9295957362735,5.56138400339213e-06,3.98212678546476,7.16290610458271e-06,1.01311023891765,True,True,True,4.92045843272071,2.8825231286528e-09,4.63293894567422,5.6711755390032604e-09,0.941375205949471,True,True,True,3,3,0.97724272243356,3_of_4
SLC2A3,0.443280011103042,0.0496286973477671,0.456856131456296,0.0428791847791187,1.02830674358279,True,False,False,3.24443146722337,4.30678590433226e-07,2.21588664882823,6.40691141252408e-05,0.6827710494605,True,True,True,3.53959846465045,0.014756664506409,3.84899883639363,0.0095667873064013,1.08710402346447,True,True,True,2.90543077058222,3.93269470700186e-06,2.69098726131627,1.56302827878189e-05,0.925873510751886,True,True,True,3,3,0.977090127167338,3_of_4
CDH1,-5.04069633641405,1.40439996484505e-05,-4.982149879528,1.44191735429934e-05,0.988189202023936,True,True,True,1.09539313987795,2.22509828697359e-06,0.951763468424467,4.87565144742472e-05,0.868085939073294,True,True,True,-1.96479820378337,0.0009757041359822,-1.89815385655754,0.0013838700554724,0.965589373774154,True,True,True,-0.0662908411691134,0.611614586482496,0.0868036359608411,0.524444840062717,1.28997697833333,False,False,False,3,3,0.976889287899045,3_of_4
CASP4,0.949975411483924,1.60176779947765e-05,0.890615527955518,2.40696663478722e-05,0.936528449842653,True,True,True,0.31606012605127,0.0030971315086091,0.263850867612737,0.0181795817321527,0.832179280626638,True,False,False,0.52459128180555,0.0280020626780674,0.546730365288314,0.0243125424355488,1.04021962352599,True,True,True,0.538412083371061,7.79188764141549e-05,0.548373284496934,0.0001099870758131,1.0166129039414,True,True,True,3,3,0.976570676892027,3_of_4
SOAT1,-0.654157671503801,0.0008357638267351,-0.77633959543433,0.0002141185794587,1.1849660458869,True,True,True,-0.801231253377434,1.73549277714391e-05,-0.432486558116355,0.0056707984082515,0.53910459894895,True,True,True,-0.338819563816076,0.0724270705736485,-0.385287252762837,0.0460955659979508,1.13379950358411,True,False,False,-1.05021246875227,7.54729758858066e-07,-0.859717170503268,9.24534590278515e-06,0.817833878553309,True,True,True,3,3,0.975816691068709,3_of_4
BTN3A2,0.653871969410024,0.0005341624025476,0.71434778514483,0.0002501793734315,1.09082052448876,True,True,True,1.60919301659196,0.0003336647581536,0.885538123490845,0.043004827213816,0.549957746907339,True,True,True,0.123124481155472,0.547407392318124,0.304277737134616,0.122043477025145,2.45139181491114,True,False,False,0.806239093434418,0.0002578217541274,0.694872572986603,0.0013898765164383,0.860801438679402,True,True,True,3,3,0.975810981584081,3_of_4
SCARA3,,,,,,,,,3.84740192739887,3.6402324106629e-08,3.71798827403147,1.26702609258968e-07,0.966112257548019,True,True,True,5.85650402259738,0.0001768392431566,5.71494126181652,0.0002528678352302,0.975661517221179,True,True,True,4.42800009078787,3.07387986388115e-06,4.91576365674792,1.68904159570464e-06,1.10990371550737,True,True,True,3,3,0.975661517221179,3_of_4
RGS16,2.08164261146822,0.0002907689793401,2.2836796066532,0.0001200941529927,1.096529761793,True,True,True,-1.11795568015455,0.0380480648534463,-1.52020701175447,0.0197862434026896,1.35859448119026,True,True,True,0.984322259853333,0.280353852822141,0.842053288163329,0.37499297345557,0.854596838488831,True,False,False,1.48425454894238,0.00828155453089,1.25194698682317,0.0295103885768029,0.842917456616885,True,True,True,3,3,0.975563300140916,3_of_4
GOLGA8Q,1.32683851377579,0.033565511995269,1.9896202544886,0.0023852422216536,1.49839022881705,True,True,True,4.27360040471583,0.0001414824703715,4.46316415225715,0.0003482077810288,1.04411260227583,True,True,True,1.89247695859933,0.218435358625808,0.986784109320817,0.572452745291977,0.521149256577579,True,False,False,1.36499273063593,0.0050197964738071,1.23582773216126,0.0131562891252701,0.904710328572486,True,True,True,3,3,0.974411465424158,3_of_4
UCHL3,-0.473540483580981,0.0055525940823826,-0.689987230712521,0.0004560477541186,1.45401131112299,True,False,False,-1.31532486639201,2.05790136414401e-07,-0.720222293505352,7.19571771911324e-05,0.547146310074238,True,True,True,-1.12087604610601,3.76683586007652e-06,-1.26580084238472,2.52920636724824e-06,1.1282893923783,True,True,True,-1.03840911373069,9.74663096209725e-07,-0.852542036477935,9.719127645252e-06,0.820217973092382,True,True,True,3,3,0.974253682735341,3_of_4
C12orf57,0.884317316355524,0.00062362837824,1.04748447406455,0.000144934241711,1.18317404925118,True,True,True,0.349788181606422,0.0022458666030052,0.240362413153603,0.0371966714679045,0.685206702383392,True,False,False,0.979023272938434,0.0007370865633208,0.980784563078165,0.0008838612630115,1.00077680822563,True,True,True,0.761660457072546,0.0003739883643622,0.722776534460286,0.0008945538140718,0.94770422113485,True,True,True,3,3,0.97424051468024,3_of_4
BRCC3,-0.60650587819397,0.0007473555519674,-0.617465145639922,0.0006414743514637,1.01639369725205,True,True,True,-0.377773153860327,0.0010359199142108,-0.0172902780998472,0.88243027159318,0.0456481086994434,True,False,False,-1.14384870058967,6.09417872524254e-06,-1.11414869739026,1.11586939894211e-05,0.973184226716074,True,True,True,-0.536701295429244,0.0002012938012238,-0.523911329824573,0.0003841991831149,0.974353854599397,True,True,True,3,3,0.973769040657736,3_of_4
ID3,0.636166772010131,0.000639422650466,0.694129002937902,0.000304593105155,1.08939924903502,True,True,True,2.09730741144839,5.94711905840926e-05,0.859270308366395,0.0578601999151161,0.409506397241036,True,True,False,1.2402116436679,0.0002366005384175,1.06505306838138,0.0009214343311256,0.858075311986315,True,True,True,1.79037203423885,1.98270624060241e-05,1.99714929792683,1.15422227886544e-05,1.11487131637366,True,True,True,4,3,0.973737280510667,3_of_4
COL6A3,-1.59913478399909,0.0005326505186094,-1.4066476181151,0.0011624915331552,0.879080707563632,True,True,True,-1.11095147400793,0.0191554877321315,-1.13106924304218,0.031187510335403,1.01719298861608,True,True,True,2.29844418605442,0.0005229703453185,2.13517843274558,0.0011471265927413,0.928562843879807,True,True,True,0.204215971262456,0.842189274118164,0.532615825720353,0.597756971656312,2.59539168634773,True,False,False,3,3,0.972877916247944,3_of_4
DBNDD2,0.147395191476687,0.642513685650537,0.314432628527012,0.295042039344295,2.11888690865303,True,False,False,-0.792461589023245,1.29159668759144e-06,-0.52816643416747,0.0001908581120188,0.665648396184679,True,True,True,0.71719319529295,0.0156454247622779,0.805092694320771,0.0088718017127146,1.12099738565801,True,True,True,-1.19794534479937,0.0002576426630899,-0.988476322114399,0.0013776697637241,0.824454864771012,True,True,True,3,3,0.972726125214511,3_of_4
TRIO,0.592661618358099,0.0004247829409802,0.652109282838556,0.0001841053952865,1.0984528267839,True,True,True,0.337617858331528,0.0159437205472008,0.211891334006161,0.147962572969124,0.625753570854808,True,False,False,0.529829316396759,0.0044240423522629,0.449588702404524,0.0126412392623725,0.846955299033422,True,True,True,0.665247776950844,5.10725562432051e-05,0.811832638462059,1.22264661671669e-05,1.21851459254018,True,True,True,3,3,0.972704062908661,3_of_4
JADE1,0.508965770465071,0.0013801112793602,0.583449191343803,0.0004661261693215,1.14409481015112,True,True,True,-0.0748353860047377,0.590748458278718,0.281402756285538,0.0639358923098608,3.71070513530396,False,False,False,0.760833460908995,0.000316406292093,0.518870289749631,0.0055909863637216,0.681080992597164,True,True,True,1.48906787483042,2.90712563639361e-06,1.1929333384397,5.5220066476633e-05,0.800589931901904,True,True,True,3,3,0.972342371026512,3_of_4
IFITM2,0.930023210785234,9.93973320691824e-06,1.16798190025407,1.72332072875197e-06,1.25451426637257,True,True,True,5.62065329285743,1.65031238199643e-05,4.72143013085299,0.0003651785482091,0.839865051238892,True,True,True,3.33573010821781,0.0005183447471573,3.68409652539707,0.0002557422860755,1.10410383996109,True,True,True,-0.712696566744298,0.0030232936651878,-0.347130526889821,0.107740125304746,0.486383910284649,True,True,False,4,3,0.971984445599991,3_of_4
SAA1,3.87429546333558,6.81439775585244e-05,2.42222160404781,0.0041115562474353,0.625041787642931,True,True,True,3.31936986987519,3.34194615251883e-06,2.86595758156816,7.86995071752139e-05,0.863144075474908,True,True,True,0.639562771852048,0.651522283567971,1.4475787592188,0.246823721972787,2.25985465098673,True,False,False,1.97644627573729,0.0094452747190914,2.13714294747577,0.007052240312458,1.0807590444797,True,True,True,3,3,0.971951559977304,3_of_4
H4C14,0.56690256727722,0.0460149680723262,0.796395138189862,0.0073290646518287,1.40234466980514,True,True,True,2.55000655527686,3.09485279872692e-05,1.27098640921005,0.0231273090915533,0.498229377961011,True,True,False,1.23865599635232,4.37005540886149e-05,1.35503047966891,2.61055024805306e-05,1.09306975778448,True,True,True,0.84198372278712,0.0007477371241334,0.717027995441588,0.0038394075155334,0.850583440770256,True,True,True,4,3,0.971826599277368,3_of_4
SYBU,0.788578813900619,0.0238399854918339,0.820426251899651,0.0193546868372357,1.03906821897442,True,True,True,0.936287645160479,7.46379364648971e-06,0.811177226791558,0.0001489297675234,0.86545174363487,True,True,True,0.46162763765762,0.356176318289665,0.783208239882328,0.106739930403876,1.69295601068685,True,False,False,1.63915134360129,0.0002331670204713,1.48365490570801,0.0009074880289986,0.904584147978893,True,True,True,3,3,0.971826183476657,3_of_4
TLL1,3.95014764607143,0.001027453857986,3.91169894106316,0.0010845272311825,0.990015886891118,True,True,True,1.14992228307311,0.0424110746464078,-0.924170451264276,0.239346903904524,0.802982499214997,False,True,False,1.45914270120445,9.49877233735596e-06,1.44147569613695,1.50032313138569e-05,0.987215629642156,True,True,True,4.92379955024304,0.0033158932859652,4.70982532770931,0.0062245008977821,0.95634863503772,True,True,True,4,3,0.971782132339938,3_of_4
GJB3,-4.38547854789158,0.0005841583102446,-4.80705595365991,0.0005757978653603,1.09588042006281,True,True,True,-1.18013182486409,7.97664732865529e-07,-0.950742837475962,2.98564346246127e-05,0.804942189738526,True,True,True,-2.11306038364158,2.22005902414581e-05,-1.79139423834554,7.15916042181344e-05,0.847371367538599,True,True,True,-0.0467418957558969,0.829342467527927,0.162610765343938,0.444243107849585,3.40603913542442,False,False,False,3,3,0.971625893800705,3_of_4
NNMT,2.3162481545655,1.21039380532693e-07,2.29255474498372,1.36152539497111e-07,0.989343649046336,True,True,True,4.17027307822181,0.0002010629086813,3.85429156449982,0.0013082002206889,0.92400844831355,True,True,True,1.00831609068393,0.0028136157282219,0.962630795770839,0.0040913561831777,0.953745615130879,True,True,True,-0.121773300753063,0.898035360622695,0.392330362589753,0.666766110728731,3.1955674416448,False,False,False,3,3,0.971544632088607,3_of_4
SMG6,0.690349146561496,0.000103389068744,0.921957283978914,8.69080743836622e-06,1.33356248223401,True,True,True,0.752338237838714,1.8161171610462e-06,0.684708450230021,2.90520397599087e-05,0.908899105127614,True,True,True,0.894130981458734,9.6503720263566e-05,0.92492897318549,9.05086862291369e-05,1.03328897373007,True,True,True,-0.368914827263526,0.0112262016986524,-0.274740397978994,0.057022040086689,0.742712586060439,True,False,False,3,3,0.971094039428842,3_of_4
THOC3,-0.524832938020396,0.0012674318382011,-0.536732876747917,0.0010937933764379,1.02072890064391,True,True,True,-0.975619761901402,2.24855855566264e-06,-0.565208546194135,0.0007284245675184,0.578739616218413,True,True,True,-0.925777465352163,0.0001757919929063,-0.85366487741334,0.0003855187118172,0.921110956327535,True,True,True,0.014172553557712,0.949572457588474,-0.0888870839375007,0.705034831445505,5.85841292959685,False,False,False,3,3,0.970919928485723,3_of_4
DERPC,-0.505191470233647,0.0111469917888765,-0.46733940347889,0.0171260518423149,0.92324630295168,True,True,True,-1.08199053095534,0.0003406312860747,-0.547951295254015,0.0348979825462052,0.505961298452582,True,True,True,-0.729875790797584,0.0160230923888353,-0.744217825386399,0.0175619737855154,1.01825485911122,True,True,True,-0.0984210951952105,0.82152032793208,-0.442115588636065,0.329065726680743,4.44689919949065,True,False,False,3,3,0.97075058103145,3_of_4
TMEM219,0.719771946642207,3.5491873009627e-05,0.79522518088609,1.38912387734868e-05,1.10329652061339,True,True,True,1.14323895076604,1.25317588607092e-06,0.710389720529343,0.0004004350219744,0.620840358610196,True,True,True,0.599414272159748,0.0012736735914238,0.502855888446455,0.0050906991029126,0.83751488224561,True,True,True,-0.0634424872057391,0.582618536772674,-0.0759332914963284,0.529720796463055,1.17831099929312,True,False,False,3,3,0.9704057014295,3_of_4
CPLANE1,0.985537399487242,0.0001947948529933,1.05116515683281,0.0001055723881792,1.06550968810626,True,True,True,0.963116891287392,8.36352618067235e-06,0.670161974237033,0.0008550294617906,0.695104484003139,True,True,True,0.701373986525399,0.0064532872110353,0.748893477894627,0.004670386726601,1.06623179710763,True,True,True,0.368830963784442,0.0209293231511885,0.323584034375028,0.0470603861883356,0.874951169755572,True,False,False,3,3,0.970230428930916,3_of_4
NCOA7,1.09489146712001,0.0001582559328215,1.1232831055863,0.0001194377550056,1.02499484601178,True,True,True,0.917071731269645,0.0050075911980627,0.661557716712036,0.0512893031994315,0.720594801233163,True,True,False,1.09863503062043,0.0041884657720185,1.00657255087291,0.008428206829775,0.915369666156404,True,True,True,0.910663892451706,2.6193071650523e-06,1.05704367412612,9.37081811724571e-07,1.15946642493809,True,True,True,4,3,0.970182256084092,3_of_4
TP53I11,2.00314599374236,6.15810332330991e-06,2.04507751392492,4.70415288244304e-06,1.02042342240055,True,True,True,3.93818182573834,0.0014310929118691,3.71757284354612,0.0052438932709315,0.943742383064361,True,True,True,3.0629751784842,7.26244706381453e-06,3.04958954478949,1.10339854749707e-05,0.995304911803552,True,True,True,0.409433059340898,0.0003587638440621,0.116013232703493,0.248788356297257,0.282660546130945,True,False,False,3,3,0.969523647433956,3_of_4
EIF5,-1.11486073481333,2.74568065795113e-06,-1.20243962196256,1.49365905105399e-06,1.07758933032419,True,True,True,-1.10406416347528,4.76707338646356e-07,-0.618848623889992,0.0002652625048954,0.560011485617084,True,True,True,-0.287349488312625,0.0622664266738988,-0.584335478391619,0.0012287644414891,2.02648349338525,True,False,False,-0.613615653761903,1.16986710852757e-05,-0.528966062529829,8.76215666628871e-05,0.860645281798739,True,True,True,3,3,0.969117306061464,3_of_4
H2BC11,-1.11937426923269,0.0064330188638484,-1.25927803340747,0.0034934020837553,1.12397978781672,True,True,True,1.19079760032455,0.0024097762743263,1.43643467548607,0.0014472937627253,1.20526729966137,True,True,True,-1.42171205010383,0.0058178854965277,-1.1581389835505,0.0174842897239229,0.814036110445525,True,True,True,-0.692526407695255,0.0372015639400428,-0.0356320898219575,0.920026591116049,0.0513781298398874,True,True,False,4,3,0.969007949131123,3_of_4
BARX2,-1.29220003273919,8.17185892795377e-05,-1.25129311629479,0.0001055594255644,0.967594405054541,True,True,True,0.842387682052818,2.1837653736833e-05,0.803403856140217,0.0001656289632878,0.952591403972987,True,True,True,-0.102156973770499,0.857407582072911,0.100086498186468,0.858052204838118,0.97023491993026,False,False,False,-0.784932383674046,0.041012100940338,-0.779392091775642,0.0493905995289435,0.99167830205974,True,True,True,3,3,0.968914662492401,3_of_4
BCAS3,1.00134339196369,6.37770838623043e-05,1.03753002759222,4.57410275390498e-05,1.03510437232453,True,True,True,1.31164841920407,1.77317687870502e-05,0.750020976672789,0.0063130345187511,0.571379941269855,True,True,True,1.00573247074736,9.70795254129758e-05,0.908628436850196,0.0002776433980645,0.902552031698813,True,True,True,0.419396699495137,0.0467688423231841,0.622331532983606,0.0064934334233262,1.48034352727073,True,False,False,3,3,0.968828202011671,3_of_4
OSR1,2.32799250723333,0.0008062678877323,2.29768378057997,0.0008866148771419,0.986556965487814,True,True,True,1.18906225728004,4.04164688764097e-05,0.713077184954395,0.008052967156085,0.599193177157115,True,True,True,0.931686493559594,0.229075379601907,1.11785179707002,0.148695043877143,1.19852898566564,True,False,False,1.40106189582637,7.50586791781899e-06,1.33334598633339,2.30162414586566e-05,0.950989389485919,True,True,True,3,3,0.968773177486867,3_of_4
TIGD5,0.012657682677621,0.951174091035127,0.111817738821887,0.536462495190729,8.18716772539368,True,False,False,0.663378601126811,6.773044601718e-06,0.444133541047703,0.0009432330539292,0.668494650933121,True,True,True,0.929708658558663,0.0011778377371858,1.03298237922647,0.0006106216410264,1.10988800816164,True,True,True,0.789334053994957,0.0005130844078185,0.653734168447611,0.0034420252371372,0.827161837634523,True,True,True,3,3,0.968524922898081,3_of_4
FO681492.1,0.70516715115918,0.142202875134094,0.979946553509536,0.0419890465629781,1.38769773119713,True,False,False,3.50903473059634,1.02172143818596e-05,2.35002486755379,0.0016489714588565,0.669516129589558,True,True,True,1.7333798066743,0.0037104740936358,1.88188877433644,0.0022882042062817,1.08504997988012,True,True,True,3.13687206591391,1.07110886871222e-05,2.6727855106444,0.0001099707666874,0.851782817941606,True,True,True,3,3,0.968416398910863,3_of_4
SLC25A32,-0.725369568993123,0.0006506076654997,-0.653155112751667,0.0013555121597515,0.899204951078906,True,True,True,-1.43359667811747,2.64055795349774e-06,-0.772070692669349,0.0011510276521758,0.538179618317873,True,True,True,-0.570118322818511,0.0119970828884722,-0.592572211512509,0.0114910134399886,1.03756470040765,True,True,True,0.150457443630433,0.455803082408885,0.318629736252832,0.11384468150063,2.10375752168584,True,False,False,3,3,0.968384825743278,3_of_4
ZNF525,-1.14500228627234,0.0005891581163772,-1.15332691396714,0.0005598269174357,1.0063914599321,True,True,True,-0.112277084563503,0.361580341482353,-0.163402083939292,0.239039057128869,1.4424990241313,True,False,False,-0.773743704634353,0.0056264404528386,-0.720362589124448,0.0097893937972722,0.929807605812595,True,True,True,-1.08608968777156,0.0001932836078433,-0.881039782834109,0.0013242188162668,0.810457308853849,True,True,True,3,3,0.968099532872348,3_of_4
BTG2,1.447095679496,0.0006968803865664,1.71368252594454,0.0001534212214263,1.18340421162017,True,True,True,2.60681190038261,0.0024983803701563,1.35167213804784,0.14005579437341,0.518316577146353,True,True,False,0.639917374271482,0.0137403759858785,0.57211453966441,0.0288752942724914,0.892649446919302,True,True,True,1.11137153089805,0.0473930122315912,1.16067585825532,0.0460379467853581,1.04342463467963,True,True,True,4,3,0.968037040799466,3_of_4
CACNB3,0.638319314408939,0.0075444830703072,0.59919046319003,0.0112077817140875,0.937231911637131,True,True,True,1.30929756321597,1.71223644061058e-06,0.810248074184313,0.0006290603203673,0.618369519207267,True,True,True,1.4437099021403,0.0001363632281501,1.44132747351699,0.0001696046926183,0.99765874891679,True,True,True,-0.488125508905021,0.0292620600963036,-0.902134523592245,0.0009950826828392,1.84438248909121,True,False,False,3,3,0.967445330276961,3_of_4
TRPC4AP,0.632276728497026,5.77578180381748e-05,0.699334673993,2.24729718443562e-05,1.10431134214066,True,True,True,0.388787626168648,8.12646763808526e-05,0.186837816941757,0.0304147209677364,0.479332345098401,True,False,False,0.723711521711337,2.96487811105771e-05,0.726573443694101,3.49909275759118e-05,1.0025691905358,True,True,True,0.874538797770448,3.41400519589537e-07,0.815582056141793,1.18231582699348e-06,0.931520177311006,True,True,True,3,3,0.967044683923403,3_of_4
ZNF641,0.930848377460129,0.0007189732928701,0.831289810503701,0.0018163436772991,0.892086986049691,True,True,True,1.30016524698386,6.36882419807869e-05,0.83584278712615,0.0070438491218898,0.642380196568928,True,True,True,0.797331338349786,0.0403701209872226,0.831296610860597,0.0365372163154649,1.04129272011162,True,True,True,-0.043014404914131,0.79496944113246,-0.246177566570618,0.137009940524905,5.59311359658033,True,False,False,3,3,0.966689853080656,3_of_4
ERFE,-1.01044846922361,0.0016861501749471,-1.2057908940843,0.0005757978653603,1.19214268524215,True,True,True,-0.994138899380462,0.002040186450136,-0.737514194637368,0.0207207562172306,0.74111683815849,True,True,True,0.750280290866204,0.207809994547538,0.933973330829935,0.116785601578302,1.24317560594208,True,False,False,-2.24326310569423,3.88732568615031e-06,-1.40839094274361,0.0001227878666388,0.627551617798371,True,True,True,3,3,0.96662976170032,3_of_4
TRAM1L1,2.3322920694302,6.8436179643164e-05,2.81606350634045,1.09692499466416e-05,1.20690570342021,True,True,True,1.10993460412464,0.0011623960860246,1.03160482311188,0.0050265483807813,0.928591853455435,True,True,True,0.831828325871502,0.0213445375169072,0.695049252516843,0.0568482402316582,0.834564856796289,True,True,False,3.9246408660052,0.000339880279068,3.94172381082786,0.0004936555860666,1.00409689662698,True,True,True,4,3,0.966344375041208,3_of_4
MRPS17,-0.75206136795281,0.0001740663174013,-0.779976295964342,0.0001313573451765,1.03574068350459,True,True,True,-1.52436599857297,1.87561226726699e-07,-1.02087690749354,1.69081955227584e-05,0.669266856904247,True,True,True,-0.534420108541696,0.0017187730912258,-0.606276897046884,0.0008098089097187,1.13233867644265,True,True,True,-0.398627882035174,0.0166955418135206,-0.357947071079076,0.0340390113053113,0.895700943728372,True,False,False,3,3,0.965720813616481,3_of_4
RPS18,0.855084980580042,4.71396188896768e-05,0.977546339704189,1.39083902401133e-05,1.14188002579119,True,True,True,-0.516529304816915,3.13693040665544e-05,-0.273371287316994,0.0104241636709286,0.528223783218815,True,True,True,0.137454887833121,0.423343981985448,0.182622275773882,0.281340568211065,1.31900201308888,True,False,False,-0.953039487236076,3.54622828649943e-07,-0.752122458593512,6.96794803316313e-06,0.788355690362951,True,True,True,3,3,0.965117858077071,3_of_4
PRSS8,-1.92040839140471,0.0339235854518072,-2.06612730719754,0.0279850671185338,1.0753191858848,True,True,True,2.47588980341352,3.66481472473388e-06,1.28688175181463,0.0038808809291411,0.519555512740662,True,True,True,-1.34353639567354,0.0109232070779237,-1.1479630457521,0.0251253438777602,0.853798416648314,True,True,True,-0.285548143605537,0.0134185335350761,-0.548439147090523,0.0001400641805547,1.91395114339148,True,False,False,3,3,0.964558801266557,3_of_4
NUP88,-0.290897800727526,0.0617934745539971,-0.283500805227172,0.0667407230625162,0.971233097750564,True,False,False,-0.703259197311018,5.11189534893556e-05,-0.430797649603416,0.005707116017228,0.611703263866876,True,True,True,-0.64081688039172,0.0002337244637925,-0.61395708403318,0.0003798591651998,0.95659229725847,True,True,True,-0.930251645507184,0.0001240610137824,-1.04333238663526,8.12514548824518e-05,1.12035494559264,True,True,True,3,3,0.963912697504517,3_of_4
GDF15,1.88933226662393,0.0001709590644775,1.52765093928024,0.0009733877687968,0.808138847467579,True,True,True,1.74603920574716,0.0009935312250829,0.739444998503672,0.175782795892642,0.423256098701822,True,True,False,1.4947274416447,0.0006503102412056,1.67212881975935,0.0003058839505905,1.11793684678318,True,True,True,-0.813963547310434,0.0084755182565867,-1.28098293198476,0.000582638913797,1.57182850228369,True,True,True,4,3,0.96303784712538,3_of_4
ABAT,1.37399520358743,0.0007877056202212,1.50137408654082,0.0003677708442224,1.09191223549265,True,True,True,0.750163949666102,0.0009747216449902,0.931665076763768,0.0005175838064161,1.2402952473663,True,True,True,1.60499894155802,0.0008615010499871,1.33876155008136,0.004309578000985,0.833600518305818,True,True,True,-0.358689573656259,0.0113152601717845,0.112799890508239,0.424655101218163,0.313603447999962,False,False,False,3,3,0.962756376899234,3_of_4
H3C8,-1.78170567781365,0.0004144805887996,-1.70862173442115,0.0005424832823381,0.958442975576676,True,True,True,0.957154428817376,0.0276298282510493,1.47167319183207,0.0036549439114513,1.5359457176945,True,True,True,-1.43844631585533,0.0090836167768801,-1.39134075466445,0.012415514253901,0.966580510394168,True,True,True,1.44558387935769,0.0463525816206893,1.36041685442946,0.0727465560436242,0.940434131640891,True,True,False,4,3,0.962511742985422,3_of_4
AMOTL1,-1.68837455272793,0.0046454168758962,-1.64285795636055,0.0056012520298224,0.972465196488093,True,True,True,0.167912216486934,0.106483817131824,0.0834409622699521,0.472890820103664,0.493990097373487,True,False,False,0.962461859958714,0.000413522940698,0.91722941103463,0.0007210589776128,0.952014240681966,True,True,True,0.920519471939886,0.0004894696227325,1.05337942030444,0.0002330453914047,1.14308970388545,True,True,True,3,3,0.96223971858503,3_of_4
RRAS,0.679391647074069,0.0104413413774528,0.721134675680976,0.0071163983948125,1.05988172956284,True,True,True,1.00327389496906,1.89484163653717e-06,0.65044238960935,0.0004609965283657,0.647674297686877,True,True,True,1.02497546024721,0.0004277918468482,0.886195672663931,0.0016280703549325,0.863759131675919,True,True,True,0.0318096898580027,0.889639631694076,0.239904423224284,0.266249030602973,7.31199911558348,True,False,False,3,3,0.961820430619379,3_of_4
JAG1,-0.935081948540341,0.0021291276264836,-0.795776087267143,0.0057960998407539,0.850113698387218,True,True,True,-0.489264544176847,0.0100256069530018,-0.478745463021856,0.020281819517758,0.976504356083242,True,False,False,0.804808561324832,0.0344847892159306,0.762782261133767,0.0470319793996619,0.946604811296215,True,True,True,1.0281651779432,5.78507807138625e-06,1.47913548847958,2.15481569931504e-07,1.43721874795225,True,True,True,3,3,0.961554583689729,3_of_4
ALPG,1.93257183832367,0.0978410810316073,2.59203699064817,0.0255416416541575,1.34054341259716,True,False,False,5.07364542309942,1.59890021307728e-06,3.62965789854198,0.0001932872101202,0.715253499686902,True,True,True,4.14466116270081,0.0002782034369921,5.0040824729872,6.5872615609834e-05,1.20706499556928,True,True,True,2.53416772922467,1.90873022174405e-05,1.80535084416425,0.0009641454173762,0.712122840375686,True,True,True,3,3,0.961159247628091,3_of_4
DGCR2,0.756669953783477,0.0002146488292644,0.854533975838281,7.21251080069323e-05,1.12784461304174,True,True,True,0.434631168550427,0.0012722062572541,0.571276258175784,0.0004546961755941,1.31137599744463,True,False,False,0.738144393174546,0.000514138145045,0.536528294383769,0.005620928923738,0.725877513701264,True,True,True,0.523933151037099,0.0007021487866006,0.416286002164691,0.0054008990693928,0.793026695574939,True,True,True,3,3,0.96043565430834,3_of_4
BICC1,3.1317510632598,3.22434063197647e-07,3.11997672101069,3.95226195046703e-07,0.995922324502919,True,True,True,,,,,,,,,1.38414542097299,1.46176473483617e-07,1.18456366115389,7.9000493426097e-07,0.855190829221236,True,True,True,2.13629240785404,3.02696526022882e-05,2.05247690838129,7.92496562196809e-05,0.960316380126054,True,True,True,3,3,0.960316380126054,3_of_4
SP6,0.66444824286417,0.040709392984926,0.728277450795649,0.0264935470248808,1.09441637062719,True,True,True,1.0913698902833,5.12708984513026e-05,0.901218990685455,0.0009455407996164,0.825012661646806,True,True,True,-0.257787847199751,0.558673220774248,-0.491615389577222,0.273633573276018,1.89968499254047,True,False,False,-1.54384794132582,3.47768474342502e-05,-1.14923166662233,0.0004151192334669,0.743912482179985,True,True,True,3,3,0.959714516136998,3_of_4
EMP2,-1.1126091309641,9.37883970073656e-05,-1.05812956409704,0.0001330824528774,0.950180395145442,True,True,True,-0.959341029291889,9.54056349843625e-07,-0.70898702460952,6.62182292311529e-05,0.738265889912351,True,True,True,0.503299524864661,0.137544925300015,0.488686511160057,0.157539041470437,0.969040197472337,True,False,False,-0.736845772246721,6.5653381017728e-06,-0.820988568323655,4.06127006751093e-06,1.11268316388636,True,True,True,3,3,0.959610296308889,3_of_4
TLR4,1.24752111749323,0.0163718140321581,1.25850562076387,0.015377803235161,1.00799706399095,True,True,True,-2.74093250468679,1.07320140109762e-05,-2.63111734682759,7.9824476354772e-05,0.959585016162949,True,True,True,,,,,,,,,-1.67493045427142,1.55857740997067e-05,-0.879254158599486,0.0018294041031644,0.524636422924676,True,True,True,3,3,0.959585016162949,3_of_4
MAML2,1.06111619417515,2.77232756196619e-06,1.01581347438112,3.74830595194683e-06,0.956405221907017,True,True,True,0.949903758618961,2.71477486404224e-05,0.0500701026958268,0.803131532681387,0.0526552789827498,True,True,False,0.797025564687774,0.0033630181080285,0.767265930742074,0.0049856864758732,0.961455327615056,True,True,True,0.772514600331387,2.85849591861137e-05,0.809330876781726,3.08255384441635e-05,1.04630329722929,True,True,True,4,3,0.958930274761037,3_of_4
IRF7,-0.882522285610737,0.0440214839489393,-0.598235238855387,0.148633241424626,0.677102602388637,True,True,False,2.47438911434877,1.7813985298548e-05,1.43035224142761,0.0069081209763109,0.57782925243408,True,True,True,1.23748074207385,0.0007830730440062,1.53661986529516,0.0001511502895908,1.2407297207723,True,True,True,0.578771236438939,0.0098507010362108,0.735029774230463,0.0023905312235454,1.26779275692452,True,True,True,4,3,0.958916161580468,3_of_4
PIGW,-0.776338134037496,0.0045978320415687,-0.906381538436528,0.0018012408795983,1.16600678488366,True,True,True,-0.774457344919768,0.0003088655234308,-0.291435303154981,0.110954846811055,0.375823770403689,True,True,False,-0.549469989393389,0.0390980600576583,-0.858590948323093,0.005539768176477,1.55974161147141,True,True,True,-0.852779187008601,3.02619346154634e-05,-0.640267350383162,0.0005329435094737,0.749921478674687,True,True,True,4,3,0.957964131779173,3_of_4
ABHD12,0.608364990468407,5.85554555968518e-05,0.619278109097054,4.74800723643893e-05,1.01626794906781,True,True,True,0.536016857947219,1.59467392551699e-05,0.477199847890194,0.0002076830807293,0.888612416590274,True,True,True,1.49843789135516,5.02985675324648e-05,1.3489239614377,0.0001397301518919,0.899619763655947,True,True,True,0.246576971828539,0.18952871338465,0.343018878488497,0.0790942683826854,1.38550397460252,True,False,False,3,3,0.957943856361879,3_of_4
KALRN,-2.2457806344583,0.0014268294948413,-2.11628126595919,0.0019932509491322,0.941917174067786,True,True,True,-0.604929000736428,0.203675562033181,-1.09681142740237,0.0589159102201064,1.81013192316152,True,False,False,-2.23969532472337,5.56138400339213e-06,-1.56181506970447,4.85927993950145e-05,0.697022505680145,True,True,True,-1.37804801838683,0.0009758694912394,-1.34269969266702,0.0017088616440739,0.973642450998676,True,True,True,3,3,0.957779812533231,3_of_4
ALDH1L2,2.15236287415456,7.63141492582018e-06,1.99916316855001,1.3136845057273e-05,0.92839121197114,True,True,True,1.335778169893,0.018499753849082,1.52139039251231,0.015597295713674,1.13810236191551,True,True,True,1.10507511143712,0.303803239761901,1.01641029263139,0.360509610786118,0.918934240650955,True,False,False,2.2582819023714,0.0107342786445478,2.2273920488152,0.0148764861558076,0.985884960383772,True,True,True,3,3,0.957138086177456,3_of_4
TCHH,1.39376360745588,0.0013962264330361,1.33477189705413,0.0019719978449385,0.956987900974003,True,True,True,3.39624770559641,4.25925932834156e-05,2.50042385937302,0.0023114391881562,0.736014584763419,True,True,True,,,,,,,,,2.31275018434182,0.0034835778125098,2.90568973096056,0.0007462422092715,1.2558355481178,True,True,True,3,3,0.956987900974003,3_of_4
DUSP8,2.79840157384119,1.00211518285427e-05,3.11006069723972,3.9057552661863e-06,1.1109734045667,True,True,True,2.98636686451654,2.71153741571273e-05,2.51717016767817,0.0005531019059823,0.842604970141669,True,True,True,1.80538934959098,0.0006328488105108,1.70212853070634,0.0011960147307097,0.942282200175589,True,True,True,0.274644365520333,0.188682479141239,0.267604914168804,0.220227463052197,0.970833971750691,True,False,False,3,3,0.95655808596314,3_of_4
VSTM2L,1.90961103361069,8.03131038692386e-05,2.31569829179482,1.44602188667502e-05,1.21201974188257,True,True,True,5.3402842751501,5.34723782741518e-05,3.23068995200743,0.0090990016115868,0.604852650707613,True,True,True,2.16670429928103,0.0001358116203605,2.32361093136728,9.00781011648447e-05,1.07192246291986,True,True,True,-0.416961045391667,0.0575345648388528,-0.351483386182182,0.118241964897947,0.840947715241765,True,False,False,3,3,0.956435089080813,3_of_4
FREM1,1.96092149696637,0.0033913162977735,1.94885575910344,0.0034945759117882,0.993340336051604,True,True,True,2.15949870422147,0.0022879044548029,1.48636403901599,0.0453354063735687,0.687972659327096,True,True,True,1.30934587643731,0.443186307434648,1.94642701196886,0.226733309304705,1.48542995171701,True,False,False,3.09106719290546,0.0038700009628218,2.84314563172,0.009657355432405,0.91949671670894,True,True,True,3,3,0.956418526380272,3_of_4
AMOT,7.30697484321113,0.0010794297419453,7.01828012170036,0.0013958825066295,0.960359097051369,True,True,True,1.78962111918523,5.68311833538979e-07,1.31081795669285,4.90057483589633e-05,0.732046518746132,True,True,True,1.6763771490074,0.0240928181048438,1.59640660736213,0.0340148088027392,0.9517278855902,True,True,True,-0.335462643744102,0.156376453298771,-1.11549360338402,0.0003854427831828,3.31535647158623,True,False,False,3,3,0.956043491320784,3_of_4
BTD,0.929394788226132,2.71902828929599e-05,0.945819396286265,2.17392034283846e-05,1.01657856240741,True,True,True,0.511094881143128,0.000456844187347,0.585659847383371,0.0005008565487895,1.14365495330871,True,True,True,0.606368860916593,0.0183931378369592,0.501554850000482,0.0523062201933114,0.825782950485106,True,True,False,1.12936061971716,0.0005527038224047,1.01217628989739,0.0021103708358702,0.895445464254282,True,True,True,4,3,0.956012013330846,3_of_4
CCN3,0.547422414865796,0.0130799007964347,0.545081238807131,0.0135029325316914,0.993907659555668,True,True,True,1.38235004495339,0.0005266538708562,1.38741253683519,0.0014881067231894,1.00293670564195,True,True,True,1.21502595832279,0.0022681567915826,1.11640057138235,0.0049645275788724,0.91807297676618,True,True,True,0.846137359511643,0.0471424210565829,0.613233119756909,0.173125586563438,0.72388865025434,True,True,False,4,3,0.955990318160924,3_of_4
ACTL6A,-0.821970910340299,3.83226484772967e-06,-0.939120306888732,1.51676765660597e-06,1.14113426743165,True,True,True,-1.06187834368433,6.52201790309768e-07,-0.446887110630954,0.002486909351457,0.42044991629228,True,True,False,-0.749651367620969,0.0002978185869285,-0.747196934682814,0.0003689543227602,0.99539808613271,True,True,True,-0.671176267936314,2.06779644009991e-05,-0.615979352002546,7.93791689926321e-05,0.91639556673683,True,True,True,4,3,0.95589682643477,3_of_4
PDXK,-0.563029063729583,9.68100644025181e-05,-0.423461357470551,0.0008635234593211,0.750779320963458,True,True,True,-0.0986792510174093,0.258094709864728,-0.113603967919416,0.241923959593594,1.13969524008136,True,False,False,-0.74052732743209,0.0003291202105254,-0.739917813196802,0.0003798591651998,0.997829460660793,True,True,True,0.581405153154292,0.0003717631915804,0.53127017194872,0.0011583562927221,0.91220032836484,True,True,True,3,3,0.955014894512817,3_of_4
PLOD2,1.24298178205309,1.20582320254027e-05,1.2618429674015,9.05242115284077e-06,1.01435807630473,True,True,True,-0.918530626037357,1.46423862975991e-05,-0.361355709143775,0.0238403122455932,0.392978438033117,True,True,False,-0.842720735085465,0.0003125214411617,-0.771256827616281,0.0007062837984894,0.91411387150294,True,True,True,1.94481417788018,1.85043028076745e-06,1.93626475826901,3.49304272541715e-06,0.995092327047605,True,True,True,4,3,0.954603099275273,3_of_4
SARM1,2.53350906985621,2.01450569335088e-05,2.83186795097925,6.93716421368991e-06,1.1173240548474,True,True,True,1.35311344121234,8.86716601022522e-06,1.07197049598369,0.0003486720388292,0.791640097024628,True,True,True,0.11542771270033,0.876388338817781,0.458901253170571,0.48997408827771,3.94151222700496,True,False,False,2.3179439642281,4.59881810441947e-06,1.49193796166388,0.0007987621976264,0.643369561610126,True,True,True,3,3,0.954482075936014,3_of_4
LRRC6,0.688267171038827,0.035948519872688,0.86807838278537,0.0099348054282486,1.25942220848419,True,True,True,0.173398823717207,0.525698400547711,0.155672145770738,0.622289012757468,0.892621535241345,True,False,False,-2.08073550011099,0.0002257071928461,-1.450156612531,0.0016053360835184,0.696609445558133,True,True,True,2.37471824856922,0.0384858329181929,2.41266447108503,0.0419418690902013,1.01555160109498,True,True,True,3,3,0.954086568168163,3_of_4
PIWIL4,1.36852547376876,0.0252742295836132,1.53790361675785,0.0128191483888179,1.12294633887001,True,True,True,3.66060490143544,4.08260467878347e-05,1.96674895181127,0.0173671543380944,0.537127572404182,True,True,True,0.74545492222237,0.269931616806098,0.930683402860254,0.167403015206823,1.24680456267793,True,False,False,1.65604946148238,0.0001380935769485,1.30016779915123,0.0020371360442599,0.784628237945362,True,True,True,3,3,0.953787288407686,3_of_4
FAM171A1,0.61638182729549,0.0338711538172745,0.690809479472522,0.0187862243767627,1.11893393833552,True,True,True,,,,,,,,,1.09641453125567,0.0001938317208881,0.941333817604178,0.0008098089097187,0.857774150782473,True,True,True,2.12377156028941,4.92390223227006e-07,2.02635595704344,1.4323540402503e-06,0.953681795687926,True,True,True,3,3,0.953681795687926,3_of_4
NXPH3,-0.709303769611534,0.366811198638317,-0.10623129626612,0.895173711401983,0.149557556655258,True,False,False,3.37647967483663,0.0004592222223852,2.79037333521894,0.0055817687383219,0.826170281943713,True,True,True,2.11144737853539,0.0160745132704809,2.35553701886145,0.008889618525146,1.11507488555507,True,True,True,2.30427472778764,6.64423563214232e-05,2.48995469526834,4.97826949429013e-05,1.08011191258663,True,True,True,3,3,0.953141097265171,3_of_4
SLC9A9,1.65675320934121,0.0003206097834417,1.87725420338395,9.90093904904614e-05,1.1324087281544,True,True,True,4.00289663108413,0.0021054637508224,3.3181779680567,0.0161521101621014,0.82873717125865,True,True,True,,,,,,,,,3.67127410675926,0.003046680490848,3.49971662634894,0.0060799251448823,0.953010729756608,True,True,True,3,3,0.953010729756608,3_of_4
KLF5,-0.448982357572017,0.113147262749126,-0.453683352231687,0.111262989337888,1.00822475503182,True,False,False,1.26371809705717,2.97320999075074e-06,0.651091998908799,0.0029699170326002,0.514811957244704,True,True,True,-0.539978308720621,0.0393483259644068,-0.574564517311634,0.0325181743908384,1.06208420568736,True,True,True,-0.757540923435843,0.0001154704456515,-0.680392944897129,0.0004636166396925,0.896975922953847,True,True,True,3,3,0.952600338992833,3_of_4
ZNF469,-3.12291702262747,0.0002457387563491,-2.94901774603973,0.0003162256956012,0.944012828983327,True,True,True,0.442598068515719,0.0523257752649574,0.379382577414875,0.128824923891982,0.855239470911789,True,False,False,5.13487711099904,0.0001275717950682,4.92671356131992,0.000215036209316,0.959274035348086,True,True,True,4.20018696497918,4.91670552080373e-08,4.38868944231017,4.65361516616823e-08,1.04463083383196,True,True,True,3,3,0.951643432165706,3_of_4
ALAS1,-0.932228793638712,5.33765202145167e-05,-0.98788116746943,3.25360830909725e-05,1.05856267423728,True,True,True,-0.644259679398996,3.92507000229207e-06,-0.438672219816783,0.0004316335507876,0.679838263294816,True,True,True,-0.37783854885859,0.0072978926399748,-0.392977141742521,0.0065519980116351,1.03732089283556,True,False,False,-0.82489406468888,7.50136838488512e-05,-0.715084891973599,0.0003832910249617,0.865831251908774,True,True,True,3,3,0.951576072372167,3_of_4
STAG1,-0.658541411284666,3.59607620991885e-05,-0.674959649552268,2.78925788630633e-05,1.02337721029157,True,True,True,-0.588901187161884,1.07729668861761e-05,-0.386071206574591,0.0012565425004011,0.654467587075127,True,True,True,-0.269610635051531,0.0689182033695357,-0.299222053468786,0.0497589503325991,1.10572909823668,True,False,False,-0.92275882284774,2.92882999058887e-06,-0.812179667820506,1.68592150119328e-05,0.879211811278554,True,True,True,3,3,0.951294510785062,3_of_4
TENM2,2.74657311246415,5.14155825434306e-05,2.6843751215931,5.86919614603361e-05,0.976998613582162,True,True,True,3.19512022671942,0.0738752154177391,2.60947115269019,0.196111288012341,0.816449622537704,True,False,False,3.77537485555883,5.40147793531143e-05,3.49025375072381,0.0001299414702616,0.924233923861174,True,True,True,5.00739727431939,0.0101836332703864,5.0055831877584,0.0127158215768681,0.999438126329271,True,True,True,3,3,0.950616268721668,3_of_4
DMTN,0.876549871021083,0.0001131125702807,0.885365786165332,0.0001028610934189,1.00890651962054,True,True,True,0.741479945990449,0.0002576099880673,0.662246567996546,0.0019708897605779,0.891938659855825,True,True,True,0.660659584665247,0.0008860856757887,0.786270999404824,0.0002666423120323,1.18833160983018,True,True,True,0.348609170850188,0.0627914494167149,0.0245033916504749,0.916084011294519,0.0700879544746694,True,False,False,3,3,0.950422589738182,3_of_4
LRRC27,0.686215375055538,0.0332175922512193,0.996545092162992,0.0033840663746075,1.45012048381842,True,True,True,0.762421475361678,0.0119168150540929,0.788613810812571,0.0181224878391512,1.03299924912246,True,True,True,1.29537336565403,0.0073940672070941,1.12259018917022,0.0205860368539715,0.865946662367492,True,True,True,0.307109210568946,0.369207201553974,0.0011314401128141,0.997688724642032,0.003672204770266,True,False,False,3,3,0.949472955744976,3_of_4
ZNF428,0.616735711250474,0.0002684073756829,0.67408978294716,0.0001249160718862,1.09122683158888,True,True,True,0.626232223044564,0.0003360760774157,0.45861210643317,0.0086695808687179,0.731167962333125,True,True,True,1.09502754856559,0.0001104992635897,0.884981392880058,0.0008404485399488,0.807444478962472,True,True,True,0.0199973205137143,0.918212556286491,-0.283163571985975,0.13469145098424,13.4857003207161,False,False,False,3,3,0.949335655275676,3_of_4
HS3ST5,3.74559813128711,2.57357703675929e-05,3.90827280615524,1.57982726504694e-05,1.04315239297164,True,True,True,7.51978653428291,7.28505405402704e-05,6.43385729731801,0.0009937073531979,0.855476653670435,True,True,True,-0.324808643377196,0.688187419305342,-1.36796727704665,0.126015804603157,4.19868319903019,True,False,False,5.17647826213668,4.21028702582493e-05,4.20411643683155,0.0005595935144851,0.812000789569045,True,True,True,3,3,0.949314523321037,3_of_4
MINAR1,0.684561905285239,0.0182190637247266,0.716627399549624,0.0140878366056513,1.04531391552665,True,True,True,1.8642746859181,3.58303795199912e-05,0.865072407611888,0.0344460072094465,0.463777487649812,True,True,False,2.63813839183568,0.0003823869219632,2.4115068527949,0.0009989267972078,0.91374778232738,True,True,True,2.10708405200595,0.0002113958945256,2.07322617171851,0.0003821647505236,0.983464662970022,True,True,True,4,3,0.948606222648701,3_of_4
WTIP,2.37660223855562,0.0004360329811762,2.35007854365153,0.000485093364297,0.988423759677813,True,True,True,-0.525033509225683,0.222006743222755,-0.792159004230099,0.118738129894236,1.50590977634894,True,False,False,2.18266233144403,0.0007959983654224,1.98402701413655,0.0019948507334971,0.90857775287287,True,True,True,1.98654626898188,9.38687630778576e-05,1.2119718303362,0.0094512386531472,0.609782951597415,True,True,True,3,3,0.948500756275342,3_of_4
CLDN7,-4.32065743372035,2.77142610290344e-05,-4.2956542749905,2.90760297852584e-05,0.993983058785049,True,True,True,0.469005076763244,2.91347207585736e-05,0.267116146974201,0.0067861977410359,0.568326088760006,True,False,False,-1.03034513155319,0.0255235540646024,-0.930466485186782,0.0425759359800691,0.902187305412994,True,True,True,-0.639780204884148,7.08260415615077e-05,-0.816697510601164,1.14378584748578e-05,1.27453611140941,True,True,True,3,3,0.948085182099021,3_of_4
CD36,2.5571722465999,0.0267251416496782,3.04267752798772,0.0089553510286219,1.18939509723467,True,True,True,2.57049171934795,0.0037458901610763,1.0639561611206,0.2793532810962,0.413750568635075,True,True,False,3.22485087615158,0.0095955411454313,3.05867039547604,0.0148688755893872,0.948174764707355,True,True,True,2.70600752089489,0.0020915610620293,2.56369269811349,0.004454136809628,0.9470578409276,True,True,True,4,3,0.947616302817478,3_of_4
ORAI3,1.15551754107473,0.0003924958903192,1.1606105038414,0.0003757081725247,1.0035390408025,True,True,True,2.0500700436577,1.5500694056035e-06,1.16645899861033,0.0012242230088145,0.568707539860593,True,True,True,0.947230927981663,0.0405412356978304,0.985629824453094,0.0367267190007723,1.03944070517826,True,True,True,0.174512733154109,0.394708127146242,0.156502775897143,0.473329038349363,0.891689013581286,True,False,False,3,3,0.947614027191893,3_of_4
AC145212.1,1.4312634077686,0.0014724568631074,1.78791277837493,0.0002155595232073,1.24831282337962,True,True,True,0.856435698330275,1.88689057156044e-05,0.355828955393451,0.0345477929309169,0.41499200008394,True,True,False,2.14505700000178,0.000655391815435,2.21581818293819,0.0006000418373712,1.03250667756558,True,True,True,1.68472789855003,2.4291615956364e-05,1.45218475063794,0.0001956288381383,0.861458573407386,True,True,True,4,3,0.946982625486483,3_of_4
IL1RL1,-4.16094256325159,9.74583502348441e-06,-4.44765019605756,7.90746795918533e-06,1.06864766355227,True,True,True,-5.53148571305349,6.78918396855083e-06,-4.93198153587341,3.86848802207495e-05,0.891458521842499,True,True,True,-1.53561299478065,0.171035792452185,-0.290687864049044,0.774819180525722,0.189174414791761,True,False,False,-2.48817931325164,0.000298990563347,-2.49509124569863,0.0003900780421669,1.00237505286,True,True,True,3,3,0.946916787351249,3_of_4
KIF26A,2.61044503653135,5.51285274210911e-05,2.4713293016394,8.84014973807106e-05,0.94634551639729,True,True,True,,,,,,,,,7.63683467964695,0.000240941624806,7.58026832548322,0.0002907071500809,0.992463000761573,True,True,True,-0.963882604489529,0.0005774731016374,-0.673325236680911,0.0083376260191064,0.697831252784512,True,True,True,3,3,0.94634551639729,3_of_4
PVR,1.09631228198553,0.0001495598409629,1.07573416950397,0.0001559286716798,0.980335486227753,True,True,True,-0.618762796666258,1.39697214714649e-05,-0.565113889469184,0.0001469454871303,0.911822865956082,True,True,True,-0.187563345307918,0.370861039313056,-0.197737371753559,0.347136363605135,1.04865222575819,True,False,False,0.901099270582162,3.965045947233e-05,0.614267101130682,0.0017729820422286,0.68093071479181,True,True,True,3,3,0.946079176091917,3_of_4
COL26A1,-0.143968048491273,0.83967474380792,0.706791549900017,0.239841489179614,4.87549882374643,False,False,False,3.17080583391409,0.0001830050610289,1.98144498866999,0.017820835871817,0.624705638498948,True,True,True,3.662082244071,0.001605154480244,4.15078824910748,0.0006193588852415,1.13314088315267,True,True,True,2.60895473006078,0.0009276041682423,1.98017955235454,0.0115833338671152,0.758702643209611,True,True,True,3,3,0.945921763181141,3_of_4
IPPK,-0.5477411506815,0.00576477935419,-0.566631650484169,0.0048214837394015,1.03260280330799,True,True,True,-0.626958355083456,5.0906753291737e-05,-0.539119857342689,0.0006516674371185,0.858528042470332,True,True,True,-0.517355045001129,0.0093027373790542,-0.650836335033285,0.0028078454658754,1.25558020763909,True,True,True,-0.256980171770097,0.117667723410538,-0.218807713690437,0.198626039164635,0.848157097458757,True,False,False,3,3,0.945565422889161,3_of_4
PCDHB11,1.93473815187103,6.18784242290877e-05,2.14663215190888,2.21439723118853e-05,1.10894758665267,True,True,True,,,,,,,,,2.20002688725623,0.0137063714995024,2.0801606844619,0.02142275820185,0.94508644874166,True,True,True,2.58468536089213,0.0025553544950928,2.28549414631818,0.0087804707156964,0.883902651453936,True,True,True,3,3,0.94508644874166,3_of_4
PNPLA2,1.40979403378418,2.71922292843047e-06,1.53562028594725,1.31457435883763e-06,1.08847943014633,True,True,True,1.68230697744398,2.36499327758176e-07,0.952952521237552,0.0001288399876532,0.566119272365023,True,True,True,0.472343284643644,0.0473954423027797,0.542698324526814,0.0267020508814535,1.14652165169172,True,False,False,1.01987625871741,5.53307297010232e-07,0.818401734102342,9.52724957066671e-06,0.801665948359452,True,True,True,3,3,0.945072689252891,3_of_4
DOCK4,0.744713009305943,0.0233738518041838,0.860855162976629,0.0101529401602185,1.15440545120415,True,True,True,-0.885284257430526,0.0454139456318849,-0.234790055221755,0.60032719598606,0.264915069012336,True,True,False,1.60767715113578,0.0180414891357827,1.72248350872205,0.013202755861681,1.0707453061703,True,True,True,1.78920086243055,6.42193899898377e-06,1.4659337521321,9.38308673213745e-05,0.818865515538746,True,True,True,4,3,0.944805410854523,3_of_4
MAL2,-4.74582042882559,9.12591952407285e-05,-4.86107873914218,9.94155563032258e-05,1.02407049350819,True,True,True,-0.064729397067655,0.562560505601523,-0.0035425514388336,0.980459723970842,0.0538959977860029,True,False,False,-2.66935151398607,2.10348243846479e-05,-2.3102188204943,7.29070183433338e-05,0.865136596584547,True,True,True,-0.791785109247271,1.35088805375802e-05,-0.842314497991717,1.24051034118888e-05,1.06247517538703,True,True,True,3,3,0.944603545046368,3_of_4
SLC16A7,1.91156858237993,0.010636064208363,1.77860397102773,0.0166146923940275,0.929955656185934,True,True,True,0.325803697960133,0.252374758251316,-0.451704865885407,0.202362318578522,1.38219019155809,False,False,False,0.60684448666478,0.0180378464185024,0.582923830004815,0.0243821307036963,0.959001591349946,True,True,True,1.10830061944759,1.9070115416781e-05,0.931096748984678,0.0001821763305844,0.839354754393219,True,True,True,3,3,0.94447862376794,3_of_4
FBXO25,1.3386924426943,1.13021173204167e-06,1.27210847244586,1.79947533210142e-06,0.949552622606037,True,True,True,0.655636297268698,0.0152696154236116,0.616743475868462,0.0358441516887833,0.939246700850727,True,True,True,-0.555936174221948,0.0091343889292433,-0.94824035383107,0.0004291196213438,1.7026014788064,True,True,True,0.706322531745301,0.0131398549256952,0.0286820731804829,0.935107218206575,0.0405502043172732,True,True,False,4,3,0.944399661728382,3_of_4
TMPRSS11E,-7.91058702309407,5.59832368283408e-05,-7.0418921521521,0.0001329043186398,0.890073272479552,True,True,True,-0.481922406982712,0.47705331073211,0.482212724008177,0.487698346256514,0.998530440989539,False,False,False,-1.27320964563502,0.0074045747255456,-1.39845872318231,0.0060928591194652,1.0975107023973,True,True,True,-1.81536612897713,1.38375612770871e-08,-1.27862201721334,4.65619386315961e-07,0.703945089492163,True,True,True,3,3,0.944301856734546,3_of_4
ERP27,-5.61076473897673,0.0251133118230467,-5.07055704622915,0.0285784393611664,0.90355837817138,True,True,True,-0.216004924752047,0.369261745195419,-0.228010814026106,0.40372965266491,1.05071723273854,True,False,False,-1.93683713311648,0.0003920378306882,-1.90652378376064,0.0006140566556424,0.983841083019458,True,True,True,2.32161859496565,3.4238494288155e-07,2.04159656156628,2.67047424363867e-06,0.879006379261539,True,True,True,3,3,0.943699730595419,3_of_4
SMARCA1,1.10951532131323,1.0683024117425e-05,0.875535870519187,7.29834458359903e-05,0.788405034775954,True,True,True,0.719306512275346,7.63617403896455e-06,0.596271442511648,0.0001914256060676,0.827802376280219,True,True,True,0.195205306512586,0.451238257547226,0.207757398382603,0.423557567633545,1.05887757102673,True,False,False,1.29920829528015,9.40419905351708e-08,1.45861158770537,4.18956524130133e-08,1.12182916614225,True,True,True,3,3,0.943339973653474,3_of_4
C22orf23,0.401628846684629,0.410214509676421,0.404071720863804,0.4101601379415,1.00358363339104,True,False,False,1.75481124718552,1.6732674366724e-05,0.970774625418412,0.0080221532202357,0.552892360710479,True,True,True,1.17197190209798,0.0192238866418062,1.03544748497395,0.0413415589636307,0.882755574214477,True,True,True,1.66952244539476,0.0001179625616444,1.83723563035591,7.40725791207965e-05,1.09979703380864,True,True,True,3,3,0.943169603802758,3_of_4
NET1,-0.655462902247049,0.0020183612517989,-0.801266078269942,0.0004807670808046,1.22058089730164,True,True,True,-0.804985312414758,3.19576091913956e-05,-0.564324780295059,0.0018452320489369,0.700167573282848,True,True,True,0.472421932256753,0.0615503243599231,0.256338823298312,0.321199354970902,0.541459543448635,True,False,False,-1.22161693841003,3.68262240572182e-08,-1.45005694009803,8.165044384498331e-09,1.18602719669807,True,True,True,3,3,0.943097384990459,3_of_4
SEMA4F,0.31839408166533,0.0817608019393659,0.477170189312102,0.012375191514484,1.49398569574027,True,False,False,-1.01653251329974,7.85510822143096e-06,-0.523862857506673,0.003735065193086,0.514836480072609,True,True,True,0.851749316807934,0.0008986937435251,0.753176011436722,0.0026514550180758,0.883232617829656,True,True,True,0.705362530398489,0.0006639878905425,0.708197530398298,0.0009363063790189,1.00259781616499,True,True,True,3,3,0.942915216997323,3_of_4
GGTLC1,4.76385520828184,0.0003206097834417,4.59022859119584,0.0004451016270526,0.963351117829881,True,True,True,4.73207272410902,6.41012460676318e-05,4.46143733655587,0.000433364771744,0.942609082220624,True,True,True,,,,,,,,,1.81333494819197,0.0010231440445071,1.38484742309619,0.0115937515686629,0.763281016262309,True,True,True,3,3,0.942609082220624,3_of_4
MARCHF2,0.971017306391965,0.0004398827404195,1.14026195362292,0.0001073949986618,1.17308811903305,True,True,True,0.779221014616825,0.0009206342945891,0.795383026117547,0.0021476738805835,1.01943296991067,True,True,True,1.30804505688893,2.62930232170019e-05,1.1328580881384,0.0001206380751742,0.86540801798736,True,True,True,0.127035907333936,0.450502375995921,-0.0229779665905214,0.90923278437233,0.1794650193761,False,False,False,3,3,0.942420493949015,3_of_4
HIGD1A,-0.559497179172805,0.0018574870695073,-0.790398593966536,0.0001346502995101,1.41017407997133,True,True,True,-1.27400316402401,3.04637083450222e-07,-0.657388920827065,0.0002392891292677,0.515597874088637,True,True,True,-0.597234206122661,0.0014481735480891,-0.705079524776163,0.000548608226162,1.17860115245833,True,True,True,-0.293299515928243,0.0660613764414289,-0.207798487209918,0.205022958476702,0.706078250093296,True,False,False,3,3,0.942339701275813,3_of_4
ITGB6,-3.83308289736766,0.0196377524575947,-5.12966572830328,0.0172851035324581,1.33791205501194,True,True,True,0.565838831101308,0.0094191425088265,0.16925355026307,0.459194860411601,0.298592017653816,True,True,False,-1.00707625581642,0.028752277246141,-0.93083709318971,0.043579739065655,0.923379642977351,True,True,True,2.943142946742,2.93469945405375e-10,2.82967616023592,5.39922899025327e-10,0.961120506518629,True,True,True,4,3,0.94225007474799,3_of_4
ZBTB47,1.08552973879521,0.0003921682332665,1.06922518544847,0.0004440536326362,0.984073557557727,True,True,True,1.24379119443119,4.51573568223473e-05,0.479051576390747,0.0738236505343325,0.384844927031839,True,True,False,2.46761027946171,3.05300638335316e-05,2.50180390519392,3.46253211177521e-05,1.01344628028506,True,True,True,1.46071080264331,5.89578544616059e-05,1.31367685714881,0.000284639435007,0.898725558279517,True,True,True,4,3,0.941399557918622,3_of_4
CKAP4,0.395474050687057,0.0022493482779093,0.425371028621184,0.0012556844575668,1.07288491613524,True,False,False,-0.564045628019079,2.09936580455422e-05,-0.3378895286986,0.0038143044615002,0.597986272158522,True,True,True,0.855949961026956,3.16202607275834e-05,0.693001339948676,0.0002079961815639,0.80868355384274,True,True,True,0.732444668966768,2.5821184907988e-05,0.867299928587957,8.07780497416726e-06,1.18250219176009,True,True,True,3,3,0.94078423498899,3_of_4
ANXA3,0.416530084225032,0.0206008027317765,0.428581898822745,0.0170458675817704,1.02646950486987,True,False,False,-0.568691170067365,2.10124133686527e-05,-0.304271829784379,0.0074411789200902,0.534099606543664,True,True,True,-0.752752679889805,0.0046599336268143,-1.07820894467439,0.0004423316544042,1.43045454224059,True,True,True,0.574889752520128,0.0008315184499459,0.491791426756543,0.0037624907222683,0.853968011419607,True,True,True,3,3,0.940218758144739,3_of_4
TGFB2,2.12793535709759,6.11513691044675e-06,2.10499891646214,5.7530496188153e-06,0.988756614635738,True,True,True,0.542472038094682,0.0563685969693113,0.905273865668035,0.0070544793033319,1.66572298520043,True,False,False,2.63873706701413,2.26476403582962e-09,2.35267909415148,1.16357434920056e-08,0.891255088830742,True,True,True,2.40242109971875,1.07722444193265e-06,1.97435410743641,1.17880644376126e-05,0.821476564247293,True,True,True,3,3,0.94000585173324,3_of_4
SOCS2,1.38613471732335,0.0008397913557641,1.45959639732943,0.0005331763884548,1.05223838687125,True,True,True,-1.94645915089615,1.68471788116663e-05,-1.508261178263,0.0003533049915678,0.77447641331473,True,True,True,-0.359461444327444,0.431930609479982,-0.364100412820637,0.433152296316162,1.0100953057545,True,False,False,2.27130006127793,7.2497009809705e-07,1.97515511442438,6.03369888441677e-06,0.869231642459035,True,True,True,3,3,0.939663474106767,3_of_4
PLPP2,-0.660856684171931,6.92624816099643e-05,-0.684156764956063,5.09499082015859e-05,1.03369321685107,True,True,True,-0.829759987235469,2.09332128145135e-06,-0.532585005516649,0.0003927350869358,0.641081676657225,True,True,True,-0.418175064690928,0.0056682921512624,-0.35405811379152,0.0162117904865872,0.844654521739214,True,False,False,-0.803768637410013,3.84458375478858e-05,-0.975347695475541,1.19080398047287e-05,1.21196036989526,True,True,True,3,3,0.939173869295142,3_of_4
DAB2,3.54240723407076,0.0488847971376114,3.34157134674567,0.0625061375311719,0.943039037290327,True,True,False,4.31912861749992,8.03636571768429e-06,2.92873640473277,0.0010310008558416,0.677928058176112,True,True,True,3.00252237990627,3.60460411139474e-05,3.16217566465301,2.84264177330014e-05,1.05282240805267,True,True,True,3.71009686213353,3.04590297413756e-09,3.4706625844424,6.87031321199341e-09,0.935212071626473,True,True,True,4,3,0.9391255544584,3_of_4
PSG1,2.12531351950383,0.0003871480025503,2.20805853598688,0.0002720595427994,1.03844447948679,True,True,True,7.51948986851986,0.0001814419263616,6.31342136277821,0.0021794478837936,0.839496026609339,True,True,True,3.3999712967301,0.0028233039785993,2.84504933301796,0.0115246853594253,0.836540236535769,True,True,True,0.456742526592646,0.147175107198561,0.506136595156385,0.120461054347807,1.10572333954631,True,False,False,3,3,0.938970253048064,3_of_4
FBXO44,0.354031072297897,0.0058154304042462,0.311632547108099,0.0129120713767838,0.877761332525331,True,False,False,0.571615195587139,0.0001122109560907,0.399685617976022,0.0054675231730531,0.698000369281501,True,True,True,0.790182839873951,0.0007801442967051,0.85898865199872,0.0004892339758958,1.08570182353244,True,True,True,1.18898362795513,5.05955324389216e-06,1.1899406338611,8.83904409995642e-06,0.999963870012141,True,True,True,3,3,0.938862601268736,3_of_4
USP11,0.504066699703571,0.0002784526389432,0.534421664784573,0.000159196436143,1.05812096718756,True,True,True,1.35139370660581,1.84251216783664e-06,0.773794276880739,0.0010989126936942,0.572166428386288,True,True,True,0.914388341315168,0.0012627838527703,0.750060726786717,0.0058745792580429,0.819390736077194,True,True,True,0.157182906743225,0.188441155117279,0.221522197079876,0.0757187305244894,1.40041804541794,True,False,False,3,3,0.938755851632377,3_of_4
ASB2,-1.91440820201202,0.0365414821492714,-2.2586868902166,0.0209313184199747,1.17921959812221,True,True,True,,,,,,,,,1.9645779825255,0.0050339232322523,1.76648046355376,0.0118269996832745,0.898707901318712,True,True,True,-1.26032723666862,0.0074055338135282,-1.18389207164124,0.0122374867622193,0.938608187648513,True,True,True,3,3,0.938608187648513,3_of_4
CA11,1.46729031022894,0.0015001648512889,1.78326609620386,0.0002805002411196,1.21451873909446,True,True,True,2.91623686719974,9.54056349843625e-07,1.93194040837053,0.0002447076091688,0.662250100460647,True,True,True,2.26003981845251,0.0367054190424164,2.7705664517239,0.0124299822591818,1.22535057946044,True,True,True,1.24143986438031,0.180705570606198,-0.186015550346389,0.886414248581783,0.149717950686626,False,False,False,3,3,0.938384419777553,3_of_4
MECOM,-1.06722006823433,3.18831566365412e-06,-0.821894975217898,1.93753271365494e-05,0.769406042498729,True,True,True,-0.970228210061327,6.99687418695786e-06,-0.945770883145189,5.39251628363399e-05,0.973788521943231,True,True,True,-0.541833972244,0.0133529657350027,-0.489042438872094,0.0246804143889791,0.900906103666395,True,True,True,0.494907788113679,0.111216747330137,0.694225756243699,0.0315379829340826,1.3999089606646,True,False,False,3,3,0.937347312804813,3_of_4
SYNC,1.56009542566043,0.0001002242355815,1.49652530628284,0.000144708583273,0.958637942103845,True,True,True,0.600173063490695,0.057906293995103,0.550541463067304,0.113624700001709,0.91577866092436,True,False,False,3.60157487931077,0.0042297009206205,3.45476827914043,0.0063465574853633,0.958971956136379,True,True,True,1.73603033872968,0.0028592719375197,1.34994023678868,0.0216838094259208,0.777154092642915,True,True,True,3,3,0.937208301514103,3_of_4
RTL5,2.08392589151392,0.000110964167562,2.47140433039337,2.17453498589582e-05,1.18536795022427,True,True,True,,,,,,,,,3.39786902771723,3.69644965715527e-06,3.16758640562823,9.79605670849517e-06,0.931953064327302,True,True,True,3.69193758566433,4.6438207797812e-07,3.4603190212577,1.6614724517094e-06,0.937009884675648,True,True,True,3,3,0.937009884675648,3_of_4
ANO6,0.821454541976083,9.48626336855734e-07,0.740741623408294,1.98242134069727e-06,0.900647495518159,True,True,True,1.20489605548608,3.27455877009056e-07,0.908148350319125,2.10708379289651e-05,0.753090074544661,True,True,True,0.251385114966056,0.0166218395392328,0.247666683903271,0.0190795185362742,0.981304638098726,True,False,False,0.882153282605495,1.32252951401325e-06,0.859569114841168,3.04128504911323e-06,0.973295498948101,True,True,True,3,3,0.93697149723313,3_of_4
BIRC7,0.0546499360532613,0.951460632437305,0.899398221542714,0.207608793306057,16.1617116807092,True,False,False,5.60972381256735,7.51088499853198e-05,3.72667553025094,0.0065749843080264,0.664205841304046,True,True,True,4.89274270429457,0.0003298712009148,4.38227352569299,0.0009763723157778,0.895485069504628,True,True,True,3.17585498429815,0.0018065612398446,3.09858952673236,0.0031028125429902,0.975363855777924,True,True,True,3,3,0.935424462641276,3_of_4
MRPL57,-0.661798166413647,0.0002567424592574,-0.743722978958355,0.0001082097545259,1.12209570974311,True,True,True,-0.600327940278226,2.05414002240366e-05,-0.260266274570322,0.0202650409775942,0.432819194215224,True,True,False,-0.550371233456768,0.0007886395042943,-0.51365548257699,0.0015588977980959,0.931596447926159,True,True,True,-0.694345059590701,3.42855597725623e-05,-0.652864256397748,0.0001000247698237,0.93890687421011,True,True,True,4,3,0.935251661068135,3_of_4
SOD3,1.53745055701959,0.0004670682562511,1.50686742632638,0.0005600355551785,0.979470818513404,True,True,True,3.90957778168106,2.81465807932877e-06,2.30232943179425,0.0015175168981724,0.588744057867719,True,True,True,0.537657113412292,0.538921302941764,0.566390663501179,0.521727167349904,1.05148646402013,True,False,False,2.43568781968477,4.60261117084721e-07,2.17102258370137,2.91922506528924e-06,0.890972805856694,True,True,True,3,3,0.935221812185049,3_of_4
SHROOM3,0.877841634047852,0.0003904668645831,0.860833460344478,0.0004368267740491,0.97950919368666,True,True,True,1.92289223234561,7.91352305098785e-08,1.20000671907521,1.29161559960266e-05,0.62373905299891,True,True,True,-0.623441847268907,0.0805585356334628,-0.823785468735673,0.0285190000961729,1.31923488526374,True,False,False,1.63860013594782,1.44075357536283e-06,1.46067529612844,7.89860266470341e-06,0.890872880590519,True,True,True,3,3,0.935191037138589,3_of_4
RDH11,-0.700678207210329,0.0013962264330361,-0.736604212387916,0.0009219496750072,1.04977496068524,True,True,True,-1.13139902944461,0.0002583621713722,-0.385317318586313,0.137030942563992,0.340266380107455,True,True,False,-0.861723579403645,1.95556462223187e-05,-0.874637098406401,2.2901732383383e-05,1.0138091960011,True,True,True,-0.524041796962246,0.000215307946368,-0.449619713255944,0.0011383014499663,0.856350324597633,True,True,True,4,3,0.935079760299367,3_of_4
ESRP2,-1.10361217507361,0.0056293303462921,-1.00410248433852,0.0094610564702885,0.909009068519101,True,True,True,0.222719188149803,0.0378139579038166,0.0295373339921623,0.812859609511679,0.132028612460296,True,False,False,-1.71722312998447,1.12696425175099e-05,-1.65125616158564,2.11808491270245e-05,0.961025452847073,True,True,True,-0.791351255765517,1.08949098816833e-05,-1.10325975082366,6.9623370184009e-07,1.39238720554278,True,True,True,3,3,0.935017260683087,3_of_4
SCN1B,0.386318559980758,0.100297991094474,0.402620463630222,0.0881177657278916,1.03950728219744,True,False,False,1.76510113164982,0.00193442973786,1.19841929608736,0.043625129438933,0.678567764105244,True,True,True,5.13684019510002,0.0001831472486408,5.13606903590728,0.0002154662971816,0.999655271646162,True,True,True,2.461297507591,9.66505708405459e-07,2.1424399992706,8.2939368476124e-06,0.870097944162185,True,True,True,3,3,0.934876607904173,3_of_4
OVOL2,-7.62120120578981,0.0013479359577884,-7.55776858320726,0.0013723816941159,0.991546717169627,True,True,True,-0.373046522086482,0.101091688241742,0.010475996786476,0.96986316370006,0.0280072027619438,False,False,False,-1.90966678664305,0.0017719362883227,-1.79866541692823,0.00297899751659,0.941381003481198,True,True,True,-1.0834622535074,0.0001859511015057,-1.00652492323564,0.0004807769191172,0.928132740425319,True,True,True,3,3,0.934756871953259,3_of_4
BEND7,1.34549286917977,0.0014981875141917,1.25733414495386,0.0025420079805622,0.933784480952935,True,True,True,,,,,,,,,1.44955702669315,2.09688011861099e-05,0.88439243177925,0.0017738911300901,0.609691598127244,True,True,True,-0.605138336991357,0.0022805115467855,-0.60230008184517,0.0032350622004691,0.99366769116562,True,True,True,3,3,0.933784480952935,3_of_4
NDUFAF4,-0.7336080225928,0.0181749073033876,-0.651196015774076,0.0317249265635042,0.886453721912373,True,True,True,-1.79363608124316,2.24426693970733e-07,-0.977485978687334,6.13210120753087e-05,0.544670860517984,True,True,True,-0.259897678822127,0.303164009359049,-0.270130047293172,0.297247693145364,1.03538693219781,True,False,False,-0.643379864358648,0.0137670722437286,-0.631759808875183,0.0188386380973541,0.980415192681376,True,True,True,3,3,0.933434457296874,3_of_4
SLC16A4,-0.866208427961999,0.0911709399742242,-0.953808890669345,0.0698211897467723,1.09986118667096,True,False,False,2.19451160139275,1.93439906076467e-05,1.46082559887893,0.0027465788772514,0.665369109392197,True,True,True,1.34865676573939,5.02985675324648e-05,1.52806278654315,2.22740603295037e-05,1.13218621603102,True,True,True,1.90134627852406,4.92070539289832e-07,1.45836690868033,1.66545460490669e-05,0.766614850904961,True,True,True,3,3,0.933238018787961,3_of_4
PADI1,-1.42914531587747,0.0145753880019998,-1.47876362462344,0.0129034374272419,1.03399536271329,True,True,True,-1.24985109506591,0.0005735299787071,-1.99838208680617,0.0001306629589992,1.59761788968244,True,True,True,-0.923565097418819,0.0688168357609922,-0.769572811495407,0.126686030164901,0.832361954440941,True,False,False,-3.09471451418193,4.84561783852183e-07,-2.13431906305137,5.21716703919484e-06,0.689443116693654,True,True,True,3,3,0.933178658577116,3_of_4
NOP16,-0.631796044137298,0.0010745813441871,-0.621069690436426,0.0011961965627983,0.981468983870058,True,True,True,-1.85246683333066,8.1501967657371e-07,-0.961503013868396,0.000433364771744,0.518759222759107,True,True,True,-0.41443673447429,0.0344847892159306,-0.484330790264777,0.0185874321583292,1.16583525257502,True,False,False,-0.610472129337014,0.001818545728767,-0.54078397453704,0.0054291101534635,0.884396767393769,True,True,True,3,3,0.932932875631914,3_of_4
WNK2,-1.48702876567897,0.0002637954434886,-1.64002823546181,0.0001474904633285,1.10214820659968,True,True,True,-1.44487081024122,4.17097571558109e-05,-0.880638992496752,0.0040317555381279,0.6090717000849,True,True,True,1.69608241850564,0.0047744027455085,1.85676901901969,0.0027639591800183,1.09409478218192,True,True,True,-0.177015305239844,0.334716399873394,-0.137346288904249,0.482967003637644,0.771542023980462,True,False,False,3,3,0.932818403081191,3_of_4
C4orf54,3.00375878025983,3.84550702423363e-05,3.25420750058736,1.67074817143507e-05,1.08301788548429,True,True,True,3.16711218067683,0.0006556468595235,2.15558736902768,0.0238129477471807,0.680401212487105,True,True,True,4.0901346589335,0.0324694249874566,3.7794498185801,0.0519284843616908,0.923814573134913,True,True,False,4.99312346417768,0.0013938905611463,4.70135154794176,0.0033404304050825,0.941376716387582,True,True,True,4,3,0.932595644761248,3_of_4
RBM8A,-0.802358853784326,2.25253412807134e-05,-0.919770858821797,6.87641672562778e-06,1.14490660616871,True,True,True,-1.04658669406118,3.84337960994491e-07,-0.566772217861468,0.0002636479407595,0.541026552813745,True,True,True,-0.612794371550017,0.0002400151963483,-0.723293570601774,8.27347138147237e-05,1.17839720291869,True,True,True,-0.456986972529088,0.0003372901566446,-0.329864172128977,0.0055704432672534,0.720247936982588,True,False,False,3,3,0.932577271575649,3_of_4
PCBP1,-0.879142762604003,4.76654935918464e-05,-0.82630434114954,7.17663745790418e-05,0.938829899259552,True,True,True,-0.705896077656311,3.61791018553677e-07,-0.678370919917894,4.15676948608249e-06,0.959647310771633,True,True,True,-0.459429496505939,0.0020569036021994,-0.391606699121357,0.006372166257865,0.850524786298755,True,False,False,-0.55787113268006,1.44463831034455e-05,-0.517512076634097,5.21529260659358e-05,0.925995361671972,True,True,True,3,3,0.932412630465762,3_of_4
APC2,0.515348616978148,0.0182922003241232,0.771749487845916,0.0011963461833568,1.49462874978239,True,True,True,0.936920094320437,0.0001830057168434,0.232334520995848,0.328947954823795,0.247712488945217,True,True,False,1.05592411204966,0.0021969365557653,1.09856246561631,0.001946910553561,1.03939578356851,True,True,True,1.30100747675382,0.0006153221325411,1.07452398870388,0.004336910808361,0.825282502511349,True,True,True,4,3,0.932339143039929,3_of_4
MYO7B,-2.54933171165681,0.0002110740446481,-3.08456972819475,9.30920301565604e-05,1.20947785501631,True,True,True,2.2711570896877,0.0043573628301571,0.564350193262544,0.544529742634105,0.24837639783969,True,True,False,4.76340668165071,0.0003738130508704,4.98258799332316,0.0002956805208316,1.04579401513157,True,True,True,3.98711130677155,0.0003780465601023,3.26562802882374,0.0032955699277879,0.818840743807456,True,True,True,4,3,0.932317379469513,3_of_4
RAP2B,-0.691781308480487,0.0024113940582949,-0.678472265807971,0.0027116648960294,0.979345512794072,True,True,True,-0.281378812833333,0.0160312855486412,-0.398151219186898,0.0044149745660839,1.40998970564373,True,False,False,-1.03038344582427,7.42010780645464e-05,-0.913004208491477,0.0002298253138317,0.885222864675528,True,True,True,-0.559752233228099,0.0005938901099231,-0.335581766200777,0.0231183847587405,0.598449272807927,True,True,True,3,3,0.9322841887348,3_of_4
VGF,-5.04940784660712,7.96608043760886e-07,-4.66031287710202,9.357587272362e-07,0.922759709442641,True,True,True,-2.32176433210739,5.17606487302758e-06,-1.58027561325321,0.0002515217298358,0.680342638040882,True,True,True,3.84939932539229,2.4170005279065e-05,3.62625316051085,5.03999034463069e-05,0.941786254894847,True,True,True,-0.475636461912562,0.571865553486327,0.453182433653737,0.572276905945948,0.950792626806785,False,False,False,3,3,0.932272982168744,3_of_4
DNAJC9,-1.17520654869621,5.67572185163768e-06,-1.38743710540853,1.88906551954872e-06,1.17958627840192,True,True,True,-0.90461044872217,6.77939687524133e-06,-0.165596826235291,0.236307630513793,0.182856576433002,True,True,False,-0.680347989439186,0.0008374589999544,-0.920799787886123,0.0001318915822722,1.35143832837025,True,True,True,-1.27157431737565,2.75697096982615e-07,-0.869965943691152,1.54311129518889e-05,0.683626827771621,True,True,True,4,3,0.931606553086771,3_of_4
LRRN4,2.63820652619443,3.0471061066474e-06,2.45822215893551,5.27219549130839e-06,0.931424704560773,True,True,True,,,,,,,,,-1.87090221171778,3.38870956062771e-05,-1.81137895749993,6.03394859842584e-05,0.967667512843895,True,True,True,-2.84641363351075,7.56176580134656e-07,-1.7849401687351,1.3113226363686e-05,0.626863672958656,True,True,True,3,3,0.931424704560773,3_of_4
WASHC2A,0.672342745861403,0.0003057292727777,0.637236665952036,0.0004388745693154,0.946377858629521,True,True,True,0.977572547104205,4.39377617833155e-06,0.624304961708313,0.0008945011494546,0.637975144056267,True,True,True,0.88604251083329,0.000107279230067,0.82057774216612,0.0002441045795827,0.925071495609908,True,True,True,0.260564124714258,0.10787872785032,-0.245253778830075,0.162381282082469,0.937643031505177,False,False,False,3,3,0.931357263557542,3_of_4
MAP1B,1.34770116939924,5.52296761157417e-05,1.25568015322417,8.72293181225339e-05,0.93102918697957,True,True,True,0.135968111589141,0.340698925115158,0.348128309226301,0.0337242956437251,2.54167415456943,True,False,False,2.36100657376958,1.19332158005404e-07,2.20048195787009,3.15228193678227e-07,0.931615509586957,True,True,True,1.88396600503986,6.25259409136267e-08,1.47015653787236,1.22715723649583e-06,0.779937958531656,True,True,True,3,3,0.931322348283264,3_of_4
OSBPL10,-0.713120747772071,0.0002110740446481,-0.939747133780545,2.48466589009235e-05,1.31594991002906,True,True,True,-1.12551388684475,1.90047523504144e-05,-0.501322020885616,0.013835817192675,0.445020719886346,True,True,False,-0.870949381912133,0.000121051073978,-0.632081561447174,0.0014384277348946,0.724906255522605,True,True,True,-0.807009303080931,0.0032035413918225,-0.918928640869534,0.0020407300483026,1.1372748276111,True,True,True,4,3,0.931090541566852,3_of_4
H6PD,1.43597242788643,2.74870155743558e-06,1.65032632590267,9.357587272362e-07,1.14847459413682,True,True,True,0.729707895822627,1.48107254902017e-05,0.518382169227114,0.0010524898863464,0.709424617129013,True,True,True,1.19121281169139,0.0001508612670246,1.16011439656512,0.0002237348051616,0.973076606113021,True,True,True,0.476259485374686,0.0034582094667345,0.424060377684743,0.0098616766927365,0.888532110266645,True,False,False,3,3,0.930804358189833,3_of_4
KRT17,3.75633760466775,7.82183297354689e-07,3.65455768367196,9.357587272362e-07,0.972645545380829,True,True,True,6.38408119043382,0.0009744184250881,5.29550687959458,0.0086582719956028,0.829356232388768,True,True,True,6.22851039841366,0.0373677389026136,5.53717591109324,0.0648186689589492,0.888862134735866,True,True,False,0.981483991649336,0.006350579019861,1.58825593258113,0.0001665615133984,1.61657181804546,True,True,True,4,3,0.930753840058347,3_of_4
MYC,1.13105128681419,0.0139203352301931,1.10602405678709,0.0147419548560849,0.977008788974265,True,True,True,-0.630324289923924,0.0236781811988993,-0.74156390429509,0.0178792484201752,1.17461646277613,True,True,True,0.295179032723524,0.130319506800284,0.261722543567302,0.181783478188271,0.883663307157917,True,False,False,-0.540400470085099,0.0060712540327033,-0.397642128562535,0.0378357058400165,0.734469492610585,True,True,True,3,3,0.930336048066091,3_of_4
NECTIN2,1.21811793875144,4.33382503320837e-07,1.14297111088711,7.56843126816224e-07,0.937539408252563,True,True,True,0.745841837908571,2.93226341049427e-06,0.577938723442607,0.0001448238634126,0.773843528987404,True,True,True,0.651199094653417,0.0001726489077174,0.600826754979409,0.000388340668958,0.921232120536279,True,True,True,0.181143140093607,0.157461434496598,0.170930142109863,0.201097141941903,0.938438538075157,True,False,False,3,3,0.929385764394421,3_of_4
CAV1,-0.910205918755501,0.0002881265829147,-0.828078838972095,0.00055921947037,0.908772454093649,True,True,True,0.211742020925932,0.0385104199700701,0.324868947473249,0.0071855955806565,1.5270558494241,True,False,False,-1.50945317102532,1.05139539013158e-05,-1.15166268815756,0.0001170790024978,0.762461697091736,True,True,True,2.51474426789066,1.62271461649947e-06,2.38857056684598,4.57762997242071e-06,0.949448875759018,True,True,True,3,3,0.929110664926334,3_of_4
GLS,0.520932683750512,0.0001689539751145,0.482542893306064,0.000281837546845,0.924530898963061,True,True,True,0.453330017375651,0.0094671380274886,-0.186242018046617,0.31629243855808,0.40992672930221,False,False,False,1.46463978390246,6.52980697647108e-06,1.36103407775316,1.55404438754823e-05,0.928627956679251,True,True,True,1.75920452655561,7.1867374998463404e-09,1.65269483330339,1.72508710998929e-08,0.93892204477931,True,True,True,3,3,0.926579427821156,3_of_4
L1CAM,1.59882531037298,6.28483844496345e-05,1.79936016990367,2.15307714351425e-05,1.12472290458023,True,True,True,-0.801531704891724,0.0104557307197886,-0.615367024057297,0.0561650353559162,0.766782197271971,True,True,False,3.45067757974002,1.23410851194913e-05,3.01468445266554,5.42555376513687e-05,0.873396886882061,True,True,True,4.75389972217037,2.36479932524839e-06,4.65286043762692,5.12916124182082e-06,0.978540181600954,True,True,True,4,3,0.925968534241507,3_of_4
EPHX1,0.650717337056556,0.0004583628564875,0.639309087537232,0.0005121485362896,0.980960688301826,True,True,True,0.97072586901566,6.59272475174977e-07,0.95334120702748,6.84995174132555e-06,0.98108040284365,True,True,True,1.37409238657013,5.33213940308843e-07,1.19551644715823,2.63152830155209e-06,0.869408091292096,True,True,True,0.301927094538357,0.0249352115585627,0.14829829641006,0.283979221076314,0.489551113399275,True,False,False,3,3,0.925184389796961,3_of_4
GOLGA7B,-2.90683910533646,0.000286534942564,-2.91858900773587,0.0003160591187077,1.00369686974072,True,True,True,-2.36413423628344,2.02870503933305e-07,-2.00198032159897,3.55439183233087e-06,0.846455262828918,True,True,True,-0.366934636790123,0.418265667267095,0.175498795302945,0.697392945713864,0.476983620878979,False,False,False,-1.38375704673904,1.25999998091158e-05,-1.80677144138741,3.5639427418418e-06,1.30475699375726,True,True,True,3,3,0.925076066284819,3_of_4
RASSF7,-0.781411102043742,0.0148451857203128,-0.68649044765375,0.0278799921892295,0.877403766204957,True,True,True,0.949328979046668,2.99161985406464e-07,0.678189350276179,3.13127036779796e-05,0.713636398793722,True,True,True,-0.599008721777068,0.0049203294466454,-0.583372199606684,0.0066425228945514,0.972272866099161,True,True,True,0.483593547184441,0.0097676748605481,0.571648489592157,0.0042342258104564,1.17964527780759,True,False,False,3,3,0.924838316152059,3_of_4
MAGI2,0.584320686482931,0.0945971668091357,0.817812000483313,0.0216225207645298,1.39720330985972,True,False,False,2.43671420028854,0.0005111271427327,1.93819601167493,0.0077717196943508,0.795087468188648,True,True,True,2.24472558050857,0.0143914237795532,1.88237960652766,0.0420688438755136,0.838205532708664,True,True,True,2.23104678773101,0.0001764580810362,2.25728783007001,0.000249455118779,1.01130847367436,True,True,True,3,3,0.924757003191512,3_of_4
FUCA1,0.221186882215175,0.238680266406843,0.30567576286061,0.104248059273288,1.37575971998464,True,False,False,1.95481347876066,2.04252648858784e-06,1.1650040628214,0.000989568540759,0.59566215054394,True,True,True,0.716662154664226,0.0029096475235087,0.674628080643164,0.0050609541815831,0.940035748379129,True,True,True,-1.15473621125379,1.10915594204572e-07,-1.05068316164086,4.51920871141609e-07,0.909102917612174,True,True,True,3,3,0.924569332995651,3_of_4
SLC26A2,1.24035738164215,5.19034119508745e-06,1.30952688294743,3.15807510418527e-06,1.0549152905629,True,True,True,0.221172025292172,0.0889108763315963,0.211476277049814,0.138890508793439,0.951858258355019,True,False,False,1.5576184863432,2.33818735440406e-05,1.15431479100736,0.0003649549223135,0.740601244705874,True,True,True,2.63441048027488,1.81117035216007e-08,2.36468751458421,8.4801985635629e-08,0.89727483907462,True,True,True,3,3,0.92456654871482,3_of_4
FZD7,-0.613939444668326,0.0019916677711851,-0.421070957844766,0.0179637845625859,0.684735645916933,True,True,True,0.0441220272470417,0.709284919168266,0.174344856595627,0.174085747102033,3.8638524736731,True,False,False,1.60802448230715,0.0008195163228822,1.24845654855171,0.0064056868099808,0.775908982293154,True,True,True,1.25966468350716,4.50769391876949e-06,1.35165155690058,3.72828628962353e-06,1.07217373071822,True,True,True,3,3,0.924041356505687,3_of_4
ZNF250,0.436164861706621,0.0402634901277077,0.82784441805514,0.0006164437767409,1.893666418713,True,False,False,0.582334746375821,0.0012848262655292,0.387895132381023,0.0331155418217701,0.664961473306643,True,True,True,0.525677936907131,0.0388873238621373,0.55376506022004,0.0339402424984529,1.05143014623315,True,True,True,1.05027062216902,3.61321549384693e-05,0.836940989659558,0.000547623432959,0.796123255049923,True,True,True,3,3,0.923776700641536,3_of_4
CLTB,-0.612584362229598,0.0003022871031628,-0.658592873168699,0.0001684540608031,1.07335341920311,True,True,True,-0.848124422237666,1.42298884321613e-05,-0.657264359315525,0.0004829232976701,0.774049529259164,True,True,True,-0.433380963065483,0.0642403204770639,-0.647597451343189,0.0114907952543426,1.4908513641413,True,False,False,-0.657313870501531,0.0005954226064765,-0.340827731672958,0.0460823118910589,0.517728316150017,True,True,True,3,3,0.923701474231137,3_of_4
ATP5MF,-0.740052579040345,0.0002146488292644,-0.908149755062646,4.00295657211923e-05,1.22548626203918,True,True,True,-0.683875272076633,5.12349796172645e-06,-0.288850626564083,0.0113384731085128,0.421756542163144,True,True,False,-0.552777188909124,0.0040738859926531,-0.6518642300247,0.0015588977980959,1.17712365745652,True,True,True,-0.551057137469622,0.0015270177484878,-0.369377375101763,0.0243035649146368,0.669092653696718,True,True,True,4,3,0.923108155576619,3_of_4
TXN,-0.5812894156071,0.0005388652835102,-0.707384821520655,0.0001040018745126,1.21483372797208,True,True,True,-0.894723535773543,1.55176832858737e-06,-0.359618664597203,0.0070739673541141,0.401483996160308,True,True,False,-1.03546131655682,1.2636522873195e-05,-1.02589540417445,1.8533059275539e-05,0.989805782219185,True,True,True,-0.745048660706099,7.42690590916709e-05,-0.638690177848788,0.0004616333905613,0.856097211198394,True,True,True,4,3,0.92295149670879,3_of_4
DLG4,1.08238637638045,0.0019283181572697,1.07548518340289,0.0019945747346463,0.992706948185967,True,True,True,0.946757573536928,0.0001045053389582,0.0382694788974547,0.877847690300617,0.040378974503614,True,True,False,0.972391679665946,0.0466755822682114,1.5353491679266,0.0032202614486862,1.5773189765229,True,True,True,2.50157936745124,0.0008493784369494,2.133310297889,0.0046051252995862,0.852444612001128,True,True,True,4,3,0.922575780093547,3_of_4
PTPRM,0.684295830952069,0.0027988121385487,0.849835611253553,0.0005131643226111,1.2401003666882,True,True,True,0.198407435168656,0.0405631823511069,0.064125555274992,0.550596287484139,0.321580563035453,True,False,False,1.17047959806507,0.0004377236183107,1.05174011833104,0.0011998011600915,0.897787823252062,True,True,True,1.82726581425953,4.0078881704242e-09,1.73158550468597,7.649494752813851e-09,0.947119117570594,True,True,True,3,3,0.922453470411328,3_of_4
ACPP,-1.54488357460438,0.0491636915231452,-1.55563438309007,0.0489664839969654,1.0063075956339,True,True,True,2.27548369885768,0.0007273262888842,1.98009866915546,0.0055318066104166,0.869805775525235,True,True,True,-1.25754336205688,0.149494487172103,-0.473660261626256,0.564882513722025,0.376355933300651,True,False,False,-2.41643117652574,1.98219217906179e-05,-2.35651429140387,4.43666750674667e-05,0.974800984733961,True,True,True,3,3,0.922303380129598,3_of_4
MN1,1.48231272132532,5.13613050295804e-05,1.48287511689675,4.77420874236322e-05,0.999704981678996,True,True,True,-0.821958780217769,0.0075473068737651,-0.456281866058662,0.129596552403425,0.554440729021594,True,True,False,5.12508393036048,1.54214826531022e-05,4.6740992917404,4.21437727742299e-05,0.911826523958554,True,True,True,1.73071158329465,2.68316904969333e-07,1.61525955825572,9.87758349374234e-07,0.932753221632106,True,True,True,4,3,0.92228987279533,3_of_4
TMEM30B,-5.86514979852283,0.0010916484381095,-6.56988337157768,0.0014947338145341,1.11996515554923,True,True,True,-0.34403863936094,0.0024869293364652,-0.087052740074621,0.432010183725897,0.252298525857437,True,False,False,-1.54737787780051,0.0032289835259691,-1.54072810397272,0.0040957502860581,0.995059491654158,True,True,True,-0.971218643408875,2.19529770313877e-06,-0.824915394653017,1.88046104932387e-05,0.848487529266698,True,True,True,3,3,0.921773510460428,3_of_4
SHISAL1,-0.691409588451611,0.0060774216375297,-0.86084639213562,0.0017104623238613,1.24326180124206,True,True,True,-2.99091667771274,6.88702422411418e-07,-1.92548382344847,3.35780988922211e-05,0.643561980783657,True,True,True,3.03646527692138,0.000281065835969,2.99197154857948,0.0003657092104847,0.985022469659963,True,True,True,-0.313084264158236,0.179759720467773,-0.269433119892463,0.268737932919266,0.857837054061143,True,False,False,3,3,0.921429761860553,3_of_4
SYT12,-1.74087379973668,9.93973320691824e-06,-1.71380916796845,1.07356278312067e-05,0.983888251966088,True,True,True,1.652211999079,2.10601777512487e-06,1.42000224286323,5.73812023998645e-05,0.858935359563268,True,True,True,0.453211774087202,0.270678554160833,0.146609385747743,0.756628792692414,0.322777598714551,True,False,False,0.995107400472921,0.0280558544765798,1.0873922304418,0.0211877072802299,1.09164155383801,True,True,True,3,3,0.921411805764678,3_of_4
PTPRJ,0.69680891412319,0.0020315730843269,0.686290098844613,0.0021600589929367,0.983492880292235,True,True,True,-0.518849699616936,0.001220506449118,-0.241969751841872,0.108747795481346,0.465460982318877,True,True,False,0.785540281056114,0.0001924679936908,0.745180276264126,0.0003319559428943,0.947415274477167,True,True,True,1.01212060842328,4.52521147628634e-07,0.907053265042589,2.47399103095169e-06,0.895306301639877,True,True,True,4,3,0.921360788058522,3_of_4
CCL2,4.0519776359772,1.03033700957031e-06,3.70260262953096,2.1853411139924e-06,0.913551211500391,True,True,True,,,,,,,,,6.29672415985363,0.0064263719548033,5.80103507206159,0.011816076679727,0.921131971616301,True,True,True,3.34107654504701,0.0095253000554074,3.28647217576902,0.0133864530705729,0.983362329220019,True,True,True,3,3,0.921131971616301,3_of_4
SYNGR3,-0.0395706306333308,0.882535421847585,0.217832212877914,0.362472704528426,5.36920943740406,False,False,False,1.74008470340071,4.46788098441691e-05,1.4524815240078,0.0009101432123632,0.834239437731429,True,True,True,2.39418401391919,0.0006927775923626,2.39831962304287,0.0008168705373581,1.00130913078305,True,True,True,1.77560561671659,0.0003694774382338,1.49285062925625,0.0025810827250841,0.84028251132924,True,True,True,3,3,0.920795821056145,3_of_4
SNN,-0.976180551411493,0.0099352837680551,-0.909302474842006,0.0144155853185345,0.930536811778089,True,True,True,0.599114384558775,0.002881822964166,0.724381155632228,0.0018040271434096,1.20707180875996,True,True,True,1.41154868344302,1.44096932207007e-05,1.2866314694491,4.34320547500908e-05,0.910858142115851,True,True,True,-0.400536144348262,0.0070954678452102,-0.271784471654124,0.0602713156310477,0.676861785618977,True,False,False,3,3,0.92069747694697,3_of_4
ANKRD1,4.06441236601936,0.0004214862116847,3.77729281263002,0.0006836559989872,0.929129070448651,True,True,True,-0.133551328457211,0.236253141523042,-0.0497972971303842,0.705978331583085,0.370098888664785,True,False,False,5.87407829673382,6.92763080104331e-10,5.35755290272342,1.6211581950149301e-09,0.911911745193573,True,True,True,4.23706904222066,5.03270922861422e-08,4.12428374383733,9.62231424566279e-08,0.97315161757636,True,True,True,3,3,0.920520407821112,3_of_4
NQO1,-0.80868141136128,0.0017308249931166,-0.80726430858134,0.0016439777517328,0.997014748336786,True,True,True,-0.317076499926246,0.0372340230930162,0.290381753125677,0.0748450285918814,0.912930547189149,False,False,False,-0.885043760461987,0.0007092343246607,-0.77534563288899,0.0020599558655512,0.875064717440955,True,True,True,-1.13814875428903,4.68689341015509e-05,-1.05692618842322,0.0001550567835302,0.927821045709586,True,True,True,3,3,0.920375796449368,3_of_4
FAM53A,1.10944232986828,0.0008992973005853,1.12995633854024,0.0007702255187517,1.01757318515971,True,True,True,0.702738603077829,0.0684402141075212,1.08464382674262,0.0133904203319273,1.54125952732859,True,False,False,1.54780791114246,0.0110249162412679,1.27475750637791,0.0372918199094951,0.823057202385801,True,True,True,1.76768173856753,0.0001850950237456,1.35077042164853,0.0031423221743548,0.763715931585594,True,True,True,3,3,0.920315193772756,3_of_4
BBS9,0.642041150515468,0.0001991859724396,0.630574082129636,0.0002275999019626,0.980612331923333,True,True,True,1.27987581186978,0.0002546871759983,0.73822580281066,0.0287745187782846,0.576344557348634,True,True,True,0.439207895179991,0.0584721685536108,0.623087065429448,0.0110285830073518,1.41543818784686,True,False,False,1.20920513486037,3.24219689815289e-05,1.0398160915631,0.0002452061162893,0.859206477985297,True,True,True,3,3,0.919909404954315,3_of_4
ZNF862,0.677804203385166,0.0419383933219201,0.699158717430392,0.0364170790560693,1.02998583972185,True,True,True,1.33717781147319,5.21657288118184e-05,0.646151622439129,0.0294366265156097,0.482859315779407,True,True,False,0.941874894374963,0.0059040758805155,1.13531398050499,0.0017725675984976,1.20409821841486,True,True,True,1.25358942292369,0.0019487665421714,1.01535221619771,0.0118338506401453,0.809310358947183,True,True,True,4,3,0.919648099334516,3_of_4
ADK,-0.211232275459023,0.113504785168616,-0.278290236520331,0.0409591294290521,1.31125313488929,True,False,False,-0.820976385722686,5.97704638266687e-07,-0.453680388901896,0.0003446927079002,0.551938470231134,True,True,True,-0.562308901628472,0.0006875318523291,-0.592649202905785,0.0005790965399436,1.05208563399672,True,True,True,-0.859661158742105,5.27715593209151e-06,-0.677289148172497,8.31570601660126e-05,0.78694052972297,True,True,True,3,3,0.919513081859845,3_of_4
COL20A1,-1.52079345765044,0.131032530317858,-1.29387274669744,0.185940565434654,0.850228879742395,True,False,False,7.4457623665099,3.96050917715022e-05,5.42576802390521,0.0022648179576708,0.72860764945399,True,True,True,7.77022873279026,0.0017196140993427,7.67760667757794,0.0020396692796968,0.987952734576286,True,True,True,3.12773204190102,0.0193426248920552,4.3451736287188,0.0022779876562556,1.38879698565642,True,True,True,3,3,0.91909080715934,3_of_4
S100A4,1.6479532547184,0.0002874843497238,2.3970799520233,8.94671616647183e-06,1.45369794150572,True,True,True,1.90206410325675,8.19232947566926e-05,1.47435107592878,0.0025044224316243,0.774724862607463,True,True,True,1.64347208495867,0.0236576545903351,1.39170128193452,0.0597205641719138,0.846290608800147,True,True,False,-0.607466405640988,0.0155651876011916,-0.603096740248255,0.0198185643220683,0.99117508322078,True,True,True,4,3,0.918732846010463,3_of_4
GLCCI1,0.923374112116589,4.72393817286401e-05,0.879251081600856,6.93614652076109e-05,0.951185315637613,True,True,True,1.21642457211551,9.12011322033831e-06,1.11309409292322,0.0001105043313173,0.914302305389651,True,True,True,-0.216180618779958,0.501058302465834,-0.200068537271382,0.542802730478028,0.921208063570748,True,False,False,1.1093522827701,0.0001121991113795,0.650304458369614,0.0125127308288574,0.585673995956705,True,True,True,3,3,0.917755184480199,3_of_4
PDLIM1,0.521229040355226,0.0014811777091986,0.469759885542646,0.0028889273912693,0.899528462115225,True,True,True,2.44737239813215,9.39597267437009e-08,1.85345592419391,4.14585285260756e-06,0.757015528196569,True,True,True,0.503506775990599,0.0005300516584795,0.472134029158996,0.0009695147788173,0.935832880008323,True,True,True,0.130965462971689,0.363736224604086,0.606422492670784,0.0005240611527851,4.59531212951438,True,False,False,3,3,0.917680671061774,3_of_4
TCF7L2,-0.0225728115221733,0.895700329487784,0.0472633722904314,0.773985628722581,2.00499512949374,False,False,False,-0.663888898833306,0.0003138296794023,-0.650430643351486,0.0012034181769315,0.978254629446829,True,True,True,-1.24010539157127,3.42696968758829e-05,-0.651344211992389,0.003052002331261,0.524809751384426,True,True,True,-0.93822533714279,0.000338919092983,-0.804952024512535,0.0014988319904832,0.857038234255129,True,True,True,3,3,0.917646431850979,3_of_4
TNFRSF1B,-1.64878391862261,0.0003733671306054,-1.29245367270109,0.0016451901481534,0.783407850029323,True,True,True,-1.3227522695675,3.26381144637952e-05,-0.695416365408128,0.0069420227481209,0.525337241261415,True,True,True,1.93877567466783,0.01998110317775,2.04036901993818,0.0162078275335786,1.05185823628166,True,True,True,0.36857589480203,0.367822063086392,0.940204578729663,0.0222885202479398,2.54400947668219,True,False,False,3,3,0.917633043155492,3_of_4
B3GNT7,-1.77492285188303,0.0008004654434439,-1.61240338987258,0.0014351541982836,0.907924231147165,True,True,True,0.612171888165988,0.0085959260100206,-0.0893536098827656,0.744294161061764,0.145723591715896,False,True,False,1.87568327147236,0.0004758372138983,1.73899431241876,0.0010663814796463,0.92663175446458,True,True,True,-0.631357355862657,0.0069038803126849,-0.680652975425969,0.0059148275256128,1.07637393495238,True,True,True,4,3,0.917277992805873,3_of_4
TFAM,-0.654477562206941,6.03713567794951e-05,-0.753037313607697,1.82669649998787e-05,1.14883766741348,True,True,True,-1.67186311613387,1.96917473035746e-07,-0.834816147081446,0.0001576775064547,0.499034343593382,True,True,False,-0.58505434062053,0.0018252694104106,-0.569975168254532,0.0024738410870658,0.972563683516152,True,True,True,-1.17719886719329,1.31560549754958e-06,-1.01536997103188,8.48102025310007e-06,0.861798461452181,True,True,True,4,3,0.917181072484166,3_of_4
RBPMS,0.516945537476203,0.0005341573539635,0.471503832976786,0.0010730732368251,0.910334772405389,True,True,True,1.24437003212723,3.00127283801478e-06,0.779021681381452,0.0009455407996164,0.625534308105035,True,True,True,0.154476791810056,0.382084471935454,0.143567723724582,0.422829354805382,0.923402921125211,True,False,False,0.903801193344476,7.64900362019129e-06,1.05483907724487,2.67047424363867e-06,1.16582414457899,True,True,True,3,3,0.9168688467653,3_of_4
MRPS33,-0.596802787613729,9.23670422423502e-05,-0.682459724284959,3.17347097744428e-05,1.14161348596108,True,True,True,-0.447644343954298,0.0002715903351032,-0.24515861312093,0.0284809913096525,0.546443115631708,True,False,False,-0.70767662664959,0.0001112822155026,-0.575093997394391,0.0006305578313139,0.811504113114697,True,True,True,-0.513308909113873,0.0004123298989615,-0.525691424224823,0.0005139521138536,1.02213167010963,True,True,True,3,3,0.916817891612163,3_of_4
ARHGAP22,-0.679468572943935,0.0034753395831984,-0.877281455836902,0.0007188538338259,1.28923140717798,True,True,True,-2.8915639183301,1.68216712002152e-06,-2.22235063683519,3.9720490371711e-05,0.768297849099276,True,True,True,-0.390228263913319,0.250708592459266,-0.222560617565206,0.522981004354528,0.56887663314253,True,False,False,2.4098431633228,0.0016381963449149,2.56787317639979,0.0013416752019867,1.06513489366125,True,True,True,3,3,0.916716371380263,3_of_4
GLRX5,-0.988969918116114,2.29004778487316e-06,-1.04089957982281,1.63642231131944e-06,1.05144566594873,True,True,True,-0.891709893383337,5.42504703770813e-06,-0.444362003929679,0.0037833287737542,0.497767535929913,True,True,False,-0.590403708083923,0.0003262300614205,-0.689264222525706,0.0001313535496866,1.16547159428344,True,True,True,-0.68454168608052,1.03122702934687e-05,-0.535902782323574,0.0001666012675299,0.781721656326279,True,True,True,4,3,0.916583661137504,3_of_4
FAM89B,0.827108952691911,0.0003356090000356,0.972015292964972,8.13166712573356e-05,1.17377706134594,True,True,True,0.801494974012232,9.35227553400834e-07,0.6765791609679,2.97745911400246e-05,0.84309457738434,True,True,True,1.00379235269028,0.0011903479419366,0.99471793680479,0.0014939463521599,0.9899736339966,True,True,True,0.278817359986782,0.039251982804243,-0.0894410109365573,0.545770718910406,0.319640678979969,False,False,False,3,3,0.91653410569047,3_of_4
CHST6,-1.36935326358781,0.002557894835783,-0.942884042239043,0.017140125409664,0.688059106576955,True,True,True,-2.08093323202788,6.80736884318752e-05,-1.98115463154953,0.0003845748474681,0.951593740410115,True,True,True,0.099942388704835,0.79005780543933,0.202108110799093,0.573290916693775,2.00221248369777,True,False,False,-4.05842418428591,1.67945125682203e-06,-3.57730989365388,3.22374110407686e-06,0.88123579386005,True,True,True,3,3,0.916414767135083,3_of_4
BCL6,1.82646646391958,4.08008357398745e-06,1.88738461230528,2.98120247154139e-06,1.03278755017872,True,True,True,2.36533695771807,3.91593300313094e-07,1.57971471969829,7.17817708416454e-05,0.667578095564909,True,True,True,1.83291537497387,1.01078786364266e-05,1.46662013732094,9.68030641316844e-05,0.799720727212856,True,True,True,-0.362993816701561,0.0969610403136116,-0.572875630727887,0.0178705630545582,1.57386088565781,True,False,False,3,3,0.916254138695788,3_of_4
GPR63,1.302742860174,0.0010934653097089,1.19434610122947,0.002185351706979,0.916090233522023,True,True,True,-1.36077010762739,3.6737538221856e-06,-0.685163810046387,0.0018562916118734,0.503142054748247,True,True,True,,,,,,,,,2.47658857676979,0.0001715584086956,2.47285250734635,0.0002722897002722,0.998088435881629,True,True,True,3,3,0.916090233522023,3_of_4
NDUFB3,-0.671488170367974,0.0011423259556553,-0.891186154659164,0.0001566978687822,1.32520718419704,True,True,True,-0.893930979906715,5.96882201855135e-07,-0.482103074282864,0.0003564789908896,0.538704196309214,True,True,True,-0.742084122081376,0.0002771215258125,-0.755543847418884,0.0003066723651141,1.01676758386737,True,True,True,-0.0617563295968324,0.721814539344219,0.0511549989695359,0.782062139885765,0.815136884170452,False,False,False,3,3,0.915952234018911,3_of_4
NFATC2,-0.91412863135525,0.0085792727517032,-1.1601412978748,0.0023651191567913,1.26773576754636,True,True,True,0.525897279299035,0.0128599454656542,0.221094674779891,0.331175691917473,0.419616277149936,True,True,False,-0.867994466373804,0.000121051073978,-0.704442235934895,0.0006590397335672,0.81064064639495,True,True,True,-1.5956767289528,5.02002260240723e-07,-1.62880575263568,6.9623370184009e-07,1.02012243499281,True,True,True,4,3,0.91538154069388,3_of_4
L3HYPDH,0.637421781255569,0.0072407258908839,0.621515273766416,0.0082428386083192,0.973518279003728,True,True,True,0.0443444528594581,0.667311001422851,0.142641506468499,0.203274590059679,3.14573222243096,True,False,False,1.20635583302138,0.0173687338331684,1.03317713686988,0.0421450975084334,0.855735408412596,True,True,True,0.629459258523949,0.0004058845586498,0.346923208652256,0.0338139826753101,0.550270622505384,True,True,True,3,3,0.914626843708162,3_of_4
RAB40B,0.758950843364874,0.0009396872444458,0.98854527778855,9.63879005619947e-05,1.30080160634011,True,True,True,1.37833676016309,7.60652045835576e-05,0.865121568854721,0.0095510284002275,0.627201125816752,True,True,True,1.05596367921753,0.0051129208923615,1.27051431916217,0.0014888742454122,1.2020416066735,True,True,True,1.77697922841542,2.78794151311049e-06,0.770519708152757,0.0111346357191972,0.433368228288844,True,True,False,4,3,0.914621366245126,3_of_4
MRPL21,-0.429525448550385,0.0094561390127365,-0.53058249124657,0.002506445549924,1.23240680204407,True,False,False,-0.784307671871518,6.773044601718e-06,-0.420715721791419,0.0030441526318553,0.535733619905666,True,True,True,-0.520601863937618,0.0018986477795993,-0.561100757117898,0.0013884307969972,1.07572613502969,True,True,True,-0.664532371940143,0.0004198588083175,-0.501122425361569,0.0045035250794351,0.752964763983921,True,True,True,3,3,0.914345449506806,3_of_4
ANKRD6,1.34110610415462,5.48485548102777e-05,1.29204876958075,7.48781079958821e-05,0.962702401532254,True,True,True,0.629597717656435,0.0085582165146191,0.12441245946534,0.646003138634187,0.197292911125192,True,True,False,1.20157802591252,0.0208552592071769,1.04073559813462,0.0482454480128903,0.865420434856946,True,True,True,0.883680450050771,0.0230086915215752,0.867358600872806,0.0312348079443187,0.980420219326684,True,True,True,4,3,0.9140614181946,3_of_4
CCN5,2.92981870832346,0.0008992973005853,4.14352977974122,5.80440254161496e-05,1.41377894442044,True,True,True,3.1781463276742,0.0002572759931939,1.20402249481481,0.168712615981809,0.37872509495203,True,True,False,2.18686593667947,0.0002445534964253,2.59480889848729,7.02167748504813e-05,1.18599995318975,True,True,True,2.02123634528742,0.0014830597880491,1.29761518899651,0.0409158103747771,0.641673359308593,True,True,True,4,3,0.913836656249172,3_of_4
TMEM63C,1.63004166653877,0.0005945086060099,1.55679690856637,0.0008635234593211,0.954480158603211,True,True,True,6.02722272082171,0.0146403150119279,4.59085318419947,0.0850800682420707,0.761559981575082,True,True,False,3.2552544763838,2.38018376264349e-05,3.55666017493155,1.44181832976196e-05,1.0922549821356,True,True,True,3.43707516765805,0.0013145736938397,2.99941809899283,0.0055083940960909,0.872412019146159,True,True,True,4,3,0.913446088874685,3_of_4
TP73,-1.55853464110533,0.018596995066116,-1.54081827292159,0.0199219048660183,0.98799874803007,True,True,True,1.84445712207017,1.91982033882318e-05,1.54646214234247,0.0004357724319092,0.837983242118193,True,True,True,0.76019378681413,0.213157875022531,0.850612504614996,0.16733053593383,1.11747168638241,True,False,False,-1.23211718748536,7.899595802937e-05,-0.752641981451957,0.0035715754071411,0.610357222403806,True,True,True,3,3,0.912990995074132,3_of_4
GLI2,-0.0824820756652991,0.776557869694884,0.193444096625355,0.464886976057579,2.3171931828926,False,False,False,2.6800030397307,4.73862062213197e-06,2.30639579009207,0.0001092775894103,0.860273470754342,True,True,True,1.10956675729378,0.0241428576287438,1.03015681560058,0.0379478551214359,0.927595580216049,True,True,True,2.87202969527414,1.78277458747704e-06,2.58010169966765,9.90480730310626e-06,0.898042127414023,True,True,True,3,3,0.912818853815036,3_of_4
FAM228B,1.07634083353106,0.0011090567154412,1.44056942235329,8.60258284597449e-05,1.33715290232871,True,True,True,1.31047539518497,1.61288164002643e-05,0.646156452458574,0.0154360569400028,0.492694300503778,True,True,False,1.17256309447071,0.0041972541751665,1.23235742105958,0.0033743693441168,1.05009899072822,True,True,True,0.96832399640131,0.0016201640014092,0.750844128189593,0.013864265274156,0.774605942880977,True,True,True,4,3,0.912352466804599,3_of_4
FRAS1,1.86199668176235,1.88816977116706e-05,1.8711866230728,1.59640162500885e-05,1.00439611159302,True,True,True,2.27141689100455,2.62961271487709e-07,1.33050324980724,0.0001173776118927,0.585501390644511,True,True,True,0.704347825364251,0.3473720422675,0.745173272243133,0.323887341178641,1.05646213888632,True,False,False,2.56553064656447,9.55863278592064e-09,2.10475329521694,9.91799830773859e-08,0.820077211247931,True,True,True,3,3,0.912236661420476,3_of_4
LSM6,-0.994316561623803,9.1073337036777e-05,-1.03375861165916,7.17663745790418e-05,1.03862293818626,True,True,True,-1.21817188179444,1.08238385537911e-06,-0.641375544505169,0.0006013304647563,0.526074751298529,True,True,True,-0.879076954551418,0.0020684050151635,-0.691447349277884,0.0096814521567964,0.785666918900655,True,True,True,-0.131215640631745,0.624041756929916,0.221642963559206,0.391895017500168,1.67637476549797,False,False,False,3,3,0.912144928543458,3_of_4
ADAMTSL4,1.91279431807001,1.48652290754069e-05,1.6266980149761,5.80840840960476e-05,0.849985810709567,True,True,True,2.50257659268978,1.93272407765835e-07,1.47233462740766,8.11433731526223e-05,0.588092504022743,True,True,True,3.49714604803574,0.0018028356470384,3.40515872574203,0.0024151802237708,0.973418113190007,True,True,True,-0.328472822370703,0.182957662994202,-0.396938755134597,0.12496774285901,1.20476934115065,True,False,False,3,3,0.911701961949787,3_of_4
ITGB3,0.912169855111968,0.0159852346735502,0.785344221751088,0.0338919277586045,0.860019871828547,True,True,True,1.71673944089228,0.0192103358605197,1.31900468023701,0.0994126172066651,0.767872384389016,True,True,False,3.27152497470771,5.48246451059748e-06,3.1516572133018,1.08838698512766e-05,0.963065900996919,True,True,True,5.00280662474876,0.0004131967037944,5.36640459272204,0.0003235359418657,1.07246442462022,True,True,True,4,3,0.911542886412733,3_of_4
SLC2A12,0.31358188199949,0.0661771040657541,0.29331955273402,0.0864729071066205,0.93241082693534,True,False,False,1.2615147286466,0.0003626648191821,0.878733414222119,0.013506682177288,0.696018346783257,True,True,True,1.2880768562817,0.0129186520501626,1.43279156062781,0.0072599671313104,1.11148652901942,True,True,True,3.0755875999251,4.0193188643831e-05,2.73957613406785,0.0002265493005616,0.890459330374518,True,True,True,3,3,0.911435078654929,3_of_4
KCTD12,1.87568224000718,3.13446613220689e-05,2.23308024942921,7.09473661609911e-06,1.18990855341641,True,True,True,,,,,,,,,1.76159632628374,0.0041761728046582,1.60494942272333,0.0092754548491291,0.910559836526613,True,True,True,-1.17303314236133,3.95933962067911e-05,-1.05782934164763,0.0001560800649966,0.901021703288564,True,True,True,3,3,0.910559836526613,3_of_4
STK36,1.00869366081085,0.010796270600194,1.22879466151473,0.0029038337059929,1.21699750053687,True,True,True,0.705089935722262,0.0030052761299038,0.178196170600739,0.47027922083919,0.252370359051303,True,True,False,1.17772233177973,0.0041482882499516,1.14294633627861,0.0055976118767158,0.969648496056656,True,True,True,0.790787352873259,0.0055114913434063,0.674175897667629,0.019036406748617,0.851460806012071,True,True,True,4,3,0.910554651034364,3_of_4
ACOT4,-0.381844687274908,0.153926675749338,-0.195628587542704,0.463066899142864,0.510986815398145,True,False,False,0.999272955881279,0.002281753838163,1.00232329490199,0.0052398166858254,1.00204977952134,True,True,True,1.53771507289205,0.0192300981926864,1.3851950011574,0.037409074925839,0.900228395471486,True,True,True,-1.90948245761481,0.0003792278182284,-1.75879829832693,0.000870598920263,0.920604264811071,True,True,True,3,3,0.910416330141279,3_of_4
AASS,2.99537091239083,0.0003923615350208,3.29762918753264,0.0001559148755634,1.10054104913915,True,True,True,0.752940612566434,0.0047288459839486,0.754826440959656,0.0097940538510204,1.00117493125912,True,True,True,0.780281977798359,0.0786645595557616,0.640053847854304,0.161980116025552,0.81923539265294,True,False,False,3.1328554557829,1.53925095560694e-05,2.51000488562898,0.0002263765844725,0.800931925879756,True,True,True,3,3,0.91020516195603,3_of_4
SLC27A4,-0.971859635591263,1.16658496990019e-05,-1.04098767172423,6.57516765352121e-06,1.07002863891209,True,True,True,-1.29942338253263,3.57603005981135e-07,-0.746675775427884,0.0001171243741607,0.574178983135247,True,True,True,0.0298711342966342,0.91930265257883,0.0231163446171703,0.937796709131355,0.748801271603765,True,False,False,-0.535748113984182,0.0005497979349366,-0.720953734217323,7.21183396175184e-05,1.34318820212672,True,True,True,3,3,0.909414955257928,3_of_4
TTC3,0.970008628873387,2.95183915653648e-05,1.06856268982745,1.17876720634882e-05,1.10046672918576,True,True,True,1.4620145119539,4.98778020830159e-07,0.857299623411727,0.000228957172877,0.585981626571002,True,True,True,0.405726349310727,0.0082765584578909,0.442924324615935,0.0051086333799402,1.08899835323321,True,False,False,0.802830824218625,2.31576246160311e-05,0.586502088111899,0.0006631793965035,0.72963373690231,True,True,True,3,3,0.90931604506776,3_of_4
FMNL1,1.19280930075902,0.0103336628866309,1.40893737710976,0.0032462112039093,1.18020304935969,True,True,True,0.725651592959806,7.85205893303762e-06,0.658076433754947,0.000103000848848,0.905628557249097,True,True,True,1.13209564909,0.00155417149306,1.03215725214356,0.003531679887445,0.910918026181193,True,True,True,0.676004501884622,0.0206443257095525,0.406301703722524,0.179720288452443,0.600146236238423,True,True,False,4,3,0.908273291715145,3_of_4
ANPEP,-2.774446632381,1.79805237955699e-07,-1.77221962561716,2.11478636918251e-06,0.638534931618126,True,True,True,-0.640146463907325,3.17834789602893e-05,-0.976940689469596,7.23854573463004e-06,1.5237402753746,True,True,True,-0.647287713909741,0.218964259904642,-0.082757204539329,0.879893561672286,0.127655056179039,True,False,False,2.9711732443638,0.0290760847096605,3.49994001603609,0.0132450675473517,1.17756931655081,True,True,True,3,3,0.908052124084468,3_of_4
FCGRT,1.7971189931148,3.66642846456895e-05,2.09382534233908,8.47872062541074e-06,1.16445315930513,True,True,True,3.03424463078707,2.05174854868008e-05,2.07209427640507,0.0023927193364679,0.682677849220923,True,True,True,1.3234463137302,0.0026768887428094,1.50093403380497,0.0011623514012866,1.13325396299206,True,True,True,0.270928092132457,0.0973350164694274,-0.0413991041159871,0.829653463256079,0.15224283666809,False,False,False,3,3,0.907965906106492,3_of_4
NPR3,1.26000933007927,0.0001648150755421,0.234536040595814,0.403596637365078,0.185990725842663,True,True,False,2.52529016694892,1.49428761563499e-05,2.17207785301113,0.0002843981540794,0.859789537016809,True,True,True,3.3041613678371,5.00652621102815e-07,3.16008211647868,1.04919710666437e-06,0.956105244128107,True,True,True,2.69738614464084,6.04529902449108e-07,3.03154867619288,2.65294252235591e-07,1.12346732961616,True,True,True,4,3,0.907947390572458,3_of_4
DHCR24,-0.986833129227016,6.82624771299861e-05,-1.01888171938434,4.86568166358304e-05,1.0314310071597,True,True,True,-1.28461626651866,9.42962575568998e-06,-0.545489825445598,0.0157005125407748,0.424302211827747,True,True,False,-1.16541530806821,1.10056084944921e-05,-1.21641450549036,1.08838698512766e-05,1.042865690356,True,True,True,-1.10107178566261,9.01230341108635e-07,-0.863390423401453,1.84792267985676e-05,0.783424850026759,True,True,True,4,3,0.907427928593229,3_of_4
ADGRB2,-0.415071102783971,0.292811409801383,-0.106193977177139,0.793490568672609,0.255230359586583,True,False,False,1.41603757623367,2.23293875646569e-07,1.08884892641431,1.16591974381097e-05,0.768398061333243,True,True,True,2.11857344559752,2.31494721800594e-05,2.21425443790273,2.02722687880712e-05,1.04466983321662,True,True,True,2.31585774667852,3.26127448505146e-06,3.06138666423699,2.38220969113801e-07,1.32135288350173,True,True,True,3,3,0.906533947274931,3_of_4
TSPAN10,-0.514230657850328,0.0747099593147413,-0.439495027782685,0.123121895682397,0.853006359552378,True,False,False,2.39285360150981,2.6352827046517e-06,1.27937393312618,0.003294314943618,0.534441175650539,True,True,True,2.55633654110744,0.0010379805377538,2.45354765812032,0.0016841862229847,0.959415242648441,True,True,True,0.876201760633272,0.0035240163418038,0.890861842985043,0.0042527770432605,1.01557233804673,True,True,True,3,3,0.90621080110041,3_of_4
MAP7,-3.93965274879066,0.0010908817248469,-4.08396239389328,0.0011242065820364,1.03636698137043,True,True,True,-0.58304269394278,2.36176341565524e-05,-0.263507662830723,0.0189882510948066,0.451178767517533,True,True,False,-1.84212762130388,0.0002800016101104,-1.62436699688286,0.0007360493196593,0.88131010468702,True,True,True,-0.704698129614507,5.87690755636915e-06,-0.656938464546668,2.00739794543837e-05,0.930905775399356,True,True,True,4,3,0.906107940043188,3_of_4
LIAS,-0.885536814369478,0.0001295681370761,-0.760234418151115,0.000397974085427,0.857532824163437,True,True,True,-0.613056228244433,0.003168640761581,-0.586059327647303,0.0090472842211917,0.954406617326931,True,True,True,-0.69396009811555,0.0032929769852888,-0.467251945096418,0.0302546613371933,0.672343558088322,True,True,True,0.360862484954079,0.0908122325046444,0.486934642609026,0.0296089328570488,1.3456344961286,True,False,False,3,3,0.905969720745184,3_of_4
SPOCK2,2.5520985111183,0.0002830001771994,2.22618081886286,0.0009272433890279,0.871952574163602,True,True,True,3.57411997121246,9.53869696960431e-07,2.28835618715177,0.0002635263557526,0.640078152783136,True,True,True,0.509271952804152,0.564097655102121,0.479495135963501,0.598542586051205,0.93968546248423,True,False,False,1.99761001555465,1.49807188016568e-05,1.95492180983998,3.19526182095709e-05,0.978140705102718,True,True,True,3,3,0.905819018323916,3_of_4
FTL,0.962297860771372,0.000774563812187,0.999073120421869,0.0005384212994508,1.03713831526819,True,True,True,0.677729074580409,1.92226438176455e-06,0.54651737975237,7.26339844850279e-05,0.805206967286951,True,True,True,0.958538643107401,1.53788595993541e-05,0.965557431580333,1.8533059275539e-05,1.00627258580586,True,True,True,0.869398530457513,3.46018239300064e-05,0.268474485900999,0.104399971149052,0.308450067993427,True,True,False,4,3,0.905739776546405,3_of_4
CRY2,0.845972613723158,0.0036588384899141,0.966249604094179,0.0013461002409335,1.1408274464114,True,True,True,1.29067423781282,3.1458837558692e-06,0.700018089388293,0.0027398555756912,0.541946311922755,True,True,True,0.386254671807314,0.162600020966118,0.393953014668189,0.162506695951815,1.01729699690804,True,False,False,0.687138864826026,1.71235981097401e-05,0.544655187628057,0.0002792218227262,0.791490228888257,True,True,True,3,3,0.904393612898149,3_of_4
ABHD3,-0.925453360575342,6.72117455581335e-06,-1.10773326349408,2.17354827737564e-06,1.19567083528755,True,True,True,-0.724276674411444,0.0005319374322855,-0.44465278628322,0.0222484766122237,0.613080224376514,True,True,True,-0.566148054481716,0.0137403759858785,-0.800017131384579,0.0023680986814368,1.41059662474849,True,True,True,0.125913657701385,0.439693089128838,0.0580929224309248,0.750786302256024,0.45773578260278,True,False,False,3,3,0.904375529832032,3_of_4
HDX,2.05243597775553,4.40980732026097e-05,1.90872360363687,8.29640732457724e-05,0.929526717323403,True,True,True,0.622321570108851,0.106039583057151,0.157330794125104,0.743327064293167,0.252407106812667,True,False,False,-1.707854377343,0.0177716248632952,-1.50229828296845,0.0331012123003573,0.879125982229269,True,True,True,2.3992682036829,0.000116571109336,2.51746612861455,0.0001180849539658,1.04882701222798,True,True,True,3,3,0.904326349776336,3_of_4
PTCH1,1.09013139612866,6.17075537994322e-05,1.23369652064114,1.96082537406413e-05,1.13065807199601,True,True,True,1.32753236244872,8.37732923433934e-06,0.72791181524669,0.0045860997104946,0.547906724609267,True,True,True,0.180951612452993,0.437380069080689,0.39847186643619,0.0801855218869027,2.18998810213421,True,False,False,1.51903535184612,0.0007357891224884,1.0296031692257,0.0177979900540922,0.677354752292584,True,True,True,3,3,0.904006412144297,3_of_4
PLEKHB1,1.82486352757977,3.91784287543872e-05,2.13202740258419,8.69770905905958e-06,1.16768168616099,True,True,True,2.07556395298271,3.83622407557722e-05,1.32814589935994,0.0053782465508116,0.639588247427792,True,True,True,0.084947253476868,0.860104791689664,0.104573617015168,0.828276376771246,1.21671854288297,True,False,False,2.0428824712008,0.0008398258016456,1.26742592330849,0.0347120363676086,0.620107046842016,True,True,True,3,3,0.903634966794391,3_of_4
TCP1,-0.695809246684108,0.0002822799856678,-0.835872540666739,5.74463530701513e-05,1.1995715393336,True,True,True,-1.11483936700238,1.31878008092074e-06,-0.545927334459551,0.0017785022469993,0.48925262058655,True,True,False,-0.625085703502258,0.0006305134049188,-0.6508310963743,0.0005329915618892,1.03952397049417,True,True,True,-0.505861902716124,0.0001313323153976,-0.389028502924515,0.00175851234636,0.767523660468119,True,True,True,4,3,0.903523815481144,3_of_4
ZNFX1,0.276852471794177,0.0370334761751785,0.318856534468825,0.0178678591102097,1.14757494295398,True,False,False,0.961591550433039,9.88529615189328e-05,0.532680704811545,0.0174352937681745,0.553381862298614,True,True,True,0.942030851322249,1.14918303266089e-06,0.928600540775999,1.79814285606722e-06,0.984697944371579,True,True,True,0.552338168662851,5.20149024840973e-05,0.454788281406056,0.0004842855938672,0.82189935045518,True,True,True,3,3,0.90329864741338,3_of_4
GAL3ST4,0.76834924108342,0.0469535965865859,1.04465973930477,0.0086803317623693,1.35784853421529,True,True,True,3.00903724772158,0.0006596472289076,0.756098512475236,0.432484412256933,0.251192410674505,True,True,False,2.29864779041275,0.0029828364376912,1.90776076537417,0.0126412392623725,0.829588241002661,True,True,True,1.53711249909395,0.0021533924764279,1.50062193822796,0.0035331379928453,0.975625605481995,True,True,True,4,3,0.902606923242328,3_of_4
DNAH2,0.653249237675688,0.0124598438615333,0.87945271177404,0.0017371872695574,1.34421663966842,True,True,True,-2.27786508365427,2.85100046167062e-07,-1.90328854411779,5.78560396255676e-06,0.835191410746342,True,True,True,-0.917477101730011,0.0463132285591305,-0.237050925016212,0.589507755510494,0.258091273663449,True,True,False,-2.39317242318574,1.10573353731004e-06,-2.32161944379294,2.40062676834095e-06,0.969696009071786,True,True,True,4,3,0.902443709909064,3_of_4
EDEM2,1.41666932702308,3.20189072890119e-06,1.55130071906207,1.62577721742426e-06,1.09426132701876,True,True,True,0.423196429679804,0.0016816426225016,0.199057741236509,0.132697371563916,0.469258407919095,True,False,False,1.25281043335233,1.12620415116083e-06,1.19987169482007,2.39430443692971e-06,0.956980148595475,True,True,True,1.4180606310108,1.57127494051174e-07,1.20247091544767,1.56591122793387e-06,0.847371063061025,True,True,True,3,3,0.90217560582825,3_of_4
CRMP1,0.545991824222329,0.0375901741535835,0.719705090313292,0.0082093194499697,1.31575109250767,True,True,True,-0.008476885537928,0.981345151396425,0.0078071609262717,0.984721542970586,0.823810828465347,False,False,False,1.36924206304058,2.33818735440406e-05,1.34063759963592,3.6682759047218e-05,0.978394720025623,True,True,True,1.56484578626224,9.61739859521336e-07,1.25951979322144,1.91331827198837e-05,0.804370267028647,True,True,True,3,3,0.901102774245485,3_of_4
SRSF3,-0.621849574272591,0.0014106418311133,-0.695622335546402,0.0005649422016593,1.11683842179518,True,True,True,-1.06026892280435,3.87055199093438e-07,-0.452988145737208,0.001483063383825,0.426836342800098,True,True,False,-0.59865045285904,0.0032987949436778,-0.701329631262976,0.0012112892507838,1.16956408173986,True,True,True,-0.780693921704125,6.44763306346678e-06,-0.535529350965692,0.0003803767489622,0.685088288518626,True,True,True,4,3,0.900963355156903,3_of_4
SLC26A11,0.203256206309157,0.297664026660233,0.435156723674318,0.0279679427360797,2.13044553963602,True,False,False,1.87391089059021,1.81746311227713e-06,1.19944019280822,0.0005531019059823,0.639731839431923,True,True,True,1.93989087931927,0.0016272621481921,1.85517190564167,0.002583141200411,0.955835243191176,True,True,True,0.815531839224618,0.0001966937185426,0.69081639805071,0.0013059543496961,0.846037306648951,True,True,True,3,3,0.900936274920064,3_of_4
SMIM22,1.19382286591162,0.0080074250906291,1.28715958156811,0.0047619461662491,1.07728067338755,True,True,True,0.568112154677412,0.0008570055173166,0.204269860968461,0.215927600883794,0.358927250612397,True,True,False,-1.35087816867079,0.026460264350757,-1.29651970342491,0.0361137987414932,0.959050699590548,True,True,True,-0.986605097357752,3.01465292438584e-05,-0.832251533790448,0.0001933326345566,0.842696677059547,True,True,True,4,3,0.900873688325047,3_of_4
MYH15,-2.29693724538768,3.55040878737692e-05,-2.49666853117442,2.30060377367769e-05,1.08648246865123,True,True,True,2.04582054762113,1.60192462523378e-05,1.46371780924363,0.0011133130002437,0.715117801091455,True,True,True,-2.99267982038794,8.39534022043282e-06,-1.90570660422671,7.62401603280216e-05,0.636576627616696,True,True,True,0.259468322705807,0.67568405089384,1.17026582039948,0.0388701513519129,4.49292953646908,True,False,False,3,3,0.900800134871342,3_of_4
PIGZ,1.56894742527545,1.23824085172404e-05,1.58482237317639,1.04441320721617e-05,1.00947480639253,True,True,True,1.74013482157996,3.92930105261751e-06,1.37916941088892,0.0001925668931297,0.792109487327018,True,True,True,1.79179164930901,0.0014464828940777,1.90214098062822,0.0010311757301877,1.06099388702606,True,True,True,0.521935562779425,0.0165429271022817,0.163235502660063,0.487800013579489,0.312152231132378,True,True,False,4,3,0.900792146859774,3_of_4
REEP2,1.11910810538522,0.0033622869963164,1.00523289227786,0.0072265654502849,0.897442744539508,True,True,True,1.21910513318584,0.0062383284656432,1.10276907264571,0.0217909286255201,0.90383118851918,True,True,True,2.46926204576262,0.0036002327152698,2.74534547749359,0.0017770743225197,1.11135799629146,True,True,True,1.76755124797384,0.083841534202861,1.35184654121042,0.21853155508039,0.764380756712127,True,False,False,3,3,0.900636966529344,3_of_4
PAOX,0.681264104578966,0.0018753332953377,0.728979949937926,0.0011089173497759,1.06847179126885,True,True,True,1.00038943339535,0.0142894536869392,0.942188429150157,0.0336424571548177,0.940881137476692,True,True,True,2.34356079046195,0.002106530310118,2.01651973742952,0.0074527878966996,0.860084219455109,True,True,True,0.156035527423374,0.644426501301851,-0.087189285898438,0.821336792377847,0.555220129667678,False,False,False,3,3,0.900482678465901,3_of_4
F2R,1.49938771401508,6.67422305594537e-07,1.54746743879468,5.98470603132977e-07,1.03137837262984,True,True,True,-0.715142427438922,0.0208101551427162,-0.629579094322068,0.056573790659036,0.879125534530299,True,True,False,1.623607058481,7.85365609197921e-08,1.49708371041892,1.54329426200883e-07,0.921505112638552,True,True,True,0.941250722885808,0.0010717633301494,0.737816029551515,0.0094583718189962,0.78303577978887,True,True,True,4,3,0.900315323584425,3_of_4
FAM210B,0.755899301992472,1.22265127317906e-05,0.785736232846751,8.01163831427897e-06,1.0380987679317,True,True,True,0.760902336116412,0.0002261499204406,0.618539189402316,0.0034521322237398,0.811835270850001,True,True,True,1.48884604716751,2.98677985986874e-06,1.47306351158217,4.62734184399086e-06,0.988735389393255,True,True,True,0.954690158910097,2.85462895955828e-05,0.273734873834587,0.136078086034106,0.286426381272738,True,True,False,4,3,0.900285330121628,3_of_4
BRD3OS,0.711693490521931,0.0001035430339242,0.60898236171,0.0003980802103741,0.854480039187702,True,True,True,0.884722502439566,0.0021850985001086,0.599266897001627,0.0442654875374481,0.676585381257733,True,True,True,0.453312931916972,0.119650578444401,0.698533252268294,0.0203802144033862,1.53755969331719,True,False,False,1.28234731792564,0.0004058845586498,1.21384748658235,0.0009825061702294,0.945844877397939,True,True,True,3,3,0.90016245829282,3_of_4
HRK,2.17864004569881,0.0001919872459153,1.99163957031415,0.0004270440638254,0.913747008018296,True,True,True,3.20716665477035,2.24809043954061e-07,1.99532559318293,7.67167961657002e-05,0.621951976907434,True,True,True,4.24252482465844,6.93806901258575e-05,3.81896528993649,0.0002164916228436,0.899951207483245,True,True,True,,,,,,,,,3,3,0.899951207483245,3_of_4
ARMCX1,1.21887814119431,0.0013240554707684,1.17050319105104,0.0018464722690321,0.959524686543748,True,True,True,,,,,,,,,2.06231437477123,0.0001503441486718,1.85684911231674,0.0004488243303218,0.89993514077205,True,True,True,1.70238993846684,0.0004346324479183,1.4787383393289,0.0022824723565838,0.868114989959292,True,True,True,3,3,0.89993514077205,3_of_4
TXNIP,1.51550542804568,2.07397554973934e-05,1.64876327301917,9.12678664074457e-06,1.0872122463445,True,True,True,1.73382228024699,7.79243193072535e-06,1.00562514774517,0.0026238191086142,0.579670413041961,True,True,True,0.0537491519512177,0.894846810465464,0.535323031729721,0.13988841978737,9.77774107271473,True,False,False,-0.956340134101784,0.0001152142450224,-0.682213134478367,0.0027567856649661,0.712613114374911,True,True,True,3,3,0.899912680359706,3_of_4
ICAM1,2.26611073815525,9.53563377027006e-07,2.0639483589856,1.8774884851105e-06,0.910387095014616,True,True,True,3.12335342746691,1.1746226754728301e-09,2.77888603150077,6.800604008418461e-09,0.889427555497065,True,True,True,0.497212582937784,0.0153994542116394,0.650589245397298,0.0032230916727271,1.30584667605343,True,False,False,1.68138600033238,4.20308012752038e-06,1.15209379574382,0.0002699826065376,0.684797540823691,True,True,True,3,3,0.89990732525584,3_of_4
PXDN,-2.04367795519857,0.0041931941885373,-2.34271494979023,0.0024828522938927,1.14576231617987,True,True,True,-0.50993671285465,0.0001844774893149,-0.398127001713624,0.0033739295285615,0.779210011136706,True,True,True,2.2152093933099,0.139000732435109,2.25990242905314,0.136225775334653,1.0197152109702,True,False,False,0.643008886579011,5.04212906977894e-06,0.47324466364274,0.000168881309939,0.734841822069608,True,True,True,3,3,0.899462611053453,3_of_4
ANTXR2,-0.91742636509549,3.17751265457575e-06,-0.983611141715958,2.01464352498231e-06,1.07097441787148,True,True,True,0.643326814572124,0.0130141042016581,-0.584619739289333,0.0691931873470953,0.907334175867816,False,True,False,0.512679537716207,0.0271301244160591,0.457478109597989,0.0494414419145619,0.890590486885877,True,True,True,0.941701285252663,8.05275581386608e-06,0.78224854414552,9.37791217177798e-05,0.829794714808161,True,True,True,4,3,0.898962331376846,3_of_4
GFM1,-0.656415279458011,5.58860433850492e-05,-0.609503443560603,9.55726135823795e-05,0.927120896951304,True,True,True,-0.949283532127679,1.40129994607035e-05,-0.440001637486258,0.0120297000574112,0.463021427406089,True,True,False,-0.794223409906555,0.0003418456803264,-0.739323160947341,0.0007013117849792,0.929704975654851,True,True,True,-0.563129820252769,0.0001777431953736,-0.49053498599054,0.000845738221649,0.869542733569281,True,True,True,4,3,0.898331815260292,3_of_4
NFKBIZ,1.03808321649841,0.0001961502436398,0.832006904258483,0.0011937976145508,0.80071248485973,True,True,True,2.26569589397102,5.96882201855135e-07,1.66996776767861,6.02611868429376e-05,0.736740985908346,True,True,True,-0.0549185210484202,0.885880271069655,0.305236148542102,0.376189620653317,5.45858765252028,False,False,False,-0.775850385916667,0.0035306757485914,-0.773651163530331,0.0048424025512304,0.995881803698197,True,True,True,3,3,0.898297144278964,3_of_4
BDH1,0.980179316637527,0.000835606551445,0.986630433188665,0.0007874320533727,1.00555567821162,True,True,True,-0.6963352779094,0.0002362214607342,-0.0577675608060808,0.73010130890645,0.0828404393640704,True,True,False,-1.00800635394898,0.0093105437811892,-0.868464704766256,0.02178231111622,0.860712820456797,True,True,True,-0.675807154624764,0.0032565255601007,-0.632904863158095,0.0065675033474553,0.93513323379241,True,True,True,4,3,0.897923027124603,3_of_4
OAS1,-1.41842403159339,0.010139210021104,-1.49703696962987,0.0081700257564236,1.05467917712324,True,True,True,3.15822282447244,0.0003598038685607,2.33918985092701,0.0091716058828069,0.740432055886287,True,True,True,1.02708165840814,0.0109477012740265,1.45319334890816,0.0010493488697494,1.41349992680373,True,True,True,-0.735573813278113,0.0247836743219985,0.13542532151917,0.668414212494243,0.183858452578515,False,True,False,4,3,0.897555616504764,3_of_4
SLC4A4,2.11845859874545,6.53888097580396e-05,2.22202674145842,4.020054972146e-05,1.04839355804057,True,True,True,2.54424492042802,1.10882014714203e-05,1.35109743428621,0.0088985450173728,0.53083199319734,True,True,True,2.46168234069952,2.4170005279065e-05,2.15661710366228,9.68030641316844e-05,0.875718751062996,True,True,True,2.01041398324633,0.0548574128924954,1.84880440488503,0.0919514378411153,0.91915658351999,True,False,False,3,3,0.897437667291493,3_of_4
RUSC1,-0.808105158935172,2.09801442741591e-05,-0.97454986559861,5.07132127357003e-06,1.20447862040723,True,True,True,-0.447348744868376,0.0001301213497192,-0.251729085949256,0.0166485728352573,0.56145821490625,True,False,False,-0.637097688317167,0.0011778377371858,-0.726779300990972,0.0005889718440607,1.13897811306554,True,True,True,-0.755778164976369,8.54139545206659e-05,-0.496135328698773,0.0034666714878645,0.65558885240071,True,True,True,3,3,0.897283482733125,3_of_4
TCHHL1,3.79300659658562,0.0001239885297093,3.509464358365,0.0002453627668646,0.92500217620162,True,True,True,6.99439684360019,2.47098140434002e-06,4.84570689676312,0.0004511935109312,0.692699357177465,True,True,True,,,,,,,,,7.65665908099058,0.0031758815843922,6.87092403604764,0.0089182071355988,0.89726167793289,True,True,True,3,3,0.89726167793289,3_of_4
JUND,1.10568854305287,0.0001215786003405,1.0414840625906,0.0001819728074977,0.941081453430069,True,True,True,1.73992615485824,1.42423799221098e-07,1.35356594188813,5.97464365702729e-06,0.777497619936871,True,True,True,1.17234230937881,5.21049739425109e-06,1.00036226288917,2.66193939734705e-05,0.852574951821844,True,True,True,-0.189357356105988,0.221768997588526,-0.560009358785793,0.0023905312235454,2.94188451784332,True,False,False,3,3,0.896828202625956,3_of_4
PTDSS1,-0.548372556538709,0.0010832538078154,-0.601923131076635,0.0005254443438926,1.09565562369736,True,True,True,-1.16890359141838,3.09971323442072e-07,-0.486843511426847,0.0012762494798241,0.416139855453049,True,True,False,-0.669512608253744,0.0008899350214417,-0.466913296630559,0.0103172064216277,0.69635274696261,True,True,True,0.62364299460412,0.0001650641859384,0.744211605131732,4.89994868262176e-05,1.19141911709646,True,True,True,4,3,0.896004185329985,3_of_4
ARHGEF16,-1.09873870015627,0.001126158525489,-1.02950886551848,0.0017414657934852,0.936139526027582,True,True,True,-0.0159351231703093,0.892982797568891,-0.103357543801355,0.416629790277335,6.10314686004538,True,False,False,-0.857258171485791,8.41827239747624e-05,-0.733225195525073,0.0003370231000191,0.854317756457518,True,True,True,-0.63408375172224,0.0007542479626622,-0.449870328435482,0.0102193405078509,0.708363782281486,True,True,True,3,3,0.89522864124255,3_of_4
GALNT3,-2.59509546126923,6.54917643115766e-05,-2.65914080971972,6.3318489919268e-05,1.02428468035596,True,True,True,0.0611319767345,0.604107440378607,-0.163824215444835,0.212239793430444,2.63671339711084,False,False,False,-3.03583758891256,1.57655823895276e-06,-2.32672067544651,8.95832004841743e-06,0.766165659942213,True,True,True,-0.782025210831764,5.22344662125021e-05,-0.524342582031634,0.0023999887606067,0.669636909231382,True,True,True,3,3,0.895225170149087,3_of_4
CHPF,-0.0457353307568598,0.770259592076437,-0.102151978443382,0.485489817868674,2.18575490510224,True,False,False,1.10602810231551,2.55339525031738e-06,0.688397232231729,0.0006666520219267,0.621842598929373,True,True,True,0.862787320335922,0.0010657071856919,0.784611885278495,0.0023537586735434,0.908339202031079,True,True,True,1.48618980650049,2.08680661674358e-06,1.3111672148302,1.24861194372257e-05,0.881640802740244,True,True,True,3,3,0.894990002385662,3_of_4
RBMS1,-0.538312891387361,0.000465319114957,-0.485321856338004,0.0009848902190618,0.899889218463762,True,True,True,0.620830125992603,1.04238005201497e-05,0.321435641913665,0.0064524321149139,0.516918734679459,True,True,True,-0.123800037706209,0.453757681507153,-0.125050802739684,0.451368115603756,1.00200933459704,True,False,False,0.637383530396799,2.70305930953296e-05,0.568026405172895,0.0001386953750245,0.889788627253319,True,True,True,3,3,0.89483892285854,3_of_4
PGRMC2,1.27034388072527,7.96608043760886e-07,1.28438154310021,7.77019090228972e-07,1.01025502428777,True,True,True,0.939535465251436,0.0001083742313013,0.427687125068819,0.0458147175557227,0.454727270655854,True,True,False,0.78841039441023,3.83679331403353e-06,0.793418215018938,4.90773437969949e-06,1.00507697977768,True,True,True,2.3837067750717,5.31707172024463e-09,1.86993282527726,9.21250511309929e-08,0.784135326332118,True,True,True,4,3,0.894606153054899,3_of_4
SAMD9,-1.26748590567927,0.0059373871585228,-1.36326654849596,0.0038638001064679,1.07471950803106,True,True,True,2.02762915683401,0.0005164641589515,1.44923977787784,0.0146651878366662,0.71439364508573,True,True,True,-0.59962151495324,0.002051820514488,-0.260985803714213,0.123746363126549,0.434526231939146,True,True,False,0.775010111950912,5.92217643510282e-06,1.11857152394516,2.16175628037886e-07,1.44143936621269,True,True,True,4,3,0.894556576558395,3_of_4
ENSA,-0.356978172733457,0.0168345473838015,-0.413468105956635,0.0068933292221402,1.15500926439025,True,False,False,-0.635180396741555,9.70964083807286e-06,-0.345094158736886,0.0041083732738778,0.542447017393839,True,True,True,-0.627422870084531,0.0003638153942655,-0.602268263732588,0.0005899058344429,0.958380562520863,True,True,True,-0.753517381573356,5.64221051071657e-06,-0.626748593203383,5.83984623491165e-05,0.830661570574367,True,True,True,3,3,0.894521066547615,3_of_4
GAB2,1.56241624265335,3.95363531765203e-05,1.53234201294024,4.61491870833658e-05,0.980124148089716,True,True,True,3.0482890449726,1.30000704912286e-07,2.46621163127146,4.14585285260756e-06,0.808782504675158,True,True,True,1.09943870999636,0.0001433218686132,1.12410217660276,0.0001459669455514,1.02150366612101,True,True,True,0.396230136909899,0.127203279549161,-0.0469482047947016,0.883531374941786,0.118188929873039,False,False,False,3,3,0.894453326382437,3_of_4
STON2,0.597674211884113,0.0008583068219878,0.570334293179624,0.0012135667469176,0.952662202343243,True,True,True,1.56191473699529,7.17860199681569e-06,1.30579955915637,0.0001967294442674,0.835489952360917,True,True,True,0.924992181295437,0.0013925258679241,0.886993946935335,0.00226321767796,0.957884920469259,True,True,True,0.96415171997962,0.0020834910610422,0.181962398928619,0.579597381846477,0.188532429836483,True,True,False,4,3,0.89407607735208,3_of_4
RASSF2,0.732379455708094,0.0565137072129639,0.735400019099274,0.0557771456604085,1.00275514043304,True,False,False,3.11146937051043,5.87692172560779e-07,2.44434508857298,3.36660924732125e-05,0.785339483733496,True,True,True,0.539537746728855,0.0024143177394798,0.403945711779339,0.0168005241869052,0.747303429268126,True,True,True,-0.609254025961463,0.0006224499594249,-1.12112755464501,6.38099155161006e-06,1.83714896903574,True,True,True,3,3,0.894047312083268,3_of_4
EEF1B2,0.0094377414231807,0.927708477418659,-0.026880399452299,0.783187190582011,2.57530804438222,False,False,False,-0.927017782139134,9.10024966099627e-07,-0.507780701860556,0.0006078445984987,0.547166995755289,True,True,True,-0.548177660838075,0.0032023178172333,-0.572637319913843,0.0025768914693219,1.04271779562185,True,True,True,-0.826390924266748,9.61739859521336e-07,-0.616508758841071,3.125373979061e-05,0.745123907888444,True,True,True,3,3,0.893920851755147,3_of_4
ZNF846,0.465435840535664,0.0720873803862824,0.481518327954564,0.0642715424458043,1.0323356099771,True,False,False,1.15269141265833,0.0001726037117015,0.623483410333311,0.0330569529204001,0.540424764796232,True,True,True,1.36612480450882,0.0213402569134366,1.34156437590819,0.0262505219590667,0.981303514853706,True,True,True,1.25469759559719,0.0021669327821115,1.01231613190963,0.0138951672388452,0.806178283257912,True,True,True,3,3,0.893740899055809,3_of_4
APOLD1,1.35048691917169,2.50070867841507e-05,1.34227926760284,2.49441811882269e-05,0.993187021318347,True,True,True,0.715920825643078,0.0029061901058278,0.645566204834366,0.0122600004612038,0.900470709935498,True,True,True,0.513934332342912,0.104480405558177,0.326217099815658,0.322044416684078,0.633512040907032,True,False,False,1.09689971066218,0.0013198597952446,0.972586532099153,0.004843082887124,0.885860996823247,True,True,True,3,3,0.893165853379372,3_of_4
PLPP3,-0.254399433594156,0.107173562638404,-0.20419726077778,0.192608506366013,0.799521196676814,True,False,False,2.64714131536817,3.32280376432611e-07,1.42949877110369,0.000322978132704,0.539812117581402,True,True,True,1.42528988080864,0.0012502374106958,1.4647033929293,0.0011340212044662,1.02693247188915,True,True,True,1.71560711850323,4.80810953655116e-07,1.69211380192722,9.14068845382695e-07,0.985731553649057,True,True,True,3,3,0.892626375162936,3_of_4
FSTL1,2.01295252146048,1.21039380532693e-07,1.87398212402068,1.41249622720782e-07,0.930499653815922,True,True,True,2.05634625163819,3.92351029085177e-08,1.7579013570358,4.09145577359127e-07,0.854450900346039,True,True,True,0.900235104937534,0.0112474764409616,0.403791337083769,0.229603521047214,0.448042175533937,True,True,False,1.70884767377359,3.8022290117174e-05,2.04559367436361,1.19080398047287e-05,1.19636018210268,True,True,True,4,3,0.892475277080981,3_of_4
PPP1R18,0.84058570704032,5.24343528747884e-05,0.991029188052352,1.2035694996253e-05,1.17757369185557,True,True,True,-0.655624018092783,4.44118294394071e-05,-0.484325769456198,0.0016253429542289,0.737599838128007,True,True,True,0.783563444765396,0.0001609413244806,0.820545441281263,0.0001338448065025,1.0458624433192,True,True,True,-0.414272424521925,0.0014236366904092,-0.299217322698822,0.0159828611595412,0.720532607103134,True,False,False,3,3,0.891731140723603,3_of_4
PCDHGB7,1.47875931648747,0.0003172292729855,1.9882363156642,2.02895712042298e-05,1.34362142107252,True,True,True,0.800686066517804,0.0867402902513452,0.547577781489384,0.301290200538775,0.683032678699079,True,False,False,2.7086295712761,8.78982424590179e-05,2.49500544204943,0.0002271008293285,0.920792077447844,True,True,True,3.14265402695138,0.0004553624759542,2.70657702856925,0.002520421767165,0.860965298778125,True,True,True,3,3,0.890878688112984,3_of_4
INPPL1,1.06261961834632,2.02742207579863e-05,1.10270813813347,1.29360629588015e-05,1.0367504689768,True,True,True,1.02710865502121,3.4691659944456e-07,0.532519705902899,0.0003813973001287,0.517960531994464,True,True,True,0.614210465944598,0.0006604596456658,0.713911206824804,0.0002402299645312,1.16043410563353,True,True,True,0.333492176510886,0.0470128405500128,-0.24881461891523,0.15108775641582,0.743857813090383,False,False,False,3,3,0.890304141033591,3_of_4
SLAMF7,3.23653260608798,1.86208213376185e-06,3.1499623366578,2.17354827737564e-06,0.972951540544948,True,True,True,5.77866583265135,0.000336737404096,4.66406219226189,0.0049937121016306,0.806977830087161,True,True,True,0.303511903447783,0.494417989591314,0.0875114337341669,0.857125770552101,0.287382636748626,True,False,False,0.52705772096308,0.037803212842693,0.749814906658244,0.0064645519743282,1.41994876107619,True,True,True,3,3,0.889964685316055,3_of_4
HNRNPAB,-0.78116427476531,8.86655220555457e-05,-0.845506108931763,4.26355043528519e-05,1.08098277588229,True,True,True,-1.33376259387022,6.78792428187605e-06,-0.540090378783964,0.0162784380680475,0.404634038490651,True,True,False,-0.540443211525647,0.0204302544548182,-0.784419870152174,0.0024081393723228,1.44875741989983,True,True,True,-0.644354013437224,0.0002105930513238,-0.450854219096475,0.0049174871759833,0.698615348644347,True,True,True,4,3,0.889799062263319,3_of_4
SOGA1,0.329641644327315,0.0524600019429838,0.275572432183025,0.0975815186850281,0.833447440487034,True,False,False,1.06014641369661,8.23539594316531e-06,0.583322300458544,0.0038791719409664,0.549709533886547,True,True,True,1.46025189628844,6.73765151498288e-05,1.38096973946551,0.0001299414702616,0.945059330956664,True,True,True,0.683652972956179,0.0001402819012783,0.708483654378094,0.0001645453437102,1.0348069494521,True,True,True,3,3,0.889253385721849,3_of_4
TTYH3,1.18632941020203,5.73129345361094e-06,1.35255415133296,2.00058043452862e-06,1.13915661459343,True,True,True,0.463302654739905,0.0002027995742852,0.373717667878798,0.0030395316619837,0.80490099305624,True,False,False,1.30070195954421,7.69037727245264e-06,1.26517775554282,1.36493788665043e-05,0.971941193040703,True,True,True,0.579216897568376,3.89642830917612e-05,0.36499300818792,0.0030085731674259,0.629063044729591,True,True,True,3,3,0.888421093048471,3_of_4
SAMD12,1.95628208085743,0.0033177175902963,2.06789021255992,0.0021261593239978,1.05651108380558,True,True,True,0.51129400947977,0.0039660242841033,0.247539871412163,0.168447361023539,0.483198840571135,True,True,False,-0.75410182105174,0.0165433434040149,-0.851003694354811,0.0108760236643855,1.12700522052707,True,True,True,0.55361325903744,0.0025403952126388,0.399265078959977,0.0262575737554503,0.71989818572481,True,True,True,4,3,0.888204634765195,3_of_4
IDI1,-0.799706940146239,0.002721506480671,-0.751772660649745,0.003986162056916,0.938886155417166,True,True,True,-0.620554869423795,0.100131085402576,-0.29967849979105,0.466430174905257,0.482143274122948,True,False,False,-1.13578986444882,0.0004071988020136,-1.31284442794648,0.0002197759142537,1.15486992715494,True,True,True,-1.16470568442716,1.43248697087496e-06,-0.975098629559684,1.27050889756143e-05,0.836487839586077,True,True,True,3,3,0.887686997501621,3_of_4
SLC39A13,1.00298739208274,4.81602337849756e-05,1.1364193520857,1.51915585298343e-05,1.13190599906662,True,True,True,1.15998782226742,1.1701215071525e-05,0.540671032194485,0.0138779912699089,0.465699141562527,True,True,False,0.778463301943963,0.001031139233682,0.726572333211161,0.0020683569550076,0.93214437600732,True,True,True,1.84209799199352,6.69062475397796e-08,1.55412441732946,6.88600899779432e-07,0.843213124902001,True,True,True,4,3,0.88767875045466,3_of_4
TMCO3,0.329381580690035,0.0024240699329737,0.483673416611778,0.0001162560946588,1.46398420759892,True,False,False,0.72123030379929,7.62005213079635e-06,0.614707656346557,0.000157007974948,0.851124154044616,True,True,True,0.527529932957662,0.0005630874521971,0.488168715869351,0.0011811637794888,0.923634945588703,True,True,True,0.58207263665171,0.0061847048176233,0.421133917168371,0.0452966483593853,0.722266645176027,True,True,True,3,3,0.887379549816659,3_of_4
STEAP4,2.86736153828606,0.0006572185886398,2.87748768750449,0.0006148571908155,1.00318165931896,True,True,True,2.63598426319748,1.31871013038764e-06,2.03442684139614,9.08907620710842e-05,0.771497528365714,True,True,True,-0.562109799133874,0.364437473264204,-0.42792185499645,0.498810399831437,0.759926138125534,True,False,False,-1.81107300624033,2.29058735682069e-07,-1.93923111496187,2.35474095744305e-07,1.07017272940088,True,True,True,3,3,0.887339593842337,3_of_4
PLS1,-0.278865401685443,0.0521548769600413,-0.309504708410485,0.0330387628485087,1.10590557656125,True,False,False,-0.635646367236774,7.01791070736039e-05,-0.376864634915567,0.0083516997683645,0.591952855321026,True,True,True,-1.17893835627235,1.70568311437799e-06,-1.07573120027745,4.62734184399086e-06,0.911684237196839,True,True,True,-1.9694257935601,5.02172427427224e-08,-1.70045429222859,2.58912148527948e-07,0.86298824233125,True,True,True,3,3,0.887336239764045,3_of_4
CLCN3,0.686753525665832,0.0001813067194075,0.584213321227872,0.00060019300337,0.84945158319949,True,True,True,0.0572145976513587,0.478868677777404,-0.0348203324020933,0.712395903034417,0.598137474223024,False,False,False,0.670529776272581,0.0002347175138599,0.648295691241036,0.0003492475369761,0.965401258659729,True,True,True,0.620110823208934,0.000622978254344,0.57457518836209,0.0016750664410733,0.925076760687537,True,True,True,3,3,0.887264171943513,3_of_4
BICDL1,-3.26976152394366,0.0002940723957335,-3.21333335242824,0.0003293334900616,0.982441956989216,True,True,True,1.53753792943142,2.2842143764298e-07,1.21808549099886,1.06025767882821e-05,0.791716257166968,True,True,True,-1.16215190399024,0.0026801289938469,-0.618243453443524,0.0568107867486757,0.531524258630893,True,True,False,0.900929629630455,0.0002801081497853,1.30028961960777,9.90480730310626e-06,1.44167524481986,True,True,True,4,3,0.887079107078092,3_of_4
FTSJ1,-0.599380066385944,1.19387786603834e-05,-0.554795217658589,1.98278553929433e-05,0.924073347401825,True,True,True,-0.735764699208376,1.33856700507389e-05,-0.468327556992036,0.0016770018875086,0.635654174928895,True,True,True,-0.558243902349224,0.0045308277666138,-0.694212352853125,0.0012790050670242,1.24134094254213,True,True,True,-0.343429639779939,0.0042973322004967,-0.292452455514079,0.0149414558077103,0.849092011073527,True,False,False,3,3,0.886582679237676,3_of_4
CDK19,0.705628531089598,9.72452390755393e-05,0.686868601822169,0.0001198682948992,0.972036326870414,True,True,True,1.20621349231557,1.19354918554918e-06,0.967006520479388,5.733007983788e-05,0.801023618966155,True,True,True,0.822827813709855,0.001486963213902,0.472578422727818,0.0453280379907445,0.573637372838514,True,True,True,-0.182002740229625,0.367460254595933,-0.282036314519893,0.180884125616162,1.5411589693466,True,False,False,3,3,0.886529972918285,3_of_4
MYCL,1.85323174719254,6.83349571112207e-06,1.34071550555253,0.0001269731976523,0.723057140825295,True,True,True,1.82057549654673,6.09562656206174e-05,1.28077881071711,0.004047812974603,0.703115963705682,True,True,True,1.8324847812533,0.000242434520262,1.92512387237154,0.0001920349367498,1.04998082997755,True,True,True,-0.0612842908123512,0.795443916794195,-1.02213672437339,0.001019729598989,16.4108270487154,True,False,False,3,3,0.886518985401422,3_of_4
PCDHB14,1.24488149941336,4.13855059036873e-05,1.29538322305457,2.7396612390121e-05,1.03973228887701,True,True,True,3.47492854994745,4.44225250639903e-05,2.20504772596687,0.0069052074254001,0.634376597298068,True,True,True,0.777219347522705,0.159619660839127,0.609839744640068,0.29285164641108,0.783634776726334,True,False,False,1.44199577073578,0.0302011233735548,1.42700000653235,0.0389754743119234,0.988914891832792,True,True,True,3,3,0.886274834279563,3_of_4
F11R,0.733643146790579,0.0107167319481022,0.816900788752735,0.0052750792961316,1.11196952196657,True,True,True,0.373881134372455,0.0020038124143835,0.342940643397142,0.007655525842339,0.91479835060577,True,False,False,-1.13706962323344,0.0002676244150711,-0.97616931593077,0.0009278220803695,0.85774129807394,True,True,True,0.684313544026962,8.36506961677679e-05,0.486728819830745,0.0022469499885437,0.710227930081002,True,True,True,3,3,0.886269824339855,3_of_4
PCSK1N,1.65483684486902,1.0090193612831e-05,1.58487582782614,1.37864572106298e-05,0.957144922059943,True,True,True,,,,,,,,,1.64454578699659,0.0005233090514055,1.34020239146087,0.0031312126622936,0.814442479845532,True,True,True,5.08215370078674,3.89430792898074e-05,4.503430520072,0.0002116819211523,0.885952065422493,True,True,True,3,3,0.885952065422493,3_of_4
SEMA3D,2.38518355883203,0.0078586133461186,2.11384883167307,0.0170441006808472,0.885870168641904,True,True,True,2.60719439337386,5.32838407140068e-06,1.30844532789369,0.0081505820969934,0.501667103961962,True,True,True,,,,,,,,,6.31520297612186,5.00697939904766e-05,5.95943122837487,0.0001520797291045,0.943514838092482,True,True,True,3,3,0.885870168641904,3_of_4
REEP1,,,,,,,,,2.86043085816704,0.000434681966399,2.07235205472794,0.0125969947085579,0.72423628507852,True,True,True,3.16958407227614,0.0166278279506582,3.7136130367978,0.0064056946949852,1.17127095580589,True,True,True,2.59440300879063,0.0036439288838817,2.29884288778179,0.011988083204165,0.885736388528336,True,True,True,3,3,0.885736388528336,3_of_4
GNG7,1.42115505788206,4.31227902455494e-06,1.42942128616946,4.02822100429887e-06,1.00510930805128,True,True,True,2.56302785318122,0.0004822421611572,1.90204164822628,0.0117187482594567,0.74181785734753,True,True,True,1.87845190644205,0.0004309068481694,1.8071520395797,0.0007360493196593,0.961531408909942,True,True,True,0.743000554451843,0.0777824123518885,0.602420327869265,0.175487257256386,0.809704138343163,True,False,False,3,3,0.885617773626552,3_of_4
POMT1,0.59629994162392,0.0031425761901367,0.68370966905769,0.0011198142299199,1.14466722899527,True,True,True,0.60079130869983,0.000178707507476,0.426904073060081,0.006769164350339,0.709388897593764,True,True,True,0.416289110858243,0.0435899654547221,0.414570761773549,0.0476494497011043,0.993485693697822,True,False,False,0.798105457902881,1.86189969977805e-05,0.621115856330951,0.0003596583015004,0.777263939556821,True,True,True,3,3,0.885374816627322,3_of_4
SYTL4,-0.789741124016047,0.0002179070842882,-0.77344795967621,0.0002604648970827,0.978130435088531,True,True,True,-0.753490925688077,0.0074716936044215,-0.707801080935992,0.0196951996419506,0.938117420418934,True,True,True,-0.229888251699733,0.633136795206,0.192167336491285,0.684209477451709,0.83229586207442,False,False,False,-1.86338067493293,1.27856019651194e-06,-1.37554716095281,2.10529456336015e-05,0.737803807691954,True,True,True,3,3,0.885206641246677,3_of_4
PHB,-0.634107283415545,0.0003043278669014,-0.704261078482098,0.0001192402413799,1.10888521809205,True,True,True,-1.14447385352661,3.85199201253399e-07,-0.666679004944526,0.0001602480513769,0.582011542988955,True,True,True,-0.481023972714713,0.0052582198110688,-0.53814464028279,0.002720974318886,1.11642712965501,True,False,False,-0.73763817487134,3.42900853070497e-05,-0.487885845511364,0.0018677332235684,0.660520755776462,True,True,True,3,3,0.884702986934256,3_of_4
TP53,1.0107185165494,3.13446613220689e-05,0.835903277106967,0.0001291709746472,0.82622119041364,True,True,True,0.346860723749665,0.0025900912162133,0.417425517631703,0.0017195368636541,1.19997886835911,True,False,False,0.906970988421348,3.33642208026468e-05,0.611013249975098,0.0008520430505846,0.672943582743147,True,True,True,-0.535035664067485,0.0003411051968145,-0.505442299368728,0.0008232271803328,0.942926624570813,True,True,True,3,3,0.884573907492227,3_of_4
HOMER3,0.262378088592884,0.0336101118881183,0.397669528148323,0.0029149757388135,1.50988083432794,True,False,False,-1.18303642878108,3.29868749243219e-07,-0.913992761926638,1.54793306958497e-05,0.771929595838161,True,True,True,1.03274389223904,1.94744160227665e-05,1.03075607568455,2.59208243858626e-05,0.997109712979277,True,True,True,-0.864586683219061,3.4604371586936e-05,-0.5995819250691,0.001127846972689,0.692688481342266,True,True,True,3,3,0.884519654408719,3_of_4
PPIC,0.57706296648612,4.52099615167061e-05,0.636758789107975,1.82163017376718e-05,1.10153880463689,True,True,True,1.2058525041536,2.8322058934717e-06,0.932106281296972,0.0001625108267785,0.772344821002534,True,True,True,0.0982452548239534,0.573537941661203,-0.0215092187863561,0.912428711927541,0.216727931471488,False,False,False,0.891468378186082,0.0005205777325327,0.888382422311065,0.0007982283576619,0.995421735968594,True,True,True,3,3,0.883883278485564,3_of_4
USP54,0.957585348112665,0.000529354221198,0.836301179068945,0.0015040093739344,0.872432674581891,True,True,True,0.356030069712376,0.103095068852183,0.196474919518971,0.42897284566623,0.550303563162765,True,False,False,0.948042134899266,0.0016955109671311,0.849634241170701,0.0042600968392452,0.895254499170243,True,True,True,-0.616226944037323,0.023952489527618,-1.16456140181492,0.0007206576568884,1.88676371481362,True,True,True,3,3,0.883843586876067,3_of_4
CDK14,0.578380421660586,0.0021818597205021,0.552830481322757,0.0029938703470398,0.954175289075642,True,True,True,1.90927596289433,3.1458837558692e-06,1.55093686859322,0.0001238849009921,0.81189152704583,True,True,True,0.491580702432298,0.130319506800284,0.31107755940242,0.358904994142267,0.631526078602674,True,False,False,1.95167028630033,5.31707172024463e-09,1.94563646407501,6.57253510550648e-09,0.99639784439049,True,True,True,3,3,0.883033408060736,3_of_4
PRPF38A,-0.439453864701003,0.0009612487667365,-0.468292875907657,0.0006002410199729,1.06320528309032,True,False,False,-0.982988362379396,9.80407284335598e-07,-0.537794068023648,0.0005396850191467,0.546545150923534,True,True,True,-0.636528065326408,0.0002099363333754,-0.539599758006857,0.0008499663772492,0.846393731279245,True,True,True,-0.822487470847237,0.0002857164064231,-0.757116680500192,0.000810455714048,0.919402792760453,True,True,True,3,3,0.882898262019849,3_of_4
RFNG,0.523388593268439,0.0055131807539097,0.816006100296456,0.000172276820725,1.55610955457747,True,True,True,0.506580867803191,0.0004916966044427,0.354990164067588,0.0141098729058009,0.699376565558873,True,True,True,0.936931994901781,7.12553281763362e-05,1.00004087216289,5.42555376513687e-05,1.06621895574381,True,True,True,0.314291263118337,0.0252835909547405,0.208964043908214,0.144070144925897,0.662765094857019,True,False,False,3,3,0.882797760651342,3_of_4
IFNGR1,1.60935600430942,9.32321960064027e-06,1.6283545513037,7.49066125799533e-06,1.01117675032484,True,True,True,1.30516770656231,1.21664150087132e-05,0.938725370825459,0.0008511947390194,0.718686709301734,True,True,True,0.755505578554651,0.0001677664153912,0.570236517994775,0.0018733545058447,0.753777016534691,True,True,True,0.424935357987308,0.001979943072995,0.642217686316205,8.81675565263181e-05,1.50778204784619,True,False,False,3,3,0.882476883429765,3_of_4
PLBD2,0.79978381386407,6.53210776942474e-06,0.750237645719815,9.24244800336351e-06,0.936879133582444,True,True,True,0.134255754884288,0.220216293157706,0.170961496984871,0.161063326451095,1.26398686053048,True,False,False,0.894746679546764,2.33818735440406e-05,0.741212719771557,0.0001297870412844,0.827480287335925,True,True,True,0.913712783104558,7.03511082904002e-07,0.580336963727694,0.0001176136144129,0.634447199653224,True,True,True,3,3,0.882179710459185,3_of_4
CAB39,-0.749206302558262,3.52419882964754e-05,-0.619452348351129,0.000149992434687,0.825709336536827,True,True,True,-0.564676694041671,3.87948654274418e-05,-0.508556220561221,0.0003729721863986,0.899022756139495,True,True,True,-0.903067883902847,5.89234650524943e-06,-0.78181221688376,2.42646787974387e-05,0.864771584970687,True,True,True,-0.126925485573476,0.285210334620414,0.14110927966458,0.252767591589771,1.10305838615349,False,False,False,3,3,0.881897170555091,3_of_4
ADSS1,-1.13848960319322,0.0065484908730308,-0.842112695506748,0.0284918650973923,0.739026221166806,True,True,True,0.984499385232477,0.00345375871938,1.41488630778955,0.0005334506274704,1.43570491163298,True,True,True,0.276558563884784,0.341920611365849,0.242571820046829,0.420172314780429,0.873948245918731,True,False,False,-0.821856302020769,0.0001201734276045,-0.731897383626985,0.0004732227811662,0.889459534829584,True,True,True,3,3,0.881703890374157,3_of_4
LHFPL2,0.0999651451058314,0.479147705210642,-0.272074072796793,0.0578447115138325,2.69473264770338,False,False,False,-0.632794123439516,0.0010864679315584,-0.571062727172339,0.0052794422025362,0.901022439389715,True,True,True,1.14306829593222,0.0012314754182059,0.986546680427375,0.0037695555379558,0.862314499873024,True,True,True,1.19363009231671,7.40634322638992e-06,0.803381066055754,0.0005921355631816,0.672493578742673,True,True,True,3,3,0.881668469631369,3_of_4
ACSM4,1.91090735008369,0.0002965304246836,1.81295660225231,0.0004705376213935,0.948245008929408,True,True,True,2.06832572105206,0.0001181515881215,1.14404715544736,0.0263711822603527,0.552859873053585,True,True,True,2.08710984441056,0.0336875085063539,1.69939974000291,0.0911201867120653,0.813845949987666,True,True,False,1.27454558331992,0.0120727843733463,1.31271383034199,0.0125997070362025,1.02913909742475,True,True,True,4,3,0.881045479458537,3_of_4
GLRB,1.64047348078742,0.0013565956625821,1.50576213817025,0.0026750481646383,0.91732346321424,True,True,True,1.08763856525358,0.0020836731395359,1.01370581421235,0.0077717196943508,0.931168384592571,True,True,True,1.36421563401626,3.47602204301459e-06,1.14905947569246,2.11808491270245e-05,0.841668852203296,True,True,True,0.675094418923482,0.0061751534678444,0.469928448091339,0.0569011313252949,0.695063344613297,True,True,False,4,3,0.879496157708768,3_of_4
ARMC9,0.844618422220956,0.000873740973236,0.808257660491638,0.0011712976596091,0.955818415555337,True,True,True,0.152883902145111,0.358844548056749,0.0960586393912934,0.621728612645805,0.624227993001575,True,False,False,1.25631729334988,0.0018231539396604,1.39617802496891,0.0009278220803695,1.11044207564271,True,True,True,1.00730427114233,0.0001705884509366,0.809628988727404,0.0018121503990736,0.802960983007796,True,True,True,3,3,0.879389699281566,3_of_4
HSP90AB1,-0.502454587083269,0.0003780936589915,-0.551774232116664,0.000161001542638,1.09597617396503,True,True,True,-0.914640721205533,7.71233385659421e-07,-0.526759349501855,0.0003718105739096,0.575290435759916,True,True,True,-0.488976728997496,0.0002091115873825,-0.494739904601804,0.0002164916228436,1.00972122821844,True,False,False,-0.69407517092659,2.65147201213107e-06,-0.519757999122147,8.29060899185982e-05,0.74777235738297,True,True,True,3,3,0.878746792800705,3_of_4
AATF,-0.780706039153835,5.13028646133197e-06,-0.80385137455905,3.89652433749014e-06,1.02832949254068,True,True,True,-1.12411059761096,4.77452993623683e-07,-0.640251087657893,0.0002046011667596,0.569056134585694,True,True,True,0.0404786230399177,0.778707243490866,0.134711763163067,0.308567419209292,3.24773951713452,True,False,False,-0.599029817119682,6.23031207397012e-05,-0.437339107750915,0.0013563402207023,0.728862291961207,True,True,True,3,3,0.878595892250944,3_of_4
EVI5,1.1768509392857,4.12972233961445e-06,0.95950458066947,2.06619101838059e-05,0.814623097597864,True,True,True,0.425437845823318,0.0105020441746575,0.199416732175067,0.256225222669667,0.46763375748242,True,False,False,0.517882415573296,0.0114737561730225,0.489025051230202,0.0177448473330275,0.942458323028531,True,True,True,0.513217037269672,0.0221401177581075,0.645376386951785,0.0069975358682048,1.25506613001103,True,True,True,3,3,0.878540710313197,3_of_4
FAT4,2.55328636780026,6.82246186589212e-05,2.7319548983318,3.5156770162331e-05,1.06955701317255,True,True,True,5.69358760698223,0.0007896848965421,4.37369531984059,0.0119705733405698,0.768044259162495,True,True,True,0.464445163115168,0.104914265525553,0.320138098292404,0.27328554927945,0.687810560001867,True,False,False,4.98428210145228,5.93778192890884e-05,4.92778272614208,0.0001125508119382,0.988466174202369,True,True,True,3,3,0.878255216682432,3_of_4
DUS3L,-0.738062535760827,0.0001283443033438,-0.629485114066481,0.0004249249845294,0.851734574014712,True,True,True,-0.86987374402226,0.0002507263219395,-0.592584137174732,0.0082577261743645,0.680447816049424,True,True,True,-0.356366280622873,0.23366134875637,-0.32331521086531,0.289421642382262,0.90471661260762,True,False,False,-1.15482337935385,0.0001073857112747,-1.20483107355452,0.0001299183852872,1.04240067736653,True,True,True,3,3,0.878225593311166,3_of_4
FBXO45,-0.410062334133282,0.0091927228783984,-0.475771699474198,0.0036135765202969,1.1574198362819,True,False,False,-1.07208447629712,1.47309093473705e-06,-0.698272468924002,0.0002403487174523,0.650715283230564,True,True,True,-0.833480962847383,0.0004754093159202,-0.683884251162057,0.0021851830838741,0.819532477803369,True,True,True,-0.721101593040662,2.87098065138795e-05,-0.676487347205188,8.6444165924091e-05,0.936831262698924,True,True,True,3,3,0.878181870251147,3_of_4
PDIA6,0.150671446251639,0.102049346172247,0.151777406195437,0.0970231490095961,1.0006986149761,True,False,False,-0.859038001794792,1.56718946121889e-07,-0.649252897321221,7.09492862715324e-06,0.754911871296747,True,True,True,-0.694635267398896,2.09688011861099e-05,-0.741734125010213,1.55404438754823e-05,1.06626871835249,True,True,True,-0.505912777871812,7.56446537182711e-05,-0.374126345927593,0.0015608065436558,0.738048757615264,True,True,True,3,3,0.877805243136423,3_of_4
PYM1,-1.29199088763385,0.0001833034518601,-1.30598229212143,0.000175195189979,1.01004756074604,True,True,True,-0.0631937693161868,0.568856111857665,-0.115676497004431,0.352681918094335,1.80198948023547,True,False,False,-0.631212285480077,0.0012726689327817,-0.471193060080304,0.009181874920802,0.745308294226675,True,True,True,-0.903205356858189,1.31973271917163e-05,-0.614048485751302,0.0005240611527851,0.679102906318665,True,True,True,3,3,0.877677927486358,3_of_4
ADAP1,-0.952868697798775,0.0002984503762009,-0.710487867627466,0.0021894621425965,0.744848708493156,True,True,True,-0.765800411125108,5.90746767105452e-05,-0.625232595048259,0.0010292897747505,0.815378533940625,True,True,True,-1.1698556581867,7.21631124381227e-06,-1.10052881220325,1.68806431863728e-05,0.939935511698885,True,True,True,0.0889957728826944,0.589782124604597,-0.222858447938675,0.188348979724723,2.47632128488036,False,False,False,3,3,0.877657022819755,3_of_4
SSBP1,-0.868877636638907,2.50591344308567e-05,-0.980939672696088,8.82285088373523e-06,1.12767546995036,True,True,True,-1.06540890071236,2.31697641483471e-07,-0.568918099816071,0.0001432102883729,0.533489639326936,True,True,True,-0.515334339069076,0.0008660806417626,-0.540885914714445,0.0007256060025762,1.04754976337548,True,True,True,-0.384471613012639,0.0026768349019702,-0.272817428552755,0.0270277791077866,0.707749726161573,True,False,False,3,3,0.877649744768527,3_of_4
XKRX,-2.25177851056238,0.0009017234298723,-1.73056531209639,0.0036914741304396,0.768191503950548,True,True,True,-1.70147885845257,1.91068388328808e-05,-1.52086382427261,0.0001974785816894,0.893323177977649,True,True,True,,,,,,,,,-1.48893191568738,0.0001688869774205,-1.30725486590719,0.0006011300424579,0.877392350712944,True,True,True,3,3,0.877392350712944,3_of_4
ACTBL2,2.8934584523584,3.84208863992974e-06,2.95621310512428,3.07941921464094e-06,1.02133547735521,True,True,True,4.37089053494089,8.61083154741781e-05,3.80761200368557,0.0010435283455068,0.870930315673389,True,True,True,2.49003518644275,0.0197164589412881,1.73629206037795,0.114807702370342,0.697016272522995,True,True,False,0.848469249832926,0.0137939335119977,0.750237649281495,0.0337259024365006,0.883183999219574,True,True,True,4,3,0.877057157446481,3_of_4
PAK6,-4.23799542042279,0.001793576778861,-3.8002862576355,0.0022412125421755,0.89650633716808,True,True,True,-1.04292890198584,1.12903352879233e-05,-1.0131733673717,8.41895136809031e-05,0.970538669294782,True,True,True,-1.24742704934951,0.0016162408206525,-0.528681580634823,0.0874752572698825,0.42347815269646,True,True,False,-0.851806390660458,1.1941747417924e-05,-0.731325649114926,8.31570601660126e-05,0.857551792674242,True,True,True,4,3,0.877029064921161,3_of_4
AL591806.4,0.730755448272808,0.0087735925244017,0.784646578507822,0.0054291430630999,1.07227979014007,True,True,True,0.586212952525284,0.0001075376914139,0.304484292189795,0.0259961233526612,0.518524482268951,True,True,True,-0.668399815114686,0.0650975605647383,-0.79538374194231,0.0369397457074346,1.18820430478613,True,False,False,0.532723935178203,0.0006279171768431,0.363871364271686,0.0131146356901598,0.681759502035812,True,True,True,3,3,0.877019646087941,3_of_4
EDIL3,1.79538623865383,1.53235744951601e-06,1.91738796076089,9.357587272362e-07,1.06735841073785,True,True,True,1.87547810305849,0.0356912102185709,1.13759665308631,0.262975212832096,0.606240302635096,True,True,False,1.85130371568629,1.78251023513386e-07,1.57866184052733,9.55639683312008e-07,0.852269434628017,True,True,True,4.69245928197639,7.054663119534161e-09,4.23163741446158,2.76362710383192e-08,0.901603094909489,True,True,True,4,3,0.876936264768753,3_of_4
CTSD,0.467978707521249,0.0139902944397002,0.361196978860384,0.0462004759176481,0.770177777941056,True,False,False,1.04115550217378,6.98441883827757e-07,0.65702993479932,0.0001830951816843,0.630452877165504,True,True,True,0.669615982982711,0.0003633149126402,0.820309350185775,8.81195045964324e-05,1.2232177147602,True,True,True,0.964696767650773,6.62662111421163e-06,0.949732184070747,1.35034034070468e-05,0.983468326585723,True,True,True,3,3,0.87682305226339,3_of_4
LTBP1,-0.677830417054254,0.0013229468846653,-0.876378688100369,0.0002088869486627,1.29101269784487,True,True,True,-0.329827173666476,0.0086032902989956,-0.0809840244803413,0.528215362858106,0.244792541020181,True,False,False,2.8172408167198,3.83679331403353e-06,2.5237503012028,1.43289386408831e-05,0.895505553049309,True,True,True,1.43064974689405,3.95933962067911e-05,1.22803535938798,0.0002774482490147,0.857776395415283,True,True,True,3,3,0.876640974232296,3_of_4
CALHM5,3.6899550221341,5.62230348823049e-06,3.39771417757125,1.02012009677837e-05,0.920551498784372,True,True,True,3.34745956655176,0.0008469277376729,2.05837303572413,0.045579356918897,0.614722380489677,True,True,True,,,,,,,,,3.97158882766809,4.47511923264872e-05,3.47976832497014,0.0002966026269329,0.875944749362034,True,True,True,3,3,0.875944749362034,3_of_4
DCLRE1A,-0.885898328185581,7.88831088714811e-05,-0.834347115439895,0.0001250445439127,0.940747196070157,True,True,True,-0.645892910094628,0.0013951939043856,-0.355964991283078,0.0611775277933877,0.550268809146489,True,True,False,-0.673726012215239,0.0018960064888155,-0.63209832052684,0.0034064668261993,0.936822219809719,True,True,True,-1.03489360820868,1.89217603582652e-06,-0.844135158320897,1.98898816443714e-05,0.814885960905405,True,True,True,4,3,0.875854090357562,3_of_4
PTPRF,0.583739176234715,0.0018937639758445,0.716575311123009,0.000381367214738,1.22546143690461,True,True,True,-0.553249203068571,6.7671204619938e-06,-0.491770610484091,9.87203989831444e-05,0.887273464285432,True,True,True,0.369023987353284,0.0226558570816696,0.319733097937126,0.0457055459949669,0.864087488554783,True,False,False,0.683495399733348,8.54579830796902e-05,0.565777944487365,0.000713996900808,0.826562084577587,True,True,True,3,3,0.875680476420107,3_of_4
PHIP,0.0116993310012647,0.92199799399418,0.0402110759526613,0.718908745917644,3.16639324927091,True,False,False,-0.538771099320533,7.37346467725295e-05,-0.280848488176406,0.0174041896949925,0.520310347348978,True,True,True,-0.596527970208205,8.12990368088925e-05,-0.559026804806328,0.0001688129313206,0.935565919385395,True,True,True,-0.761866640585416,2.03397445631703e-05,-0.622110429903048,0.0002094161449926,0.815490410520044,True,True,True,3,3,0.87552816495272,3_of_4
CREG2,-2.30813074664883,0.0002592528992414,-2.62398877306962,0.0001474904633285,1.13635348577716,True,True,True,-1.60637031592872,1.20053484915791e-05,-1.27982228699078,0.0002687357414873,0.79622117834826,True,True,True,0.44995880435388,0.312356139324485,-0.273199314888913,0.605873857469658,0.605818784889552,False,False,False,1.16580044581621,0.000327280780563,1.11407954279622,0.000760602614148,0.954815835724926,True,True,True,3,3,0.875518507036593,3_of_4
SOGA3,1.45192808684673,0.0001696844642613,1.22683284334859,0.0007313795527691,0.844386487159987,True,True,True,1.54318388149949,0.0434069348907903,1.07492232816843,0.20857752942474,0.696110314999933,True,True,False,1.05153986078245,0.0036188710012655,1.04681462150526,0.00433249377649,0.994560548735006,True,True,True,2.39945696679122,0.0037409777145436,2.17604823408053,0.0102939896252571,0.906514161338762,True,True,True,4,3,0.875450324249375,3_of_4
CLIC3,1.49243701990467,0.0004335222436301,1.71550969386751,0.0001259548027829,1.14869905526851,True,True,True,6.85618820184147,3.85847596942542e-05,5.10527203921471,0.0016221520903858,0.74451391575394,True,True,True,-0.408113465041969,0.48599666971581,0.176332303692432,0.761590062054094,0.431010755596477,False,False,False,2.69333970854129,1.19472842653784e-07,2.71077034662528,1.74101204067217e-07,1.00609820581714,True,True,True,3,3,0.87530606078554,3_of_4
MSH2,-0.667938435345463,0.0004476273314672,-0.683523637521578,0.000371680646833,1.0218035044863,True,True,True,-1.1627967794333,1.24694489444701e-05,-0.848134621916556,0.0005831930518496,0.728765225084698,True,True,True,-0.488496829250416,0.0284381786030922,-0.607455503900622,0.0103293619076639,1.24097944583388,True,False,False,-0.665712846043484,0.0004359383017375,-0.450835321064941,0.009449090749007,0.676206141430094,True,True,True,3,3,0.875284364785499,3_of_4
ARHGAP18,0.604533415832887,0.0001581740480822,0.683702852761366,5.31044394710699e-05,1.12909186328051,True,True,True,0.487990384533551,0.0265991053003498,0.322750855350328,0.1751126149364,0.66003517770232,True,False,False,-0.819230452917259,0.0005630874521971,-0.787927234208485,0.0008968333700477,0.960616899075274,True,True,True,-1.02497423885136,2.05709387320904e-05,-0.810188907352191,0.0002333711330136,0.789677631924995,True,True,True,3,3,0.875147265500134,3_of_4
ADAMTS16,0.746636724358429,0.0967636158240014,0.615288966093492,0.175643680587416,0.82297852158278,True,False,False,-1.19548249212057,0.0003049209309631,-0.734367360364464,0.0137545390633357,0.61377192328399,True,True,True,1.03417964011218,0.0106280134242736,1.05439279541834,0.0104427151441892,1.01856021366888,True,True,True,4.56799132619264,0.0002857636143274,4.23422939809556,0.0008628750701964,0.926731765460356,True,True,True,3,3,0.874855143521568,3_of_4
RNF157,-1.22147670195349,0.0045968347021761,-0.805067631988449,0.0341754861427374,0.658554580796484,True,True,True,-1.08523904057636,0.0010215001890598,-0.98795671768717,0.0046002291584641,0.909520539017783,True,True,True,1.03285463478274,0.0011554220153984,0.868299377371981,0.0046900683372878,0.839866019998499,True,True,True,-0.446699721448118,0.158459007371174,0.480751011333759,0.0999562033970597,1.07382468271085,False,False,False,3,3,0.874693279508141,3_of_4
PIFO,1.92211444679325,0.0020199146210288,1.81772428147963,0.0031029040435427,0.945198183348185,True,True,True,2.31218070244108,0.0024534998865208,1.58731395962033,0.0479252330147132,0.686204047070448,True,True,True,1.934358395781,0.0335031926090125,2.49628456792753,0.007737229362091,1.28983064499543,True,True,True,1.61171059365266,0.0247902479206026,1.29603223305762,0.0843480038695175,0.803635964294258,True,True,False,4,3,0.874417073821221,3_of_4
MGAM,1.75658859684509,0.0062918999521552,1.82816230922488,0.0046530622645172,1.04015371544084,True,True,True,-1.51056991599746,0.0026501406778167,-1.0711807990765,0.0266683616427155,0.708654484149114,True,True,True,1.65449548170581,0.257047322297397,2.88364608273239,0.0386070857983176,1.74186285290317,True,False,False,-3.72363945112725,1.94349137080106e-08,-2.05209940067211,5.92892519556977e-07,0.550952495563308,True,True,True,3,3,0.874404099794977,3_of_4
REPS1,-0.621026775058472,0.0002226752087795,-0.574720199101378,0.0003993105977281,0.923947685447066,True,True,True,-0.259762161848116,0.0124270197101776,-0.166179195632163,0.121382882455927,0.637282627411856,True,False,False,-0.571594657450658,0.0016020536341477,-0.471941361169454,0.0062285440443466,0.824215446351982,True,True,True,-0.543011814232329,0.000338919092983,-0.62886696741138,0.0001569977123237,1.15598034998338,True,True,True,3,3,0.874081565899524,3_of_4
OPN3,0.299944711397226,0.131274799428948,0.268741698146769,0.176884350914186,0.892993589749609,True,False,False,1.22131464071608,4.78185683060441e-07,1.03057988096389,1.46742745256063e-05,0.843137966800542,True,True,True,1.89901784137677,1.10862807762252e-05,1.62348603344016,5.91822226448726e-05,0.854458309856589,True,True,True,1.02489831160171,2.73619700019316e-06,0.955862001007709,9.719127645252e-06,0.931731722528469,True,True,True,3,3,0.873725949803099,3_of_4
TCEAL9,1.83574793498388,1.30242190113613e-05,1.60463311795873,3.90594766580321e-05,0.873627288424208,True,True,True,1.36942393967202,6.89930103744614e-07,1.01180234186859,6.02611868429376e-05,0.738313387980322,True,True,True,-0.0453404912611663,0.768469730680601,-0.178530939672672,0.213350525596296,3.85259057066325,True,False,False,1.1838237370256,1.64788477587863e-06,1.03489114077259,1.24039966469301e-05,0.8734557794821,True,True,True,3,3,0.873541533953154,3_of_4
HLA.B,1.45656658317509,7.03023102266833e-07,1.38191564883279,9.357587272362e-07,0.948097784886433,True,True,True,3.31818958423521,8.09254403752232e-07,2.64758566495073,3.95551122362901e-05,0.797660271508948,True,True,True,1.05248530650408,0.0020942288439673,0.805467956586109,0.0125713374107883,0.764574457387546,True,True,True,0.0288333837324934,0.843358631413981,0.149116600138145,0.292415675740449,4.99831334840281,True,False,False,3,3,0.872879028197691,3_of_4
MPZL3,0.902485398135292,9.90945203483552e-05,0.865833530956355,0.0001415103141933,0.958325981519295,True,True,True,0.483041686438935,0.0042781345132486,0.234362665760114,0.175977433787361,0.484178681973253,True,False,False,-1.1604882418422,0.002675158662516,-1.20087104354764,0.0028638498266392,1.03390718931685,True,True,True,0.827206568507182,0.0004478007261587,0.65075275355722,0.0044991082667233,0.785737252398496,True,True,True,3,3,0.872031616958896,3_of_4
HNRNPA3,-0.763797007558496,2.03015638621193e-05,-0.844348757673402,7.83295770134374e-06,1.10401681665683,True,True,True,-0.765510719466073,2.74018283738057e-06,-0.327776423476541,0.0073613414744054,0.427621447622885,True,True,False,-0.797261803235079,0.0001471116989962,-0.841648365512642,0.0001131856361672,1.05435129440208,True,True,True,-1.11202972467859,5.13767539823758e-07,-0.76662658543459,3.81430216106461e-05,0.688774583855763,True,True,True,4,3,0.871562939128921,3_of_4
TOMM5,-0.803431494526903,8.02139478523863e-06,-0.928607906183029,2.86169352186103e-06,1.15436542763552,True,True,True,-1.51263960627446,2.05790136414401e-07,-0.673347590485739,0.0003081645247787,0.444853310982697,True,True,False,-0.6223654439915,0.0038311962701442,-0.701875032928996,0.0020523779277019,1.12594472422916,True,True,True,-0.643306500944769,0.0004997292425522,-0.397520249415003,0.0164354819604158,0.616973829741133,True,True,True,4,3,0.871459276985147,3_of_4
HINT2,-0.941976118227456,0.0007684744887907,-0.879727596186862,0.0012429935958825,0.932926697910988,True,True,True,-0.217066870952482,0.181800658870087,0.0479635023943525,0.799091496696878,0.219948597349315,False,False,False,-0.518409486516053,0.0081036714498436,-0.643438036989391,0.0027745123254929,1.23878761111057,True,True,True,-0.686697862198578,0.0014762346302143,-0.556963711482322,0.007704001727636,0.809895947184862,True,True,True,3,3,0.871411322547925,3_of_4
ACYP1,-1.41855439760868,2.58924089010085e-05,-1.57171226547296,1.34768384440364e-05,1.10718706385652,True,True,True,-0.87536771731339,5.75208000376501e-05,-0.435237470630845,0.0157005125407748,0.49663795463064,True,True,False,-0.700916540472556,0.0088190397670695,-0.664857496864058,0.013733332049327,0.947203062655357,True,True,True,-0.680824504982199,0.0086340235800464,-0.542059910506038,0.0329965279470152,0.795013829138027,True,True,True,4,3,0.871108445896692,3_of_4
CD274,0.172102319655039,0.57252189315494,0.414380579287877,0.154720784996407,2.39384763944043,True,False,False,-2.45858073598927,4.77294335318112e-06,-1.66554727144285,0.0002046631596598,0.677167147665494,True,True,True,-1.19171803065614,0.0101893804454982,-1.21736825228893,0.0111124586757832,1.02066726669608,True,True,True,-1.52461780473038,5.04309276120864e-06,-1.09887897524796,0.0001230322451841,0.720284577068215,True,True,True,3,3,0.870475921882148,3_of_4
ZNF511,-0.595013012431358,0.00337534008077,-0.766123860384657,0.0006262857019132,1.28541465438708,True,True,True,-1.18708546406176,6.50644994438161e-05,-0.59146067585673,0.0150531484571315,0.497826708387356,True,True,False,-0.750646378259111,0.002421581434895,-0.737019980418042,0.0032961161450846,0.980540852368709,True,True,True,-1.24142186596323,8.36859497645036e-05,-0.942932823616033,0.0009181220300209,0.758947382888333,True,True,True,4,3,0.869744117628521,3_of_4
CAP2,0.908258745300428,0.0056394679043938,0.801237193032801,0.0120713406631952,0.881198225669047,True,True,True,-0.214132290705914,0.138157403082827,0.0182360709890812,0.916761466051422,0.084766777359378,False,False,False,0.811668512103117,0.017034061721165,0.696978418076414,0.0403746306053506,0.85764171700549,True,True,True,1.27502488851796,5.14313123823645e-05,1.29064205841392,7.92496562196809e-05,1.01145523886524,True,True,True,3,3,0.869419971337269,3_of_4
ARPC5L,-0.587471541010621,0.0002679652337016,-0.685643199413322,7.78838874006428e-05,1.16512550162718,True,True,True,-0.965413769282762,1.03646523352526e-06,-0.36107179623557,0.0067015726293722,0.373620293617655,True,True,False,-0.838176372870207,1.89254132975188e-05,-0.891076532969744,1.66684188501086e-05,1.06184654594364,True,True,True,-0.519708940697513,0.0004279770625681,-0.352488477179144,0.0096601134337109,0.676939552270737,True,True,True,4,3,0.869393049107188,3_of_4
LRSAM1,0.753552192048949,2.69611318377705e-05,0.855314990789822,8.47167887930299e-06,1.1335398661652,True,True,True,0.685943332710586,1.94955595121513e-05,0.305757424666547,0.0233270390503234,0.445098467525799,True,True,False,0.720206427965637,0.0007123183377115,0.730936044190424,0.0007657968499785,1.01349075084124,True,True,True,0.869137800995186,0.0002379406302857,0.630743982564586,0.0048439266998309,0.7248782685262,True,True,True,4,3,0.86918450968372,3_of_4
YPEL1,2.81732909074227,8.02485142719876e-06,2.88518260613859,6.15066561958242e-06,1.02372097552976,True,True,True,2.8478421787413,0.0001130450375296,2.03478564518343,0.0056214366373364,0.714250041777483,True,True,True,2.17123037173181,0.0026930328213696,2.24180599514841,0.0024053906788892,1.03202957859443,True,True,True,1.61649523373381,0.0001850950237456,-0.166331741749569,0.734819262130676,0.102832909971308,False,True,False,4,3,0.868985508653622,3_of_4
ARSA,0.573291296972802,0.0241179281860752,0.948482539660997,0.0008432940058567,1.65157045677103,True,True,True,1.81767826575219,2.18349448104773e-06,1.06028316345872,0.0012911824725467,0.58299655492952,True,True,True,1.25628569325776,3.20535465839664e-05,1.28437001078064,3.45787817916237e-05,1.02154189590172,True,True,True,0.333218908275122,0.0080029376778433,0.239257479493544,0.0546838644640886,0.715870567372545,True,False,False,3,3,0.868706231637132,3_of_4
ALKBH8,-0.591482817850735,0.0012065004639447,-0.533406745123026,0.002435768535158,0.900290656626954,True,True,True,-1.21407073348998,1.68276227363503e-05,-0.783873031528389,0.0014451306894986,0.645125431732615,True,True,True,-0.731765533954174,0.0012641110428756,-0.612158129020313,0.0045829712969609,0.83540791788741,True,True,True,0.271539121171573,0.168699521961608,0.384997162150141,0.0601538009821247,1.41263081973385,True,False,False,3,3,0.867849287257182,3_of_4
TMEM8B,0.848605399743937,0.0026406530401496,1.00460978796453,0.000696439997264,1.18244280023092,True,True,True,1.36235797448152,0.0017857092392516,0.916880790520537,0.0426013959225479,0.672516542010343,True,True,True,1.51740357960233,0.0025227177824333,1.61416094302401,0.0018042947470444,1.06306450057682,True,True,True,0.335053384005308,0.125863414528495,0.0991832107660118,0.697724929832666,0.295141234954638,True,False,False,3,3,0.867790521293581,3_of_4
INHBA,4.4352537005768,1.38242379377726e-07,4.64121093205459,1.36152539497111e-07,1.04620052082484,True,True,True,0.415664393194078,0.142063721152661,0.287534200108589,0.365881567487493,0.690085845599623,True,False,False,5.09506843610909,0.0027580516369028,4.18989286165203,0.0110669531866514,0.822181435391214,True,True,True,3.61000339580515,2.6816230261358e-06,3.2966590224756,1.1960230934866e-05,0.912948192268465,True,True,True,3,3,0.86756481382984,3_of_4
ACAT2,-1.22418200814235,7.21624765930736e-05,-1.3978246350783,3.00314329005773e-05,1.14091182027535,True,True,True,-1.12212778349004,0.0059770588404381,-0.162327042417457,0.676578021334297,0.144531232156894,True,True,False,-1.69941043717858,4.49890893572519e-05,-1.94014105651677,2.95612831928282e-05,1.14098397310238,True,True,True,-2.10635165719711,7.87974477937578e-08,-1.25182187155538,9.49351772435282e-06,0.59402609302539,True,True,True,4,3,0.86746895665037,3_of_4
FAM49A,-3.51451963572699,0.0362429142147592,-3.3984601830073,0.0396486545460854,0.966702091056453,True,True,True,2.04698445796834,7.49512596550562e-06,0.973650673908617,0.0118070157662555,0.475418976018259,True,True,False,4.00873200146287,0.0014888996153274,4.09631534914744,0.001403202347599,1.02159330041334,True,True,True,3.41727487459466,3.59020288235641e-05,2.62597684893618,0.0007827708730769,0.768216994031988,True,True,True,4,3,0.86745954254422,3_of_4
SMC6,-0.55191974179508,0.0001572663171756,-0.636253627520337,4.86465942002163e-05,1.15071606134863,True,True,True,-1.14679253335597,1.87561226726699e-07,-0.760154114509074,1.86238504465666e-05,0.662274838368655,True,True,True,-0.312043716776337,0.0540947318329252,-0.332618639597494,0.0446176783738851,1.06253095581261,True,False,False,-0.583564425993672,4.65044846672017e-05,-0.392823185739018,0.0019975486965017,0.671992971640854,True,True,True,3,3,0.867261963726732,3_of_4
BANK1,5.07844310662647,9.37678330981792e-06,5.17786448641605,7.06097356780907e-06,1.01937641149306,True,True,True,1.8085219966606,0.0001711822595241,1.29024694192341,0.007354226370896,0.713031919094937,True,True,True,2.13500567302898,0.0025497998193952,2.19151953881316,0.0023704425828111,1.02598956851339,True,True,True,-0.257903747464149,0.241607331479906,-0.0151779856605194,0.953251151500946,0.0586240477752109,True,False,False,3,3,0.866204165293998,3_of_4
BCAM,2.01480755665886,0.0005704127237186,2.07212786370826,0.0004309740271471,1.02793932727524,True,True,True,2.50970891940508,1.11744147807768e-08,1.83391905113217,3.87481859297054e-07,0.730438736628507,True,True,True,1.23050191761338,0.0012156306700071,1.23324092195491,0.0013813869097336,1.00141210039275,True,True,True,0.817925385710708,2.08114900794451e-05,0.28537967332054,0.0575743576309126,0.348480677605167,True,True,False,4,3,0.865925418510629,3_of_4
SPATS2L,-1.62368469017677,6.10140636161263e-06,-1.59976135592821,6.07340405875675e-06,0.984659586934467,True,True,True,-1.14439601620438,1.50676822565857e-07,-0.85478055120112,7.09492862715324e-06,0.746275121537175,True,True,True,-0.687007940793233,0.0003746729705139,-0.431754667683769,0.0100432381031054,0.62754314606599,True,True,True,0.352554325907329,0.0210437816339401,0.432977129979378,0.0081549851279032,1.22464101908024,True,False,False,3,3,0.865467354235821,3_of_4
TRAPPC2L,-0.588168772886673,2.4380942866572e-05,-0.536619916163705,4.80869416553739e-05,0.910808482829969,True,True,True,-0.661363591417051,3.4776425085606e-05,-0.377967098112609,0.0064962788256314,0.570633867879108,True,True,True,-0.6857393801174,0.0001118923059747,-0.562763781851591,0.0006000418373712,0.819472128939781,True,True,True,-0.37915982892082,0.0149394885483815,-0.352945280531879,0.0264317603805937,0.92841287711488,True,False,False,3,3,0.865140305884875,3_of_4
LDLRAD3,0.852195004592419,0.0011453021627222,0.868152286593268,0.0009742797196675,1.01753090667472,True,True,True,-1.56835550135226,1.92817996252553e-06,-0.554334487538158,0.0102149312703116,0.353224293068401,True,True,False,0.562536762991564,0.0140576107792147,0.449911882001738,0.0478957036498887,0.798371839333707,True,True,True,0.992339920967776,0.0004570832764721,0.924779113146287,0.0012749397931004,0.930979510262013,True,True,True,4,3,0.86467567479786,3_of_4
RTKN2,-1.16142586155845,0.0131401855670032,-1.14974120932381,0.0140086319743923,0.989087775268838,True,True,True,1.22991752820695,7.15689241046398e-06,1.04078218421239,0.0001670485947904,0.845533644913217,True,True,True,-0.882853840773294,0.0002829564937727,-0.780746935322015,0.0008232644114456,0.883343941390729,True,True,True,0.871720130967518,0.0003054137875887,0.311726531408562,0.155496427887166,0.357189573549741,True,True,False,4,3,0.864438793151973,3_of_4
ADCY9,0.921931801498427,7.29808719704636e-05,0.87329305498728,0.0001098690164919,0.946216235662748,True,True,True,1.04491827697928,0.0003136375590202,0.829620301689372,0.0051718290637103,0.793198015513603,True,True,True,1.59145462056121,5.64298817377894e-06,1.48961922479776,1.39575094345682e-05,0.93542334303554,True,True,True,1.33200425973125,0.0002266175998664,0.598810720509254,0.0614854294748408,0.449218909945555,True,True,False,4,3,0.864310679274572,3_of_4
IFT172,1.02040469648299,0.0001947948529933,1.06626303621406,0.0001269732449481,1.04391828222988,True,True,True,0.278823740444789,0.122816977855784,-0.0915328500257226,0.673991906441077,0.327108950370787,False,False,False,0.674345207659329,0.0294486430736318,0.671926200712104,0.0326010649782826,0.994937393634472,True,True,True,1.1418990643475,7.08260415615077e-05,0.837687047565991,0.001879449095587,0.7329492810848,True,True,True,3,3,0.863943337359636,3_of_4
NFAM1,1.70502309779921,0.0006791241481287,1.75464395511498,0.0005220634243447,1.02849953050371,True,True,True,3.35984139342595,0.0004076708326984,2.35037774174809,0.0150832910126796,0.69934205950498,True,True,True,-1.13698363032592,0.286876450722486,-0.35815062663587,0.733854491625813,0.314723882744513,True,False,False,2.50367080940297,0.0014783274094931,3.24372569832995,0.0001839198820984,1.29507066803048,True,True,True,3,3,0.863920795004345,3_of_4
MRPS5,-0.798237679624553,1.03252611491826e-05,-0.783255896949873,1.11183215828329e-05,0.980003717189375,True,True,True,-0.974600187762931,2.1787164021763e-06,-0.544985670856247,0.0010016191229272,0.558615791276044,True,True,True,-0.415901079150879,0.0077858425384437,-0.435599835755851,0.0066050208732299,1.04485178268921,True,False,False,-0.571364845811646,6.38213170847135e-05,-0.427810146027209,0.0011198148840793,0.747443084874561,True,True,True,3,3,0.863723401031968,3_of_4
SCEL,-2.54127523576026,0.0161783336434555,-2.63008948155551,0.0157985637618012,1.03454159666115,True,True,True,2.18045128149727,0.0001402447345914,0.78035958524324,0.151102499899271,0.357724965880342,True,True,False,-2.15545081093434,0.001890096542333,-1.95777196419981,0.0037056971412423,0.907867665829833,True,True,True,-1.36886368805988,8.53505011527833e-06,-1.12237503157201,9.77834348979296e-05,0.819333369703095,True,True,True,4,3,0.863600517766464,3_of_4
USP13,-0.755465212762691,0.000267376451823,-0.744280495784358,0.0002953337982896,0.983892561385826,True,True,True,-1.16339129332275,1.75327585206322e-05,-0.263518545940597,0.176834125503036,0.226314424928935,True,True,False,-0.826546294737387,0.0005732766912104,-0.75603596183844,0.0012742598015763,0.91358751364884,True,True,True,-0.859138981043306,0.0058067896427579,-0.699329666470824,0.0219389387065926,0.813042638321742,True,True,True,4,3,0.863315075985291,3_of_4
SH3PXD2B,1.00312065413317,6.6336995354432e-06,0.813625625065957,3.40813885447522e-05,0.810286713769809,True,True,True,0.636441348144316,0.0002511522086403,0.461356774257253,0.0073294156997159,0.723763489143479,True,True,True,1.66664718442173,3.19866632639065e-06,1.61801946794747,5.83158464811962e-06,0.970240877724104,True,True,True,0.174874784508105,0.188628479331859,-0.161141753219294,0.256076165157217,0.916229996642116,False,False,False,3,3,0.863258355205963,3_of_4
MOB2,0.743135990912928,0.0003670919173008,0.746299064509842,0.0003573061694441,1.00290682566537,True,True,True,0.819811762663594,0.0004857970020199,0.568496261270502,0.0155996846022881,0.692602478582532,True,True,True,0.240522993753163,0.165039165980784,0.21916300698213,0.217161854509637,0.907420877724442,True,False,False,0.96533586937743,4.42809927019207e-05,0.791251326115283,0.000491451810158,0.818816056807509,True,True,True,3,3,0.863118467265976,3_of_4
TOR2A,-0.706973502919441,0.0020260577877339,-0.613272145885232,0.0050178056041096,0.86623601498687,True,True,True,-0.660330298780655,9.31053837639483e-05,-0.33285877020894,0.021343119947527,0.503316982183724,True,True,True,-0.134850812912233,0.538113715557766,-0.269446153028196,0.22059425645893,1.98339742878295,True,False,False,-1.19116741504421,4.49379212571866e-05,-1.02334223433351,0.0002352974943905,0.858388026228313,True,True,True,3,3,0.862312020607591,3_of_4
U2SURP,-0.534478912902389,0.0005232091944199,-0.574268673038426,0.0002758178652086,1.07243937940673,True,True,True,-0.962285724315121,1.84251216783664e-06,-0.595286030202685,0.0004605528708741,0.617974516985521,True,True,True,-0.882928967920344,9.86838075436124e-06,-0.881657943114746,1.3864552205945e-05,0.997430760968338,True,True,True,-0.317471255468738,0.0104037154827588,-0.231429117144922,0.0596025264009951,0.726687615195588,True,False,False,3,3,0.862059188081963,3_of_4
ZNF233,1.12005350581531,0.0043468351934198,1.29830108965711,0.0014045556832306,1.15810805008178,True,True,True,2.01963985194126,0.0005680402636786,1.62006221762926,0.0077918484998,0.801757035561207,True,True,True,0.906693578340646,0.149648361157733,0.837154123050089,0.195292110737151,0.92228714956923,True,False,False,1.77792770419317,0.0029686899594872,1.28298802490372,0.0335319887512618,0.721214258386974,True,True,True,3,3,0.862022092565218,3_of_4
TMEFF1,2.17235277077247,1.37828032549069e-05,1.57592405418842,0.0002584402583776,0.725111944725059,True,True,True,0.308217413627086,0.62443112249529,0.517893255290575,0.454530345597042,1.67485152021597,True,False,False,4.06503943964357,0.0045405487847457,4.04099956157012,0.0051793439234285,0.993841703100734,True,True,True,4.1897309046923,1.43239924137193e-05,3.05620496875563,0.0006177111173753,0.729277311824924,True,True,True,3,3,0.861559507462829,3_of_4
GOT1,-0.925819033665702,3.40147066798251e-06,-0.99671059592732,2.01464352498231e-06,1.07541014990293,True,True,True,-1.0410698471734,7.17961822226589e-06,-0.392921930455196,0.0188816690528187,0.377059111268781,True,True,False,-1.05088533104588,3.03160740150564e-05,-1.12681542530023,2.57244340603735e-05,1.07123408991724,True,True,True,-0.684229839530926,0.0001814887270042,-0.446567706124756,0.0061258095106949,0.651704990591848,True,True,True,4,3,0.861469540254544,3_of_4
CSTB,-1.24022916344074,3.1858246743596e-05,-1.18730618045549,4.18134423545479e-05,0.956556786954817,True,True,True,-1.6239542047064,2.5088294019917e-07,-1.2181727408816,1.40440262058488e-05,0.74966589049302,True,True,True,-0.502689093695518,0.0092798134115805,-0.385494941643025,0.0379891815560216,0.765343038926426,True,True,True,-0.424319149746681,0.0017973892906729,-0.4721669476658,0.0011583562927221,1.11014739859943,True,False,False,3,3,0.860949912940622,3_of_4
HMGB2,-1.05658783108235,9.19636639805434e-05,-1.6129574709346,3.78996740956958e-06,1.52512862150076,True,True,True,-0.833604828926167,0.0001998839328649,-0.176068647146059,0.361019562854019,0.210960494168953,True,True,False,-0.93167088736845,0.000101965296579,-1.10776734660128,3.46253211177521e-05,1.18773659776909,True,True,True,-1.82380987269443,5.7521115887572e-07,-0.974443063810174,0.0001948752508291,0.533997036289242,True,True,True,4,3,0.860866817029166,3_of_4
IL32,2.66114979131752,7.95198013004417e-06,2.45872120790417,1.41920604251761e-05,0.923584847074788,True,True,True,3.98348052696344,0.0003924425615924,3.17956694961361,0.0059727174365896,0.797987825036943,True,True,True,2.74744684509738,0.0015351134053223,1.73746841353104,0.0339156422604601,0.632163731538159,True,True,True,0.132802714822864,0.614133736221975,0.443368791178668,0.0862402245381104,3.31360086202755,True,False,False,3,3,0.860786336055866,3_of_4
ZNF843,1.71035401409519,0.0158100571122693,2.04736582420818,0.0047539035792126,1.19634266630136,True,True,True,4.9791075372811,0.0004557662034867,3.23003194281123,0.0245295851310479,0.648586786255357,True,True,True,1.82664895941871,0.160508408695233,1.52155199296098,0.262434072061278,0.832518731302161,True,False,False,2.69376869849623,0.0007919116871218,2.39392402507632,0.0031363118785084,0.888359741751568,True,True,True,3,3,0.860439236526864,3_of_4
RIDA,-0.820261693211007,0.0003612068297593,-0.918290042866329,0.0001694269268469,1.11814547111768,True,True,True,-0.761393294244586,0.0001304089678752,-0.602539125007002,0.0022648179576708,0.790325845670016,True,True,True,-0.788604151488897,0.0024367709061112,-0.645692843038367,0.0091647483085615,0.817742462246219,True,True,True,0.725517848449274,0.0278413334728551,0.655348090780607,0.0545852572228853,0.902039904703544,True,True,False,4,3,0.859891183474881,3_of_4
SHROOM2,-2.77293370815093,0.0055057850029667,-2.3234577309837,0.0107052346318081,0.837603913949511,True,True,True,-3.81548655246789,2.76672836861711e-06,-3.36343398840751,2.74055490520592e-05,0.881290669354666,True,True,True,-0.612844628538764,0.0495784085544231,-0.813703411691879,0.0183506453174842,1.32558529285965,True,True,True,0.46846494148115,0.0103103386250955,0.319345610070068,0.0824651759878342,0.680233137457593,True,False,False,3,3,0.859447291652089,3_of_4
PDCD2L,-0.667833461866313,0.0096264957426873,-0.675621123212339,0.0093090753455823,1.01014850741332,True,True,True,-1.70678261521756,2.30661531329027e-06,-0.697475052459572,0.0035571061589018,0.408409739181423,True,True,False,-0.589673619898825,0.0189736967030341,-0.752219650409214,0.0068174667116181,1.27349457478406,True,True,True,-0.769640004978206,0.0024605188070246,-0.546166558742432,0.0219125519644576,0.70871815012754,True,True,True,4,3,0.85943332877043,3_of_4
STX2,-0.127367663382791,0.354936649803294,-0.0842464374922969,0.545903107268195,0.656290184554306,True,False,False,-1.52542306927957,0.0003549003994649,-0.939589907066574,0.0128360267333895,0.615550122358957,True,True,True,0.558510881971048,0.0279367766235237,0.594512053263621,0.0223532493828958,1.0625567302092,True,True,True,0.721857011457828,0.0169952288933728,0.838659931644312,0.0084431468971876,1.16020169736327,True,True,True,3,3,0.859423457381753,3_of_4
IL22RA1,-1.35097393999614,0.0043068954408715,-1.33304792616038,0.0047674433084804,0.986001199227395,True,True,True,1.02512247081684,0.0005523649108773,0.795505632755599,0.0091782115707786,0.775254080657975,True,True,True,-0.697134456403986,0.0242655700914224,-0.658700845786735,0.0352722021280269,0.943515736466627,True,True,True,-0.418767157893096,0.074905622883723,-0.104653254106486,0.677965736525621,0.249312629963153,True,False,False,3,3,0.859384908562301,3_of_4
CYB5R1,0.284556470164522,0.024820186209509,0.272732516114194,0.0307892226837697,0.955091355335288,True,False,False,1.03313042180631,2.56997873795773e-05,0.605912489739094,0.0061940687481357,0.585914964846262,True,True,True,0.735051703121762,0.0002071419658375,0.561963012933997,0.0020273416241453,0.763483068581439,True,True,True,0.813811967084545,2.23939098226947e-07,0.936187625345322,8.34770138955127e-08,1.14896155575018,True,True,True,3,3,0.859287211958363,3_of_4
FBLIM1,0.602633285850886,0.0158195446005237,0.528780445024711,0.0320331677705407,0.875996167572731,True,True,True,0.308084963332602,0.0560674160726554,0.0026256565650983,0.989784491599637,0.0084949346509391,True,False,False,1.20774878478852,0.0001428803093518,1.01775943792967,0.0006822360479215,0.841994176736844,True,True,True,1.14593070057841,5.13767539823758e-07,1.11449240023632,1.15634000246596e-06,0.971717297020883,True,True,True,3,3,0.858995172154787,3_of_4
TOMM6,-0.358977115516935,0.0092518447780787,-0.374064434956112,0.0070203793175447,1.03913393055263,True,False,False,-1.00984869569544,5.17855497864063e-07,-0.512266444477977,0.0005320448909404,0.506768665438649,True,True,True,-0.618881077621965,0.000291823181395,-0.572740819519646,0.0006281972008505,0.92395273899445,True,True,True,-1.06099253208839,3.06285653846764e-07,-0.842716931645063,4.70288023708028e-06,0.793524348036492,True,True,True,3,3,0.858738543515471,3_of_4
EPDR1,0.946837911081364,0.0005434098476116,0.723438513833031,0.0036048451450332,0.763251295791364,True,True,True,-0.622993498291172,0.0039879790434105,-0.203703331997249,0.327903382132488,0.326451048857236,True,True,False,1.69472279590061,0.0003340377802205,1.65121286120407,0.0005056527965758,0.973751644547008,True,True,True,2.69553572235686,9.28501337862519e-08,2.57036129284075,2.45193307844615e-07,0.953208693484012,True,True,True,4,3,0.858229994637688,3_of_4
CDK5R2,1.3653589612882,0.0002292002177451,1.19512867001669,0.0007252271588868,0.874681327438235,True,True,True,1.47984548140827,0.0003532148520325,1.0420961535298,0.0125498973451986,0.703717009379518,True,True,True,2.71286214604023,0.0017277333713481,2.51190350101333,0.0035395463836212,0.925582570462698,True,True,True,0.653683398165829,0.264771698010218,0.550885437369413,0.382393095468547,0.841453195411373,True,False,False,3,3,0.858067261424804,3_of_4
FAM207A,-0.752393185665625,0.0001360235353288,-0.577521491280962,0.0009284517488728,0.766560545368777,True,True,True,-0.846339635002474,3.72174366051535e-05,-0.492487936357689,0.0055222821376071,0.581216688106713,True,True,True,-0.425828614112618,0.0297354063444419,-0.422946050301172,0.0342957206782862,0.990903693700297,True,False,False,-0.749653701135919,0.000138277523157,-0.712566749282757,0.0003255501184899,0.949261621176946,True,True,True,3,3,0.857911083272862,3_of_4
CIB1,-0.667196181754635,0.0001445008059564,-0.678551175241683,0.0001209015614026,1.01549693603435,True,True,True,-0.881280688452392,7.26204968283235e-07,-0.750942720333789,1.8607972326957e-05,0.851138113031826,True,True,True,-1.24782819109693,6.78352563939786e-06,-1.0797502496819,2.74001986434519e-05,0.8646107265832,True,True,True,-0.4552262087988,0.0017709492886593,-0.18369222380559,0.168880446800168,0.402634088666747,True,False,False,3,3,0.857874419807513,3_of_4
GPR162,1.10175433781306,0.0654085906811295,1.51955434695531,0.0125752445165923,1.37796270198205,True,False,False,2.24177834828396,4.99790165459646e-05,1.2922535410288,0.013209193055677,0.576184241308356,True,True,True,2.54762355507371,0.0048656435086607,2.06681456378076,0.0215597797537754,0.810953253439967,True,True,True,2.23672723967242,0.0132207657304723,2.02409939571301,0.0299379640547774,0.904533564157407,True,True,True,3,3,0.857743408798687,3_of_4
ATG16L1,-0.875222012839101,6.08610084870244e-06,-0.788844880304221,1.1884391108169e-05,0.900279687962,True,True,True,-1.11621980111646,7.62793214847076e-06,-0.984233221684439,0.0001113985887144,0.880966503369234,True,True,True,-0.638778894999928,0.0006071574081376,-0.524392586496178,0.0027548000174442,0.81964658508505,True,True,True,0.0387754664712352,0.735813796575752,0.033188696686449,0.788955874046501,0.834401193269484,True,False,False,3,3,0.857683848319359,3_of_4
HMGA2,-3.44481383061385,2.61642335882872e-08,-3.274813789994,4.20858350577639e-08,0.950374556193192,True,True,True,-5.51683853569982,4.14195822540464e-08,-4.88336741833252,1.17828696721393e-07,0.885014555380274,True,True,True,-0.548211237443072,0.054757268888406,-0.454228594246971,0.110082833086278,0.827056264110134,True,False,False,-2.9622634113303,1.89118789474788e-07,-2.46008352354178,6.9623370184009e-07,0.830194006423942,True,True,True,3,3,0.857604280902108,3_of_4
CACNG4,-0.757631058937499,0.0641503505801128,-0.424280725278297,0.271667790307837,0.55927149340883,True,False,False,1.6372999127591,2.7078769309837e-08,1.631438068075,4.99179886682431e-08,0.995811606513154,True,True,True,2.5377149014118,0.0116724967321796,2.15491097111307,0.0335641494208525,0.848819601568773,True,True,True,2.69485550438633,1.97452667578256e-06,2.33452781864999,1.39506973676836e-05,0.865969194139509,True,True,True,3,3,0.857394397854141,3_of_4
HNRNPH3,-0.751803922341468,2.12234996169097e-05,-0.816588041671024,9.543609177003e-06,1.08472872873877,True,True,True,-0.969845166643376,7.46572217145167e-07,-0.348018896179132,0.0078942688066582,0.358470030172145,True,True,False,-0.606899281387462,0.0030681782931293,-0.73812401458215,0.0009035377642081,1.21422090333363,True,True,True,-0.993809970130337,1.37658099498208e-06,-0.625766119612155,0.0001853699818475,0.62903080829615,True,True,True,4,3,0.85687976851746,3_of_4
AOPEP,0.728187467028697,0.0011638139754336,0.771651216552953,0.0007174461684848,1.05823433814255,True,True,True,2.06191486917018,1.62814893805214e-07,1.24115141608872,4.45346835928023e-05,0.601649362577904,True,True,True,0.268882370346373,0.100693080210676,0.235137436379382,0.158264117437381,0.871258971371866,True,False,False,1.03629450432398,1.85624916129699e-07,0.873732472325685,2.05592810890717e-06,0.842318617021026,True,True,True,3,3,0.856788794196446,3_of_4
KLHL22,0.590222806344099,0.0003057036094025,0.671118351929428,0.0001007005939114,1.13513610220718,True,True,True,0.795710011775416,0.0002719694285078,0.592022756591219,0.0068999655017963,0.743084369269987,True,True,True,0.995734778041486,0.0039840032166737,0.967109961375452,0.0056170723658105,0.970278134847221,True,True,True,0.29471125442858,0.0069094794776323,0.117259411466161,0.278992713926313,0.396533475510589,True,False,False,3,3,0.856681252058604,3_of_4
DHX15,-0.546539750360572,0.0002435952884883,-0.603297675258742,0.0001006713755098,1.10183356525522,True,True,True,-0.867711278437892,7.40679319302746e-07,-0.56504176945431,0.0001432157723637,0.650436783174224,True,True,True,-0.789021488686518,4.83752036642539e-05,-0.839627216395918,3.57320714071589e-05,1.06279035243949,True,True,True,-0.20526249560655,0.0666759206316096,-0.119021433703232,0.308628425422548,0.577038658207006,True,False,False,3,3,0.856613567806857,3_of_4
ZC3H15,-0.655536421860864,3.34768705965322e-05,-0.647100829527544,3.38586491231973e-05,0.985628227133879,True,True,True,-1.11958117744723,1.05420213477837e-06,-0.666057503756547,0.0003234496083494,0.594385767993959,True,True,True,-0.755738999324076,7.10547443018799e-05,-0.724860782499166,0.0001231756361366,0.957874224992522,True,True,True,-0.288191810218044,0.0129377562864611,-0.21819544407847,0.059163444725095,0.754500772044532,True,False,False,3,3,0.856187498518527,3_of_4
GPAT3,-3.2900558814847,2.73233581186254e-07,-3.21782489818018,3.53394331056832e-07,0.977748483787069,True,True,True,-2.02241407771608,4.1745331387068e-07,-1.96949139319657,4.73678680284917e-06,0.973350642800521,True,True,True,-0.904501485029316,0.0120743037532537,-0.450719822131687,0.165380690234441,0.497757131913588,True,True,False,-1.89850210600387,2.89780530137e-06,-1.40069770146843,4.0027666043702e-05,0.737402552511609,True,True,True,4,3,0.855376597656065,3_of_4
PLA2G15,0.401078422088021,0.003731751388466,0.377193209921116,0.0056266134313437,0.938108560917857,True,False,False,1.39313589007838,1.67537145148001e-06,0.943222637131025,0.0003022405274354,0.676564346304861,True,True,True,0.825158652170293,0.0018365295502182,0.780769078153165,0.0031659458132468,0.945059494447112,True,True,True,0.952277619970777,3.44273970053579e-06,0.736061630383411,8.92215265252616e-05,0.77213774346866,True,True,True,3,3,0.855123152193259,3_of_4
ATG3,-0.645476680437494,4.27435706440062e-05,-0.759824723356898,1.11183215828329e-05,1.17533199007688,True,True,True,-0.755504554395882,1.44887389286619e-05,-0.326746858221012,0.0168494840944319,0.431916577795015,True,True,False,-0.795078713885539,0.0002934357036998,-0.816722885824913,0.0003085634287217,1.02593232500667,True,True,True,-0.697763521574912,2.87577553162419e-05,-0.477995576194232,0.0010934883077211,0.684059143666943,True,True,True,4,3,0.854995734336807,3_of_4
H1.10,-0.899150068519281,0.0007023927751119,-0.845650115370526,0.0010569666001885,0.93945459201219,True,True,True,-0.19493550144158,0.126345627412896,0.15638023153895,0.258051432511127,0.798120965258438,False,False,False,-0.999464387948368,0.000107279230067,-0.899285183044864,0.0002883581449937,0.898867759690087,True,True,True,-0.65895593096108,0.000326886025013,-0.535174089342955,0.0023776487092397,0.810923978762631,True,True,True,3,3,0.854895869226359,3_of_4
LOX,1.12866793361433,0.0029820518757968,0.665977595088596,0.0494761377903906,0.589533946456129,True,True,True,1.06352355288605,0.00119333076618,0.747445012174366,0.0254383684636736,0.702140417793438,True,True,True,-0.175513945074451,0.846888014545259,-0.499567522464903,0.592307806258885,2.83018728211073,True,False,False,5.67464807783807,5.90575942102247e-06,5.71624037277348,9.61504102008416e-06,1.00715201055081,True,True,True,3,3,0.854646214172124,3_of_4
HNRNPM,-0.591180190339212,0.0013576818361014,-0.653469282685341,0.0005885811032887,1.10349737013496,True,True,True,-1.18472224648649,2.99952174134563e-07,-0.496248650318927,0.001261776248122,0.41852014819609,True,True,False,-0.714783115002104,0.0003292359256012,-0.728212874120834,0.000328770366526,1.01736525891463,True,True,True,-0.939675027026022,1.32096388002328e-06,-0.650579402669047,8.51927933401617e-05,0.691609093446307,True,True,True,4,3,0.854487176180469,3_of_4
COLGALT2,2.21533250836651,0.0240061204717563,2.05137148614349,0.0358800356883551,0.92557027359374,True,True,True,0.753973709796606,0.005609662455254,0.0931131265552959,0.768061921767847,0.123332939077284,True,True,False,6.18597244807521,0.0019058289930659,6.49350608448145,0.0014402048425202,1.04954501397555,True,True,True,1.82743719877088,8.12164633967437e-06,1.43119613611424,0.0001950451743938,0.782742845680631,True,True,True,4,3,0.854156559637186,3_of_4
PXYLP1,3.1352878217417,6.79773213803021e-06,3.48836337835042,2.66732594176529e-06,1.11225868817524,True,True,True,-1.3057181596396,1.4158547872075e-06,-0.732112618706281,0.00049849862722,0.560268190432282,True,True,True,2.11010251840773,0.001526632648479,1.84960869686828,0.0046985347656754,0.876134001423731,True,True,True,-0.309333095339646,0.114560129085259,-0.258210514748474,0.204520656749138,0.832043113113263,True,False,False,3,3,0.854088557268497,3_of_4
CPT1A,-2.51595186540194,2.8037146000647e-05,-2.37493379612148,3.64238707550316e-05,0.94357537335829,True,True,True,0.959193433426868,3.85380394330555e-06,0.733938458929772,0.000204380669203,0.764365213694905,True,True,True,3.5600462071923,1.03340693208387e-05,3.80136333158058,8.39815495740006e-06,1.06748497784244,True,True,True,0.345431832789111,0.308009628798645,0.137623941686654,0.724345490187235,0.397261246400622,True,False,False,3,3,0.853970293526597,3_of_4
WBP1,0.809245449675351,0.0028272892614616,1.15332664933396,0.000160787585427,1.42342872742584,True,True,True,1.45191458093805,5.71152204226989e-07,0.836732938546472,0.0003556440235362,0.575899608637866,True,True,True,0.57817000936287,0.0129186837009761,0.654150060863762,0.0067641707786784,1.12946121223261,True,True,True,0.236643665802131,0.0480275064975234,0.0856405868644385,0.505876470007422,0.360373951375356,True,False,False,3,3,0.852680410435238,3_of_4
KCNB1,2.4588034645183,2.89652825962423e-05,3.19817262108226,2.86402891367528e-06,1.30017404529047,True,True,True,4.91987907509365,1.83696225018872e-06,3.78166009724092,0.0001171243741607,0.768492791538258,True,True,True,3.60827785309126,0.0029096475235087,3.07723046593517,0.010432142059285,0.85258896410527,True,True,True,,,,,,,,,3,3,0.85258896410527,3_of_4
GNPTAB,0.423344876472314,0.0189942798997168,0.062633783436068,0.731255270075525,0.147601130374799,True,False,False,0.56942723736891,0.0003609853289546,0.510696217294038,0.0023477775786967,0.895287223046395,True,True,True,1.07006223455081,5.56138400339213e-06,0.866990080043545,4.20409129976676e-05,0.80946750998755,True,True,True,1.18479402630696,7.38325932369694e-07,1.08268563928719,3.44380452863709e-06,0.913046967068226,True,True,True,3,3,0.852377366516972,3_of_4
XRCC6,-0.695518177659906,0.0002637954434886,-0.805048532230757,7.13921201023182e-05,1.15581840941392,True,True,True,-1.06176187577002,5.85215605669504e-07,-0.469400259937283,0.001755093224548,0.441679618585472,True,True,False,-0.702077018430893,8.43418371698487e-05,-0.729725008524094,7.58504980449362e-05,1.03790195013439,True,True,True,-0.783382582184348,2.02445310986941e-06,-0.522035200580907,0.0001877854350323,0.665536451774775,True,True,True,4,3,0.851719200954583,3_of_4
ASAP3,0.877969182294836,0.0007877575141442,0.853916616852543,0.0009697115594963,0.971497788606325,True,True,True,0.911382580103631,0.0002446851228633,0.427824465443698,0.0667487818886013,0.468909068162069,True,True,False,1.59960555290999,0.0001131914614092,1.68357218254516,9.06868277525031e-05,1.05183452567957,True,True,True,2.24513354011686,7.98667341195438e-08,1.64308475019598,4.73763777502259e-06,0.731516947167128,True,True,True,4,3,0.851507367886726,3_of_4
NTHL1,-0.831833249616466,0.0001164380611955,-0.689044916278328,0.0004714721276009,0.827350392885545,True,True,True,-1.45160205778144,4.25608324337308e-06,-0.882050868559529,0.0006472540715496,0.607221271534398,True,True,True,-0.113931801428119,0.737847069270741,0.258969477715682,0.399097471650862,2.25324474599528,False,False,False,-1.81913958308242,7.40520334845722e-06,-1.59186126390541,3.42592984811464e-05,0.874581970911034,True,True,True,3,3,0.850966181898289,3_of_4
ANXA7,-0.775902892057953,7.11287062915955e-06,-0.821147987201649,4.30742231577144e-06,1.05695061196966,True,True,True,-0.830923599547606,3.80700163766789e-06,-0.306794534635045,0.0193080341855387,0.368777294936551,True,True,False,-0.622157580329494,5.21308125221726e-05,-0.593602974127899,9.40896998625885e-05,0.952572820848993,True,True,True,-0.640455463122902,1.86750175024817e-05,-0.480640915230297,0.0004204226921042,0.749297407009856,True,True,True,4,3,0.850935113929425,3_of_4
ARFGEF1,-0.904867053800948,0.0047557789056309,-0.985701847157455,0.0026668809876405,1.08813080575293,True,True,True,0.533189730763246,1.71956105612057e-05,0.353035324806308,0.0019032041438268,0.66088002908984,True,True,True,-0.210291800283805,0.0683665279012364,-0.219802644113141,0.0592630001469687,1.040280047867,True,False,False,0.540454130811171,0.000741493404195,0.337308530681274,0.0243163097499183,0.622967877585384,True,True,True,3,3,0.85058003847842,3_of_4
C5orf24,0.541934030894505,0.0001587193222333,0.571915266877351,9.47492301961881e-05,1.05337892696669,True,True,True,0.362607418524337,0.0082463530668897,0.265665128792721,0.0642449399479296,0.730637262217849,True,False,False,0.885011749554452,6.67025182824126e-06,0.859245369116291,1.26255866184037e-05,0.969790038956457,True,True,True,1.00835244811531,1.37658099498208e-06,0.614767081723328,0.0003478218664313,0.609070778865437,True,True,True,3,3,0.850213650587153,3_of_4
PNO1,-1.00982832634925,1.52877807022529e-05,-0.979963424073177,1.80087414628551e-05,0.969465732734711,True,True,True,-1.58939855372583,2.31697641483471e-07,-0.90986202774303,6.1993864286525e-05,0.572096865663952,True,True,True,-0.495768283904392,0.045135684153169,-0.534952239646005,0.036100065313501,1.07686472139788,True,False,False,-0.636115081249545,7.21344032377938e-05,-0.465120150089853,0.001435473962787,0.730041029915088,True,True,True,3,3,0.8497533813249,3_of_4
PKN1,0.982719714549227,0.000707167915227,1.1131261998399,0.0002501793734315,1.13154812633797,True,True,True,-1.1959822041413,1.04895654226351e-06,-0.679372534486623,0.0005173160102515,0.567571123560685,True,True,True,0.544182736833212,0.0035472472809055,0.755985154954425,0.0003597343415657,1.38666378056227,True,True,True,-0.0807621020397029,0.646754901386358,-0.0078030496228489,0.969139616754914,0.0954360202121499,True,False,False,3,3,0.849559624949328,3_of_4
TSPAN11,1.43236375731441,0.0546950615883322,1.10170509089641,0.143128518315783,0.768615144114286,True,False,False,3.26213632131837,1.42007880888851e-05,2.0584041638254,0.003284437178275,0.630805446397583,True,True,True,2.19993939184133,0.0024187881970007,2.04757267772588,0.0047540907375734,0.930317611341791,True,True,True,1.79631761518722,0.021391586980274,1.72577746626375,0.0332818367264487,0.960196156584145,True,True,True,3,3,0.849466377728038,3_of_4
F12,-1.6175395153224,1.01606953687125e-05,-1.40994141159888,2.36168204478357e-05,0.871119548365201,True,True,True,-2.36309232486731,3.91499645263002e-06,-1.45232479615486,0.0003116817222855,0.61432659836429,True,True,True,-0.526279162750078,0.171543677903299,-0.747888118399076,0.0700702625920807,1.41839118864169,True,False,False,-1.77016400333072,7.68581236352052e-05,-1.46561329261225,0.0003765802818552,0.827485930075434,True,True,True,3,3,0.849302739220318,3_of_4
UTP11,-0.591050518181445,0.0004214643474931,-0.619693153477085,0.0003024012791728,1.04668965645119,True,True,True,-1.43638865777173,1.90575855321549e-06,-0.867144860041954,0.0003896383350155,0.603277934157502,True,True,True,0.0835940490070266,0.724727035434631,-0.267151468581281,0.250736416512935,3.15804092270238,False,False,False,-0.822895495613611,0.0005761232989649,-0.536240984153429,0.0127107082604964,0.650860439228465,True,True,True,3,3,0.848775047839827,3_of_4
FERMT2,0.374534876280742,0.0467096965067799,0.375831709964472,0.0445726958450567,1.00079042907191,True,False,False,0.634371422993838,0.0024941835023627,0.913792565884553,0.000405986945316,1.4382021803543,True,True,True,0.949033451577852,0.0002107459766497,0.622193892084851,0.0055013287802748,0.654917877945758,True,True,True,0.620805431697143,0.0007511439277412,0.433023914063225,0.0133542603145096,0.696397766872731,True,True,True,3,3,0.848594097972321,3_of_4
TCN2,0.687853858199547,0.0004495130433666,0.781471977427523,0.000150123191624,1.1344524939877,True,True,True,3.72029876380045,4.44278555025347e-06,2.54011908033529,0.0006802740882395,0.682589397294493,True,True,True,1.22341040734493,0.004704060994504,1.2421602577066,0.0047877164882937,1.01449665100459,True,True,True,0.13832362931866,0.391848898382549,-0.0315777689852563,0.869538136580503,0.22665049094459,False,False,False,3,3,0.848543024149542,3_of_4
PAX9,-0.919208095367296,0.0003723081486048,-0.712587376144595,0.002099881973641,0.77437633914769,True,True,True,0.391078240639192,0.12835398559982,0.389231280354936,0.174119258170228,0.992738795502615,True,False,False,-0.861971686382415,0.0006694273492512,-0.573643886533274,0.0096239784555562,0.664730831364809,True,True,True,-1.58361180572072,4.85050965796252e-08,-1.46106581681958,1.37379710953971e-07,0.922033908585612,True,True,True,3,3,0.848205123866651,3_of_4
NUTM2A,1.60524702306644,0.0004914381662355,1.70118286843054,0.0002921335308971,1.05910413778253,True,True,True,2.46720548480249,0.0001436910099848,1.65845870500371,0.0097421660871824,0.671928944010277,True,True,True,1.5064671365406,0.002071836881688,1.54351235406955,0.0020249286448977,1.02391111332063,True,True,True,0.617013018270892,0.0433170826926323,0.257350770257094,0.445566451806088,0.41641642271084,True,True,False,4,3,0.847920028665454,3_of_4
ECM1,0.70931706691651,0.0057463550866122,0.844338194135424,0.001610516885296,1.18867789253706,True,True,True,0.673395121511476,0.0166865792037585,0.111131500612207,0.739875943734469,0.164786928415401,True,True,False,1.94586372814502,0.0021614502192199,1.69001306122957,0.0070963988298673,0.868069519606193,True,True,True,-3.4778741205355,6.76742053211716e-09,-2.87203371554709,2.87864482153006e-08,0.825564138292247,True,True,True,4,3,0.84681682894922,3_of_4
TMEM106B,0.564649818393423,0.0002110740446481,0.714542004317736,2.73079109304415e-05,1.26322325418083,True,True,True,0.468550039466398,0.0005085294901694,0.256432233048162,0.0443267891764453,0.54612333403182,True,False,False,0.727645317123781,0.0070624226065559,0.83581495303455,0.0031347902497639,1.14708066241859,True,True,True,0.896060977446235,1.4279127587908e-05,0.455081067607407,0.0069479284305376,0.507302267124513,True,True,True,3,3,0.846601998225205,3_of_4
TMEM45A,1.71473242380927,8.1696929964156e-06,1.47874249796691,2.83453583004609e-05,0.861872444354584,True,True,True,2.32742419699175,1.99632007018924e-06,1.93532247557927,6.79714746045892e-05,0.831172635157994,True,True,True,0.397717266693447,0.459163059626481,0.318751685774473,0.571855715194168,0.799442894504854,True,False,False,2.7644891401406,6.84827974435859e-07,2.52566050021739,3.33552212286021e-06,0.913278039518529,True,True,True,3,3,0.846522539756289,3_of_4
PDE5A,1.13901060620818,3.80140188790342e-05,0.981386893672505,0.0001276321694286,0.860857687049704,True,True,True,1.44786520818066,0.0002727989260401,0.679371831432804,0.0747687930010302,0.468899265160692,True,True,False,1.20150721616903,0.0024412061923864,1.05871322605625,0.0065519980116351,0.880421515830166,True,True,True,2.15426944436897,4.5486935487956e-08,1.79332442790219,5.30026593920259e-07,0.832065073157128,True,True,True,4,3,0.846461380103416,3_of_4
TIMM8A,-0.152403063958453,0.405339883033484,-0.10920017812227,0.55559351571738,0.711851349669556,True,False,False,-0.965966555744689,2.38544230407402e-06,-0.531824491318958,0.0009939567618544,0.549992642619769,True,True,True,-0.875338130908231,0.0017196140993427,-0.85936988422908,0.002339259981428,0.980637329267454,True,True,True,-0.647331264388595,0.0076950386840417,-0.657672557987174,0.0092111967971203,1.01440821091265,True,True,True,3,3,0.846244339468505,3_of_4
SAR1B,-0.683365834658672,0.0002189029077047,-0.682895127687055,0.0002158051141843,0.99785099299653,True,True,True,-0.769714788109559,2.08500942598031e-06,-0.568305655320215,0.000138639118181,0.737374790373724,True,True,True,-0.698824527050578,0.0047415882572323,-0.668081774831573,0.0071069767808762,0.954641840930061,True,True,True,-0.0717132346337541,0.53630188749919,-0.0378711563949459,0.766210896158496,0.520828932802912,True,False,False,3,3,0.846008315651892,3_of_4
DBN1,0.93971800759311,2.31657280613586e-06,1.00483338423971,1.31457435883763e-06,1.06815578752515,True,True,True,-0.371205622491809,0.0071058892115331,-0.238351262878242,0.0885988570675521,0.640375234749409,True,False,False,1.26736861328307,7.60042992623719e-05,1.131008099591,0.0002228918453905,0.891703001593107,True,True,True,0.736891876199086,0.0001986831767806,0.590496322461772,0.0018902213036294,0.800247761912551,True,True,True,3,3,0.845975381752829,3_of_4
CACHD1,1.35069235157781,1.11569988995774e-05,1.24390589701909,2.21217639091658e-05,0.920258145699425,True,True,True,-1.81132616124163,1.00156151254742e-06,-1.19889826105718,8.51861181668372e-05,0.661524557056447,True,True,True,3.25760820416447,0.004639930187574,3.20790736284322,0.0056170723658105,0.984440952043128,True,True,True,0.317508187751249,0.225285374121099,0.245376287835179,0.382412830468352,0.770392402052832,True,False,False,3,3,0.845325273876129,3_of_4
PRNP,0.509513076216816,0.0007996037537137,0.389723301695264,0.0048684739769395,0.763395336674486,True,True,True,-1.84825144751171,2.21449872450462e-06,-1.05558744415789,0.0009210290654661,0.570818774038681,True,True,True,0.599156356795328,0.0014439126982749,0.555966329025667,0.0026447443460594,0.926369141525679,True,True,True,0.251507810926504,0.113126590101046,0.363623031255073,0.0305568636279322,1.44004666596595,True,False,False,3,3,0.844882239100083,3_of_4
IL11RA,0.540499010588646,0.070291962027898,0.534958851337006,0.0743319734540149,0.987922121511302,True,False,False,2.38053281006147,9.08856243645819e-06,1.5656548776201,0.0017438605123387,0.657414783875973,True,True,True,1.43627462335233,0.0026990890783932,1.71149999762911,0.0007767602050834,1.19079539137564,True,True,True,1.27818962908672,0.0027094540765147,0.897535649695312,0.0349048871936815,0.701643938698994,True,True,True,3,3,0.844783030105148,3_of_4
RASA3,0.785098888629914,0.0032422276554677,0.909898584217426,0.0010425958296245,1.15748616030139,True,True,True,-0.662322504710357,0.002235391688047,-0.326851370637537,0.108341331507002,0.492748803661136,True,True,False,0.622904684012553,0.0012595593088649,0.529380849709913,0.0045492548959485,0.848496354131013,True,True,True,1.57009410572843,1.50019717126826e-05,1.320409301211,0.0001638067000367,0.840439345037705,True,True,True,4,3,0.844467849584359,3_of_4
GPD2,-1.09802521626598,7.88831088714811e-05,-1.30578412762571,2.07275936897554e-05,1.18812936072769,True,True,True,-0.380745032760678,0.0011302871269766,-0.117118417799456,0.281705383122711,0.306797489812734,True,False,False,-0.868249870115855,7.36678621853065e-05,-0.877689890352552,8.74774347817608e-05,1.00970954443234,True,True,True,-1.38571369983583,4.70493541849828e-07,-0.941627328595293,3.45857343928428e-05,0.67903513804383,True,True,True,3,3,0.844372341238085,3_of_4
PSMD2,-1.04988096582263,4.6456470559487e-05,-1.18779116235159,1.45434669633447e-05,1.13028135534055,True,True,True,-1.49093049021963,1.40295060331357e-07,-0.86143550143152,4.20767652202488e-05,0.577396538966575,True,True,True,-0.839580783881049,0.0002229595418596,-0.934065645017194,0.0001117944917467,1.11121460653016,True,True,True,-0.346028280151897,0.0035050278851165,-0.13020115033436,0.251037830051024,0.375188875896137,True,False,False,3,3,0.844305572748367,3_of_4
ROBO1,1.49392475557839,3.58740766648698e-06,1.5725353711951,2.29634642009559e-06,1.05191606823494,True,True,True,0.511786871376963,0.0034678468353755,0.377508726832517,0.0366119649214287,0.736190312007814,True,True,True,-0.477772550146899,0.771057628265625,-0.34147622355608,0.835108652455334,0.713232668521424,True,False,False,1.96735226622483,1.98270624060241e-05,1.87464261961678,5.83182007797626e-05,0.952391831372857,True,True,True,3,3,0.844291071690336,3_of_4
PCDHGB1,0.596829079930231,0.0239133929622125,0.627329072018429,0.0185765451689043,1.04934519426797,True,True,True,2.46259979958518,0.0035370747546888,1.01776551776117,0.271807393312107,0.413121286149049,True,True,False,1.61364741499929,0.0106699387214221,1.3004652156149,0.0407625619073888,0.805417457417768,True,True,True,1.35924902923894,0.0009783489641483,1.20113091749966,0.0038417961072902,0.883022808089555,True,True,True,4,3,0.844220132753662,3_of_4
CUL7,1.06787792724455,2.02309158460845e-05,1.28182050260923,4.30038860448983e-06,1.19922066864419,True,True,True,1.91019333212728,6.95074092965715e-07,0.933940362666783,0.0014186326581147,0.488668700841085,True,True,False,1.15262599937725,0.0001335118506556,1.21540936858186,0.0001047634529078,1.05355580512052,True,True,True,1.03942247327422,1.85636935334717e-05,0.66049911712593,0.00173004322962,0.634837418541463,True,True,True,4,3,0.844196611830992,3_of_4
DPYSL2,1.20626065340663,7.00877051794477e-05,1.32109833358718,2.99572439064477e-05,1.09429420221667,True,True,True,-0.97988975450903,9.85820734179976e-06,-0.466230099331417,0.0078350763482903,0.47531345616387,True,True,False,0.541852292103979,0.0251064173140563,0.640137431634969,0.0111102655950765,1.17921106891514,True,True,True,1.58633676268939,9.02988365503515e-07,0.942734717956138,0.0003444977678851,0.593909710979593,True,True,True,4,3,0.844101956598131,3_of_4
GRPEL1,-0.519801995122233,0.0035916228136786,-0.549802900288243,0.0024347671216862,1.05568508845517,True,True,True,-1.39613724294611,3.70386144751327e-07,-0.727029702861947,0.0002681797988212,0.520370999007139,True,True,True,-1.00860422035823,6.39729043829693e-05,-0.888087856310719,0.0002083243902976,0.879639603720759,True,True,True,-0.173310706727208,0.196664334312657,0.140875531904634,0.304835006743521,0.808186338921227,False,False,False,3,3,0.843912971320993,3_of_4
PTEN,-0.116377715793354,0.345939324767261,-0.0744343047408096,0.550396163501759,0.634143408207507,True,False,False,-0.539695089285535,7.29374634095819e-05,-0.439827851219481,0.0012566819533952,0.813448947355268,True,True,True,-0.825464749310494,0.0001426649105638,-0.722327617259353,0.0004608655280057,0.873996885967586,True,True,True,-0.598733625505877,0.0010123235751398,-0.55942826255552,0.0023657233182206,0.932794558723701,True,True,True,3,3,0.843722916661427,3_of_4
LPIN1,-0.0231977312454674,0.877256293511316,0.272706791444369,0.048640781576336,11.2699322377775,False,False,False,-2.09309483076779,3.1426499941267e-05,-1.63550451162419,0.0006290603203673,0.781007854847022,True,True,True,-1.31126294138912,5.02985675324648e-05,-1.18908759718327,0.000129781214027,0.906135165201373,True,True,True,-1.48547904202995,1.61183762360384e-06,-1.04912705680094,6.55994553394809e-05,0.705779918274692,True,True,True,3,3,0.843571510024198,3_of_4
ADM2,2.20575718990119,0.0001306829459605,2.03481217728331,0.0002627398331283,0.922082495797565,True,True,True,0.740940873374181,0.0032203042847646,0.731406886535835,0.0077259234909564,0.985802120874619,True,True,True,1.10847208214297,0.0099900925129282,0.846013417272745,0.047706335992227,0.762536913627111,True,True,True,0.848080997544071,0.0003340621800797,0.313610797299778,0.145754032650999,0.369353216250138,True,True,False,4,3,0.842309704712338,3_of_4
CAPRIN2,-0.644998562571165,0.0102397681032873,-0.404640422483666,0.0788855624352938,0.626379756749211,True,True,False,-1.42270759947487,1.9046796140244e-07,-1.19824943355112,4.14585285260756e-06,0.841640119075778,True,True,True,-0.507991410301619,0.0101684549675052,-0.428648720432975,0.0267511889776038,0.842153151816385,True,True,True,1.39780122938551,5.22155323127839e-06,1.26185721521601,2.85648622835142e-05,0.902099017864276,True,True,True,4,3,0.841896635446082,3_of_4
P2RY2,-2.39453777453812,0.000162129111333,-2.47615188290533,0.0001417128056068,1.03365177924725,True,True,True,-1.19112243282316,4.98996748567708e-06,-0.856966720612165,0.0002966575422859,0.718857977181684,True,True,True,-0.69221185749758,0.0303919882115453,-0.668607955353922,0.0401060600958512,0.964507384174767,True,True,True,-0.684058723495785,0.0010411392337287,-0.202397405609407,0.265220983539675,0.295445337264802,True,True,False,4,3,0.841682680678225,3_of_4
TMEM44,0.869073300658195,0.0003254416322954,0.929238810003779,0.0001806480198016,1.06800060328345,True,True,True,1.77778567380909,3.59092043423605e-06,1.22430528739367,0.0005376486400841,0.688281508795798,True,True,True,0.770065552300507,0.0004759983063817,0.76701154742343,0.0006081267483264,0.994742334338525,True,True,True,-0.271596647235968,0.213814502465004,0.064798626997836,0.785646711860216,0.237708818706579,False,False,False,3,3,0.841511921567161,3_of_4
PAPPA,2.26988836558154,5.37468545555309e-05,1.92048050362532,0.0002398067980046,0.845695690168158,True,True,True,-2.46479764641825,1.17028923475067e-06,-1.99447744863714,2.56794059854293e-05,0.808856903377397,True,True,True,2.75318210311827,0.0016298697027585,2.30540272423301,0.0068610780016908,0.837055299147738,True,True,True,0.471364704696304,0.568423268118093,0.541478759705,0.530495295438383,1.14631502803143,True,False,False,3,3,0.841375494657948,3_of_4
XRCC4,-1.01550112459693,2.05010865424811e-05,-1.17842007894113,7.52319620829922e-06,1.1592904822495,True,True,True,-0.822141174350568,0.000281528577987,-0.461598525417553,0.0222673162966965,0.560776862828833,True,True,True,-1.13823137173365,1.96106244087116e-05,-1.27813384420575,1.49676543422226e-05,1.12192648123859,True,True,True,-0.631317805667302,0.0044030656935773,-0.0598529347871564,0.779402870694175,0.0946564120932701,True,True,False,4,3,0.841351672033712,3_of_4
LIFR,0.745714353750015,7.64459782104407e-05,0.742846045214281,7.2702368760439e-05,0.994819560496852,True,True,True,1.2354708564869,4.56942277356628e-06,1.08264217255986,9.06512169190532e-05,0.875590529999144,True,True,True,0.973380617226214,0.0023514376779094,0.785911336584697,0.0114935206334258,0.806575297876885,True,True,True,0.352326318838926,0.0440806062964544,-0.0539298289087009,0.791054772185525,0.152634621405847,False,False,False,3,3,0.841082913938014,3_of_4
CERS2,0.794166760077974,4.64428861924329e-05,0.921619739303267,1.22141111301109e-05,1.15902699354899,True,True,True,-0.919061142314773,3.90966607942256e-07,-0.481045597802926,0.0003482077810288,0.522840902282503,True,True,True,0.580018820979771,0.0114364854761831,0.753623374797986,0.0023537586735434,1.29707222483284,True,True,True,0.285002629522451,0.0164226607552562,0.105154008386612,0.385507368672896,0.36766797760633,True,False,False,3,3,0.840933947915746,3_of_4
SLC45A3,-0.960041195928318,9.06430807816758e-05,-1.19027873973219,2.15687946863731e-05,1.23853040304109,True,True,True,-3.56913401611871,9.27960580790231e-08,-2.4136132052266,2.0337617228765e-06,0.676056751463513,True,True,True,-0.54317043055873,0.0059650952129636,-0.546936062495326,0.0068237633214049,1.00508228999829,True,True,True,-1.57457541864854,1.79554391138772e-05,-0.383890248727825,0.0925580182657699,0.24365082380957,True,True,False,4,3,0.840569520730902,3_of_4
SAA2,3.82673872134561,0.0005662975224978,3.01672986976011,0.0040335354594729,0.788123247006683,True,True,True,3.9735054090386,4.04709909715604e-05,2.71514653538296,0.003706650263545,0.683140732230059,True,True,True,0.0784822981295894,0.955263058859142,0.710918664162385,0.534696249741931,8.94436473141844,True,False,False,2.59554478316279,0.001261291808732,2.31847228985572,0.0045334839918525,0.892906721613191,True,True,True,3,3,0.840514984309937,3_of_4
GPC1,-0.203027160372589,0.247147512991074,-0.143331571827346,0.415323284530064,0.702512212421119,True,False,False,1.80316551883636,4.70473166157403e-08,1.46836041595478,9.46878877380673e-07,0.813872341880159,True,True,True,1.87711243061765,3.41080161786615e-06,1.62799277635968,1.43289386408831e-05,0.866823918429785,True,True,True,1.49906839469772,1.34326406114487e-06,1.7522287178009,4.70492999063927e-07,1.16809921733868,True,True,True,3,3,0.840348130154972,3_of_4
SAT2,1.17522826120245,6.3477726112973e-06,1.15217843635403,6.78411973629385e-06,0.97955343733721,True,True,True,0.528914264215266,0.0010306639042855,0.106226912443666,0.511729010669858,0.200460564315954,True,True,False,1.07452830276831,0.0005069935355655,1.21247873801009,0.000224795087994,1.12733317653221,True,True,True,0.535632348398625,0.0019487665421714,0.376084479757008,0.0258904643107707,0.700823349317813,True,True,True,4,3,0.840188393327511,3_of_4
MAP3K9,-0.571113590103872,0.0024941330585611,-0.489968540346815,0.0065054250198457,0.856418286197077,True,True,True,1.09524977535551,1.77611135403209e-07,0.587987735054608,0.0001171243741607,0.536362924100874,True,True,True,-0.216469994596442,0.0755255967856423,-0.179132809569522,0.141520975495099,0.823712760475016,True,False,False,-0.765496454576329,4.66218340172795e-06,-0.659286758069018,3.63091724904886e-05,0.860130212126591,True,True,True,3,3,0.840065523336047,3_of_4
CD59,0.806714628163582,6.4490123005336e-05,0.788947783913978,7.00136167333737e-05,0.976765501582815,True,True,True,0.0955866303189907,0.306170352472149,0.0431481688799735,0.692642308676915,0.446730243486813,True,False,False,0.512658841217579,0.0014563770216048,0.361062252363815,0.0146073064698767,0.702922296651123,True,True,True,0.594429105162037,0.0002437894518491,0.830581348905163,1.68322727766356e-05,1.39492903807437,True,True,True,3,3,0.839843899116969,3_of_4
FANCM,-0.793070854827817,0.0001435376715606,-0.956747255141813,3.67198025782641e-05,1.2048638346628,True,True,True,-0.672567966384478,0.0178985937533316,-0.133563146695794,0.643960295569569,0.198292011142874,True,True,False,-0.943176676484801,0.002554049838227,-0.789834205667737,0.0082859390593536,0.836532214085519,True,True,True,-0.673868736524652,0.0009542406801592,-0.568836240945303,0.0043171663635071,0.842884267946118,True,True,True,4,3,0.839708241015819,3_of_4
PKN3,-0.751989147463257,0.0006440967850546,-0.491413179744424,0.0094929614422303,0.652616550185278,True,True,True,0.57390403608059,0.0270185515144358,0.650939650047462,0.0237933049967975,1.132257923401,True,True,True,-0.747202050123053,0.0036002327152698,-0.767463262675962,0.0036487726662341,1.02574333036075,True,True,True,-1.63789535599412,1.1777624884271e-06,-0.688479837883148,0.0016312463552603,0.420087734927731,True,True,False,4,3,0.839179940273014,3_of_4
COBLL1,-1.4172248764361,0.0048323779610749,-1.14883259881305,0.0135799035817963,0.810049673998094,True,True,True,-0.223527045846291,0.435122658960355,-0.19986047415134,0.541484591994841,0.890139864433804,True,False,False,-1.1420063258555,0.0001517833270145,-0.992099725939799,0.0005016336956284,0.867973959109323,True,True,True,0.914085274865422,2.36479932524839e-06,0.568390961533852,0.0004151192334669,0.62113442008718,True,True,True,3,3,0.839011816553708,3_of_4
CACFD1,1.35699960687158,0.000286534942564,1.57329545032561,7.35263448764026e-05,1.15853895860103,True,True,True,2.07156609811826,1.18094005125487e-06,1.10891067965898,0.0014534911643853,0.535042371225598,True,True,True,1.31911729451018,0.003033770943931,1.50881336051942,0.0012569868726527,1.14293886368579,True,True,True,0.707653339110653,0.0023783825928529,0.0094837562235223,0.971974173652627,0.0133827863358752,True,True,False,4,3,0.838990617455694,3_of_4
UFD1,-0.613417840930487,0.0006985923023973,-0.789437742917888,9.69687196172185e-05,1.2848548501169,True,True,True,-0.724405434605915,2.21834555794979e-05,-0.273078987949228,0.040480002929905,0.37645015452301,True,True,False,-0.629147445543861,0.0016376475559186,-0.551102074180194,0.0044227419715815,0.874560514491263,True,True,True,-0.702983592038773,0.0001870397540619,-0.565401479397259,0.001610095292372,0.803145820145931,True,True,True,4,3,0.838853167318597,3_of_4
FAM107B,-0.0824490100246971,0.553741778599165,-0.352391901308842,0.0160280278763633,4.22284100439957,True,False,False,0.742720599256677,0.0001655649034969,0.383522497010048,0.031186419900346,0.515680885259015,True,True,True,-0.974328626528752,3.96310360959084e-05,-0.694894233118287,0.000564707627826,0.712471893285296,True,True,True,-0.843237028775358,0.0020507951215573,-0.814562043047815,0.0035439038550906,0.964849935840188,True,True,True,3,3,0.838660914562742,3_of_4
IL17RC,0.740291422035044,0.0001608908161568,0.752881968778025,0.000134717428242,1.01563561427861,True,True,True,2.0827521152445,3.84337960994491e-07,1.37685590087907,8.64702009243086e-05,0.660758009940887,True,True,True,0.560716883670413,0.044585274079187,0.668793516810425,0.0205641437795936,1.19062384673279,True,True,True,0.823823043163915,0.0001890601767956,0.374289339907122,0.0580817705899077,0.453781381363203,True,True,False,4,3,0.838196812109749,3_of_4
FBXO2,0.825539309672084,0.0001332169131759,0.632052148171966,0.0011938310250372,0.764697021394811,True,True,True,1.58356951908699,2.86441631669524e-07,1.32697249509962,9.71800283217824e-06,0.83743406591855,True,True,True,,,,,,,,,2.85111052169772,5.85136392392937e-06,2.71834850011436,1.77654270416286e-05,0.953100687871051,True,True,True,3,3,0.83743406591855,3_of_4
DDIT4L,,,,,,,,,1.39743633100392,6.57620543043301e-05,0.84249401484614,0.0112811697854752,0.602454324281839,True,True,True,3.05549686228549,0.0296637511177711,3.17100083035414,0.026060543989931,1.0374624850696,True,True,True,2.31820751812743,5.4798961060343e-05,1.94143815899675,0.0005362686923881,0.837112739512117,True,True,True,3,3,0.837112739512117,3_of_4
MAPKAP1,-0.558352527655574,0.0003561433493923,-0.437170327130456,0.0020982264851493,0.78156494431656,True,True,True,-0.8284894146507,1.39259484135691e-05,-0.403826045646953,0.0094366735672888,0.486836888469523,True,True,False,-0.520340164540301,0.0123615824337168,-0.545753439990004,0.010233012179237,1.04682791986923,True,True,True,-0.581249724205175,0.0002662116865416,-0.519702781959465,0.0010035329248287,0.89257712001308,True,True,True,4,3,0.83707103216482,3_of_4
SKIL,0.0396710265703568,0.878494977864194,-0.214362184094026,0.380675468673923,5.27063617937455,False,False,False,1.41378520718426,6.43483122652309e-07,0.8039941782697,0.0003855306323703,0.56828002878955,True,True,True,0.93266523389912,0.0110773442863412,0.71747532338985,0.0464007963575245,0.768450293895565,True,True,True,2.1808099869119,2.6977296380321803e-09,1.97333890625548,7.9386060608102e-09,0.90445039581495,True,True,True,3,3,0.836450344855257,3_of_4
TMPRSS3,3.9792063180905,1.86208213376185e-06,4.01488329047582,1.72332072875197e-06,1.00871235549467,True,True,True,3.85728944258244,1.23145237681287e-06,3.00225772415845,7.7523944247075e-05,0.778131803960506,True,True,True,-0.537778652923267,0.414098821293893,-0.365570406842572,0.587642953991023,0.678516873040693,True,False,False,5.6026602405739,1.6029542265695e-05,5.01267580829122,8.93354724134634e-05,0.894535998452655,True,True,True,3,3,0.83633390120658,3_of_4
CYTH3,0.126683029316248,0.324635637239003,0.16222116989612,0.202512824801894,1.270499069178,True,False,False,0.886162240028463,3.4001984281001e-05,0.791833074634885,0.0003660032099381,0.892545961615184,True,True,True,0.716514569675494,0.0005738644956799,0.55943267411364,0.0037723667624473,0.779681274439697,True,True,True,0.915397888214008,2.25023904431277e-06,0.61119630081064,0.0002033794238623,0.666955160712795,True,True,True,3,3,0.83611361802744,3_of_4
UTP4,-0.744542089527734,2.16469915021239e-05,-0.713030733988173,2.72490849427352e-05,0.956392327145265,True,True,True,-1.02363730480754,3.1458837558692e-06,-0.478556959672814,0.0041608824034429,0.467050103902573,True,True,False,-1.01991209237534,4.1018049184371e-05,-0.966497868480773,7.77548247614424e-05,0.946700382627497,True,True,True,-0.847585393129147,2.65147201213107e-06,-0.615461550668154,9.53157506522939e-05,0.725279454079038,True,True,True,4,3,0.835989918353268,3_of_4
PRIM1,-2.34105211713118,9.83469979922089e-07,-2.49255466234288,8.8497387577885e-07,1.06426097186772,True,True,True,-1.49500113125523,1.65843962059554e-06,-0.580793282917892,0.0046576911029182,0.38823051051477,True,True,False,-1.6436766264804,1.14157076041484e-06,-1.46559318166913,3.46167933753066e-06,0.891113279092129,True,True,True,-1.72661552091078,5.42883166935402e-07,-1.34863432787639,5.52844691033178e-06,0.780633370997619,True,True,True,4,3,0.835873325044874,3_of_4
GRAMD2B,0.965725435052907,5.7817703696358e-05,0.969437906286704,5.38366282411444e-05,1.00280583414426,True,True,True,1.7890473430682,3.75937738803152e-06,1.27907896910411,0.0003863479934393,0.714550357596535,True,True,True,0.0560844106593485,0.764017020919594,-0.0491757717378913,0.796339935617651,0.861457115347095,False,False,False,0.733909481388761,7.83030208027657e-05,0.595447103018587,0.0008262519424662,0.810231896713822,True,True,True,3,3,0.835844506030458,3_of_4
BACE1,0.229844094569274,0.123452643837298,0.254803028835597,0.0876590279449285,1.10378837852026,True,False,False,0.920171146403127,2.01472852078881e-06,0.65134471374691,0.0002409986531711,0.707083277944819,True,True,True,0.704537131608522,0.0029130241607443,0.680543993597143,0.0041036728791079,0.964575729764359,True,True,True,1.00277401873732,6.10219861713998e-06,0.691811993565624,0.0004112702751189,0.68921089871989,True,True,True,3,3,0.835829503854589,3_of_4
QPRT,1.8432744198999,3.06953025248336e-05,1.95008439183697,1.71432514478466e-05,1.0573721409327,True,True,True,1.52806391748398,2.56997873795773e-05,0.939040771544735,0.0041791762903775,0.614127873143389,True,True,True,1.20591086600194,0.0410583855478925,1.45324089318305,0.0165169870977963,1.20409960181825,True,True,True,0.175033300650926,0.820428159880876,0.0966267943365631,0.911734333261369,0.548912018233266,True,False,False,3,3,0.835750007038044,3_of_4
PHLDB1,0.859280489187222,0.0008499868543562,0.824081474903221,0.0010886380835212,0.957921846724431,True,True,True,0.629302966400501,4.14736922537063e-05,0.234694558563315,0.0650875624905744,0.372351981624957,True,True,False,1.56287458013943,6.26930418731166e-07,1.32533210057817,3.37630216102849e-06,0.847467001132538,True,True,True,1.50248394991552,8.21142211104888e-08,1.23793244047692,9.81942430038383e-07,0.823375893401775,True,True,True,4,3,0.835421447267157,3_of_4
CMPK2,-4.42816180301169,0.0062740583339756,-4.09799902128267,0.0074541267233427,0.925231274796996,True,True,True,3.49409594490989,0.0033143753203014,2.60459109849551,0.0394125924779348,0.745213046951894,True,True,True,2.53412476465258,0.008380580969932,2.90771054680362,0.0034122262400581,1.14696940653416,True,True,True,-0.434158540516635,0.205885749993578,0.122835430102335,0.731701305591655,0.282277419986979,False,False,False,3,3,0.835222160874445,3_of_4
MAF,3.30471255336707,0.002774252532086,2.75948557779973,0.0100801904884525,0.834762712501735,True,True,True,,,,,,,,,3.24319057032816,0.000437980486605,2.98963997033378,0.0010162889286066,0.921536483607795,True,True,True,5.81143744384051,0.0001650641859384,4.25918604012115,0.0047088696751438,0.732771076037067,True,True,True,3,3,0.834762712501735,3_of_4
CKB,0.166323327251132,0.604974373434178,0.423505917459277,0.167202813937904,2.53106320808243,True,False,False,1.59464561691151,2.99161985406464e-07,1.08024116491499,4.92425463238975e-05,0.676993157795198,True,True,True,-0.935630907034757,0.0028441722555949,-0.784221517569846,0.0092809177643779,0.837279137042981,True,True,True,-1.49781324493832,5.11700655237179e-06,-1.24695710201754,4.67438253825086e-05,0.831962958846721,True,True,True,3,3,0.834621047944851,3_of_4
KRT80,0.627043520408162,0.0076445903905112,0.587707913501365,0.0105765332938287,0.935775777321,True,True,True,0.702952790143125,0.0001540508578627,0.519202325374395,0.0043198359644928,0.73755276297553,True,True,True,0.461969974767355,0.266681713737674,0.268178445461199,0.533888502303433,0.579256669065764,True,False,False,0.571673717432368,0.0153931760993228,0.533534586135335,0.0270433226354843,0.931655443395383,True,True,True,3,3,0.834604103185457,3_of_4
PPIF,-1.19801085850052,0.0001322237197402,-1.2650642541848,8.15193390703529e-05,1.05508990616389,True,True,True,-1.1452853338778,7.66286732156189e-07,-0.640308894019507,0.0004363153062265,0.558594684146737,True,True,True,-0.492167761754451,0.0465834369796128,-0.59953511392088,0.0205704995930061,1.21568188437141,True,False,False,-1.10362848820008,1.07110886871222e-05,-0.677402581752237,0.0009864038428104,0.613240187980323,True,True,True,3,3,0.834165047072106,3_of_4
ARHGEF17,1.35318075818442,2.58865340680033e-06,1.47053446608996,1.31438325534807e-06,1.08592184403915,True,True,True,1.2782968155874,3.39361590407598e-07,0.897414003701964,3.97634087893278e-05,0.701490062952989,True,True,True,1.02630720641308,9.47662657723741e-05,0.992058686130636,0.0001507994397533,0.965688432766361,True,True,True,0.35957835442618,0.0150536041871787,-0.101894477201023,0.513112646045431,0.282586228347447,False,False,False,3,3,0.833589247859675,3_of_4
PPIA,-0.561706754910652,0.0008695209759904,-0.638446811666011,0.0002930468279364,1.13459951581243,True,True,True,-1.0215341002829,3.23228446150367e-07,-0.43520956844606,0.001278312345482,0.425618635432943,True,True,False,-0.57892245122285,0.0004635696045128,-0.645616848949699,0.0002261578772722,1.11328134923613,True,True,True,-0.717323341538831,3.70267805461149e-05,-0.397528763877425,0.007104414231162,0.553412009452202,True,True,True,4,3,0.833346679344166,3_of_4
TUBA1C,-1.3111610326288,8.00125772717107e-06,-1.52618607561642,2.27584465350576e-06,1.16310882404337,True,True,True,-1.3670458275496,2.59626146591278e-07,-0.535049628374056,0.0017391792018834,0.391105047505916,True,True,False,-0.843931733605391,0.0033588170319565,-0.98887050577253,0.0012084010167676,1.17035550499795,True,True,True,-1.58543036136667,2.06816397047821e-05,-0.797420376693214,0.0079607145434921,0.50265072839772,True,True,True,4,3,0.832879776220545,3_of_4
MARCKSL1,0.364467844476011,0.000533665484389,0.289930518561496,0.0026936366464875,0.7933133460132,True,False,False,0.72675184379667,0.0001964554421062,0.483615976922509,0.0097537889951209,0.664534182970244,True,True,True,0.604359282209403,0.0034492153677307,0.527964355258476,0.0088491173018939,0.872150425003056,True,True,True,-0.614629453486848,0.000140035548683,-1.13575404934911,6.43698771994581e-07,1.84486632813999,True,True,True,3,3,0.832731885508128,3_of_4
CMSS1,-1.47810629363886,0.0001680709888053,-1.60157957000809,9.84621442974419e-05,1.08280221434791,True,True,True,-2.25430220121399,6.85732484460406e-07,-0.960417266463961,0.0013139744547802,0.425848591797137,True,True,False,-1.54468803655552,1.06032192568513e-06,-1.38712704035969,3.28947010106799e-06,0.897417206806378,True,True,True,-1.32753958529044,8.21735454567012e-06,-1.02031836602384,0.0001161863205731,0.767999973294572,True,True,True,4,3,0.832708590050475,3_of_4
WDR43,-0.374678628753606,0.012513678597963,-0.34672351839016,0.0183069126098749,0.922925851652752,True,False,False,-1.83316703745764,2.56411158469615e-07,-1.07224496247056,7.76109488149225e-05,0.584595045365558,True,True,True,-0.594723299800359,0.0015902003564554,-0.462290095644973,0.0088918448904365,0.776014797138029,True,True,True,-0.806094965879053,6.27595204271225e-05,-0.717771654254265,0.0002784693744254,0.889327383516138,True,True,True,3,3,0.832671090327084,3_of_4
DDX24,-0.844508083199894,1.17744448530281e-05,-0.935669569737856,4.78341304893024e-06,1.10663586585327,True,True,True,-0.647058275739093,3.79369942131786e-05,-0.366505009689138,0.0075446045568556,0.565543290487493,True,True,True,0.311992044012761,0.0079243724855898,0.250442525039268,0.0274141779578456,0.800156201507337,True,False,False,-0.511211095811404,6.07584822002391e-05,-0.442863921441864,0.0003610009948608,0.864612120009455,True,True,True,3,3,0.832384160758396,3_of_4
GPRIN2,-0.956836768677441,0.0179199434914747,-0.716351910839337,0.0594730739665781,0.747885166100336,True,True,False,3.90164640378735,1.87561226726699e-07,3.28079716645876,5.02553135924095e-06,0.840659600438023,True,True,True,1.48869532922998,0.0054050037792671,1.22639230711474,0.0214246722872304,0.823250421110375,True,True,True,1.36998683175108,1.80963911643208e-07,1.15467760499005,2.12303570486088e-06,0.84222370211627,True,True,True,4,3,0.831955010774199,3_of_4
TARDBP,-0.48814772566133,0.0008024396092485,-0.595173276089038,0.0001555479479106,1.2167556851754,True,False,False,-1.03276263409904,1.07647146933142e-06,-0.520945983001426,0.001220796456945,0.503931914172395,True,True,True,-0.541441570216588,0.0001460010845785,-0.590060823443292,8.9589623390582e-05,1.08778688035965,True,True,True,-0.57861979921111,3.95933962067911e-05,-0.332929308453549,0.0055191331119249,0.574392574074732,True,True,True,3,3,0.831089727217191,3_of_4
HSBP1,-0.503643311065353,0.0002286793272702,-0.552913331130256,0.0001014596608285,1.09565175839347,True,True,True,-0.851381245326786,8.57001494919396e-07,-0.426378960993798,0.0010027287755264,0.500220955507219,True,True,True,-0.49194165554344,0.0129939656376272,-0.666799736920369,0.0023704425828111,1.35269504904239,True,False,False,-0.736709065068062,1.05206401400402e-05,-0.417735744932014,0.0022228914973807,0.566260826540708,True,True,True,3,3,0.830956292467089,3_of_4
SNRPE,-0.835579165167109,2.43925892398425e-05,-0.989418762830992,6.65861346134873e-06,1.18269591692898,True,True,True,-1.29581100519892,2.10601777512487e-06,-0.817861481450155,0.0003613536614436,0.630671299188043,True,True,True,-0.443101725615771,0.0132248628791914,-0.433513535118096,0.0163638690805439,0.976158186543874,True,False,False,-0.692403803526631,0.0002012068235315,-0.475271096555212,0.0047779171800225,0.685417492863462,True,True,True,3,3,0.830787839703668,3_of_4
NFATC2IP,-0.628811107351669,0.0001969878611601,-0.571063925878954,0.0004027716482048,0.906722538254772,True,True,True,-0.501898953318077,0.0010089736487225,-0.351900084257754,0.0192517490999202,0.6997431232178,True,True,True,-0.296679854386101,0.0365305457725851,-0.485453512880317,0.0028532429550463,1.63079061524488,True,False,False,-0.735488850433275,7.85922040156032e-06,-0.555926076601117,0.0001801892229059,0.75483298392646,True,True,True,3,3,0.830777761090616,3_of_4
LPCAT2,-0.425371997074171,0.0134948968723219,-0.291160319447766,0.0724897804310889,0.682878616432955,True,False,False,-2.03990180870968,5.93805401784659e-07,-1.42518386403559,4.84883522483836e-05,0.69831084374247,True,True,True,4.26072498750973,0.000149209385844,4.10486273346668,0.0002444882751158,0.963192778862366,True,True,True,0.849858256874998,0.002307945870267,1.19142829530053,0.0001831328524857,1.40026647878621,True,True,True,3,3,0.830751811302418,3_of_4
DAZAP1,-0.639984499530834,4.83939820305305e-05,-0.649827355074395,3.88903625499656e-05,1.01379574006865,True,True,True,-0.763343008998621,6.0461172220176e-06,-0.324946112116959,0.0121147307573327,0.425131267364735,True,True,False,-0.794658480332356,1.99497162531191e-05,-0.773588011715944,3.14308414317144e-05,0.972261379521534,True,True,True,-0.750873338613115,4.05716836686143e-05,-0.516892463428871,0.0014882669233228,0.687472792135863,True,True,True,4,3,0.829867085828699,3_of_4
ANXA1,-0.806794167642289,0.0001124290282966,-0.717082630192914,0.0002706920519879,0.887704639271988,True,True,True,0.67084960432636,0.002397123378609,0.732239391686927,0.0030807172394878,1.08988587173631,True,True,True,-0.160579370807636,0.522704920901139,-0.0237516848849051,0.931636763812804,0.146997013085179,True,False,False,-0.793617800823039,8.8510646876937e-06,-0.612816980992513,0.0001847314085029,0.7712097317198,True,True,True,3,3,0.829457185495894,3_of_4
HLA.A,0.934940477482765,0.0002615923478208,1.10111569853599,6.38127741828182e-05,1.17648047608483,True,True,True,1.82447140943869,4.9480065148499e-07,1.29602702812645,5.38339915273363e-05,0.709968406749773,True,True,True,0.535306870952557,0.0031873997731015,0.508752493797317,0.0047738670477207,0.94862199489203,True,True,True,-0.316907073764282,0.0376327741091563,-0.0879283908368844,0.593855310865089,0.276585197667166,True,False,False,3,3,0.829295200820902,3_of_4
RMI1,-0.850488317639977,0.0001324731222195,-0.910808213341814,7.84546633362587e-05,1.06966612984926,True,True,True,-1.09017783677445,6.41253134411753e-06,-0.248867123273557,0.115026565855923,0.228072010708369,True,True,False,-1.15618715111967,1.94744160227665e-05,-1.19203343816592,2.30201066430018e-05,1.03011292254026,True,True,True,-0.987049754909559,5.35841967034793e-05,-0.620763347065383,0.0029138977685735,0.628271343604761,True,True,True,4,3,0.82919213307251,3_of_4
METTL4,-0.576883095058199,0.0120407568759399,-0.479980283417169,0.0298360672088741,0.830583707192248,True,True,True,-0.217912614243847,0.159068181528554,-0.148371159314022,0.39116311021837,0.67776432082964,True,False,False,-0.522976881446201,0.0372285994161259,-0.934156497320408,0.0025376755314706,1.7828200640114,True,True,True,-0.556769630550641,0.0143621206127264,-0.461606439153932,0.0419976948875701,0.827593353726027,True,True,True,3,3,0.829088530459138,3_of_4
ASS1,1.47312666617753,7.57096027661397e-07,1.40296735207162,1.02188190511543e-06,0.951727815703634,True,True,True,2.95538923211209,3.04637083450222e-07,2.08767508764539,3.42681584688636e-05,0.706157046226935,True,True,True,1.0790453914883,0.0078035794633254,1.29666271467135,0.0024622653766277,1.2005631660393,True,True,True,-0.499038812820312,0.0013011834082038,-0.348636437668544,0.0183101639434294,0.697218753284709,True,False,False,3,3,0.828942430965284,3_of_4
FANCL,-0.528273534550707,0.0062468092366362,-0.53309664569187,0.0060982603095076,1.00722331817405,True,True,True,-0.32709277956829,0.0203278321804114,-0.0297444169610284,0.850280028911164,0.0906585539619817,True,False,False,-0.54320192114504,0.0019819372631782,-0.503027262460881,0.0038051663275407,0.924339372787357,True,True,True,-0.785017920105601,3.69803563496004e-06,-0.576232771716867,0.0001095876706704,0.733103860583039,True,True,True,3,3,0.828721616685198,3_of_4
UTP14A,-0.488975544581018,0.0009265229351272,-0.433794139567645,0.0021194911833429,0.885338348750826,True,False,False,-0.756033209829361,1.06287848598562e-06,-0.525815148538098,0.0001187320412281,0.694573423874785,True,True,True,-0.524510770198748,0.0067052122257001,-0.460821836352403,0.0153165284418287,0.876902743930672,True,True,True,-0.660861413737355,5.06795363595445e-05,-0.515678996527463,0.0006460804306662,0.779134401589543,True,True,True,3,3,0.828018572760107,3_of_4
ZNF251,0.564663908325011,0.0026368591550101,0.548120782337005,0.0032920913324767,0.968986661991653,True,True,True,1.22073292205566,3.1458837558692e-06,0.744472425367481,0.0011735598543227,0.609357750722514,True,True,True,0.271346092493538,0.286407654410885,0.300567212625899,0.244837602075271,1.10362226927501,True,False,False,1.09335943278398,0.0010993012348905,0.751674713603637,0.0211625470091192,0.686862735483008,True,True,True,3,3,0.827924698737331,3_of_4
RAB20,-1.20808978501381,0.0027626868874764,-1.0221401592436,0.0070945949177226,0.845379865013023,True,True,True,0.823793122943942,9.97448523111896e-05,0.503625369657147,0.0115637677439937,0.610608109654882,True,True,True,-0.73561163574057,0.0035028490312864,-0.596789353283096,0.0131786311802292,0.810181816749473,True,True,True,-0.226553388543775,0.385628356110456,-0.516525184226371,0.0686247213776614,2.26990767982787,True,False,False,3,3,0.827780840881248,3_of_4
CCP110,-0.895170977467762,4.18080325628718e-06,-0.982458876591689,2.18364234895996e-06,1.09628508542839,True,True,True,-0.455960981250162,0.0005821091605525,0.0282591776983736,0.821081562676935,0.0618415550952767,False,False,False,-0.707604546823239,0.0003021623130224,-0.788674803687193,0.0001909923318549,1.1129970972144,True,True,True,-0.835028960196706,3.11372251457444e-06,-0.467296517064527,0.000870598920263,0.558947762951392,True,True,True,3,3,0.827616424189891,3_of_4
KCTD7,0.859730816612777,0.0003263145143795,0.83022343950345,0.0004339144922193,0.964556425167415,True,True,True,0.745895208562078,0.0052209891065873,0.523143669073896,0.062064037962616,0.700424454564452,True,True,False,1.64966162540048,5.55002780603729e-05,1.57563264150769,0.0001086164978801,0.954546114880095,True,True,True,1.61505853513842,5.94726045259796e-06,1.11408188290864,0.000477695812319,0.689382134795765,True,True,True,4,3,0.827485284722274,3_of_4
LACTB,1.071102505322,0.0001844390128103,0.941729746195279,0.0005164597681686,0.878395248141348,True,True,True,-0.264803014368528,0.16645887778319,-0.0314004346440777,0.892396930949283,0.118134230789956,True,False,False,1.8218037625808,2.98324364840923e-05,1.7825289849464,4.61099671571467e-05,0.97790503922519,True,True,True,1.61722917649863,1.80017335113865e-06,1.25635226527182,4.93242009289859e-05,0.776374745627931,True,True,True,3,3,0.827384996884639,3_of_4
SYK,-5.75890075497937,0.0019735313773814,-7.15750702367007,0.0024156546605738,1.24264415797138,True,True,True,-0.732304143615183,0.000825798291473,-0.282935225354088,0.148990467096973,0.385836119729557,True,True,False,-1.75595856742852,0.0024005150539221,-1.04249087071471,0.0271251582249586,0.593349718110027,True,True,True,-0.925790332746372,3.07339386454367e-05,-0.98343085401351,3.01786192988068e-05,1.06111470875974,True,True,True,4,3,0.827232213434884,3_of_4
DDAH2,1.63634718436,3.06137969242141e-06,1.59054863170529,3.70957648598642e-06,0.971418063864688,True,True,True,1.94540184704867,1.05896074554883e-07,1.39405967631721,7.61272084453156e-06,0.716223979355046,True,True,True,1.74171243748215,0.0001447074052527,1.63234660502129,0.0003085634287217,0.936670083895014,True,True,True,0.166519510353304,0.177170480903314,-0.0158525845488251,0.916275483831346,0.0946312731895616,False,False,False,3,3,0.82644703162503,3_of_4
NSDHL,-0.908127114231503,0.0001628818760931,-0.859875200682252,0.0002410327399474,0.945825052648568,True,True,True,-0.440786328730158,0.0102324458091777,-0.312218081867836,0.0777624197179589,0.706717391561788,True,False,False,-1.20171711343361,7.9365253038879e-06,-1.25712356340332,8.97354440179105e-06,1.04523628155118,True,True,True,-0.876948403110689,3.29587444672292e-05,-0.570941950690715,0.001685201657901,0.650313786855573,True,True,True,3,3,0.826271222105178,3_of_4
BUD23,-1.12919360530374,1.57300671130187e-06,-1.06310528961354,2.35785324492641e-06,0.940639979402317,True,True,True,-0.879519167774016,4.00629287825383e-06,-0.377100307686134,0.0082596048592464,0.428270413055808,True,True,False,-0.589153459851335,0.0002793506047767,-0.558679992813572,0.0004892339758958,0.946669012080872,True,True,True,-0.675547448219506,4.06107415695963e-05,-0.481291455546768,0.0011649630555894,0.711393497696872,True,True,True,4,3,0.826016738549594,3_of_4
HMGB3,-1.44570852894188,0.0002972329765234,-1.4725958247657,0.0002593116263132,1.01789392632029,True,True,True,-0.95829409226736,1.46970144270514e-05,-0.144085915867889,0.378483517111923,0.150199940799522,True,True,False,-1.15055534182827,9.03388198844626e-06,-1.06279945966442,2.27791134996729e-05,0.922925213457013,True,True,True,-1.25798137729748,3.63166483343113e-07,-0.917658090394851,1.3113226363686e-05,0.728889328263687,True,True,True,4,3,0.82590727086035,3_of_4
NUCB1,0.70600134044808,0.0007133395114075,0.973923636487406,5.05490509896737e-05,1.37754142852142,True,True,True,1.37868478885969,1.14126537433471e-07,0.99625650060632,6.79281082968938e-06,0.722089935795934,True,True,True,0.610450298894606,0.0003686934642296,0.54444939079624,0.0010439185591193,0.890422969422876,True,True,True,0.442096055687943,0.0051863870487626,0.337182178734832,0.0311749395570823,0.760968585494017,True,False,False,3,3,0.825695777458447,3_of_4
MAN2B1,1.1501595023895,2.5587463421676e-05,1.35982680500788,6.0425953379738e-06,1.1812670635001,True,True,True,0.907748698897672,4.84503998154885e-06,0.72307621104949,0.0001870132740859,0.795683352203523,True,True,True,0.726169418244953,5.17287823467147e-05,0.621715403707174,0.0002223190238986,0.854980129950603,True,True,True,0.3919970441453,0.0019149627273822,0.191842923469005,0.105708550531139,0.488153604020686,True,False,False,3,3,0.825331741077063,3_of_4
HSD11B1L,1.26580463521379,0.000288940043871,1.24991893400919,0.0003240439598876,0.986670635127768,True,True,True,1.5880560488599,1.77459905200107e-06,1.05506346728075,0.000417627025289,0.66395610654371,True,True,True,1.60007256111674,0.0032337588552729,1.74430663381956,0.0019256503528224,1.08946132497762,True,True,True,1.40980790583573,0.0049479804414901,0.924553611731927,0.0699257611151657,0.655336284909917,True,True,False,4,3,0.825313370835739,3_of_4
DDX18,-0.699774252528437,1.63532803271938e-05,-0.680203076181152,1.79585537327828e-05,0.970645073969167,True,True,True,-0.925231844862112,2.02654471804731e-07,-0.539566101374923,6.57389579045608e-05,0.582538923022289,True,True,True,-0.524428286765896,0.0021143203545405,-0.562738484220847,0.0014448612152126,1.07100911464931,True,True,True,-0.40271890556462,0.0022018888642831,-0.274441568192121,0.0292488177311812,0.679783791170992,True,False,False,3,3,0.825214432570079,3_of_4
LRRC75B,-0.485770595180208,0.477627986320305,-0.265659208852663,0.700295973657609,0.545758538997848,True,False,False,1.11073366251263,0.0139138721346091,1.12017324884861,0.0232348335835587,1.00759137428375,True,True,True,1.6340386341768,0.0021766921787463,1.72643653766734,0.0016419315166314,1.05589953752778,True,True,True,0.699714580467057,0.0001161944488315,0.449896923514976,0.0064904898844215,0.64205446276728,True,True,True,3,3,0.824822918525515,3_of_4
MROH6,-0.847474892733631,0.00888856558657,-1.06018639124242,0.0027116648960294,1.24952005100197,True,True,True,-0.56607201960661,0.0014098052934135,-0.440189526786858,0.0143676522266065,0.77624977351594,True,True,True,-2.28077747013153,1.22304636527819e-05,-1.98962150002001,3.55506522888582e-05,0.871961234635786,True,True,True,-0.546582156853173,0.0225212831208201,-0.100170300003509,0.692228181955441,0.182932001618103,True,True,False,4,3,0.824105504075863,3_of_4
PGBD5,2.26890930725841,0.0012560135018277,2.3461577009234,0.0009346627545269,1.033590942784,True,True,True,,,,,,,,,1.71539856471821,4.13004594162861e-05,1.41422562721452,0.0002705288583347,0.823949434755383,True,True,True,1.84614378196025,2.5016952552551e-08,1.45366369981896,4.92356601473909e-07,0.78697918051419,True,True,True,3,3,0.823949434755383,3_of_4
TMEM217,3.02228648879679,1.3155615085847e-06,2.44288868629552,7.49066125799533e-06,0.808024213169339,True,True,True,0.735774066292641,0.0485724859265621,0.809827779663996,0.0489597869619835,1.0991534809836,True,True,True,1.70603035466845,0.0089639200291688,0.907008883082817,0.17306672934163,0.531337290284438,True,True,False,1.15623252756254,0.0112720046094298,0.971087922036953,0.037828675123824,0.839146756514302,True,True,True,4,3,0.82358548484182,3_of_4
TMOD1,1.80389874502757,0.0012503365082082,1.57690735952422,0.0035429801822021,0.873681897041893,True,True,True,3.05051459073315,1.99769060127782e-06,1.70544424279725,0.0018181455519185,0.558884511965418,True,True,True,1.03640673811975,0.143736981080381,1.07479244541452,0.135376029737028,1.03603765612948,True,False,False,-1.2844885037241,5.35839711061744e-05,-0.98887526940875,0.0005594241024575,0.769260297967619,True,True,True,3,3,0.821471097504756,3_of_4
PRTFDC1,-1.36994257144462,2.82555823837055e-06,-1.69865539849296,9.357587272362e-07,1.23904198022169,True,True,True,-0.451743209730278,0.062143950636018,0.0433875579988738,0.874411099451958,0.0958325979636933,False,False,False,-0.944137562813656,4.18034802708965e-05,-0.938527767393255,5.90487259623888e-05,0.993006525525529,True,True,True,-1.66153526204209,9.02557595061659e-07,-1.08001892067267,4.05646771809774e-05,0.649621662367681,True,True,True,3,3,0.821314093946605,3_of_4
SLX1A,-0.638461262375908,0.0002145924049609,-0.473802671909606,0.0018341708553757,0.740940381828916,True,True,True,-0.572640960947744,0.000134343408259,-0.405014547806914,0.0047652688065554,0.706041889229401,True,True,True,-0.285710442265084,0.140988432047862,-0.484695219838398,0.0225414365187968,1.69053912375561,True,False,False,-0.911093934761972,4.38205074632175e-05,-0.822344581030021,0.0001727917617073,0.901600755896515,True,True,True,3,3,0.821270568862716,3_of_4
KIF3C,-0.348016127714537,0.0347791920237209,-0.330806738365486,0.0428139325358147,0.947826510286812,True,False,False,-0.73405045749843,0.0025869955887782,-0.783181419721777,0.0041969250666916,1.06547980717834,True,True,True,0.633349846129687,0.0020951817012284,0.440666015834094,0.0223429803232875,0.69467348108098,True,True,True,1.70164690496187,0.0001161944488315,0.887679711447726,0.0263249523877804,0.52135278833259,True,True,True,3,3,0.821249995683896,3_of_4
PBXIP1,2.33558040601828,1.39310797090403e-06,2.47969123242051,9.357587272362e-07,1.06124797847043,True,True,True,2.79726929976107,6.96940651583104e-07,1.81864461698283,0.0001799083244219,0.649917653436042,True,True,True,1.16557125631989,0.0010289970568685,1.15790948863494,0.0012097440369774,0.992575020481582,True,True,True,1.89228646682614,1.73108520131734e-07,0.940831310517247,0.0003216062628258,0.496930246427227,True,True,False,4,3,0.821246336958812,3_of_4
NME1,-0.660843287023972,0.0006460608994094,-0.847751030153652,8.24281439384831e-05,1.28089390158451,True,True,True,-2.31968141948896,4.14468978054994e-07,-1.07626925521741,0.0006576549792113,0.463772944523517,True,True,False,-0.85145003285436,0.0008464330166085,-0.855429613536287,0.0009486611908144,1.00349531417337,True,True,True,-1.17268471753644,1.36783904985491e-06,-0.749878186127154,0.0001476334679319,0.638909389312954,True,True,True,4,3,0.821202351743162,3_of_4
RAC3,-0.263842750572282,0.13055158656286,-0.324367355570116,0.0702277315316339,1.22475451893326,True,False,False,-2.58156595571065,1.12969574644796e-06,-1.53023749130151,0.0001390191009655,0.592526006128828,True,True,True,0.827790279780887,0.0128061325538027,0.835859146676218,0.0135138952904221,1.00852913827271,True,True,True,-0.913901833386377,0.0002173630829486,-0.579691875677365,0.0072064337156797,0.633611011065219,True,True,True,3,3,0.821070074668965,3_of_4
DLGAP4,0.877497857776322,7.9961229631961e-05,0.893599095301211,6.31385095808803e-05,1.01718983989684,True,True,True,1.32226885621229,2.05379723107999e-06,0.571124325866618,0.0071027583043167,0.431601124129376,True,True,False,0.97692233394132,2.69265753667328e-05,0.878119705894749,7.79927740568327e-05,0.897944218489891,True,True,True,1.44085608224623,2.62323088018793e-08,1.07285043451807,8.15942268027074e-07,0.744075950247895,True,True,True,4,3,0.821010084368893,3_of_4
HMGCS1,-0.744310233698529,0.001870493211929,-0.636922398540885,0.0050453793641969,0.854573531588611,True,True,True,-0.574594280065788,0.0843453260258794,-0.10492282843859,0.785113727503477,0.182286086002449,True,False,False,-1.62218187906483,2.55672630599112e-05,-1.63192235310441,3.16080567098753e-05,1.00538477797979,True,True,True,-1.14694462908716,2.21788555590794e-07,-0.903476957261386,3.79816941414463e-06,0.787038794701994,True,True,True,3,3,0.820806163145303,3_of_4
NDRG2,0.879077029382026,0.0061091564495441,0.925221692465426,0.0043150351329516,1.05129626336811,True,True,True,1.57438967898858,3.72046813499548e-06,1.00921705113742,0.0009668543627374,0.640614233162522,True,True,True,2.84364255179799,0.0001298297956246,2.62478912107121,0.0003192811333943,0.92271316106559,True,True,True,-0.725312460419976,0.0181240488295441,-0.521982989932614,0.0828583466257985,0.718675526550636,True,True,False,4,3,0.820694343808113,3_of_4
PDK4,-1.03793579964241,0.001529501065373,-1.20167299246618,0.0006285635358463,1.15663835328399,True,True,True,2.96101932450556,0.000106581086068,0.697537595958665,0.365881567487493,0.235493938269664,True,True,False,1.09497650560759,0.0130032890534191,1.17813741727947,0.0093785940601692,1.07496594247368,True,True,True,2.73281387695893,0.0001885249793026,1.54642571460382,0.0256699756031245,0.565666056360812,True,True,True,4,3,0.820315999417246,3_of_4
PSAP,1.45211224800317,9.22408044141623e-06,1.5504746750163,4.98953453800301e-06,1.06700268829674,True,True,True,2.29515599543469,1.03709072906824e-07,1.43327260457718,1.627809427064e-05,0.624205240160891,True,True,True,1.15735738448939,1.12878959671358e-06,1.17636197267131,1.35222010928888e-06,1.01554320663295,True,True,True,1.0684116692875,1.4351613036829e-05,0.48002158986205,0.0131473510885951,0.448865113078359,True,True,False,4,3,0.819874223396921,3_of_4
HAUS1,-0.718408714088749,0.0006014119224905,-0.868521016957133,0.0001628464186051,1.20727063760586,True,True,True,-1.40087174065463,1.25317588607092e-06,-0.528068721283956,0.0047349931072475,0.376688327448105,True,True,False,-0.779998050515943,0.0003385696459378,-0.718335384043809,0.0007772694858092,0.919765911796146,True,True,True,-0.897703381372192,1.96457390554301e-05,-0.646828355645005,0.0004706178790905,0.719735086183152,True,True,True,4,3,0.819750498989649,3_of_4
STEAP3,0.6338705604356,0.0132091402268246,0.671292892718808,0.0089912099093286,1.05736969794003,True,True,True,-2.14895955021617,3.90966607942256e-07,-1.56447202841004,2.2632293862425e-05,0.727675098935112,True,True,True,1.27690644796008,0.0001316835628812,1.16332288645504,0.0003162882965511,0.910334937516006,True,True,True,-0.441244326295275,0.0201506976004624,-0.0670477485699763,0.741439810204224,0.151607933857834,True,False,False,3,3,0.819005018225559,3_of_4
ERO1A,-0.821796795844377,0.0006162440217668,-0.936902749315975,0.0002064069464806,1.13868060017723,True,True,True,-1.6586245831327,3.09971323442072e-07,-0.794474346526142,0.0003767375989103,0.478707265848338,True,True,False,-1.36592659038492,2.875860513735e-07,-1.36844849735504,4.04635544886316e-07,1.00111337871457,True,True,True,-1.34309907040613,6.15807570468893e-07,-0.855675887642734,9.42031563880415e-05,0.636616679888176,True,True,True,4,3,0.818865029301373,3_of_4
GOLGA8B,1.15250656364075,0.0061469172971136,1.35530906426721,0.0019719978449385,1.1749469894558,True,True,True,0.929853878465429,7.8236699778782e-05,0.264998809970188,0.191259047288166,0.284683575049454,True,True,False,1.07018945384096,0.000481529928737,0.835298552804184,0.0033838658299779,0.779786012464048,True,True,True,1.09636756018046,0.0001175982420691,0.941285024067911,0.0007158330600833,0.857766402273745,True,True,True,4,3,0.818776207368896,3_of_4
PLA2G4C,2.16494457316782,0.0009396872444458,1.94942354451202,0.002229924259817,0.900033901449692,True,True,True,2.97804371067463,0.0002296603564183,1.43397423126252,0.0703015519641407,0.481353874105387,True,True,False,2.0414734503674,0.0006911429385239,1.50464597435394,0.0088632088414257,0.736678351477854,True,True,True,1.75620581386353,2.49974047876318e-05,1.58716473797598,0.0001265857462825,0.903232123097929,True,True,True,4,3,0.818356126463773,3_of_4
MYEOV,-6.55713259276702,3.06728653805025e-07,-6.22500444020818,3.56143127920601e-07,0.949203809492012,True,True,True,-1.01253262385604,3.58021422613175e-05,-0.600501547207051,0.005471331393708,0.592483688312282,True,True,True,-1.03297089020658,0.0723284829020586,-0.889146308951412,0.11968436157519,0.859933599072375,True,False,False,-3.89418542398228,6.01227981430473e-06,-3.02489234707588,1.25897701822036e-05,0.776572105772401,True,True,True,3,3,0.818252852422388,3_of_4
CADM1,3.10111481299416,4.68070025915091e-07,2.53778296868225,2.21589720688331e-06,0.818081573915952,True,True,True,,,,,,,,,2.70044560866036,6.45260712601873e-06,2.5313582908143,1.49676543422226e-05,0.937038407399065,True,True,True,1.69508000531965,1.46823220440191e-06,1.16358673078744,0.0001244479735693,0.686044719080422,True,True,True,3,3,0.818081573915952,3_of_4
CAPN6,,,,,,,,,8.75074782361087,0.0010433576639574,7.00898012580616,0.0105444519695761,0.800866326026558,True,True,True,3.5184158966564,0.009356064667149,3.24832117753301,0.0172056338345489,0.922971672833284,True,True,True,4.40336784301596,6.86053880311312e-05,3.60226820167696,0.0006902092449667,0.817885410590558,True,True,True,3,3,0.817885410590558,3_of_4
BOLA3,-1.1882016885991,6.50042941414392e-06,-1.32480830188384,3.53264132237814e-06,1.11403163532713,True,True,True,-2.05406186709098,2.99161985406464e-07,-0.985903151236321,0.0001528531935773,0.47974378145214,True,True,False,-0.9221539550457,0.0014597402539007,-0.982642555647574,0.0012738102125275,1.06444060633302,True,True,True,-1.08648504474235,9.50229169900788e-06,-0.620000748112739,0.0013524553189131,0.570123470764264,True,True,True,4,3,0.817282038548642,3_of_4
MRPL3,-0.642386949661435,0.0001158805176274,-0.691005572770051,5.8759364011609e-05,1.07401241684133,True,True,True,-1.33219511680657,2.81747639075977e-07,-0.707173577273999,0.0001914256060676,0.530435169135563,True,True,True,-0.880489717378181,5.30078755961183e-05,-0.851777168985727,8.70303534731e-05,0.966292802052384,True,True,True,-0.469029879030473,0.0001609844011641,-0.31386311890806,0.0053113929272778,0.667751419453297,True,False,False,3,3,0.81702211075284,3_of_4
DOK4,1.12154218956333,6.18903102673695e-05,0.870567761675146,0.0005733756234726,0.775532331674588,True,True,True,2.55673425176027,2.01703539370269e-06,1.78539895464732,0.0003020667792328,0.698039271835447,True,True,True,-0.0070548448424787,0.974077834294458,0.176823516646508,0.343588409343814,21.952442300812,False,False,False,1.20220800853239,5.16967544161873e-05,1.03218978327046,0.0003823922515186,0.857864788092186,True,True,True,3,3,0.816698559883387,3_of_4
DNA2,-1.41538985432525,7.98196417067993e-05,-1.397594781955,8.80997475164726e-05,0.986730297232181,True,True,True,-1.13074011507397,9.31053837639483e-05,-0.323003969789571,0.147964443932591,0.28540471923491,True,True,False,-1.92003334950524,2.25530169719067e-06,-1.23903745482488,3.57320714071589e-05,0.644984875012187,True,True,True,-0.693024941021337,0.0066086779225984,-0.846224541577546,0.002678004039974,1.21929990056586,True,True,True,4,3,0.815857586122184,3_of_4
GTF3A,-1.08826577782979,4.21838240446305e-05,-1.22878364930546,1.65005538413077e-05,1.12808432461143,True,True,True,-1.25225031270273,1.37858639161438e-06,-0.429089864369565,0.0143199130435448,0.342381613649232,True,True,False,-0.822490871011966,1.89204716070192e-05,-0.735962205233861,5.75121797557409e-05,0.893710217248015,True,True,True,-0.758274449047399,1.26626631137856e-05,-0.559470248758424,0.0003048379696835,0.736848513024963,True,True,True,4,3,0.815279365136489,3_of_4
CDR2L,0.0294404287445325,0.831891722627191,-0.0408316029547491,0.763390042605058,1.34136096759422,False,False,False,2.46709477281594,1.33453554936734e-07,1.74509041726133,1.14171798758273e-05,0.707059727398674,True,True,True,1.064239301551,1.20424781703453e-05,0.937941687125422,4.85038755274009e-05,0.880498575071131,True,True,True,0.986054630526901,9.76909251900039e-07,0.737430740208429,3.63091724904886e-05,0.747102254932718,True,True,True,3,3,0.813800415001924,3_of_4
PSMC5,-0.538409144883215,0.005444098933236,-0.625282833438765,0.0018752593257125,1.15919954151712,True,True,True,-0.730270787853699,1.48797481288063e-06,-0.342501777294096,0.0026892118759172,0.468365184255956,True,True,False,-0.575316703716958,0.0004833935083305,-0.543269620118317,0.0008643866610242,0.942658119423741,True,True,True,-0.71230466617632,6.66277956970643e-06,-0.487994357488309,0.0003740988841581,0.684131733084279,True,True,True,4,3,0.81339492625401,3_of_4
DPP9,-0.196447496744566,0.17634876000472,-0.183655404336101,0.202587201278042,0.930148051325728,True,False,False,-1.32474764559871,6.80043289649866e-07,-1.04573318859998,2.7275097466061e-05,0.788787513273482,True,True,True,-0.519322086297086,0.0015862155536843,-0.435903714096163,0.0055717081132482,0.837757469029053,True,True,True,-0.791213163437119,4.47964994987125e-06,-0.546131289909545,0.0002528569349683,0.689374167351731,True,True,True,3,3,0.813272491151267,3_of_4
TRMT2B,-0.625269529679772,0.001707340564088,-0.668255489526911,0.0010925507960367,1.06704135816508,True,True,True,-0.829913458410123,3.93134904065343e-05,-0.368107936579065,0.0239971006960477,0.443015975795368,True,True,False,-0.888745405135297,3.5741246154871e-05,-1.08490082210209,1.27465097042966e-05,1.21933849373138,True,True,True,-0.705904544491206,5.26547681807906e-05,-0.395512395241312,0.0067976203638164,0.559499013443154,True,True,True,4,3,0.813270185804117,3_of_4
MGAT3,2.64931012113213,0.0018619509111404,2.3771589685551,0.0043148495210786,0.896936154603542,True,True,True,7.61586313473344,0.0009346211812657,4.83087274143464,0.0345339357666602,0.634233890773948,True,True,True,,,,,,,,,4.82079206132848,1.46490201681225e-05,3.9186989719842,0.0002206584870561,0.812705923885182,True,True,True,3,3,0.812705923885182,3_of_4
SRP68,-0.815345052953533,0.0002553105684517,-0.851651680556538,0.0001732738256672,1.04324963748511,True,True,True,-0.575512072930672,9.18154837299414e-06,-0.410329335023123,0.0006309987903349,0.711744565794144,True,True,True,-0.305349739921188,0.0097638704435495,-0.275709352026587,0.0185874321583292,0.899982327706615,True,False,False,-0.525092175258013,5.3420728608315e-05,-0.381403578867285,0.001328522118374,0.724974817730813,True,True,True,3,3,0.812478572718714,3_of_4
DEK,-0.641869257615174,0.002774252532086,-0.843786993995798,0.0004451016270526,1.3125328112997,True,True,True,-0.435097588848413,0.0008209077780377,0.277942227472712,0.0241637944527512,0.637339518905995,False,False,False,-0.974702913209819,0.0003095612639813,-0.963071888336331,0.0004386986036614,0.987054435625353,True,True,True,-1.72788736248517,1.73108520131734e-07,-0.880352873937234,0.0001026013740066,0.509201983333247,True,True,True,3,3,0.812196977265674,3_of_4
AC012651.1,1.68702873076127,0.005142578389367,1.95131428574407,0.0016803947334439,1.15597220010827,True,True,True,4.61293847995125,3.59819154962968e-06,2.29048079758148,0.0071745995137602,0.496426384429313,True,True,False,2.402570692334,0.0001426649105638,2.29608155450415,0.000262474371187,0.955279394039594,True,True,True,1.58462114915678,0.0015265007845532,1.05964329159809,0.0327955949025194,0.668282768656056,True,True,True,4,3,0.811781081347825,3_of_4
CEP250,0.722799558675284,0.0068462545611135,0.842280421069761,0.002379630789958,1.16369291881211,True,True,True,-0.950115509373916,0.0002088744282736,-0.664617461717818,0.0064321552142501,0.698776810142977,True,True,True,0.97189983574265,0.0043722633475324,0.897541575970251,0.0076780780914121,0.92254263285503,True,True,True,-0.0408958417043781,0.757954692471109,-0.0097371491276465,0.94911534518004,0.232413259443575,True,False,False,3,3,0.810659721499003,3_of_4
ABT1,-0.329372172659866,0.0351285795898111,-0.339323809210662,0.030972999077504,1.02709561304369,True,False,False,-0.566926625973116,7.29054256820836e-05,-0.354745956118036,0.0063971964305952,0.624633429556494,True,True,True,-0.503900359270243,0.0089815070240804,-0.457461165473822,0.017157770738196,0.906042463774462,True,True,True,-0.556720835462073,0.0002734113449164,-0.3986449234596,0.0047122936761859,0.714775023833065,True,True,True,3,3,0.810408743803763,3_of_4
PRADC1,-1.19724080188785,5.74604474215365e-06,-1.27163672953208,4.05761952233224e-06,1.06125306994103,True,True,True,-0.169745214573535,0.368481311427959,-0.0188921281827836,0.935902984339982,0.110645140070074,True,False,False,-0.796006460045783,0.0067556260729345,-1.0496026599913,0.0018873771706451,1.31693118262932,True,True,True,-0.727842895848742,0.0004845212603757,-0.407408930258231,0.0249365514816629,0.558980450490364,True,True,True,3,3,0.810116760215697,3_of_4
FASN,-0.751516700745936,0.0020985558030019,-0.565965250744703,0.0122207032077482,0.752096598233218,True,True,True,-1.58177074972768,3.8653150562447e-05,-0.759682557437014,0.0182858860006056,0.479970050980358,True,True,False,-1.26418649096581,3.72894953717668e-05,-1.23247005470936,5.56971658034945e-05,0.974141016767042,True,True,True,-1.21888680439702,1.62271461649947e-06,-1.05831835759376,1.14378584748578e-05,0.867554558159909,True,True,True,4,3,0.809825578196564,3_of_4
CD24,1.40965300285623,1.42218667928447e-06,1.33667014058452,1.98242134069727e-06,0.947554173760725,True,True,True,2.99496952923355,3.50179985026978e-07,2.01327237328398,5.79461624007274e-05,0.6719936079587,True,True,True,0.50563194169154,0.0027310053970068,0.571697765719474,0.0012533055469387,1.1284281915007,True,True,True,0.166699770673805,0.369320620610447,0.0548984860966932,0.792936950049623,0.327361724325056,True,False,False,3,3,0.809773890859713,3_of_4
NMT1,-0.542889839492275,0.0011662295762565,-0.587585379298621,0.0005986509132834,1.08033895218035,True,True,True,-0.559935404624405,2.08971461283743e-05,-0.3023994896006,0.0070847975658564,0.539098596928612,True,True,True,-0.523214125789075,0.0038986166501847,-0.635188583163337,0.0011321413539143,1.21169680845059,True,True,True,-0.48033272689689,0.0028432345599275,-0.0939955183635286,0.553944896625722,0.195281793884055,True,False,False,3,3,0.809718774554481,3_of_4
ADPRH,-0.386503475945403,0.0757073603269354,-0.299044079271712,0.161913561789029,0.771719733718842,True,False,False,2.47036619779838,0.0003539878760192,1.85324341658759,0.0087271342227883,0.749886203929856,True,True,True,1.6269806985152,0.0035933263576128,1.37966516432749,0.0129371881238901,0.847470222211979,True,True,True,2.5730244141551,1.63000178648087e-05,2.42719629408107,5.43646987089494e-05,0.942957759348905,True,True,True,3,3,0.80959497796541,3_of_4
RARB,2.80601905864395,0.0085358698607335,3.16191882067586,0.0034760985606312,1.12643297199534,True,True,True,2.19500547243661,0.0002168792674498,1.23608876912094,0.033579838263454,0.562880550452099,True,True,True,4.76013971283761,0.0002657411480069,4.89509192207488,0.0002417946563305,1.02813448403459,True,True,True,1.87981423275993,0.0092830050452405,1.10920673964437,0.143243141194646,0.589748163494438,True,True,False,4,3,0.808941323764514,3_of_4
CA2,-5.99666949459526,0.0003080627925823,-5.44342526976828,0.000549510374073,0.907590068888185,True,True,True,-3.55466243073316,2.21434523921443e-06,-2.51989644656118,5.21158218076549e-05,0.708699573047375,True,True,True,-1.10594852829793,0.519954361083491,0.474429954876257,0.755423925769067,0.428592606384103,False,False,False,1.48463793428532,0.0026146960689738,1.80277021301488,0.0006706413736936,1.21346538844414,True,True,True,3,3,0.80814482096778,3_of_4
MRTFA,0.377790715199757,0.0052152872012726,0.478890541141969,0.0009290644010259,1.26426156166321,True,False,False,1.22101771760487,2.97640117252248e-07,0.643173891934437,0.0002896499669808,0.526321249412852,True,True,True,0.698499731301877,0.000905462505026,0.486538226688046,0.0119441976928832,0.695551699187251,True,True,True,1.10962110592499,1.70380633248528e-06,1.02257940068741,6.81303281705416e-06,0.920727505746207,True,True,True,3,3,0.808139602466729,3_of_4
PSD4,-1.36081281952019,0.0005319993974556,-1.42447325964528,0.0004250790333034,1.04601252038967,True,True,True,0.243216050117637,0.0630819033417359,0.188615059053341,0.1870979569736,0.772328677670802,True,False,False,-0.680929952505102,0.0117558873358818,-0.57494046630972,0.029835110426051,0.843107806304224,True,True,True,-0.621859731475975,4.1398382555462e-05,-0.343825736538276,0.0069156070684129,0.552011503012919,True,True,True,3,3,0.807718241987513,3_of_4
MPRIP,-1.19688836947143,7.35358517365274e-07,-1.09842082538224,1.30907527970566e-06,0.916964262593951,True,True,True,-0.945518141409682,1.47536626165152e-05,-0.786380466479889,0.0003034344769385,0.830813940141396,True,True,True,-0.640961518705137,0.0012012139596429,-0.322949814420372,0.0608125471703443,0.503067247818491,True,True,False,-0.885471039192753,2.65632886904263e-05,-0.695253276490151,0.0004034049636319,0.784293277221182,True,True,True,4,3,0.807553608681289,3_of_4
RASGEF1B,-1.89569618455842,0.0021342360031132,-1.4662801547169,0.0081909634280103,0.773070651301106,True,True,True,2.42532025615741,0.0002161857354995,1.47704827568899,0.0214343947318528,0.608760641527268,True,True,True,1.02760332492987,0.402768273594644,1.33431907153416,0.264986312454347,1.29721442580903,True,False,False,1.62527998208476,6.93024773106746e-08,1.36852631027695,7.78705857192105e-07,0.841507197624489,True,True,True,3,3,0.807288924462797,3_of_4
UBA5,-0.269142443052965,0.0569321308964278,-0.311060932277695,0.0304148386971874,1.15147004951276,True,False,False,-0.502339471304146,0.0014001160932227,-0.307440286082742,0.042855708639571,0.610801066894611,True,True,True,-0.668283015822043,0.002613361110794,-0.64140736506117,0.0039701697264809,0.958349980349292,True,True,True,-0.543270977417992,0.0007781223685101,-0.356999412521937,0.0164408469134389,0.655922191948454,True,True,True,3,3,0.807136086148873,3_of_4
LRRC59,-0.693290503497163,0.0010853969490183,-0.777822114649988,0.0004168473187332,1.12031219026052,True,True,True,-1.27106471751065,3.41006232412637e-07,-0.643075887167136,0.0003831833286231,0.505537083384873,True,True,True,-0.63547228113386,0.0046986669277869,-0.705413199317731,0.0025564771706913,1.1083172358442,True,True,True,-0.396284072288763,0.0031914734544836,-0.134160090783887,0.297568721539809,0.337693102094397,True,False,False,3,3,0.806927159614536,3_of_4
MSX1,-1.14703707293406,4.94660874511078e-05,-1.07623611382846,7.72176556013966e-05,0.937457630246995,True,True,True,0.366632001028389,0.125828696825439,0.116040720509684,0.687106022120974,0.315643687668863,True,False,False,1.92965320296246,0.0002445534964253,1.8107469755389,0.0005160871303629,0.937893440810824,True,True,True,1.81254339260312,0.0002872076282796,1.2262032230088,0.010602307122611,0.676136687994399,True,True,True,3,3,0.806797159120697,3_of_4
DHRS12,0.873351129745856,0.0131203647392496,1.30829994645968,0.0006724915788276,1.49630955110673,True,True,True,1.33641076827389,4.99197421144159e-05,0.84630237249882,0.0066920995020372,0.632791654273196,True,True,True,1.36808700480525,0.0148932959190527,1.34249687466771,0.0186888998708673,0.980578202813836,True,True,True,0.108227688941574,0.676731346617487,-0.0316398737036212,0.917418855053233,0.289668984212835,False,False,False,3,3,0.806684928543516,3_of_4
GPR161,0.334664488517537,0.259691906769529,0.413985583601485,0.160637693111687,1.23333148951756,True,False,False,1.02366607718755,2.5463904681001e-05,0.754303130708622,0.001348153395009,0.736145313582542,True,True,True,2.63992446439442,7.7124483671457e-05,2.23068173617565,0.0004049043852691,0.84465942371705,True,True,True,2.4053061320682,3.48454331777607e-08,1.84970012870398,9.13461617645138e-07,0.768688615323512,True,True,True,3,3,0.806674019520281,3_of_4
PDZK1IP1,5.39060581488124,3.54931534741433e-05,4.88040549586689,8.24281439384831e-05,0.905185887736192,True,True,True,7.79572299533249,2.73516062513255e-05,5.51673110449175,0.0021136458085114,0.70757048926765,True,True,True,-0.576521729439012,0.250520307582309,-0.109510350756002,0.840839963796095,0.189621178171733,True,False,False,2.02956419061564,2.13706527619489e-05,2.63096594238468,2.13728451534983e-06,1.29568223183676,True,True,True,3,3,0.806378188501921,3_of_4
MCTS1,-0.452775699154575,0.0002129100512784,-0.586065915117679,2.65843873857538e-05,1.29153217373599,True,False,False,-0.822630962048688,5.89704030370697e-07,-0.536981652860614,0.0001011933104188,0.651968754944488,True,True,True,-0.872016856017758,4.03432150945257e-05,-0.838647366359234,6.98851961118311e-05,0.960631356174153,True,True,True,-0.569496173082196,0.0001551577109518,-0.360708884699224,0.0068504619655309,0.632272224983451,True,True,True,3,3,0.80630005555932,3_of_4
MACC1,-2.79356920597771,0.0065857703448062,-2.1617848542233,0.0168960824609896,0.773566405011243,True,True,True,0.407726905533273,0.0679667329840433,0.125535309037499,0.622190359305012,0.307137375440726,True,False,False,-1.34626376338628,0.0161637001399663,-1.52553225556706,0.0107569632226769,1.13231892449383,True,True,True,-1.31823594379523,5.87690755636915e-06,-1.10686792092113,5.36310323416913e-05,0.839021955190858,True,True,True,3,3,0.80629418010105,3_of_4
EIF3I,-0.478711399637558,0.0031803392897012,-0.526597650583375,0.0015219163212601,1.0977384547902,True,False,False,-1.06386886982403,2.22703985921481e-07,-0.656846904938937,4.90057483589633e-05,0.616833606045298,True,True,True,-0.60658583294538,0.0004759333214468,-0.604790266759735,0.0005609844890651,0.995398895046494,True,True,True,-0.695444121299671,5.23293812428183e-05,-0.366030532032385,0.0108560568959547,0.525570567455313,True,True,True,3,3,0.806116250545896,3_of_4
RAPGEF2,0.687148850344811,0.0001285872628295,0.707395727686956,9.56969678099865e-05,1.02796906124671,True,True,True,1.20331811247317,2.57028502220238e-06,0.520500488954329,0.008503410730431,0.432195184614003,True,True,False,0.655885986701431,0.0081688304977396,0.520325102037578,0.0312728974881673,0.792108695529346,True,True,True,1.5153543375098,2.24596635773471e-06,1.24333364235493,3.30086087631859e-05,0.81994927676124,True,True,True,4,3,0.806028986145293,3_of_4
ARHGAP42,0.380295515015614,0.0012818769945014,0.378320879266126,0.0013102364794132,0.992198608081277,True,False,False,1.6993490294992,6.43483122652309e-07,1.34067310403345,3.63003911984628e-05,0.78846935586414,True,True,True,0.654921523953581,0.0003401370186492,0.407376934547979,0.0110402252327879,0.621075722736625,True,True,True,1.42773454025087,2.17855265033243e-06,1.17600676203998,3.21603184703134e-05,0.823110752143982,True,True,True,3,3,0.805790054004061,3_of_4
DYNC2H1,0.55136183491293,0.0099602502484297,0.501231037210027,0.016457599675309,0.907432421157478,True,True,True,1.03448434533287,0.001988115766627,0.722572399610065,0.0358391068483013,0.697811031974399,True,True,True,-0.241031727543764,0.202574285866006,-0.395367747193622,0.0447270473461137,1.63353685570885,True,False,False,2.77821647780267,0.0001059164142311,1.9565520740446,0.0037874241938529,0.703994125564306,True,True,True,3,3,0.805713273360892,3_of_4
ELK3,-0.77910749992011,9.76852121049035e-05,-0.720315314627998,0.0001762026754694,0.92335391558441,True,True,True,-1.63093446980326,2.21988155068442e-06,-1.23948422795088,0.0001057845932927,0.759518381948454,True,True,True,-0.430361507512598,0.0234437323453632,-0.324645104313482,0.080324139858765,0.752605642041439,True,False,False,-1.42571521060932,2.84655610460106e-08,-1.21536235842283,1.68290198917428e-07,0.851860518052355,True,True,True,3,3,0.805689450000404,3_of_4
BEX4,,,,,,,,,4.47098321717587,3.40727022970347e-05,3.48544627821704,0.0012330492944951,0.779396099884775,True,True,True,3.3302220547368,4.73317836806682e-06,3.26565750711486,8.25915060938134e-06,0.980318169565217,True,True,True,2.53707220131864,1.64500964193645e-05,2.04400226500497,0.0002764656027081,0.805336532169188,True,True,True,3,3,0.805336532169188,3_of_4
PSMD12,-0.538009079823707,0.001200412030661,-0.673633426072795,0.0002103787169702,1.24976266873486,True,True,True,-1.30281145085611,1.85288094916277e-07,-0.717973336037976,7.50640966514811e-05,0.550672672468507,True,True,True,-0.815889683581654,0.000122520737617,-0.865207008668038,9.73855170087163e-05,1.05914791930599,True,True,True,-0.211040282908915,0.0836197386842931,-0.0296949813379763,0.831752317203046,0.140044056396266,True,False,False,3,3,0.804910295887248,3_of_4
SAPCD2,-1.55910716334371,2.74238115069738e-05,-1.83654421193441,8.69770905905958e-06,1.17719106423319,True,True,True,-1.49184857944865,3.25653637749594e-05,-0.370340880621806,0.168557098964336,0.248076654069352,True,True,False,-1.06399701366086,0.0010633169174383,-1.11403340903249,0.00094251776231,1.04604369283917,True,True,True,-2.24268951420396,3.41400519589537e-07,-1.26429003965857,7.20658273202045e-05,0.563487074149441,True,True,True,4,3,0.804765383494306,3_of_4
PA2G4,-1.59865094747493,6.67422305594537e-07,-1.64747603776548,6.01269981583812e-07,1.02989720374063,True,True,True,-1.78833649628694,2.99302912930889e-07,-0.89076142615159,0.0003357490058146,0.497816608558543,True,True,False,-0.815439233690926,0.000123095836526,-0.811620100071441,0.0001491848600844,0.994097376239872,True,True,True,-1.48669144459341,3.64366902101097e-08,-0.915261165128691,5.60925628445071e-06,0.615222443104682,True,True,True,4,3,0.804659909672277,3_of_4
NPM1,-0.581102089939524,0.0003531473539874,-0.702323620784085,6.78935050112733e-05,1.20652997630888,True,True,True,-1.18541555319009,4.46453994679994e-07,-0.724992754727158,0.0001316806096644,0.611078262399514,True,True,True,-0.677514266423588,0.0002992972727525,-0.677312674856491,0.0003421660777576,0.99822908429998,True,True,True,-0.421621753887814,0.001338175964444,-0.155991566348312,0.198127080845697,0.369104441296035,True,False,False,3,3,0.804653673349747,3_of_4
H3.3B,-1.10798803970885,9.5517136896748e-05,-1.08292314395756,0.0001069461792901,0.976496684528597,True,True,True,-0.587621388031188,1.03651212152835e-05,-0.338246397119532,0.0030427967105345,0.574641703474102,True,True,True,-0.346558426909468,0.0068280462408642,-0.368811175007814,0.0049232556695215,1.0611487060962,True,False,False,-1.135365718643,1.65565654016824e-06,-0.717795433739141,0.0002463143826107,0.631658824235126,True,True,True,3,3,0.804077754381861,3_of_4
NUP188,-0.529322351865434,0.0006470956891188,-0.546548318468641,0.0004761967111578,1.03059642224419,True,True,True,-1.06758167422874,8.29640033594172e-07,-0.536997986231995,0.0009788449219066,0.502533404027894,True,True,True,-0.17630603689708,0.184395196140841,-0.278060684220005,0.042522556762725,1.56825277405196,True,False,False,-1.2839307340911,2.2670260238486e-07,-0.741487021024796,8.6444165924091e-05,0.577063806905739,True,True,True,3,3,0.803830114574964,3_of_4
CLDN1,4.33941752053722,2.42833297167443e-06,4.15516359739401,3.01318981840301e-06,0.957318870300689,True,True,True,1.34464218170636,8.57001494919396e-07,1.50761164483066,3.50780491119468e-06,1.12036592292233,True,True,True,2.21708385850223,0.0018364291876202,1.44142418989224,0.0283645620454771,0.649851079510388,True,True,True,0.393455291138778,0.0891022115678762,0.107365595194104,0.679800000839718,0.272186981911546,True,False,False,3,3,0.803584974905538,3_of_4
MRPL9,-0.631118160664683,8.4880194045014e-05,-0.596244982719048,0.0001278615677808,0.943249252785407,True,True,True,-0.865833121574107,7.52037089103176e-06,-0.404688280446309,0.0073644172193604,0.466858349518791,True,True,False,-0.735394226321305,7.24245095966542e-05,-0.669839564450371,0.0001870392877953,0.909620880376247,True,True,True,-0.578393650152565,0.0010319884209569,-0.403990404065127,0.0147177706797999,0.697264120790328,True,True,True,4,3,0.803442500583287,3_of_4
PRSS3,-3.19119166076441,0.0002375872205465,-2.92050022826109,0.0003555107245687,0.914888746862317,True,True,True,-2.51564882956343,0.0003924627489703,-1.65427879498359,0.0078313473399255,0.657333981424243,True,True,True,-1.24574636825583,0.0006288540397005,-0.862486270882773,0.0060582444681491,0.691789679796198,True,True,True,-0.453699628621495,0.594100358227685,-0.469275154883285,0.603301129951064,1.0320552851692,True,False,False,3,3,0.803339213329258,3_of_4
CRYAB,6.35587994974815,0.0010181314047834,5.65925596207268,0.0024553591022459,0.890256856635603,True,True,True,6.62493918252525,0.0001449085717206,4.61611834452171,0.007110445592709,0.696673817456084,True,True,True,3.18480740140049,0.0241157043412754,2.42126580703447,0.094869187256863,0.760016379511855,True,True,False,3.74734467855972,0.0040940711735812,3.17335533211809,0.0172331411791432,0.846601794725408,True,True,True,4,3,0.803309087118631,3_of_4
VEPH1,2.65813969564343,0.0004344062233587,2.36763787147002,0.0011591141557577,0.89037739361682,True,True,True,-0.79965956349903,0.0027078885154017,0.0158428033972156,0.952615365136544,0.0197871906106756,False,True,False,-1.3994117387869,0.0026202471071065,-1.00272697553866,0.0156703182434412,0.71602297222049,True,True,True,0.791385388070098,0.0403886360934896,0.916921279407908,0.0228426785855441,1.15716580998689,True,True,True,4,3,0.803200182918655,3_of_4
LARP4,-1.07493629757005,2.50591344308567e-05,-1.22642473264591,8.32899772768215e-06,1.13986742097625,True,True,True,-0.674159269278304,6.75974714753876e-06,-0.379553019187665,0.0024648783809764,0.562168123076173,True,True,True,-0.678703627367815,0.0007092551296983,-0.527075241821557,0.0045033526502096,0.775448622898603,True,True,True,-0.293960976131033,0.0178549184686129,-0.24507710167074,0.0505649561503671,0.830879748519232,True,False,False,3,3,0.803164185708917,3_of_4
PLCG1,0.913202295647087,0.0001919872459153,0.805305544121843,0.0004898339670094,0.880883309915378,True,True,True,0.478164679302719,2.66197901154424e-05,0.347073084675021,0.001384121030909,0.724329441769544,True,False,False,1.52921790004937,2.57481075697794e-06,1.39278711570845,7.70633095727557e-06,0.910188748715797,True,True,True,1.08310578952246,3.90152887098074e-06,0.698070731552109,0.0004849680373337,0.643913848905469,True,True,True,3,3,0.802606375842461,3_of_4
IGFBP2,-2.38525215375353,5.90496222726421e-06,-2.33298478618148,6.56316876066463e-06,0.977677393611458,True,True,True,-1.78227702774752,5.53628066113781e-07,-1.149983405309,6.62182292311529e-05,0.644870868303372,True,True,True,2.10135621512872,0.0458757265160244,2.0150871980695,0.0588341968720314,0.958489899841318,True,True,False,-1.0549133524768,0.0006233404831743,-0.641722190639106,0.018378064693194,0.60774133515203,True,True,True,4,3,0.801680384072345,3_of_4
TMEM178A,3.3383763392572,0.0009877282603953,3.414986537667,0.0007923870681057,1.02264201177955,True,True,True,3.77558488256154,3.73642052426792e-05,1.90384437292552,0.0254618252210287,0.504117988110518,True,True,True,3.52922758895187,0.0019836038652491,3.48556017779764,0.0024549712052553,0.987347158213249,True,True,True,1.30203076443838,0.0122620381454798,0.802251781744625,0.136807573310352,0.615681381928388,True,True,False,4,3,0.801514270070818,3_of_4
NUDT15,-1.45719580627397,2.03015638621193e-05,-1.5180354457389,1.53590284446244e-05,1.04103676557529,True,True,True,-1.10210951511813,1.05679865536988e-06,-0.434103880444421,0.0044594824652268,0.393527455338769,True,True,False,-1.362207757448,7.26244706381453e-06,-1.24325555981807,2.03211031339916e-05,0.91200739801064,True,True,True,-2.05771014722066,1.98095891552289e-07,-1.42253434871927,4.59643497427258e-06,0.690983308475818,True,True,True,4,3,0.801495353243229,3_of_4
AC007325.2,-3.13552385689065,0.0102240086552642,-2.59980652100504,0.0191405746257573,0.828881475042349,True,True,True,7.26448772261482,0.0001260351243397,5.62315351629757,0.0032116875632816,0.773954031853187,True,True,True,-0.386709858569354,0.581039815448576,0.0695786970366843,0.925474116190254,0.179460737195152,False,False,False,-1.32712718322992,1.73108520131734e-07,-2.66111960035745,2.06122423395609e-10,2.0036632289129,True,True,True,3,3,0.801417753447768,3_of_4
BMERB1,1.40756439096471,0.0006988641201702,1.41011290861422,0.000673094607155,1.00109935879357,True,True,True,-1.676073097427,4.35821894318943e-05,-1.04841627049002,0.0027940194140012,0.625146436430542,True,True,True,4.84997802776114,0.001171668388484,4.73911883962984,0.0015597597023105,0.976940899857482,True,True,True,-0.511845829725188,0.417189200346168,0.225415596230431,0.723773409148868,0.439538713517904,False,False,False,3,3,0.801043668144012,3_of_4
SRSF2,-0.86123731125056,7.12116725887542e-05,-0.867569504287038,6.18530133646624e-05,1.00618413627768,True,True,True,-1.00316385939691,4.03418808320794e-06,-0.328094579390302,0.0351961512607192,0.32673410451891,True,True,False,-0.521835762637476,0.0080252305555965,-0.673296764114353,0.0016605777062447,1.28777871031214,True,True,True,-1.14512357303617,5.00329836505147e-07,-0.680809555732004,0.0001404408756014,0.594010603872746,True,True,True,4,3,0.800097370075213,3_of_4
TTC33,0.828112860561927,0.0003627093525269,0.739682430364056,0.0008929688222736,0.892137205377251,True,True,True,0.462219238895489,0.0018079254594805,0.238827151318303,0.10443369905813,0.515581243749219,True,False,False,0.702939482842569,0.0117201267044124,0.802224400839985,0.0056866488967343,1.1396212606239,True,True,True,0.860538054304631,0.0052371535400851,0.609876295199549,0.0485540556784916,0.707892462964733,True,True,True,3,3,0.800014834170992,3_of_4
ARNTL2,-2.14983553943695,7.68936573530495e-07,-2.1825691040068,8.12531225819267e-07,1.01475406370594,True,True,True,-1.65115608788966,9.3124059604444e-08,-1.04716612233222,1.09015563571152e-05,0.633817912246894,True,True,True,-1.0738752098263,2.86324094205175e-05,-1.03807569927006,4.75284418726048e-05,0.965763922900234,True,True,True,-0.463842428759395,0.0220627428933351,0.0416972138478702,0.855821822276643,0.0897018242486056,False,False,False,3,3,0.799790917573564,3_of_4
HEATR3,-0.172373560901934,0.334678312326838,-0.14762758928912,0.409406905316689,0.851500012580483,True,False,False,-1.0742911615862,8.20054146265499e-07,-0.609100465881887,0.0003182195757443,0.566451662248745,True,True,True,-0.731635204702066,0.0024092422266226,-0.715398539108969,0.0032538354372265,0.976473058511969,True,True,True,-0.613512505535055,0.0006965619618665,-0.45959600189177,0.0069995689676191,0.7479034157191,True,True,True,3,3,0.799701714149792,3_of_4
SOX12,1.08311734589955,3.58740766648698e-06,1.17974427640826,1.8774884851105e-06,1.0882071768987,True,True,True,-0.082484554662642,0.38684989282676,0.0209477855203239,0.855809821661963,0.250918096227178,False,False,False,0.739173370172296,0.0031074090463947,0.912549418926168,0.0007525661264301,1.23288604494613,True,True,True,1.33290139626054,8.05455191444829e-05,0.681816122151567,0.0246715934614867,0.511144320009688,True,True,True,3,3,0.799675748454194,3_of_4
SLC35E2B,1.01158028000998,5.50342309103061e-06,1.10207127158559,2.62725111629754e-06,1.08837915703309,True,True,True,0.879553588449192,6.37008653545712e-07,0.479840586227925,0.0005118556716499,0.544930589713464,True,True,True,0.8859784422641,2.33818735440406e-05,0.93508736489456,1.92463692138371e-05,1.05423911150271,True,True,True,0.388264038670897,0.0006470141270832,-0.0782749516933938,0.46867519491033,0.201084466884369,False,False,False,3,3,0.799584850608087,3_of_4
PTGES,-3.63110862873735,6.86354810396905e-07,-3.49916183044476,7.77019090228972e-07,0.963396800073459,True,True,True,0.597702484750982,0.0003089597427107,0.0752246259449265,0.625929841399289,0.125646089436583,True,True,False,1.92304189874081,7.1819775210461e-05,2.1324311809989,3.76510087141109e-05,1.1083080791507,True,True,True,-1.40595015779434,1.84216063967759e-07,-0.894052191072848,2.53799097261268e-05,0.635454060771025,True,True,True,4,3,0.799425430422242,3_of_4
EXT1,-0.0133480349069135,0.926800708531676,-0.0511599553233566,0.70280109094094,3.5656419610957,True,False,False,1.50488637560432,5.25510678122758e-07,0.997310715317314,9.52043175242773e-05,0.662274877755693,True,True,True,0.649090818795885,0.0006271942427813,0.448244657808202,0.0087963157931379,0.689510826561821,True,True,True,2.2279356732041,2.50178936966935e-09,2.0263604079756,6.87031321199341e-09,0.909115696938307,True,True,True,3,3,0.799313261750064,3_of_4
SLC22A5,0.833730478356884,0.0012309360396561,0.905548900442189,0.0006268692548943,1.08483986618616,True,True,True,1.33000320208962,1.57683184797075e-05,0.869987512175685,0.0023173143657857,0.653632922001871,True,True,True,0.427338588755948,0.0397613137735673,0.346252033865612,0.0998969518763052,0.808360588923951,True,False,False,0.942114212890082,2.44773341092067e-05,0.745008677168265,0.0003943450903075,0.789945339584331,True,True,True,3,3,0.799152964254141,3_of_4
LPAR1,1.91366678656774,6.48139256883242e-06,2.15267298980122,2.29634642009559e-06,1.12430685323587,True,True,True,-1.63198956431359,1.95674093904078e-05,-0.968173227815369,0.0021375090671412,0.592883903837028,True,True,True,-1.13846821300772,0.0042363443676011,-1.1448969264668,0.0050906991029126,1.00476425177737,True,True,True,-0.561540040640124,0.0009458717486001,-0.249095552111046,0.10008231314966,0.44280501673729,True,True,False,4,3,0.798824077807199,3_of_4
SUCLG1,-0.502450229874913,0.0004532170567404,-0.468175624076828,0.0007468233862621,0.929934274125072,True,True,True,-1.00796903280756,3.61791018553677e-07,-0.490472908362636,0.0004409131815187,0.4861129454071,True,True,False,-0.581110572606397,0.0005857654734484,-0.511586943048583,0.0016995114895156,0.878848396032313,True,True,True,-0.592881405057532,0.0001774120676236,-0.426871965086951,0.003298536712871,0.718783180365107,True,True,True,4,3,0.79881578819871,3_of_4
ACOT2,0.135895262839122,0.240698456386824,0.276237793508818,0.0213888514949279,2.01787693583999,True,False,False,0.533355325966865,0.0003356145653496,0.29071463071118,0.0395822549138536,0.54404740924994,True,True,True,0.648769883400571,0.009986653990003,0.582371341394159,0.0204014395565865,0.896273213443378,True,True,True,-1.38263822120065,2.32423035912917e-07,-0.970082606189739,8.84102030371786e-06,0.701110009340412,True,True,True,3,3,0.798691611391895,3_of_4
EXD2,0.621968531707669,3.8209598609606e-05,0.60456086033387,4.53968460881558e-05,0.97045168345287,True,True,True,0.250817783175673,0.0305479867005272,0.169314639486499,0.175885693829653,0.672369668858461,True,False,False,1.01307796432914,0.0001065776127655,0.937693987239903,0.0002513135272385,0.924676425505638,True,True,True,0.816613154046299,1.24498254563312e-05,0.41182744530651,0.0074401503059295,0.503694740316261,True,True,True,3,3,0.798523047182049,3_of_4
TRIB2,-0.786487844754136,0.00787005191752,-0.69847584773427,0.0150017612577892,0.886967147984796,True,True,True,-3.81600964929153,7.33282447319154e-07,-2.70996041903024,1.73306295644778e-05,0.709969496549015,True,True,True,0.480291322017912,0.667102270759421,0.758465000216796,0.472112593265895,1.57589585666489,True,False,False,-1.28406544801236,0.0005329924450414,-0.786706156627277,0.014111927379486,0.612191509657421,True,True,True,3,3,0.798468322266906,3_of_4
ZFHX2,1.71649110541546,0.000220624158085,1.49315712434584,0.0007472012684735,0.869382740695269,True,True,True,1.02517839641576,0.0224016974865344,0.360744016969929,0.488995649572726,0.351541231261482,True,True,False,1.4045212643024,0.0090346531850585,1.48332661854918,0.007073906612184,1.05535693854151,True,True,True,1.68200217068785,0.0009481756034859,1.22365938468697,0.0148006035521191,0.727069403711378,True,True,True,4,3,0.798226072203323,3_of_4
PTMA,-0.862639616439164,1.26533730468223e-05,-0.964162583416494,4.63475489105741e-06,1.11639457600589,True,True,True,-1.03453344450758,1.02755552560258e-06,-0.394990022438819,0.0071855955806565,0.381436277634322,True,True,False,-1.13953980339326,3.22378273263415e-07,-1.03423613127471,9.53596198188796e-07,0.906795298329543,True,True,True,-1.26233577070639,1.3425876208996e-08,-0.870670504657218,8.8966598871384e-07,0.689183766379373,True,True,True,4,3,0.797989532354458,3_of_4
ATP5PB,-0.475651846628128,0.001707340564088,-0.599449454220819,0.0002782480366876,1.2576253684138,True,False,False,-0.876409031502381,5.94658051689433e-07,-0.452139312153376,0.0006058090965624,0.515311896640933,True,True,True,-0.616506399033388,7.07235902273532e-05,-0.609219342500115,9.42706103942764e-05,0.986579804604057,True,True,True,-0.591672389249799,8.51151212218266e-05,-0.361135926552789,0.0059615236177412,0.609334824944203,True,True,True,3,3,0.79795731477413,3_of_4
COL4A3,3.50439695767917,0.01098156089016,3.98795161665965,0.0043280438022437,1.13766048889937,True,True,True,2.59815252322075,0.0002233347097456,1.06830680085396,0.122747969998919,0.411021204530992,True,True,False,4.4845466917639,0.0115936785576874,3.6309249733671,0.0408315295608703,0.809472116305019,True,True,True,7.2250312577174,1.96175779110053e-05,5.67604521315383,0.000270494133601,0.785499676200793,True,True,True,4,3,0.797485896252906,3_of_4
KLK5,1.12365249383028,0.0045186307724493,0.867725759616508,0.0234822220591739,0.771550113814495,True,True,True,1.1778090054059,4.71833615736869e-06,0.687840682058685,0.0016756855720834,0.583504773805016,True,True,True,2.1365821282609,0.0624559171108449,1.75999011647043,0.137782332283688,0.823355553548872,True,False,False,3.67318262467927,2.7762537925572e-06,3.20108202769695,1.62739651581166e-05,0.871236504738624,True,True,True,3,3,0.797452833681684,3_of_4
P2RX4,0.587021033131635,0.0090898951066121,0.655274435700557,0.004412419059477,1.11437244380656,True,True,True,1.69216486476191,8.96828766023263e-06,1.05586752755276,0.0021243532562696,0.623605857602788,True,True,True,1.04299340269019,0.0065844679886795,1.01346699850868,0.0090109624895297,0.970759964475974,True,True,True,0.220070281281615,0.206320330007253,-0.015869072439032,0.941740257339381,0.0717829296051641,False,False,False,3,3,0.797182911039381,3_of_4
ZBED3,1.63352420537981,0.0001297588570695,1.35967240142891,0.0005945714350451,0.831845987323857,True,True,True,-0.309622216675765,0.0825859953960844,-0.0757303792241162,0.707652548423031,0.243802198163969,True,False,False,1.16120114741304,4.55533293872281e-05,1.05273646261614,0.0001338728157693,0.905812616825789,True,True,True,1.63482566621538,1.99864044133458e-05,1.24435573409876,0.0005368072765021,0.760689699274423,True,True,True,3,3,0.79626784329914,3_of_4
ACSL5,-0.656313516475787,0.00064978644839,-0.725434181002282,0.0003080666499672,1.10363496690548,True,True,True,-1.39389224325372,3.42332027233811e-06,-1.19597111746055,6.70358885516482e-05,0.857393195241256,True,True,True,-0.338362547199961,0.438953473994083,0.0215107827702736,0.964045538455692,0.0633858478130732,False,False,False,-2.22236104173373,0.0011839044530838,-1.63416809675388,0.0062718306018286,0.734998979508785,True,True,True,3,3,0.79619608737502,3_of_4
ZBTB42,-1.09920363239547,0.0953932477255175,-0.839636709847916,0.185642441787105,0.763164822515426,True,False,False,1.3181380867366,9.69679105959046e-07,0.990760687235237,8.11433731526223e-05,0.751066698169763,True,True,True,1.27662924161109,1.67134301243808e-05,1.05942193653852,0.0001131856361672,0.829209211901404,True,True,True,-1.01198483425372,4.90808164487293e-05,-1.12398439484686,3.59984874453532e-05,1.10957672498119,True,True,True,3,3,0.796187017208415,3_of_4
MEGF6,1.46367676453439,0.0002055355958273,1.72365949582874,5.10276830091649e-05,1.17681903445548,True,True,True,1.74229865534226,1.28162155484605e-07,1.27458221464178,7.15564540728804e-06,0.731132448669011,True,True,True,2.42307972109399,4.52966750814227e-07,2.08494151284073,2.61793847849448e-06,0.860096099438427,True,True,True,0.563207752702447,0.0015640447362792,0.300284198684686,0.073911589479602,0.532222744629761,True,True,False,4,3,0.795614274053719,3_of_4
RAN,-0.808689448020703,3.62017334883154e-05,-0.915590192252285,1.13520404227854e-05,1.13079180479684,True,True,True,-1.54773753013323,4.3172717252832e-07,-0.626721863477112,0.0022950042177822,0.404666285463618,True,True,False,-0.870310211786162,3.02709478569477e-05,-0.927163882203763,2.24774367667647e-05,1.06410308253257,True,True,True,-0.877341539004658,4.60985310358444e-05,-0.462597477662307,0.0103709046398896,0.526671524822252,True,True,True,4,3,0.795387303677411,3_of_4
AKT1,-0.618758534833921,0.000297789658528,-0.659162802352534,0.0001657534472012,1.06358003206712,True,True,True,-0.543805202219894,0.000129249136336,-0.181398785991452,0.132330905056379,0.332960818384836,True,True,False,0.587222912145548,0.000105741015828,0.579103559850425,0.000139652932873,0.984496774765437,True,True,True,-0.695906074551463,3.89642830917612e-05,-0.422108019521758,0.0039524629672742,0.60568853527849,True,True,True,4,3,0.795092655021963,3_of_4
BTN2A2,1.49730186857916,2.49441423226334e-06,1.36796122476066,4.63475489105741e-06,0.913007754610824,True,True,True,1.41700213950436,0.0002111963044699,0.682884437412937,0.0597951879885531,0.481582092430149,True,True,False,1.15980866837346,0.0003906613266566,0.858560418527207,0.0047785077208596,0.739622680221912,True,True,True,0.738850875052291,7.9664622135259e-05,0.629255379885114,0.0005725354876944,0.850516504208554,True,True,True,4,3,0.795069592215233,3_of_4
ORC5,-1.00360937096655,5.85576528602166e-06,-0.98224323864985,6.45113373588551e-06,0.977736488466974,True,True,True,-1.03300652561883,8.55885743324316e-07,-0.573950557836721,0.0003767375989103,0.555074405834358,True,True,True,-0.546078154970462,0.0047108062003387,-0.454900944654062,0.0149901452156451,0.831509978091929,True,True,True,-0.379659646912789,0.0030807478435363,-0.288654095951248,0.0207009483889763,0.758299699724621,True,False,False,3,3,0.794904838908275,3_of_4
PPP2R5A,-0.521137712430145,0.0065790221094757,-0.583069341618109,0.0032694148143071,1.1166964724773,True,True,True,-0.494630422187084,0.0004862488798711,-0.335538946211169,0.0141891454673555,0.676994250535562,True,False,False,-0.570758715712442,0.0013966060308941,-0.468343012304264,0.0057377321946935,0.819127018852146,True,True,True,-0.934677575834153,5.70849059422677e-07,-0.720648336647247,1.14425034410515e-05,0.77018874370778,True,True,True,3,3,0.794657881279963,3_of_4
H2AC6,1.27887167527916,0.0001999676413152,1.39628460461564,8.91546088281442e-05,1.09095671979075,True,True,True,3.80480810103097,2.61809000170731e-05,2.19651052811504,0.0081155689077576,0.577146947456447,True,True,True,1.60244906470893,4.12381545763854e-06,1.62206230062725,5.52485931535687e-06,1.01160824894784,True,True,True,1.30992716816611,9.61739859521336e-07,0.495567062945478,0.0108397746440015,0.378027914120309,True,True,False,4,3,0.794377598202143,3_of_4
MATN3,0.897784004422416,0.0041816860726883,0.731939180345065,0.0157011669531594,0.814366050957293,True,True,True,1.70974688325193,4.05715433227038e-05,0.875517929250899,0.0206253222815588,0.511775258994856,True,True,True,2.12033664771652,5.02985675324648e-05,1.84497337024024,0.000224795087994,0.869722102913855,True,True,True,0.914863729353819,0.0465872601049073,0.709145119236502,0.14214560424069,0.774291083387301,True,True,False,4,3,0.794328567172297,3_of_4
TTLL4,-0.716586964334986,9.14432927135956e-05,-0.638832340535529,0.0002205239356837,0.890250760237204,True,True,True,-0.572891810170723,3.64092821563731e-05,-0.399650354019344,0.0020773040900043,0.696386229837389,True,True,True,-0.790755122822937,0.0036227063685199,-0.896791106573231,0.0018875425599227,1.13266220921413,True,True,True,-0.423009436822166,0.0186161388649557,-0.0543139357075804,0.776581440965005,0.128096053980893,True,False,False,3,3,0.793318495037296,3_of_4
NOP58,-0.632157516257406,0.0004932164551084,-0.648628546568674,0.0003868091923316,1.02443472582102,True,True,True,-1.44875111946135,7.31426462079086e-07,-0.819709613119503,0.000309448027274,0.565414023218043,True,True,True,-0.528092183459324,0.0049352162052994,-0.539697515509608,0.0047211729276276,1.02004439374051,True,True,True,-0.704726694521568,6.57763819927443e-05,-0.310087476852379,0.0308571599152886,0.439387484219505,True,True,False,4,3,0.792729208479277,3_of_4
G2E3,-0.774997838937982,0.0001282575856378,-0.776442095658372,0.0001236811785956,1.00057249736803,True,True,True,-1.01308117792772,0.0001359508728786,-0.592995898027356,0.01181305885883,0.584761763588933,True,True,True,-0.861339802938185,0.0005541167810585,-0.946830191488919,0.0003466905253925,1.09797806881099,True,True,True,-0.381323533212028,0.031678873557215,-0.120660738907539,0.510954890052039,0.315598513891697,True,False,False,3,3,0.792667130478481,3_of_4
ZNF860,-1.48009422966515,8.11799791674278e-05,-1.0525388572763,0.0007735635911441,0.710649488867606,True,True,True,-0.319411741720227,0.312121142562164,-0.142226554647878,0.69494665125561,0.443886837243516,True,False,False,-0.819761904019548,0.0377414222492324,-1.08172961138814,0.0142077419416903,1.3179578707181,True,True,True,-1.96998147972776,0.0001988050047602,-1.7219155219348,0.000632749909576,0.873633537222601,True,True,True,3,3,0.792141513045103,3_of_4
MAB21L4,-3.64442014067963,0.0003853073744639,-2.76991582934458,0.0011525333212678,0.759834455961549,True,True,True,2.50638951301306,1.1669904997213e-07,1.71899986415564,1.10770418348121e-05,0.685573523871832,True,True,True,-1.07280043108463,0.114860697654055,-0.883747429768405,0.191660016836521,0.823009010040855,True,False,False,-0.650144508318472,0.00147918015712,-1.35216574200776,4.34146291761028e-06,2.07659855029664,True,True,True,3,3,0.791421733001202,3_of_4
RAB38,-1.16683442562942,0.193776056940843,-1.6057046057971,0.0965971351163787,1.37494200424147,True,False,False,-1.28945097536066,3.14520057821894e-06,-0.826652351659425,0.0003780902464575,0.640591829866601,True,True,True,-1.08576623552822,0.0001337935816894,-0.846886955858331,0.0008522131615517,0.779272421402293,True,True,True,-2.15423450883786,3.68262240572182e-08,-1.73070389636782,2.35474095744305e-07,0.8030234711215,True,True,True,3,3,0.791147946261896,3_of_4
VGLL3,0.823178865182468,0.190102683752951,0.504649314305928,0.442459612494958,0.612305575433801,True,False,False,2.87936772005347,1.78503258284536e-07,2.06393679555441,1.52286314978135e-05,0.716553230750724,True,True,True,2.30931378392317,2.35048144810356e-05,2.28059285317223,3.32033098435163e-05,0.987135543683391,True,True,True,3.1079473812447,9.98974365889617e-07,2.69128622442235,8.41509700149429e-06,0.865658338464662,True,True,True,3,3,0.791105784607693,3_of_4
CROT,-0.645100665203844,0.0238153695585573,-0.672288804547372,0.0202964875964228,1.04053259925876,True,True,True,1.16236404853212,0.0001143909951818,0.62970629062222,0.0256822844674188,0.541280514398528,True,True,True,-0.144206103763575,0.443240603914844,-0.271339074980331,0.155001811832841,1.86864785947377,True,False,False,1.08114945143307,7.16726793376051e-06,0.575521829187005,0.0032013825004887,0.531832112860985,True,True,True,3,3,0.790906556828644,3_of_4
GADD45B,1.2822771815044,0.0002638941260756,1.37668921748634,0.0001363745770766,1.07279178444709,True,True,True,2.32674162597971,4.27949921272047e-06,1.10658093769967,0.0086687333772096,0.475388215491454,True,True,False,0.919606847504255,0.002106530310118,0.709760603781022,0.01289759872189,0.770970372103105,True,True,True,1.99233759477176,1.17844816074448e-05,1.61580395340978,0.0001735187137532,0.810602257062629,True,True,True,4,3,0.790786314582867,3_of_4
TGOLN2,0.667097493954914,1.40439996484505e-05,0.617670285231689,2.24828740316984e-05,0.924521182642502,True,True,True,0.773715541841953,3.49424619942696e-06,0.508767671947113,0.0005607146297418,0.65671545808604,True,True,True,0.522545831205883,7.72927267365407e-05,0.535784241394532,7.7866670879674e-05,1.02337600542146,True,True,True,0.230799222301334,0.0153655366022479,0.139396184233446,0.141262920678826,0.601366056579059,True,False,False,3,3,0.790618320364271,3_of_4
CREBRF,1.48153218877183,3.53563931774966e-05,1.44231887201509,4.32648612279225e-05,0.972875248806534,True,True,True,2.28639042127846,5.32181865431945e-06,1.11522936797656,0.0086514391470927,0.487555319635045,True,True,False,1.10718742393649,0.0022741230520834,1.05108793576858,0.0038800531229201,0.94847488165397,True,True,True,2.21028043006353,4.45871783008983e-05,1.39861524291932,0.0046714125899807,0.632491123199213,True,True,True,4,3,0.790483002426591,3_of_4
ACO1,0.247035083104905,0.0644499756263326,0.222448911227688,0.0927633460218703,0.896844544904982,True,False,False,-1.00615951257574,6.0261132115208e-06,-0.551116866799598,0.0022440901938048,0.547199187336428,True,True,True,0.589655791679124,0.0004599782322627,0.740997439901245,9.05086862291369e-05,1.25453343612314,True,True,True,-1.27204392012858,2.62842709576259e-07,-0.870914754593106,1.71206280504229e-05,0.684119959117468,True,True,True,3,3,0.790482252011225,3_of_4
EIF5A,-0.578294484077642,0.0026454829342471,-0.677596890773536,0.0007588421912159,1.16969332420351,True,True,True,-1.52597633960789,5.78242259476412e-07,-0.705758435192354,0.0012413840075999,0.462193432135029,True,True,False,-0.961686612208515,1.77916983607685e-05,-1.00657973730287,1.53037978180767e-05,1.04559440687937,True,True,True,-0.963380500841959,5.13767539823758e-07,-0.516024036124653,0.0003724538050188,0.53508344027501,True,True,True,4,3,0.79033892357719,3_of_4
FGFBP1,-2.94046446100431,0.0005533240824084,-3.65219076720288,0.0002363949709815,1.24162328514277,True,True,True,1.14688447117466,0.0572477996668249,0.775698408119013,0.256571348670391,0.675763482822641,True,False,False,-4.1551200449694,5.66351887849157e-06,-3.44195384415577,1.10339854749707e-05,0.828165165325756,True,True,True,-3.59163673801794,1.69427195946491e-07,-2.70255473694283,5.65592666644404e-07,0.752248260544658,True,True,True,3,3,0.790206712935207,3_of_4
DARS1,-0.677486605778499,6.81392973695175e-05,-0.667000280280893,7.31961386746303e-05,0.983070667276583,True,True,True,-0.501066796996996,0.0002571082420449,-0.326480109415107,0.0116954561248286,0.650272257332843,True,True,True,-0.743190927070049,5.35383583806026e-05,-0.691948286672324,0.0001170790024978,0.929799412358588,True,True,True,-0.516578006760472,0.0014814837121357,-0.285046884391898,0.0553773988444537,0.550732219431058,True,True,False,4,3,0.790035834845715,3_of_4
JPT1,-0.894557161791064,2.7194321364981e-06,-0.96270338698284,1.4992545448493e-06,1.0749770400557,True,True,True,-2.05000052777847,1.40295060331357e-07,-1.04907237486346,7.7523944247075e-05,0.511492981427829,True,True,True,-0.591107001306739,0.0001330883085319,-0.632652734121566,9.2898713918885e-05,1.06847703662572,True,True,True,-0.925958371061721,3.42829732215242e-05,-0.255942554496716,0.141954262517725,0.27611008486127,True,True,False,4,3,0.789985009026774,3_of_4
TTC26,-1.49236021684861,3.17751265457575e-06,-1.66727591430566,1.81585881683322e-06,1.11645930800544,True,True,True,-1.09766852213138,2.39531024640784e-05,-0.159341963945634,0.390091779476936,0.145031882443047,True,True,False,-0.644418184039468,0.0022289216686646,-0.655358767450982,0.0024549712052553,1.01540177152943,True,True,True,-0.733572460135631,0.0001139231921225,-0.414378519757113,0.0098391970440656,0.564108433469725,True,True,True,4,3,0.789755102499577,3_of_4
BUB3,-0.752576280027969,6.88114040222282e-05,-0.796593240509639,3.98385613133239e-05,1.05708375067229,True,True,True,-1.03319906788688,5.40264264066693e-07,-0.539973906981238,0.0004452666437979,0.522117959441344,True,True,True,-0.544013139753788,0.0039456333922613,-0.646873805664822,0.001403917803171,1.1868957984335,True,True,True,-0.767399564645486,1.6029542265695e-05,-0.319321597914269,0.0197357095117725,0.415567124978257,True,True,False,4,3,0.789600855056817,3_of_4
CLCNKB,1.75142143054513,0.0029306279107757,1.51644945770687,0.0082573712584956,0.865345191102316,True,True,True,4.17589179184691,8.12822393832526e-05,2.98075981794181,0.0045684291866547,0.71363108418564,True,True,True,3.98233353882161,0.0012557307576907,3.77409523873572,0.0021852862902323,0.947471559173579,True,True,True,0.167587553932135,0.650636453824921,-0.0697696750318495,0.872038408185752,0.413848314448736,False,False,False,3,3,0.789488137643978,3_of_4
CAMLG,0.812417035418597,4.83939820305305e-05,0.757337272278608,8.31698832084381e-05,0.931056566683375,True,True,True,0.502138829113322,0.0032717129525079,0.189691299194191,0.27539932646164,0.377015821912379,True,True,False,0.548493646512298,0.0241855467941357,0.710804051476987,0.005902065997526,1.29356191102217,True,True,True,1.11794921232613,6.72826487608645e-05,0.724757366289506,0.004739852235591,0.647712477300773,True,True,True,4,3,0.789384521992074,3_of_4
UBE2F,-0.931985359779483,0.000129202895986,-1.12032372782124,3.23016053613362e-05,1.20079454203444,True,True,True,-1.70476384428115,1.29331714668351e-07,-1.19058880043399,7.85008870033889e-06,0.697979854846632,True,True,True,-0.696388035607044,0.000253269707686,-0.614238298832295,0.000768295818667,0.880769768723705,True,True,True,0.0551219395134011,0.669934383754594,0.0365362708607249,0.794830177959173,0.65101582692096,True,False,False,3,3,0.789374811785169,3_of_4
RCAN2,5.72436056276311,5.02939937795491e-05,5.47368035828762,7.17478784218401e-05,0.956041160776427,True,True,True,2.29789228860032,1.54006895398361e-05,1.76299910925902,0.0007776499577703,0.766890696880984,True,True,True,2.53939504847728,0.0615583072864159,1.51700380153377,0.30509148280896,0.597152715457805,True,False,False,3.43235930319913,5.26438794347066e-08,2.78547146347968,8.75217194341717e-07,0.811296231327795,True,True,True,3,3,0.78909346410439,3_of_4
MYOZ1,2.32041175554275,0.0108072811483562,2.33903665051429,0.0101221642386726,1.00759231744625,True,True,True,5.27040257352244,0.0003294508067475,3.55495453388929,0.015597295713674,0.674384944861802,True,True,True,,,,,,,,,5.30215244128142,0.000514064886188,4.18305917274325,0.0051733039019466,0.78878727682444,True,True,True,3,3,0.78878727682444,3_of_4
PASK,-1.85575636448707,2.91627401448737e-06,-1.99153556657103,2.17354827737564e-06,1.07258852300808,True,True,True,-0.73864747384217,0.0001866903301283,-0.296368673379682,0.0781020673727404,0.400689090223166,True,True,False,-0.929873240347923,0.0006661563441916,-0.744807313536173,0.0033101795064716,0.800116794911619,True,True,True,-1.05704437655349,1.44463831034455e-05,-0.822204029955627,0.0002078727748908,0.777097868648858,True,True,True,4,3,0.788607331780238,3_of_4
MRPL11,-0.531467992925418,0.0002362616487892,-0.573485036715865,0.0001178733510887,1.07703194245554,True,True,True,-1.06867172460789,8.09254403752232e-07,-0.515273474165297,0.0011720446055167,0.481711783448498,True,True,False,-0.676754650159634,0.0002227320904453,-0.635296356416,0.000427381643695,0.937354478152775,True,True,True,-1.16035799826884,1.34326406114487e-06,-0.742495052110339,0.0001184884045452,0.639333481335753,True,True,True,4,3,0.788343979744264,3_of_4
ITM2C,0.866644476891635,7.58856281963478e-06,0.639483773278644,8.19669318440857e-05,0.737034338730093,True,True,True,1.40687778922292,2.99952174134563e-07,0.965962888819218,4.03033065029032e-05,0.686112740902307,True,True,True,0.772471576089462,0.0002370043101754,0.648951695969151,0.0010311757301877,0.839011692259124,True,True,True,0.143121615767885,0.246552596947412,0.149295616050575,0.246969326883593,1.03590023783124,True,False,False,3,3,0.788023015494609,3_of_4
TAF1A,-0.880358985493571,0.0001646600565952,-0.837621293853957,0.0002455225011475,0.950374714095505,True,True,True,-1.25434838092587,8.53544481050363e-05,-0.722056034430299,0.0080954117993709,0.575183785952513,True,True,True,-0.66133760938125,0.0017405336270227,-0.722975377102478,0.0012516930656003,1.09155114682054,True,True,True,-0.477053590072954,0.0562224310507343,-0.298975065502662,0.23443177598101,0.62540073270245,True,False,False,3,3,0.787887723398978,3_of_4
TFCP2L1,1.08415995433106,0.0254280504280467,0.960735843853443,0.04566479189815,0.885340303997564,True,True,True,-1.83630135961939,0.0002168716211436,-1.47565637526528,0.002260749075807,0.803165124512275,True,True,True,1.54417193844426,0.0577034165955311,1.16832964209007,0.168882092059677,0.756116269666656,True,False,False,-1.50984074021359,5.92049566052356e-05,-1.16647644475441,0.0005808941255295,0.772071081819983,True,True,True,3,3,0.787618103166129,3_of_4
CCDC57,-0.527691246608587,0.0079690967867249,-0.551335794181501,0.0062311902274516,1.04283132682482,True,True,True,-0.644413443238376,7.19341024134565e-05,-0.495117813261015,0.0018090694546402,0.767132786662686,True,True,True,0.28396721927158,0.178140712959284,0.112420886784996,0.628962939803304,0.394504627838813,True,False,False,-0.574432179189874,5.71268274524666e-05,-0.464834012802088,0.0005725354876944,0.807799823528305,True,True,True,3,3,0.787466305095496,3_of_4
PRELID1,-0.572627821644854,0.0006190552196004,-0.732933711736691,8.19669318440857e-05,1.27771646367332,True,True,True,-1.22274772127316,1.29207703706395e-06,-0.482633727242385,0.0065695106295036,0.394389888416106,True,True,False,-0.801285688634963,0.0002067911923748,-0.803374522623828,0.0002414911654341,1.00135716491555,True,True,True,-0.848364069199934,1.6729708618484e-05,-0.487123667378305,0.0026704103917997,0.573515745535546,True,True,True,4,3,0.787436455225548,3_of_4
HIP1,-0.96043762684547,7.29862115184059e-06,-0.783719060551994,3.22004106924861e-05,0.815153306536816,True,True,True,-2.21573853323181,3.92351029085177e-08,-1.83252139101035,3.87481859297054e-07,0.826674577781032,True,True,True,-0.0860208122550699,0.68271175466338,0.0221261719355432,0.922059874314736,0.254262990222251,False,False,False,-0.893350503259902,7.92607846966388e-05,-0.67894311347296,0.0010622536915782,0.759146566137344,True,True,True,3,3,0.78714993633708,3_of_4
SLCO4A1,-1.24468005043431,0.0001063752355842,-1.20597625936079,0.000134717428242,0.968126814698785,True,True,True,-2.03731206863443,9.76174561792275e-07,-1.37890017526689,9.30969505631444e-05,0.676491199009917,True,True,True,-1.34853434053805,0.0094255504644954,-0.712192122759078,0.122926634801596,0.527731752624488,True,True,False,-2.07986646632593,6.45965276960579e-07,-1.86652036448074,2.45837915568918e-06,0.896991899617831,True,True,True,4,3,0.786741549313874,3_of_4
TFEB,1.1477431373487,0.0023568723128781,1.11207304561406,0.0030374599218473,0.96807807547014,True,True,True,2.11964965194061,3.07066221471667e-06,1.28317174834839,0.0014208784044174,0.605084270838494,True,True,True,1.41505000993738,0.258317598518383,2.34901697668291,0.0506463735412218,1.65885170735374,True,False,False,1.27585424810626,0.0002720841219784,0.759317715242196,0.0201915207665503,0.594678457911984,True,True,True,3,3,0.786581173154317,3_of_4
CCDC69,0.86466683349532,0.00881598991591,0.740508643940485,0.0220574118244888,0.85541990900878,True,True,True,2.54368291113512,5.45128485866889e-05,2.03566931008217,0.0014634363294787,0.79996973342903,True,True,True,0.461568367596246,0.223046939858865,0.188868145375835,0.658219418917203,0.408303201443055,True,False,False,-0.919978289836699,0.0005428846214615,-0.711594668598134,0.0041778424248789,0.772650860992943,True,True,True,3,3,0.786310297210987,3_of_4
RNASEH1,-0.610881155330527,0.0009612487667365,-0.690512584918172,0.0003973283645434,1.12850768307314,True,True,True,-1.40915016797903,4.95996968223458e-07,-0.834459556383942,0.0001343630351583,0.591752265349055,True,True,True,-0.675175095898808,0.0019209798459925,-0.66284062580097,0.0025805682450059,0.980279560458947,True,True,True,-0.292823794808838,0.0151731679025754,-0.0484877194017592,0.705034831445505,0.165023120177538,True,False,False,3,3,0.786015912904001,3_of_4
RHOF,-1.40794192484189,4.36320620911973e-05,-1.12517996272317,0.0002027261702881,0.798599248758558,True,True,True,-1.04061083733872,7.06611708414477e-05,-0.805597896324104,0.0016799194040276,0.773415432564411,True,True,True,-1.49486883547618,4.14535511152972e-05,-0.846075628321225,0.002387287041035,0.565608165806793,True,True,True,0.0459364644493174,0.823136717667656,0.176736616957132,0.37603622027287,3.76544375531256,True,False,False,3,3,0.786007340661484,3_of_4
SMAP2,-0.237585609181288,0.0256478180041527,-0.273826648199278,0.0124750533229909,1.14770815029004,True,False,False,-0.945785201542366,3.01903743230648e-06,-0.605793305003677,0.000455865613203,0.63984238876654,True,True,True,-0.559421621229762,0.000104926270193,-0.430150849882455,0.0008991113493919,0.767548634077595,True,True,True,-0.915809002013327,1.73917434263962e-05,-0.737180624228149,0.0001841723866198,0.804072192364264,True,True,True,3,3,0.785810413220929,3_of_4
PPM1G,-0.459841794179043,0.0008707612737372,-0.541547285005137,0.0002243018749612,1.17512624038335,True,False,False,-1.48578080598107,2.37319159573482e-07,-0.802478151006485,0.0001441484358158,0.539742070773479,True,True,True,-0.532427765618789,0.0002769472392322,-0.526842306557253,0.0003396717060934,0.987654450169281,True,True,True,-0.92530625278704,5.43986012455602e-07,-0.540860862916036,0.0001840424694575,0.583889897416445,True,True,True,3,3,0.785772173792863,3_of_4
PID1,0.199775919102121,0.612138203813756,0.0525071330503759,0.902865693686346,0.261521069285551,True,False,False,2.53856142649514,4.50973627957727e-05,1.73853309321979,0.0040601118502165,0.684580051926189,True,True,True,2.69991917458771,0.0084020283540495,2.39545229987247,0.0199794585396421,0.886902622785123,True,True,True,1.80197739348315,1.85624916129699e-07,1.63012679059446,9.62437153245711e-07,0.904130465798708,True,True,True,3,3,0.785741337355656,3_of_4
STON1,1.76573069907354,0.0001077055187723,1.13836461462262,0.0042266921951035,0.644333975302274,True,True,True,1.456248712086,0.0013848765859819,0.507192872709814,0.28565582412688,0.348048255938264,True,True,False,1.80749459943951,0.0003686934642296,1.9571713710169,0.000224795087994,1.08221023807506,True,True,True,2.0012501646514,0.0074636264218541,1.85483136296815,0.0156392784921945,0.92637343510524,True,True,True,4,3,0.785353705203757,3_of_4
ADM,1.95676563356069,2.29856188734321e-05,0.863188503493469,0.015377803235161,0.440904921762031,True,True,False,1.29502503408867,5.71152204226989e-07,0.995724672396242,3.68541636166253e-05,0.768291233738713,True,True,True,1.17144204716806,0.0160947616951237,1.2508664941507,0.0120832612084367,1.06688982809177,True,True,True,2.7913267358654,5.6676150527918e-09,2.24044872325846,8.4801985635629e-08,0.802359084444356,True,True,True,4,3,0.785325159091534,3_of_4
MRPL38,-0.597015463173134,0.0003309601199171,-0.577115391611901,0.0004171880922065,0.965050951274178,True,True,True,-0.719053134522116,2.30581576258073e-05,-0.434543197464399,0.0037361675459388,0.603487682548311,True,True,True,-0.162058482945231,0.384570685784831,-0.186060858695487,0.321828764015149,1.14106825560239,True,False,False,-0.575664785418058,0.0002745270167413,-0.349105560009347,0.0132503579065765,0.605387339121566,True,True,True,3,3,0.785219145197872,3_of_4
PIK3R3,1.16291199883557,0.0004344062233587,0.995798802930911,0.0014714344952958,0.855561935891333,True,True,True,-1.63281198706051,2.38690522631843e-07,-1.07680222653026,2.32076423766937e-05,0.659073525631061,True,True,True,0.667928257786929,0.0054990554329507,0.590124061922972,0.0130293587126765,0.882193351907914,True,True,True,-0.42752367367845,0.0443271596754145,-0.306287569721976,0.153567999728534,0.714750639311946,True,False,False,3,3,0.78515628760164,3_of_4
HLX,0.312760057392548,0.69601623306414,0.161753091817543,0.846695588926147,0.515531177428274,True,False,False,2.69933568794397,0.0001453872410921,1.68595947966191,0.0155535998092362,0.624351811957719,True,True,True,3.58331209940448,0.0134845414038882,3.38818200118755,0.0202957362652221,0.945280965279358,True,True,True,2.78054413603686,0.0010249176344612,2.70033444236077,0.0019001385417931,0.970804096679984,True,True,True,3,3,0.784816388618539,3_of_4
CNTRL,-0.705898793273738,0.0007357052072706,-0.708169998968512,0.0007232339671353,1.00179828528054,True,True,True,-0.436176481913717,0.0024176885766687,0.0975172129436519,0.469379210109882,0.223061433947168,False,False,False,-0.896362158126364,0.0002301743496088,-0.898007955630004,0.000284172762706,1.00071966206486,True,True,True,1.45542238613306,1.79312160665193e-06,0.828085789940001,0.0006842010808736,0.568575296441747,True,True,True,3,3,0.784647479253303,3_of_4
THBS3,1.53070537477912,3.88795124689688e-05,1.72608836124007,1.29284977093161e-05,1.12690625081144,True,True,True,2.34669033789369,5.59617944424375e-07,1.12186998739523,0.0015655535823371,0.477861142624863,True,True,False,1.32105093481908,0.0013686429009562,1.25008004849654,0.0024010995311284,0.945561184953597,True,True,True,2.00026328078443,7.36445798548735e-06,1.24769951585135,0.0012762837140684,0.623455957959861,True,True,True,4,3,0.784508571456729,3_of_4
MRPL58,-0.859758031914775,2.28737320058428e-05,-0.853490776680621,2.31188489779838e-05,0.991557145022524,True,True,True,-1.12209135556611,2.03441899077814e-06,-0.607794943279856,0.0010205131414423,0.541180323637598,True,True,True,-0.479492562845699,0.0035933263576128,-0.4714666675871,0.0047101624590654,0.981215327860345,True,False,False,-0.884155291153237,4.50417411166867e-05,-0.520189057661813,0.0039217894897608,0.587681125403518,True,True,True,3,3,0.784448226631931,3_of_4
EBP,-1.23236690955467,1.83005697911072e-05,-1.39176268819144,7.45735046093164e-06,1.12842551345403,True,True,True,-0.836117091425304,0.0009243010955191,-0.282828183464286,0.205382247356785,0.337859764615166,True,True,False,-1.31541971133896,3.20553084746345e-06,-1.33955445334443,4.33053191518048e-06,1.01757398632533,True,True,True,-1.2325332316736,1.86855318188459e-05,-0.679244380107608,0.0031762559895044,0.550649437458642,True,True,True,4,3,0.784111711891986,3_of_4
TUBGCP4,-0.617362311997018,4.43558117437727e-05,-0.649914473170256,2.78931275596293e-05,1.05102536257641,True,True,True,-0.851022589698294,1.92778736344167e-05,-0.597112495881833,0.0011556309758623,0.700817681481044,True,True,True,-0.672348076898512,0.0004814531179029,-0.583875963911988,0.001562110596669,0.867123533791559,True,True,True,-0.149942546394425,0.337591892603406,-0.0142783705271654,0.939366313167139,0.0945947373237952,True,False,False,3,3,0.783970607636302,3_of_4
ANKRD13B,-0.166253278963968,0.482885821280231,-0.127326647290012,0.596250698797965,0.761280424986122,True,False,False,-0.708521920449078,0.0001814137861168,-0.852334022945564,0.0001925668931297,1.2012793380733,True,True,True,1.25423447057125,0.0005719927997996,1.01217135206514,0.0036842258835797,0.806360385884325,True,True,True,1.36429306768688,4.62754309550375e-06,0.857193006901689,0.0008394126689818,0.627845425417688,True,True,True,3,3,0.783820405435224,3_of_4
APOE,1.5227450690508,0.0023743042991017,1.7800685687422,0.0006610453017846,1.16821941209042,True,True,True,1.98541363721367,0.0055785908824616,0.889554960688549,0.258352893164225,0.4478196001193,True,True,False,3.71012728851974,2.57120698511529e-05,3.6165075587471,4.03365712577123e-05,0.974503776772803,True,True,True,1.95933837090696,9.79358052524636e-05,1.16004156161103,0.0131005044394532,0.591755779934222,True,True,True,4,3,0.783129778353512,3_of_4
SRBD1,-0.707653989255084,7.91917116148842e-05,-0.578650359170497,0.0003660945197243,0.816548510195726,True,True,True,-0.800251104571193,4.11355059806227e-06,-0.60031071976165,0.0002124300047533,0.749216714132231,True,True,True,-0.656343574667545,0.0003385696459378,-0.679639850997694,0.0003391788039551,1.03391875601952,True,True,True,-0.847606484897398,3.95684539420326e-05,-0.365931098221869,0.0217474784274512,0.431214119541064,True,True,False,4,3,0.782882612163978,3_of_4
WDHD1,-1.21766018833786,6.83719507609288e-06,-1.37548837358609,3.01459813019209e-06,1.12868901991631,True,True,True,-1.24861742388179,8.30875166326415e-05,-0.267937591334184,0.259586815482554,0.214415697327481,True,True,False,-1.22000581622583,1.78251023513386e-07,-1.13598605250138,4.69079790960326e-07,0.930369075564891,True,True,True,-1.66465753448456,4.7793571107488306e-09,-1.05786107566606,4.38635003979789e-07,0.635101186027064,True,True,True,4,3,0.782735130795978,3_of_4
C6orf141,-1.80904961260958,1.66310813381597e-06,-1.31397603264097,9.64585637529592e-06,0.725933711146507,True,True,True,-3.3494513449397,5.02806232037243e-07,-2.809351770659,7.86733273876109e-06,0.838499497956315,True,True,True,0.160192569937264,0.732004407872471,0.197613215831157,0.671621981397464,1.22594494217735,True,False,False,-1.41549159171296,6.52897173722649e-05,-0.928401225520416,0.0017440983504369,0.655423040243891,True,True,True,3,3,0.782216604551411,3_of_4
HPRT1,-0.702952919226874,0.0004464343579155,-0.88131384233137,7.30021991594924e-05,1.25194997884132,True,True,True,-1.83091705713602,5.80242584767505e-07,-0.716653497747062,0.0023351615295308,0.391204118633768,True,True,False,-1.36205651419144,2.54142882949771e-07,-1.391371694738,3.63272480341627e-07,1.02077329901714,True,True,True,-1.11347756787392,2.22527466455849e-07,-0.605746461756534,0.0001070481432797,0.54352503739677,True,True,True,4,3,0.782149168206955,3_of_4
SLC25A27,1.61574943490566,0.0003459843590681,1.58827886966287,0.0004056633917113,0.98239024265102,True,True,True,1.72089710168572,9.37819987540191e-05,0.968064655723879,0.0207161164304515,0.562208191637092,True,True,True,0.973759703294478,0.138501934015143,1.12780093764242,0.0892192542474708,1.15700406349452,True,False,False,2.05499899393891,7.9664622135259e-05,1.1954485715613,0.0128630544680972,0.581444142280947,True,True,True,3,3,0.781917192465984,3_of_4
KLHL24,1.59862108540533,4.83536428699632e-06,1.68106903146953,3.06426111382104e-06,1.05091702454245,True,True,True,2.92884650319436,9.26956911858263e-07,1.73303921278681,0.0005031136942932,0.5915119481165,True,True,True,1.48828155835591,0.0017208883585322,1.44759021682516,0.0023693871287502,0.972005735720803,True,True,True,2.8613911920342,7.85571012784513e-07,1.32908589916255,0.0025518198023162,0.464327134202092,True,True,False,4,3,0.781758841918651,3_of_4
HS6ST2,1.60325532557807,1.2111533574158e-07,1.75341382493353,1.16713506477794e-07,1.09297678304525,True,True,True,-1.92838147052835,3.61101924997567e-06,-0.753655188075882,0.0102570539607567,0.390620102653675,True,True,False,-0.837096973172332,0.0001783644538154,-0.585320947686293,0.0026222316577598,0.698392866723714,True,True,True,-2.98743348992819,2.06572067609125e-10,-2.58504399425071,3.51270600657437e-10,0.865016405070747,True,True,True,4,3,0.78170463589723,3_of_4
MRPL16,-0.498114900139765,0.0145694182349199,-0.533137678384583,0.0098803779517126,1.06816622432087,True,False,False,-0.991446186750343,7.61205937912786e-07,-0.534855414016606,0.0004695222056707,0.538926363118923,True,True,True,-0.644659600151559,0.0004529580635541,-0.605080520449602,0.00086924901233,0.937150969810669,True,True,True,-0.825387155520675,0.000101344234599,-0.517524529880068,0.0046527071518315,0.626249484182744,True,True,True,3,3,0.781700226996706,3_of_4
SIK1B,0.646579395092179,0.0024500490674781,0.794553071177112,0.0004938269127282,1.22695854315132,True,True,True,0.92613268332597,0.0013142137085325,0.121187809853319,0.684900335437865,0.130712477332342,True,True,False,1.15990418191218,8.94757378374842e-06,0.998939280563542,4.23278819897782e-05,0.860483833315289,True,True,True,2.14768652324602,2.07659011463096e-07,1.50995983092704,1.56302827878189e-05,0.702736213305766,True,True,True,4,3,0.781610023310527,3_of_4
CERS4,1.72365653079892,7.96608043760886e-07,1.66187022680119,1.12141113667295e-06,0.963594893895398,True,True,True,1.46116348374958,5.15848833189272e-06,0.876138154379903,0.0019892404008811,0.59920669892065,True,True,True,5.25920484769656,0.0050074209803166,5.46383915936893,0.0041230446103805,1.03871223984015,True,True,True,0.445773783921735,0.120399666159786,0.133662547650256,0.692897562315635,0.299172763623191,True,False,False,3,3,0.781400796408024,3_of_4
GSPT1,-0.519707104659963,0.0012863563530657,-0.567178756550678,0.000614812090344,1.0892472014974,True,True,True,-1.41387500545223,1.67082749337072e-07,-0.688859746237811,0.000162515587257,0.486869683599813,True,True,False,-0.555151349100568,0.0003262300614205,-0.54023588063504,0.000460792938304,0.97138284660953,True,True,True,-0.84858454882949,5.23354237603513e-07,-0.501717078570958,0.0001614962401327,0.590544024443707,True,True,True,4,3,0.780963435526619,3_of_4
SQOR,-0.165039062061696,0.423290568225157,-0.273756399785812,0.187451254523253,1.64874696584404,True,False,False,-1.46411535948101,1.9046796140244e-07,-1.39597634701016,2.07980872802271e-06,0.952809850757867,True,True,True,-1.19622302907257,0.0017585461278124,-0.647309209434552,0.0448423204060408,0.540675541411854,True,True,True,-1.6471397469278,1.60186080766987e-07,-1.00368090944971,2.69026144000445e-05,0.608978038009588,True,True,True,3,3,0.780893944383728,3_of_4
CDCA7L,-0.187643372520615,0.153897743147932,-0.359065918233354,0.0110934865155328,1.90341125392102,True,False,False,-1.08104034941406,3.50377125100458e-05,-0.59654143927153,0.0080120171619266,0.551311639713404,True,True,True,-1.15868160418605,0.0002934357036998,-1.00543030484907,0.0009483221091717,0.866988232994137,True,True,True,-0.856096120406218,0.0039905560340804,-0.594994326957776,0.0332973704636387,0.694197900085909,True,True,True,3,3,0.780593066540023,3_of_4
AGA,0.961345941102107,0.0002110740446481,0.927663123722156,0.0002782480366876,0.963960135437126,True,True,True,0.602064168223053,0.0066907243268487,0.561601367141107,0.0191702879286809,0.931246452257117,True,True,True,1.42185999420076,0.0001136875306515,0.896143096054306,0.0056463739115019,0.629818182889935,True,True,True,0.305331523638434,0.114851985909296,0.141682323365031,0.504886529454057,0.462513037124641,True,False,False,3,3,0.780532317573526,3_of_4
IGSF22,3.8221824462389,5.67899116542763e-05,3.6917405034421,7.41076499568295e-05,0.965619756669968,True,True,True,6.59572194335247,0.0006841892375154,4.22111135291279,0.0315241221574527,0.63988013882659,True,True,True,3.6364903193564,0.0092925098108152,3.29080789611889,0.0191852597617563,0.904691863675159,True,True,True,2.92951629393445,0.0081587156089251,1.91790989723125,0.0983790451028634,0.654461434389878,True,True,False,4,3,0.779576649032518,3_of_4
SEMA4B,-0.607321198994511,0.0281360192024619,-0.530603157798335,0.0493016015542605,0.872241767466537,True,True,True,-1.3814823858136,1.22391543191376e-06,-1.08529918487675,5.08854315061503e-05,0.785036537183831,True,True,True,-1.12040370109824,0.0005618161599348,-0.669281698269882,0.0168869918131456,0.596824941467934,True,True,True,-0.366399579809753,0.0367740009425668,0.284409822707635,0.105156154845963,0.774115808338453,False,False,False,3,3,0.779576172761142,3_of_4
ZKSCAN8,0.817850036812671,0.000307799744847,0.852580542427661,0.0002082900225211,1.04119253110897,True,True,True,0.629233944563236,5.65526262906785e-05,0.326280392322648,0.0185114601063347,0.51771313674443,True,True,True,0.619119175161702,0.0002725540120334,0.649946277468556,0.0002210998593362,1.04809898403654,True,True,True,0.604026646853121,0.0010519145373831,0.191861948160905,0.269052510081262,0.317113219985966,True,True,False,4,3,0.7794528339267,3_of_4
CTNNAL1,-0.851972667150665,0.0003182794688906,-0.844656298308244,0.0003199962956395,0.990250134426697,True,True,True,-1.86785366761606,3.11506073995799e-06,-0.672962232547642,0.0131277609474331,0.360093593312784,True,True,False,-1.17336371124858,4.30557448109548e-05,-1.15446288674872,6.1794189878251e-05,0.983053951421318,True,True,True,-1.95862991563882,6.16807456442317e-07,-1.12832649929949,0.0001354846562655,0.575785504341858,True,True,True,4,3,0.779419727881588,3_of_4
PDCD4,1.37683522147896,6.6336995354432e-06,1.25176048863564,1.29284977093161e-05,0.908497960512294,True,True,True,1.32767269498132,3.4424990681465e-05,0.864012979813807,0.0040082763228691,0.650282784524261,True,True,True,0.643711048268984,0.0122858870714819,0.673388279142817,0.0104305177611646,1.0444807498659,True,True,True,1.82124141206874,5.5043274094707e-07,0.798692527069959,0.0031762559895044,0.438302258844631,True,True,False,4,3,0.779390372518278,3_of_4
H2BC5,0.568691303270059,0.0302857618974741,0.777448155738751,0.0048214837394015,1.36468320874157,True,True,True,3.57939376695187,1.95871406807904e-05,2.2057342686194,0.0045240517221044,0.616059129858565,True,True,True,1.47620310561558,0.0006484946185711,1.3923890018256,0.0012738102125275,0.942584669997267,True,True,True,0.48499550684673,0.0028214892100803,0.243896788560682,0.120258765364413,0.501849883640181,True,False,False,3,3,0.779321899927916,3_of_4
NEK3,-1.57698266443826,0.0006059818416379,-1.28174807599018,0.0021533167416827,0.812270061563994,True,True,True,-0.227873337974363,0.264954869683226,0.149524864629428,0.501967852763759,0.65330835803241,False,False,False,1.62788323498018,0.0004123661581792,1.32192471186672,0.0027669793458764,0.811552776453498,True,True,True,-2.26231707096256,1.13108331534896e-05,-1.68970721838946,0.0001020193712511,0.746562308952518,True,True,True,3,3,0.779057542703008,3_of_4
VRK1,-1.89200724099957,5.43571050437476e-06,-1.93620110257395,4.7337527373132e-06,1.02281758919822,True,True,True,-1.36120372328504,5.18690856027941e-06,-0.728842063089386,0.0017696014711237,0.535046300807149,True,True,True,-1.00260507444603,0.000240838861484,-1.03762380485139,0.0002528678352302,1.03389653088805,True,True,True,-1.7072213118731,2.05066781491551e-07,-0.84845921595071,0.0001161139251193,0.496691623066309,True,True,False,4,3,0.778931945002685,3_of_4
PUM3,-1.12713027024248,6.48139256883242e-06,-1.18174726750149,4.70415288244304e-06,1.04752731016382,True,True,True,-1.18523005154198,1.68334233040784e-06,-0.605057931555661,0.0012565772436683,0.510067950790107,True,True,True,-0.681507129066694,0.0021876412404101,-0.744424581140869,0.0014412684064975,1.09072059387694,True,True,True,-0.692311548585016,0.0015808567644581,-0.322659525844561,0.0982383506656391,0.465388938786724,True,True,False,4,3,0.778797630476963,3_of_4
CALCOCO1,1.1813714105879,6.48965763109637e-05,1.20391308314735,5.19681926250444e-05,1.01821904045256,True,True,True,3.5153142140776,1.06287848598562e-06,1.98375126953791,0.0007430498367625,0.564156428795795,True,True,True,1.28096447147245,0.000453702284181,1.27346512845039,0.0005566391136703,0.993370063514867,True,True,True,1.5956965268363,5.43986012455602e-07,0.718990073433099,0.0023894711335915,0.450298514056211,True,True,False,4,3,0.778763246155331,3_of_4
HMCES,-0.963484464394656,6.70442706296779e-05,-1.07580665429021,2.80217355844424e-05,1.11542144431059,True,True,True,-0.51526283458363,0.0008066336690928,-0.0789912763991873,0.57810417003139,0.153005932458598,True,True,False,-0.943154325334822,4.25924595484765e-05,-0.874053550789077,9.68030641316844e-05,0.925752842872498,True,True,True,-0.756305272737167,7.28485356915922e-06,-0.478423996701415,0.000682070763367,0.631745233955949,True,True,True,4,3,0.778749038414223,3_of_4
TRIM28,-1.06850282528653,5.02167165648345e-06,-0.998912522604563,7.45735046093164e-06,0.9339970862975,True,True,True,-0.514443175967898,0.0001237420096136,-0.321276703829033,0.0096101734322252,0.623301886237489,True,True,True,-0.382525492519443,0.0064234876947828,-0.35991851859513,0.0099325128490097,0.938447445124873,True,False,False,-1.01287391574521,1.07110886871222e-05,-0.622018249493633,0.0013893926657045,0.613506511839238,True,True,True,3,3,0.778649486267494,3_of_4
HSPA2,0.537574413026652,0.0013420185362097,0.507596421415344,0.0020394425855793,0.942481501419238,True,True,True,3.1383189590066,2.05790136414401e-07,1.92998066079441,6.62182292311529e-05,0.614776862751509,True,True,True,-0.547130092575917,0.499155539231964,-0.252040444244222,0.763348274411157,0.45981865921604,True,False,False,0.576756053786774,0.0189876041470803,0.884627016929337,0.0013342517311408,1.53114279137578,True,True,True,3,3,0.778629182085373,3_of_4
KLHDC2,1.04383641585523,4.26941371864566e-06,1.0912849207732,2.89260906125231e-06,1.04445528908939,True,True,True,0.9469191651285,5.2138879997439e-06,0.514824376964084,0.0035798608759197,0.543109999146704,True,True,True,0.68698516492468,0.0169426734734937,0.697715042345872,0.0169585094897727,1.01414256864428,True,True,True,0.666431854582407,0.0003880711981773,-0.172514600926994,0.323758764996179,0.258475228208776,False,True,False,4,3,0.778626283895492,3_of_4
SYTL2,2.95990699223589,2.04903528022228e-07,2.80255197868951,3.53394331056832e-07,0.946518072346879,True,True,True,2.58093672136006,2.30010146833416e-05,1.57568006200655,0.0053596324837017,0.610270596088252,True,True,True,1.45795796365854,0.0291572916763434,1.44397035223627,0.033070696353937,0.989727180771757,True,True,True,-0.0882436397187902,0.515185410912267,-0.0241076181793805,0.877053258086767,0.270132619594454,True,False,False,3,3,0.778394334217565,3_of_4
RAPGEF5,-3.46971727342185,0.0021194225451782,-2.62346420848233,0.005077500585871,0.755885311826568,True,True,True,-1.4654418458234,6.98984241912548e-05,-0.995885605217969,0.0027485191788662,0.679117012416394,True,True,True,0.021874277161035,0.965154564919101,-0.177200462992735,0.719357397191188,7.7467131199488,False,False,False,-3.18686013757323,1.96428457024223e-08,-2.55249949961373,6.1178450250456e-08,0.800693690895997,True,True,True,3,3,0.778289501361282,3_of_4
RNF144B,3.23657771980716,2.97345924369185e-07,2.91928815636793,7.46915657734043e-07,0.901688981397429,True,True,True,2.78310742066656,3.84310372487967e-07,2.16738346417623,2.2632293862425e-05,0.778484137532784,True,True,True,1.54728796549721,0.0002168180192138,1.20453076665905,0.0021655404653419,0.777975927929035,True,True,True,0.450812227776988,0.0065913316821682,0.0326837007897023,0.85880343128007,0.0723391240438822,True,False,False,3,3,0.77823003273091,3_of_4
LSM3,-0.539237510424969,0.0029651839423292,-0.75237390067704,0.0002805570292823,1.39267245638904,True,True,True,-0.917133981108714,3.84965251478937e-06,-0.236794532240733,0.0753086657047872,0.257908472088993,True,True,False,-0.849051093950822,4.25924595484765e-05,-0.785704385993355,9.95854033715962e-05,0.924302540852692,True,True,True,-0.914978505622553,3.90480972057906e-05,-0.576548105045962,0.0020790077662765,0.629434098624515,True,True,True,4,3,0.776868319738603,3_of_4
CDC42EP3,1.22014364833471,1.01046158388523e-05,1.35638521658574,4.11885594580696e-06,1.1107499256418,True,True,True,2.14423110282828,1.5500694056035e-06,1.29995523030355,0.0005484436897817,0.605974446571134,True,True,True,1.22828996164476,0.0001331649059164,1.05275551173787,0.000496890294111,0.856393157501513,True,True,True,0.488843603922103,0.0093668286947488,0.34137076205173,0.0662792915324821,0.696897457307652,True,False,False,3,3,0.776645307404582,3_of_4
SUSD6,0.525628054733168,0.0035499014902927,0.593453486258036,0.0014419275645288,1.12689303375364,True,True,True,2.8347016453304,6.85732484460406e-07,1.61381662384491,0.0005118556716499,0.569106635919336,True,True,True,0.929056070734895,0.0039497937117057,0.915159114673339,0.0049219128770231,0.983982733374575,True,True,True,1.70230160855194,1.32755214581541e-06,0.762644801432576,0.0030649588816986,0.447745013333803,True,True,False,4,3,0.776544684646955,3_of_4
PLGRKT,-0.901857306989106,0.0015967089047953,-0.875130728555402,0.0020188315465808,0.969290187697358,True,True,True,-0.916783424844415,5.48857452640092e-06,-0.312072437536235,0.0255801958938383,0.340028408760093,True,True,False,-0.895074782391766,0.0006503690938371,-0.800433043820006,0.001698572317305,0.893265896495294,True,True,True,-1.48106089373987,4.0425774951596e-05,-0.97678410855455,0.0011456207559651,0.659071508249373,True,True,True,4,3,0.776168702372333,3_of_4
PSEN1,0.641850224797674,2.7067918311654e-06,0.533214223598012,9.01481571333398e-06,0.829453273919025,True,True,True,0.647443040834355,6.01000746631557e-05,0.48815392232051,0.0019489053181931,0.752809254753355,True,True,True,1.0006862371492,1.97961356808019e-06,0.800690103570759,1.57182405977117e-05,0.79934222301938,True,True,True,0.283832115310831,0.0085063365700997,-0.202876347931936,0.0589490439559045,0.712266408970567,False,False,False,3,3,0.776075738886367,3_of_4
EXOSC3,-0.796792587936138,1.729802875123e-05,-0.947883499943644,5.07132127357003e-06,1.18813274813167,True,True,True,-1.36968716307375,1.42174864744866e-06,-0.759019677449182,0.0005155988144409,0.553751211725868,True,True,True,-0.588290620445667,0.0029267142902109,-0.588344863696247,0.0034437858069226,0.998395092817352,True,True,True,-0.389317572206592,0.0447889310994061,-0.192161611502653,0.327777490442913,0.492321189682291,True,False,False,3,3,0.77607315227161,3_of_4
CSTF2,-0.804294243137673,5.6750231569701e-05,-0.869901568393661,2.95701808589633e-05,1.08022822192825,True,True,True,-1.2135923376673,4.5764863211902e-07,-0.593286857700909,0.000458201572469,0.488465832775097,True,True,False,-1.09050013783043,2.81234362057796e-05,-1.05850718069125,4.71011550013447e-05,0.969772832823677,True,True,True,-0.97264716328839,6.5653381017728e-06,-0.566764173655613,0.001080955577509,0.58210427249788,True,True,True,4,3,0.775938552660778,3_of_4
INPP5J,1.25614123328824,6.51485412455346e-05,1.52519371889332,1.07516968124638e-05,1.21322384351673,True,True,True,2.08173253346389,8.90501375197455e-05,1.17375133662756,0.0205264689513024,0.563563164145441,True,True,True,3.67400951241041,0.0004160317882405,3.63202743130876,0.0005455096859633,0.988304225892069,True,True,True,0.0922585690696716,0.793346357851729,0.0432086241104845,0.914457271579351,0.463320685075108,True,False,False,3,3,0.775933695018755,3_of_4
MTFR1L,0.83302417519097,1.26533730468223e-05,0.805947396791203,1.53886739798536e-05,0.966335773908067,True,True,True,0.907223827740301,1.94924887754148e-06,0.411772728440644,0.0056294384869166,0.453382432681987,True,True,False,0.526061493276725,0.0009382496173305,0.545595749627001,0.0008534331806867,1.03516526361099,True,True,True,0.735133418008162,0.0001341291392258,0.431001054427212,0.0133542603145096,0.585493123778322,True,True,True,4,3,0.775914448843194,3_of_4
DLL1,1.67141016644467,0.0373226515550959,1.67080172870471,0.036994802866231,0.99903825163693,True,True,True,,,,,,,,,3.21628653983281,0.0081957285164084,2.49627418920986,0.0404578820467831,0.775894269380054,True,True,True,2.93519617082678,3.73145566515117e-06,1.86116405983464,0.0008163093828497,0.633869112127671,True,True,True,3,3,0.775894269380054,3_of_4
RANBP1,-1.4242722359048,9.31122733108026e-07,-1.51456929221954,7.46915657734043e-07,1.0626526315922,True,True,True,-1.55822100370964,2.29836187197025e-06,-0.594420903748347,0.0099466460462463,0.381229410285087,True,True,False,-1.00015363048174,5.65713246349365e-05,-1.02501122332448,6.1794189878251e-05,1.02383010171102,True,True,True,-1.33327517353445,3.21272311226363e-07,-0.704200458939788,0.0002094161449926,0.527777532631732,True,True,True,4,3,0.775803817171376,3_of_4
GRN,1.60170034544415,4.18080325628718e-06,1.63031397781606,3.39151637521957e-06,1.01722944182948,True,True,True,2.09565275832456,1.6831093031926e-07,1.21695476506224,5.81430137747263e-05,0.580427426635354,True,True,True,1.37650479333411,5.90277329720983e-07,1.33730576859252,1.01523142535439e-06,0.970817506453613,True,True,True,1.03722544350573,1.75464080134789e-06,0.501093604676967,0.0022084436257407,0.482644311802788,True,True,False,4,3,0.775622466544484,3_of_4
FAM189A2,5.66374899290989,9.87427021896033e-06,5.75090255373914,7.69562882625763e-06,1.01520871638568,True,True,True,1.8148558749742,6.79458339656171e-05,0.826022209971557,0.0505949291130079,0.454894147358084,True,True,False,3.1361942469234,0.0026280591925882,3.09225500497517,0.0032958136125435,0.985675339678982,True,True,True,2.19894739281585,1.20978313982013e-06,1.24399279967826,0.0007196590949201,0.565464794176735,True,True,True,4,3,0.775570066927858,3_of_4
DMPK,-0.118941002682968,0.669112882642834,0.0640964641448241,0.820428849405933,0.534399935893866,False,False,False,0.577923324604757,0.0001393939569204,0.319274176943019,0.0208473167901056,0.551496482130849,True,True,True,0.652310414319068,0.0203510477537342,0.693022938231176,0.0161955018299194,1.06078660777741,True,True,True,-0.592051125115243,0.0013693998541732,-0.592586233310654,0.0019286621988604,0.999216101639637,True,True,True,3,3,0.775356291885243,3_of_4
ANP32B,-0.738622420246694,0.0001073657761606,-0.826268127865426,3.92150170561661e-05,1.11714856830575,True,True,True,-1.07434110901268,1.81728088459081e-06,-0.437998845432518,0.0071172180647512,0.407311542134444,True,True,False,-0.875707415717676,4.40433310525448e-05,-0.789358536000397,0.0001202470500467,0.900367125735129,True,True,True,-1.19152443951445,1.98095891552289e-07,-0.774863608580027,2.53799097261268e-05,0.64976748727726,True,True,True,4,3,0.775067306506194,3_of_4
APP,0.907127548025356,2.7194321364981e-06,0.887615074952953,2.80851454090689e-06,0.977412343544686,True,True,True,0.51761041958555,3.58220850268477e-06,0.295714352648808,0.0015136754967527,0.570205189639517,True,True,True,0.657312357540187,5.6121365459195e-05,0.6539013289084,7.15916042181344e-05,0.993299489852706,True,True,True,0.369101042776212,0.0013685792544785,0.193460249415454,0.0699983493074078,0.522722789334136,True,False,False,3,3,0.773808766592102,3_of_4
DNAJB9,0.913074103849048,0.0005125042599524,0.830467826210078,0.0011066835012184,0.908534464233354,True,True,True,1.24990066541285,0.0001731905845208,0.401437054328114,0.198553347687839,0.320918411371716,True,True,False,0.856542735812396,0.0015676864920576,0.824656089732662,0.0024584653630581,0.961650137414343,True,True,True,1.5927997674674,4.14054612286128e-07,1.01815713602693,8.89404641272036e-05,0.638823744870295,True,True,True,4,3,0.773679104551825,3_of_4
CYP27C1,-1.74542497593781,7.44894593864877e-05,-1.95736201450846,4.04014618037264e-05,1.12078219303831,True,True,True,-2.35345648734526,1.14126537433471e-07,-1.60553969343889,4.14585285260756e-06,0.681915211458929,True,True,True,,,,,,,,,-1.13802944922842,7.53412463096043e-05,-0.881076648259127,0.0007671066859471,0.773532808002435,True,True,True,3,3,0.773532808002435,3_of_4
BAMBI,1.47490548534755,8.57428182071657e-05,1.26491437779879,0.0003360120333408,0.857042940998979,True,True,True,2.91295764507774,1.11121588655736e-05,2.00995029858005,0.001306671227888,0.689766476865324,True,True,True,0.303156180788797,0.0877362836109083,-0.0008085560686561,0.997012408952887,0.0026583581716447,False,False,False,3.40698728090881,2.74077649584723e-08,2.9722220790895,1.6039405250569e-07,0.872134146667618,True,True,True,3,3,0.773404708932152,3_of_4
DAPK2,1.14522992435127,0.0054253326542992,1.45769988560252,0.0008345923528413,1.27173427829284,True,True,True,3.40844940731652,1.06986386285833e-06,2.21351235779348,0.0003276164212004,0.649228685735411,True,True,True,3.28016748402638,0.0016174641572766,2.94425238389791,0.0041675439716075,0.897318530136403,True,True,True,1.54233024883899,1.98515498962246e-06,0.766322375775219,0.0028219497525652,0.496538168905654,True,True,False,4,3,0.773273607935907,3_of_4
MEGF8,1.44278254865874,0.0005891581163772,1.88647999227035,5.88149568711072e-05,1.30662335129544,True,True,True,0.698671368287346,1.09603896774401e-06,0.246817181469665,0.0131498090894149,0.352761585876843,True,True,False,1.01801059250368,9.57970188687252e-06,1.04621105738307,1.08838698512766e-05,1.02669301485136,True,True,True,0.844760441986354,3.47618415922107e-06,0.439526308408573,0.002236228310378,0.519681799465935,True,True,True,4,3,0.773187407158648,3_of_4
TMEM86A,3.5711024335483,1.23981481787244e-05,3.64797490148604,9.05242115284077e-06,1.0212402833763,True,True,True,4.96209830162118,2.85507936502164e-05,2.99248498449204,0.0062938143147952,0.60294695019733,True,True,True,3.14591979079774,8.46252757689289e-06,2.96629803686823,2.00707537675537e-05,0.942603635956123,True,True,True,0.978931970918903,0.0008867907249577,0.394617072110082,0.165857116428039,0.402698436035352,True,True,False,4,3,0.772775293076726,3_of_4
B3GNT9,0.724204454142594,0.010663550927044,0.747900842057775,0.0087616283367865,1.03129653683941,True,True,True,1.70043881063749,2.05414002240366e-05,0.873888965088355,0.0148178403530219,0.51361762740144,True,True,True,-0.69971288319936,0.122278366562711,-0.255600811497055,0.571361942800619,0.364772530412194,True,False,False,0.666334829957422,0.0004506924735654,0.817116171044797,0.0001090656423992,1.22444706070104,True,True,True,3,3,0.772457082120425,3_of_4
NPTXR,0.687774357828212,3.80731603359517e-05,0.73418472685498,1.97801505629668e-05,1.06592923866962,True,True,True,1.26652714434094,1.16996841708498e-05,0.498384334385306,0.0307878039222667,0.393194210167739,True,True,False,3.62715909329912,2.94854662670444e-06,3.41520599896213,6.92695361458372e-06,0.941305469561604,True,True,True,0.564593220554796,0.0010394955531407,0.340917435542305,0.034023120328475,0.602760823773481,True,True,True,4,3,0.772033146667543,3_of_4
PLSCR4,6.38775125185268,0.0003069594847525,6.51597349397563,0.0002417474920874,1.01991347559291,True,True,True,3.41182471617596,2.12621006493167e-06,2.38134073971978,0.0003326343851865,0.697762392669276,True,True,True,1.17580207738463,0.015011604230427,0.534477505780671,0.289547869298934,0.454177908122421,True,True,False,2.03340682441853,9.13526530630914e-07,1.721208744234,1.04986188327454e-05,0.84604943493834,True,True,True,4,3,0.771905913803808,3_of_4
ABCA3,0.9872235844414,0.0001224144580088,1.26685818873359,1.37864572106298e-05,1.28195502382155,True,True,True,-0.210103153618033,0.149545586611506,-0.122897886047267,0.451959057493243,0.582169825229786,True,False,False,1.97377975949504,1.78331788550053e-05,1.89549351024234,3.19258654031646e-05,0.9598505864406,True,True,True,2.2537651177304,1.1038701931623e-06,1.31620240430701,0.0004944245941766,0.583742578753335,True,True,True,3,3,0.771796582596967,3_of_4
FN1,0.586478909609905,0.166737412695968,-0.0828167280459269,0.85475854151412,0.140969704088473,False,False,False,3.82392153584943,1.06603148102221e-06,2.62417044164011,0.0001559876462448,0.686071705535612,True,True,True,2.7896873147216,8.7286586029928e-08,2.47938672367158,2.57959519826864e-07,0.888450207442508,True,True,True,2.16998884467972,6.25259409136267e-08,1.86127130796006,4.75144226433952e-07,0.857338034012168,True,True,True,3,3,0.77170486977389,3_of_4
EDN1,3.31200040353126,2.71902828929599e-05,3.29306980232256,2.5740686070109e-05,0.993984123519135,True,True,True,3.07872298077757,3.59221656100874e-06,2.12474902351,0.0005280445505476,0.689915630974557,True,True,True,2.71596245527689,1.99508317777849e-06,2.31761542354062,1.08838698512766e-05,0.853017095999741,True,True,True,0.703996407201675,0.0024772068471753,0.344400141106778,0.121169260884076,0.488513327995241,True,True,False,4,3,0.771466363487149,3_of_4
DDX56,-0.947402918263673,7.57096027661397e-07,-0.908918514431519,9.87443656559832e-07,0.958367479610415,True,True,True,-0.658639529896163,1.36738557290796e-05,-0.354191459108085,0.0053986265914692,0.536946988552733,True,True,True,-0.269005433093475,0.15853007817222,-0.275209139916581,0.153700251268264,1.01927260041951,True,False,False,-0.577733751765249,0.0004622393753029,-0.338238368907421,0.0231039312597081,0.58444555527603,True,True,True,3,3,0.771406517443223,3_of_4
GINS4,-1.17729927490179,0.0004578013713729,-1.3224129093828,0.0002215243425301,1.12230647811696,True,True,True,-1.17230532268673,0.000176242314366,-0.615795014413345,0.0220349287614433,0.52483782567631,True,True,True,-1.49471700219944,1.70177824657702e-05,-1.52090724780715,2.30201066430018e-05,1.01684158538725,True,True,True,-0.773588747042031,0.0314966187412234,0.241452153767326,0.463918340793981,0.311716578235062,False,True,False,4,3,0.77083970553178,3_of_4
ABTB1,0.508455283797153,0.0386824468859333,0.79760215607872,0.0025647530350567,1.56559796599597,True,True,True,2.34919648143558,1.3209018645451e-06,1.41352819615809,0.0006740843042784,0.601451073271397,True,True,True,0.941290004201841,0.0197164589412881,0.885851343584332,0.0299857003466359,0.940104786885313,True,True,True,1.73986493656187,1.03178211401907e-07,0.854836680145236,0.0003553024364975,0.491041356622128,True,True,False,4,3,0.770777930078355,3_of_4
KDELR3,0.10320127629918,0.392203285938221,0.26489877005343,0.0306658901805093,2.54218354574525,True,False,False,1.745337007318,5.34114926284614e-05,0.989551847769736,0.0122632191050171,0.566644263749227,True,True,True,1.44726224489475,0.0004195333976754,1.26483935800035,0.0015219148985112,0.873349673002261,True,True,True,1.45326411021946,5.42883166935402e-07,0.968532080311338,6.42971528976976e-05,0.665994624707598,True,True,True,3,3,0.769672148854929,3_of_4
ELOA,-0.467852416118683,0.0032845388513541,-0.50186701590457,0.0019846734759129,1.07041576123078,True,False,False,-0.646676426706223,2.38398600816078e-05,-0.362589418617246,0.0058239052201384,0.559831118852364,True,True,True,-0.729389801715238,0.0006035644082114,-0.667337598878319,0.0013209244595044,0.913673215741994,True,True,True,-0.52351920198616,7.65784895564506e-05,-0.328162256632659,0.0045971259854572,0.625643933320325,True,True,True,3,3,0.769658574531159,3_of_4
DBI,-0.665624736238867,0.0029493113368541,-0.826792407156578,0.0006467416835279,1.24026661809969,True,True,True,-1.22411699969371,1.31641121105111e-05,-0.681143082843414,0.003796928186409,0.555982067846341,True,True,True,-1.58159178327073,1.7604256335092e-06,-1.55600705564842,2.83536442348257e-06,0.983201778308638,True,True,True,-0.688388184947694,8.66338834003126e-05,-0.32068416763463,0.0257534629711251,0.465172126004685,True,True,False,4,3,0.769591923077489,3_of_4
PARD3B,4.42790479568537,1.69667406375189e-05,4.60965165599254,1.03808566438227e-05,1.04081073507908,True,True,True,1.56873131396003,4.94705297209054e-05,0.909357756933491,0.0114170957056744,0.579307903745269,True,True,True,5.17608676098028,0.0001509377614384,4.96206112339207,0.0002576312143222,0.958465900318909,True,True,True,1.12950333344072,0.000120746231551,0.412087108425149,0.113380689719348,0.364516491226036,True,True,False,4,3,0.768886902032089,3_of_4
CALD1,0.791955558088704,3.50703546205481e-05,0.610566755391428,0.0002560589471326,0.76998861936614,True,True,True,2.32563376918862,3.88175421228654e-07,1.78587718024348,2.31899839845864e-05,0.767579841698197,True,True,True,0.636640481336246,0.0162906804479995,0.462790198828626,0.0710571978609774,0.725785473749719,True,True,False,3.7956117852567,5.26088223312353e-10,3.55978910746036,1.10652037136841e-09,0.937622624805626,True,True,True,4,3,0.768784230532169,3_of_4
SLC38A10,0.0923059294113022,0.41615586405663,0.125153067496401,0.262121237735571,1.34131955263757,True,False,False,0.56535829249325,1.6732674366724e-05,0.306968772471507,0.0063971964305952,0.542004551783208,True,True,True,0.507946929077971,0.0008828136782034,0.394353189171992,0.0056803147991692,0.774841474898804,True,True,True,0.624020431189984,1.07806786867521e-05,0.476226018425353,0.000239992147001,0.761936721842293,True,True,True,3,3,0.768389098370548,3_of_4
PTP4A2,-0.567514413680777,0.0018901896304222,-0.518982733837042,0.0033479748757136,0.912875243526284,True,True,True,-1.02708564445047,8.51682677151576e-06,-0.804597312909452,0.0002914589431196,0.782617009830464,True,True,True,-0.536356585445724,0.0020602684042582,-0.404855894567497,0.012957773770769,0.753421295156696,True,True,True,-0.589145509053052,0.0016736660751623,-0.258454914984509,0.128408159663923,0.437951168008083,True,True,False,4,3,0.76801915249358,3_of_4
SRSF1,-0.579620794692445,0.0003492477316972,-0.604300777711813,0.0002304726305995,1.04078390446197,True,True,True,-1.11964009244221,2.07757376534415e-06,-0.47652362741135,0.0061200487284042,0.425224503946546,True,True,False,-0.662769830655717,0.0004589660959084,-0.668849085973579,0.0004871965532972,1.00765213344036,True,True,True,-1.18492440870431,4.70493541849828e-07,-0.626454433092822,0.0003628993023754,0.528241453245118,True,True,True,4,3,0.767946793342739,3_of_4
BSDC1,0.627504382176959,4.94148104618583e-05,0.687124529845344,2.11268794658788e-05,1.09326927437696,True,True,True,0.880553022371343,6.14316118917979e-07,0.516544054927325,0.0002906782036642,0.585947801004461,True,True,True,0.509442014099069,0.0003427376423243,0.484345784930122,0.0006140566556424,0.948875232743122,True,True,True,0.662280923838694,9.09257201313627e-06,0.219181837800932,0.0549033337021314,0.330450989804489,True,True,False,4,3,0.767411516873791,3_of_4
MRPS12,-0.603980238417666,0.0003817845690246,-0.597546101553932,0.0004169728975644,0.987711769093189,True,True,True,-0.884090623583411,3.75632523428557e-05,-0.42657470558805,0.0163157174019717,0.481955964984697,True,True,False,-0.549912143479819,0.0098958208506508,-0.593146693536464,0.0074375851373473,1.07666294990318,True,True,True,-0.727319554740146,0.000181998397,-0.397778006095865,0.0164573453557224,0.546158624338717,True,True,True,4,3,0.766935196715953,3_of_4
VIPR1,1.2734135489695,0.0014088788232258,0.992800023710134,0.008875771097299,0.779025006845634,True,True,True,0.954589108794601,5.76282988927975e-05,0.720998343330474,0.0021120269222276,0.754506656359819,True,True,True,0.276285515676299,0.579979512483143,0.159032263586266,0.767796757760926,0.573532530894686,True,False,False,-1.38188857914971,0.0074924489571828,-1.94588855547109,0.0022228914973807,1.40711882707683,True,True,True,3,3,0.766765831602726,3_of_4
MMS22L,-1.51207052211799,2.69669045334922e-05,-1.49191727694137,2.81124106195907e-05,0.986019656805547,True,True,True,-1.0690729238052,6.01279160800421e-06,-0.329537745700552,0.0479478560706612,0.307958213285791,True,True,False,-1.16653265975817,5.71300527365763e-05,-1.15687281614035,8.56232802697978e-05,0.990869768371167,True,True,True,-1.44661966242391,1.5954491623032e-07,-0.791863934504172,5.6260652763969e-05,0.547011038229659,True,True,True,4,3,0.766515347517603,3_of_4
DLX3,-1.40631043605045,0.0072483497373184,-1.06650792526358,0.025754073573956,0.757834162202822,True,True,True,2.39512106222087,5.62229940841048e-07,1.85357173953614,3.79263490405061e-05,0.773571823544733,True,True,True,1.28625049358426,0.0650436489988338,0.762041261775409,0.307765572453849,0.591991431017873,True,False,False,1.4326310003013,0.0250352499689893,2.00882402096391,0.0031994862219136,1.40121413427983,True,True,True,3,3,0.765702992873778,3_of_4
HCN2,1.58147009123876,0.0002256202825963,1.47700962119316,0.0004160473752216,0.933357053236282,True,True,True,0.062314874320768,0.794575259431532,0.0119144460763549,0.968453690723879,0.188177678691954,True,False,False,2.05663350599621,0.001904109065425,1.81322388384796,0.0056495612973809,0.881218097666077,True,True,True,2.83557895577837,9.3173050380914e-06,1.84308947055112,0.0013430705132018,0.64975785947949,True,True,True,3,3,0.765487978572784,3_of_4
TBC1D30,-1.02043544917841,0.0048876502440165,-0.563435013308384,0.0719779359200529,0.551610984092614,True,True,False,-2.52277514549699,1.70142637043374e-06,-1.69228698313735,8.56777352868813e-05,0.670537938435914,True,True,True,-1.89710517698544,4.72839699001113e-06,-1.63312573960587,1.87217293801327e-05,0.860397916515665,True,True,True,-1.42021102509878,0.000306306388251,-1.53113212773127,0.0002708751744957,1.0773432661943,True,True,True,4,3,0.76546792747579,3_of_4
ULBP3,-0.445040558542072,0.035971638446314,-0.320777899141436,0.116812462872337,0.71916755774392,True,False,False,-1.63398865357526,0.0004829498168756,-1.04674634418596,0.0125893875194084,0.640216274221243,True,True,True,0.80751673713361,0.0063761864479398,0.76014856246751,0.0109635161057872,0.940176656283484,True,True,True,-1.1182660161584,0.0021817452010682,-0.908536955865283,0.0092470935390237,0.811725669098405,True,True,True,3,3,0.765446613421163,3_of_4
UCHL5,-0.841200777179889,4.01789048439715e-05,-0.944482722686848,1.60434316458589e-05,1.12144603552784,True,True,True,-1.34490533829486,1.14126537433471e-07,-0.718602030610671,3.82478345388137e-05,0.533917215545838,True,True,True,-0.907923820232984,0.0001793075677955,-0.905907990631085,0.0002266724479443,0.996681977592879,True,True,True,-0.431254931604343,0.0029467426914377,-0.127371346953952,0.348382235396101,0.294667192069284,True,False,False,3,3,0.765299596569359,3_of_4
EPHA2,-0.936079949986151,0.0017779172629384,-0.624482508657241,0.0193382014809531,0.666413264595481,True,True,True,-0.851458715117965,0.0194075076844483,-0.830330651217122,0.0357138950445399,0.974042069711516,True,True,True,-0.930840412176037,0.0015550124795749,-0.805145741545637,0.0044235529719552,0.864038231251913,True,True,True,-0.451685503002237,0.0241613657285207,0.114226020057986,0.591457963258506,0.252329750567297,False,False,False,3,3,0.765225747923697,3_of_4
TP53INP1,3.50733760346934,3.25853804886392e-05,3.63500973073328,2.1385773061267e-05,1.03610602558279,True,True,True,4.75393631317182,1.32880716769886e-05,3.03207701399953,0.0027680646355078,0.637669321795176,True,True,True,2.22539377943424,0.0001086655582764,1.98763130609899,0.000332474820424,0.892758201383439,True,True,True,2.05064425700567,3.42829732215242e-05,0.888353676375835,0.0397218374021857,0.43299596084575,True,True,False,4,3,0.765213761589308,3_of_4
NCEH1,-1.48709350485802,0.0004512843095626,-1.59588146621395,0.0002805731410401,1.07243359439716,True,True,True,-1.62844679385314,4.7945308382941e-06,-0.884259549975241,0.0020947436122254,0.5426746999724,True,True,True,-1.01938792323473,0.0005277405586624,-1.00669196461482,0.0006830494226742,0.986577694317968,True,True,True,-1.78927277336654,6.63364258752116e-05,-0.83623965464395,0.0161842616766442,0.467101811011421,True,True,False,4,3,0.764626197145184,3_of_4
BMF,1.45477973925694,0.0010908486464074,1.64727406420959,0.000381367214738,1.13154072679318,True,True,True,3.4723487464789,7.39534930186805e-07,2.02705169705889,0.0004523664032917,0.583601545659303,True,True,True,1.85363453507186,0.0022247413429937,1.7532892791154,0.0035469877504035,0.945355673023455,True,True,True,1.61152417869887,4.6320169046583e-05,0.381206135517583,0.219300527602692,0.236403360987228,True,True,False,4,3,0.764478609341379,3_of_4
SCN9A,1.54159123287473,0.001048320233807,1.08570850296808,0.0136931580367317,0.703821258561663,True,True,True,4.29883765543696,2.56992293750364e-05,3.54684300217087,0.000592185978677,0.824878352717815,True,True,True,1.23548036669596,0.070045890761754,1.31877404610074,0.0565766336055163,1.06655478050548,True,False,False,1.70110555551002,0.0005204547513267,1.05686630519567,0.0258210434207959,0.620917017616448,True,True,True,3,3,0.764349805639739,3_of_4
ADCY7,-0.303270851338805,0.0079658711913422,-0.274875618683337,0.0135122335067235,0.903391230128921,True,False,False,-1.12929728407673,7.84478895524376e-06,-0.806277974316647,0.0004903128491248,0.713332665375062,True,True,True,-1.13418049053433,0.0002190898439092,-0.924390041423425,0.0010843883450501,0.814311071350701,True,True,True,0.639418641769832,0.0010472430986774,0.429065822937177,0.0203552702088121,0.669977097717565,True,True,True,3,3,0.763821868362881,3_of_4
FKBP9,0.615184765536894,8.81949058147844e-05,0.610147084928351,8.6544467785031e-05,0.990201509439653,True,True,True,0.681307284851762,2.67779115826913e-05,0.525920194638966,0.0008927359112021,0.770796686940295,True,True,True,0.441455844218058,0.0288094807550009,0.325543586816964,0.10125356861851,0.735765141473698,True,False,False,1.13495269307022,6.40448756426629e-06,0.859405572935485,0.0001606512446284,0.756550495613254,True,True,True,3,3,0.763673591276774,3_of_4
BCS1L,-0.840384490813287,1.52877807022529e-05,-0.766825565037537,2.90025387485848e-05,0.911385428909343,True,True,True,-0.848937491593926,0.0001391795353123,-0.522541763229698,0.0097686106052336,0.614800227543501,True,True,True,-0.380817627134356,0.0248082172357948,-0.441996918989869,0.0132339065272184,1.1576126600209,True,False,False,-0.612923196773448,0.0003244636306631,-0.308938924617649,0.0346661145161054,0.503220803907259,True,True,True,3,3,0.763092828226422,3_of_4
TTC17,1.29035140710277,5.52575911256604e-05,1.3504194761301,3.40813885447522e-05,1.04574128211921,True,True,True,0.93984557768983,3.94723218812789e-06,0.405356510313818,0.010274096451989,0.430842765195472,True,True,False,0.7709527393847,0.0038532255116636,0.720372955972923,0.0066634587822127,0.933182718604134,True,True,True,1.05431978017599,3.41040020485852e-06,0.625593527279905,0.0008794104635749,0.592799963604945,True,True,True,4,3,0.762991341104539,3_of_4
PLD1,1.26463621110755,0.0001584535770301,1.28912735026251,0.0001278615677808,1.01856073565911,True,True,True,1.01027420343279,9.67905294703292e-06,0.512012713994679,0.0080004367629991,0.506304533682993,True,True,True,1.13870284245884,0.0050985097687829,1.1780021104577,0.0045147726231767,1.03360460865065,True,True,True,0.514909196144716,0.0113826411446731,0.257873172546068,0.210200844741256,0.49984217081824,True,True,False,4,3,0.762432634671051,3_of_4
POLD1,-1.03646987087853,4.24312102985034e-06,-0.996017345557294,5.2847076976046e-06,0.96004459841698,True,True,True,-1.05021461435965,2.6512542748266e-05,-0.316490422191396,0.0975514543143408,0.301071177919446,True,True,False,-0.600994670438302,0.002753159064722,-0.641359436045231,0.002078748527624,1.06539055499988,True,True,True,-1.63999763664923,3.80925452823313e-07,-0.925814996759576,0.0001111751957067,0.564178141444498,True,True,True,4,3,0.762111369930739,3_of_4
PLEK2,-2.59250717822598,1.50765095462994e-07,-2.38960773541881,1.93997823103848e-07,0.921380806454277,True,True,True,-2.95595156646687,2.64376169925942e-07,-1.7814767287909,1.77272840392269e-05,0.602470716461382,True,True,True,-0.683908912458433,0.0002809423337927,-0.742218120768618,0.0002035032740832,1.08367420436168,True,True,True,-1.63483386041097,1.86189969977805e-05,-0.438345442727329,0.0834707703217881,0.267964524598607,True,True,False,4,3,0.761925761457829,3_of_4
RNASE4,2.00521417056132,9.04320848683176e-05,1.90556628787337,0.0001417128056068,0.949831935111998,True,True,True,2.83835076230044,0.0008926905108468,1.62603959674406,0.0628822384876461,0.572680071209886,True,True,False,2.09797950062778,0.0028918609588468,2.2363171030182,0.0020084595801088,1.06543065444391,True,True,True,1.7558693354496,2.66726734358856e-05,0.890860362416783,0.0146840664218412,0.507072634510297,True,True,True,4,3,0.761256003160942,3_of_4
PODXL2,0.97959609648005,7.58678800329213e-05,1.02492173107854,4.86299883875328e-05,1.04520274428748,True,True,True,-1.37851340902301,1.29251792188605e-06,-0.821445134090902,0.0003210711714969,0.595460057668204,True,True,True,1.17380298534982,5.39938683787363e-05,1.08820882651222,0.0001285266576066,0.92629048451744,True,True,True,0.478094827874791,0.0270623775876088,-0.244886632458946,0.291815554494435,0.511144387730577,False,False,False,3,3,0.760875271092822,3_of_4
AFAP1,-0.260523239946135,0.0382735055282865,-0.0483951523874131,0.700519202876541,0.185051058549829,True,False,False,-1.21636449812078,2.10601777512487e-06,-0.640391387138689,0.0015559600472675,0.52604736554027,True,True,True,0.50816117889468,0.0013643681309476,0.6118534587921,0.0003798591651998,1.20168913922375,True,True,True,1.11605303786136,1.19472842653784e-07,1.11066227343056,1.97138208090455e-07,0.994278906896816,True,True,True,3,3,0.760163136218543,3_of_4
DRAP1,-1.15262940807069,2.40497040488068e-05,-1.09704131151101,3.23016053613362e-05,0.950947768699554,True,True,True,-1.01384850187128,9.81394597370385e-06,-0.40542698574126,0.0199539241581943,0.399495082264686,True,True,False,-0.929221523468077,5.27552750200664e-05,-0.916669662820062,7.49141721534568e-05,0.98543157698879,True,True,True,-0.783282098190495,0.0004887114276294,-0.445412782403757,0.025175523405371,0.567924198998573,True,True,True,4,3,0.759435983849064,3_of_4
NTF4,-1.16534078251922,0.0083443322541503,-0.900478103923941,0.0286954498999039,0.772054032080544,True,True,True,5.2841475894264,1.88999246613108e-06,3.2929522368692,0.0007359443188546,0.62305776350639,True,True,True,-0.475551051543868,0.470606141644699,-0.355693998536531,0.599266664361463,0.746392222583918,True,False,False,2.15322348630317,2.40247168591249e-05,2.00623638819745,8.82949084952013e-05,0.931303739353581,True,True,True,3,3,0.759223127332231,3_of_4
AP1S2,-0.733989767613237,0.0001139230177647,-0.653490560206722,0.0002751314128128,0.889115180921265,True,True,True,-0.630252051094983,0.0226069088156132,-0.25011979687229,0.371269727556407,0.396228093735976,True,True,False,0.771086894691348,0.0050549488162175,0.564340944291833,0.0341689908381251,0.730929314008672,True,True,True,-0.979248663609472,0.0001955655550598,-0.77178135010448,0.001690779036544,0.787332213504506,True,True,True,4,3,0.759130763756589,3_of_4
UBL3,0.592992916867855,0.001545221571328,0.721374057345127,0.000319522377597,1.21444892162849,True,True,True,2.10341488944717,3.61791018553677e-07,1.37971920480293,7.64579775074857e-05,0.655630793966385,True,True,True,1.750570044279,1.14918303266089e-06,1.51023710305985,6.33350655146092e-06,0.862219074819534,True,True,True,1.17292766741285,5.19693701626871e-06,0.585635521360338,0.0043893646953445,0.498868488763865,True,True,False,4,3,0.758924934392959,3_of_4
NKAIN4,-1.57539506195364,0.218310532609717,-0.641927734364802,0.582927736515085,0.407212474751891,True,False,False,6.13873493061341,0.0002220895963422,3.59931609328011,0.0268959650255705,0.586233140999869,True,True,True,4.04766292569324,0.0084299208548877,3.77766106989107,0.014347110142146,0.933063863113334,True,True,True,5.36491224996266,0.0009200624345959,4.99743802464006,0.0024340816827646,0.931330553285666,True,True,True,3,3,0.758781847142768,3_of_4
PSMA5,-0.661605000426548,0.0001306785945022,-0.682280473903026,9.78336798114882e-05,1.02969412163176,True,True,True,-0.954704802548204,3.08393147972763e-07,-0.482792030815276,0.0003473208012941,0.505168572479706,True,True,True,-0.555254464898907,0.0002509877227823,-0.563010559450187,0.0002681809195656,1.01214569046652,True,True,True,-0.36097618722194,0.0037630083039767,-0.0901540355277897,0.453852090283089,0.249060680537289,True,False,False,3,3,0.758657131473113,3_of_4
MMP14,1.63252540221652,7.76152114700251e-07,1.38673695610937,2.29942949657381e-06,0.848922798646238,True,True,True,4.08531020607929,1.75650999532121e-06,2.73078593631037,0.000328011534757,0.6682767089605,True,True,True,0.904907364946027,0.283031363985595,0.0650539581962822,0.952332350833506,0.071810828251913,True,False,False,3.15424568477207,2.53319047266735e-07,2.85009302779942,1.249201571873e-06,0.903287196161812,True,True,True,3,3,0.758599753803369,3_of_4
CLIC1,-0.258405716484358,0.0920604998775394,-0.262060997181182,0.0854785435605559,1.01023601458291,True,False,False,-0.653368441251242,2.11668011722341e-06,-0.366055906594054,0.0011133130002437,0.559403362873223,True,True,True,-0.567037891711482,5.49424800934223e-05,-0.483334727380006,0.0002323869105319,0.850884658281743,True,True,True,-1.38043777090586,1.80491045467759e-07,-0.920324181611226,1.94835802029864e-05,0.666207483966314,True,True,True,3,3,0.758546071124028,3_of_4
H1.0,-1.47837131281818,0.0003515542706095,-1.39344520741677,0.0005199094323672,0.941917147739115,True,True,True,-0.421580031168477,1.38135336034261e-05,-0.178027401228136,0.0207392894934923,0.421286828759684,True,False,False,-0.641779536198903,0.0166076774058083,-0.595774401972516,0.0255730681392272,0.926872074203928,True,True,True,-0.67386854622789,3.13573828310187e-05,-0.398255090738822,0.0039699823899762,0.59012246601924,True,True,True,3,3,0.758497270111584,3_of_4
C17orf100,1.06763730109216,0.000474073719124,1.27257957223932,9.98408756531177e-05,1.19084330196852,True,True,True,1.69606083293673,2.39530538440935e-06,0.955052606998391,0.0019975533494812,0.562768634136522,True,True,True,0.684067425197947,0.0165313232380744,0.653437679616214,0.0242186368971698,0.95382973351478,True,True,True,0.58562600333549,0.101372954983559,0.227051115646221,0.579788844122572,0.387045774233044,True,False,False,3,3,0.758299183825651,3_of_4
ALPK1,1.11486421792573,2.95446289547938e-05,1.09331858991924,3.25093303480264e-05,0.979795366098933,True,True,True,1.67847221072271,1.11856632142611e-05,0.901450571762838,0.0071853557660088,0.53674634567185,True,True,True,-0.12379396832274,0.724129205734661,0.0544953095364074,0.879739896996539,0.436682239284775,False,False,False,0.816602642906284,0.0006776887153497,1.05707070036503,9.23171150607679e-05,1.29289051293612,True,True,True,3,3,0.758270855885391,3_of_4
SIVA1,-1.81390584559208,4.18080325628718e-06,-1.8039824416583,4.2950142582379e-06,0.993981283403594,True,True,True,-0.994687480179449,6.53167561159746e-05,-0.331615123569672,0.0972227734754393,0.333051414395515,True,True,False,-0.678631763504241,0.0119935998041202,-0.669376783307225,0.0144575574189036,0.984910975696397,True,True,True,-1.58047473305534,1.06572428160068e-06,-0.84047103920034,0.0004207079572067,0.531447655554121,True,True,True,4,3,0.758179315625259,3_of_4
C2orf72,-0.707056446331398,0.0690621424360487,-0.198661560969601,0.593493094348237,0.280573056002684,True,False,False,4.55716851776339,9.96595114452127e-06,2.58379615087009,0.0048497476444965,0.56684963287358,True,True,True,4.09755580937849,0.0004765378198201,4.23128685927619,0.0004198822739464,1.03238483409058,True,True,True,1.66928630089426,0.0028496828521426,1.58425027603493,0.0057849257416622,0.948490252950487,True,True,True,3,3,0.757669942912033,3_of_4
HMGCR,-0.692800519414387,0.0015636231107461,-0.69518201942178,0.001472767298238,1.00199120636081,True,True,True,-0.65146502848319,0.0190672950025814,-0.310400951040875,0.281413571226916,0.475735767421092,True,True,False,-1.09271641912861,6.63343098963034e-05,-1.30527809693066,2.11808491270245e-05,1.19343375860683,True,True,True,-0.53851023090195,0.000552282397955,-0.276817706892651,0.0464383588903824,0.513090746082551,True,True,True,4,3,0.75754097622168,3_of_4
POLD3,-0.870279507672421,0.0001188559338714,-0.930478210182947,7.19461272667529e-05,1.06794455968404,True,True,True,-0.830725015265272,8.99593888448048e-06,-0.275571713657275,0.0428476017055799,0.331325508550904,True,True,False,-0.877001699263284,9.39000457439286e-06,-0.861016606520445,1.58605457056308e-05,0.980654829304897,True,True,True,-1.42261838290464,9.18580169714254e-08,-0.760690388897961,4.05646771809774e-05,0.534335885257331,True,True,True,4,3,0.757495357281114,3_of_4
BZW1,-1.3133311857654,3.55444273747547e-05,-1.31450825581599,3.09881853518628e-05,1.00013472255129,True,True,True,-1.95457535427351,1.93272407765835e-07,-1.2314491422694,3.34835540980262e-05,0.629711935967244,True,True,True,-1.46579628393141,3.03515351557098e-06,-1.29836384466717,1.08838698512766e-05,0.885169848663104,True,True,True,-0.785772426228075,8.26259331600739e-05,-0.307142260780033,0.0636523042445676,0.390382594179777,True,True,False,4,3,0.757440892315174,3_of_4
SLC2A11,0.548066199236933,0.0039049636916727,0.576400234707094,0.0027191206062596,1.0497827684679,True,True,True,1.83699305242559,5.07121165763992e-07,1.14139079845924,0.0001929888310835,0.620998429212206,True,True,True,0.614557444642578,0.0021286791703291,0.549934349122534,0.0054816852453507,0.893392410259699,True,True,True,0.789890499269108,0.0033262933127205,0.364588741761338,0.172949747393914,0.460985107417864,True,True,False,4,3,0.757195419735953,3_of_4
AK2,-0.458171772849281,0.000307799744847,-0.399023267970879,0.0008345923528413,0.86900652776375,True,False,False,-1.28585870893993,2.86979795210776e-07,-0.749695835979185,0.0001015682616263,0.582578204406573,True,True,True,-0.982828271324788,2.09688011861099e-05,-0.881586222566426,6.15601445227757e-05,0.896077342216761,True,True,True,-0.643228862182911,5.73333010412943e-05,-0.415558160828941,0.003036988777547,0.645047412841548,True,True,True,3,3,0.757026970302649,3_of_4
GMNN,-1.14296181850828,2.05010865424811e-05,-1.50227960370075,3.70627019693959e-06,1.31322530122528,True,True,True,-1.71214436162709,1.77252855444622e-06,-0.656162857936748,0.0053611448444993,0.383016675438575,True,True,False,-1.2123377857836,0.0002366005384175,-1.21069670184155,0.0003162882965511,0.997823290453001,True,True,True,-2.08986144970424,6.96365587439166e-08,-1.07840094948976,2.29884671582017e-05,0.515768727594219,True,True,True,4,3,0.75679600902361,3_of_4
GNPTG,0.875611083854693,0.0002740247838535,1.02079201913674,7.09534763232971e-05,1.16447537332981,True,True,True,1.14956728914687,1.73418137224759e-06,0.551581263063673,0.0037308048186168,0.479399395643051,True,True,False,1.09663446533799,3.94967261486528e-06,0.971287367885536,1.53037978180767e-05,0.884891463012189,True,True,True,0.720786151993781,1.73312790218034e-06,0.453229038873368,0.0003022441928346,0.627927035759025,True,True,True,4,3,0.756409249385607,3_of_4
RPS6KA4,-1.09263878346272,3.0205990418743e-06,-1.05327416253849,3.74830595194683e-06,0.963091450728891,True,True,True,-1.02340991801922,3.10517568528671e-06,-0.417478877013133,0.0099509885703232,0.407531076837251,True,True,False,-0.62580481874903,0.0031272052963786,-0.584089463209482,0.0053466731169802,0.931852222156175,True,True,True,-1.04605987348898,5.94317728887433e-05,-0.608062369607237,0.0063046685209793,0.580733141440203,True,True,True,4,3,0.756292681798189,3_of_4
NUDC,-0.740411108356912,3.6339496920638e-05,-0.791348023093222,1.93753271365494e-05,1.06735387988316,True,True,True,-1.21612757638601,6.80043289649866e-07,-0.566719770960097,0.001284995373176,0.465620680983045,True,True,False,-0.556393286516915,0.0014054833409891,-0.49539647221102,0.0034378147471166,0.88877366160381,True,True,True,-0.672993593012961,1.72716912520111e-05,-0.4202585948221,0.0015646608565058,0.623534999707361,True,True,True,4,3,0.756154330655586,3_of_4
SNRNP25,-0.721677931952872,0.0002897406103263,-0.859214603497866,7.62512786556661e-05,1.18893156343661,True,True,True,-1.24295937221005,1.12114856058471e-05,-0.437065200969728,0.0312394658184588,0.351350060728452,True,True,False,-0.793053363910549,0.0018559426699027,-0.798685018239603,0.0021782716741017,1.00583292576993,True,True,True,-1.14035130579633,4.63499492952617e-06,-0.577762847035019,0.0019318517903149,0.506209476522138,True,True,True,4,3,0.756021201146034,3_of_4
SUV39H1,-1.26012733539966,7.84529650812671e-06,-1.26695476753112,7.37483153914257e-06,1.00462081184658,True,True,True,-1.1738097003037,1.04704694711461e-05,-0.594365639719929,0.0045005975642135,0.505925035830296,True,True,True,-0.815931086194651,0.0054926822283736,-0.872511201621721,0.0046833085014767,1.06803525580838,True,True,True,-1.179861740199,9.90361364917084e-06,-0.315864860981834,0.0763559478286447,0.267486743137773,True,True,False,4,3,0.755272923838438,3_of_4
RXRB,0.86532413826884,0.0003841985147931,1.02474903805043,8.92883872922216e-05,1.18287023618916,True,True,True,0.980451022103148,2.03451308637429e-06,0.53954610242541,0.001467267935811,0.549743278344363,True,True,True,0.532089895329062,0.0048237394160289,0.511666065345063,0.0069742744915321,0.959811975106422,True,True,True,0.373559565568719,0.0241497949633727,-0.0641053696085478,0.73318225564604,0.171148664995946,False,False,False,3,3,0.754777626725393,3_of_4
NUP58,-0.912568089650186,3.31200588219186e-05,-0.904361777475943,3.25793399064899e-05,0.989922686356341,True,True,True,-0.576366264280482,0.0002492229654079,-0.299729954035792,0.0343756671208768,0.519133126715184,True,True,True,-0.653802835128618,0.0001384250452675,-0.655700190302999,0.0001653450981275,1.00137042041702,True,True,True,-0.399949836096163,0.0096467508048735,-0.17003414706388,0.258039813880329,0.424078355335951,True,False,False,3,3,0.754527906535762,3_of_4
PSMG1,-0.581268578161154,0.0023675924040491,-0.576085058147048,0.0025015815583531,0.989380295887451,True,True,True,-1.47991066116287,4.08985503773649e-07,-0.768207934057919,0.0002217138085782,0.518740228026106,True,True,True,-0.87699555656138,0.0002984691670002,-0.936680450155469,0.0002535182024854,1.06683962481989,True,True,True,-0.332490137959375,0.0534381894889731,-0.110152951013963,0.541336244997211,0.330303473703866,True,False,False,3,3,0.754060261956778,3_of_4
RBM47,-0.563358142367484,0.0018865359764868,-0.616624508141352,0.0009725503637293,1.09261205225925,True,True,True,0.171538383692273,0.0653286332024885,0.11591870066984,0.253150574671383,0.671842973077714,True,False,False,-1.04563248945598,9.24819588174034e-06,-0.733423306556457,0.0001863145213212,0.700745786075948,True,True,True,-0.635160094365521,0.000105544664126,-0.513566956791168,0.0009775547516476,0.807292002971953,True,True,True,3,3,0.754018894523951,3_of_4
WDR34,-1.17243108854113,1.39758620543598e-05,-1.16150066593698,1.35082523183435e-05,0.989832873254635,True,True,True,-0.32993226256251,0.0183599866305026,0.090294390099805,0.542228929850877,0.272848556380172,False,False,False,-0.789441806721999,0.0009439762939142,-0.725547056476253,0.0019719783224794,0.917900660499136,True,True,True,-1.07333101159563,4.63997149011832e-05,-0.633391952999517,0.0046579051670471,0.589568714077036,True,True,True,3,3,0.753734687288086,3_of_4
LRP8,-1.22287625817556,2.88728932257422e-06,-1.1889485664128,3.40330283251709e-06,0.971461418971533,True,True,True,-2.01139097491478,1.91653533262368e-05,-0.772802509734538,0.02027027817411,0.384022051066525,True,True,False,-0.98935995312824,0.0002097800539986,-0.927263446671709,0.0004047869260685,0.936289319598164,True,True,True,-1.69763885181994,4.27990872403293e-05,-0.96831853053207,0.0027414267598914,0.570055565074709,True,True,True,4,3,0.753172442336437,3_of_4
TIMM10,-0.68290876426893,0.0001933967456871,-0.810997638693645,5.44965411683384e-05,1.18582723466129,True,True,True,-1.28948374328405,2.60453546661802e-06,-0.530824500436526,0.0059288896875179,0.411337611340746,True,True,False,-0.926063930057857,0.0003846119582329,-0.790571339227224,0.0013789485418399,0.852768955402984,True,True,True,-0.879985205516944,0.0003242420301728,-0.575700198387511,0.0080713092473556,0.653473173876628,True,True,True,4,3,0.753121064639806,3_of_4
DIAPH2,-0.861663730826201,0.0003608379576024,-0.701418461256968,0.0015138854768193,0.813084445529195,True,True,True,-1.73703229271817,2.5461121254844e-07,-1.22911223564548,1.50038043530505e-05,0.70718607519267,True,True,True,-2.04519218992408,0.0002992972727525,-1.57342333041998,0.0013884307969972,0.768951879578017,True,True,True,0.416927161067663,0.0118564388305962,0.308045666656001,0.0648780788620462,0.737079796079892,True,False,False,3,3,0.753015837828955,3_of_4
DCAF5,0.777446862739114,2.45002842314363e-05,0.751123576636552,2.86999839457544e-05,0.964900255354078,True,True,True,0.829239669523217,1.91404397949536e-05,0.448068507286209,0.0075718981173214,0.539685736220629,True,True,True,0.506923718604962,0.0012007200955736,0.520690976817929,0.0011188341752479,1.02513617251038,True,True,True,0.302736596749137,0.0052374940816395,0.116657302742815,0.270426668845891,0.384073911380409,True,False,False,3,3,0.752292995787353,3_of_4
CATSPERG,1.53351952937163,0.0029289511771401,1.22886144963706,0.013566907793552,0.800811867243075,True,True,True,3.89723715305917,0.0002727506802199,2.46063716691335,0.0208549850988477,0.631217925000368,True,True,True,1.34408962215897,0.0056919549998175,0.945549989492975,0.0487547377191144,0.702964303579487,True,True,True,0.393462030130668,0.359517228738598,-0.601541729637494,0.243422076833376,1.52496738263561,False,False,False,3,3,0.751888085411281,3_of_4
ZBTB2,-0.479717155688613,0.0022521078860796,-0.39358491510876,0.007829459776142,0.818745306780161,True,False,False,-0.790227558515384,4.75135284256315e-06,-0.44543436990764,0.0016487266319236,0.562966197415354,True,True,True,-0.801493971603481,4.42265139495019e-05,-0.73621297947409,0.0001095852786377,0.917406242944164,True,True,True,-0.801196265082864,0.0001398126295185,-0.549331717830142,0.0035252861502128,0.684784686417604,True,True,True,3,3,0.751764996598883,3_of_4
RAI14,0.451317567281206,0.0190337058325937,0.29014999907769,0.112345433616434,0.641474088264415,True,False,False,-2.56912604762856,4.39832045063952e-08,-2.01944231159623,8.73255636798153e-07,0.785736681459478,True,True,True,1.0126645186307,5.26181433400883e-06,0.922209568934324,1.50998209326691e-05,0.90977789197957,True,True,True,0.866864921761922,2.05384092476335e-05,0.622706763023083,0.0006855169301856,0.717515764733152,True,True,True,3,3,0.751626223096315,3_of_4
KLF4,-1.11824628153907,0.0036869022830924,-0.811410162501241,0.0196268953027566,0.724961231397146,True,True,True,0.56466979309855,3.6112365839044e-05,-0.0200436288208454,0.871364514063923,0.0354334437959876,False,True,False,-1.45682781487692,0.0001406934208591,-1.13453170500357,0.0008335503342377,0.778234365832398,True,True,True,-0.574556876183819,0.0027285073050737,-0.790531843385491,0.0003595645016316,1.37350777324918,True,True,True,4,3,0.751597798614772,3_of_4
FDFT1,-0.667862650362255,0.0048793645020701,-0.580282036268294,0.0109762221672921,0.867565315470993,True,True,True,-0.760347702299851,0.0051023753495045,-0.193158878252936,0.471312070849531,0.253706522879689,True,True,False,-1.64016432202319,4.45478845614934e-06,-1.66157188497916,6.07412554378867e-06,1.01243480782644,True,True,True,-0.943507402496821,4.01161515442517e-05,-0.600335336181978,0.0025917131403996,0.635606809004336,True,True,True,4,3,0.751586062237664,3_of_4
NCL,-0.739163539791296,1.35710408845209e-05,-0.851205349543314,4.05761952233224e-06,1.15002334454806,True,True,True,-1.47123099705317,2.99302912930889e-07,-0.74019269349637,0.0003447990706211,0.50276939894483,True,True,True,-0.68227111222779,0.0001767763942045,-0.683101553042819,0.0001995870111403,0.999751842011265,True,True,True,-0.668589964081088,1.50211513402337e-05,-0.326056201825503,0.0088732282956654,0.486949057357761,True,True,False,4,3,0.751260620478047,3_of_4
EED,-0.513672397648554,0.0007501588244224,-0.584520393138169,0.0002997112937453,1.1357135059287,True,True,True,-0.716103573877827,8.33144429871646e-06,-0.409469082515231,0.0023900729332249,0.571004102379487,True,True,True,-0.694802275385491,0.0012726689327817,-0.647098272255434,0.0024490237946106,0.930003098792579,True,True,True,-0.412502450724066,0.0089703990176422,-0.222530647902312,0.141479787240053,0.538160408753681,True,False,False,3,3,0.750503600586033,3_of_4
TOP1,-0.908249019577439,2.98947237587481e-06,-0.960663550581192,1.88906551954872e-06,1.056546149511,True,True,True,-1.27874988983959,1.77611135403209e-07,-0.835322149846539,2.10708379289651e-05,0.652722970698003,True,True,True,-0.541991840105604,0.0004356023011175,-0.460550133228373,0.0016280175778126,0.848171370565721,True,True,True,-0.0743385350105523,0.448516910376185,-0.0116294436874727,0.919938524193293,0.15436248774739,True,False,False,3,3,0.750447170631862,3_of_4
SHMT1,-0.830409413538479,0.0001122572167542,-0.775551856949267,0.0001840642826452,0.932815823733,True,True,True,-0.886998526425628,0.0001529636224237,-0.0939805569721504,0.639494401693427,0.105834136178627,True,True,False,-1.20346939149274,0.0001677189749187,-1.15407036644622,0.0002761224849494,0.958156657693012,True,True,True,-1.0286029631025,8.87408866162043e-06,-0.584842247316816,0.0015905798235125,0.568026966001062,True,True,True,4,3,0.750421394867031,3_of_4
ARHGEF9,0.809106361707617,5.36592631451922e-05,0.775341708069265,7.36187895278914e-05,0.957086309549438,True,True,True,0.605415052041807,0.0131911019449226,0.470368605430909,0.0712646232795716,0.775654568347491,True,True,False,-0.818816640641606,0.0012751218103841,-0.47403288227251,0.0315769944149954,0.578218175592925,True,True,True,-0.633660682029294,0.0002891759353189,-0.460174999254658,0.004241946164183,0.725072487212021,True,True,True,4,3,0.750363527779756,3_of_4
LUZP1,0.855776508738089,2.01082377227449e-06,0.944332920051562,9.357587272362e-07,1.10219282440695,True,True,True,0.642236968426163,0.0009739857773846,0.451394187550961,0.0198094633103278,0.701754111949454,True,True,True,0.535862383833823,0.0051356467354766,0.428445782487695,0.0201420336306259,0.798055135522986,True,True,True,-0.189713856451418,0.115938799909438,0.121364081150833,0.334247598872217,0.636367400927415,False,False,False,3,3,0.74990462373622,3_of_4
ZBTB4,0.899832411133318,2.88728932257422e-06,0.857868647308828,3.75254345200944e-06,0.952306596328569,True,True,True,0.968755787016274,1.8095161766354e-06,0.493271628589203,0.0022464190904603,0.508655514299009,True,True,True,0.79772502763184,1.07143106841352e-05,0.885529831382012,6.61147920159762e-06,1.10867920842238,True,True,True,0.37845173003676,0.001617948960317,0.207417709649221,0.0655703655974934,0.546624756801417,True,False,False,3,3,0.749465676564993,3_of_4
LRRK1,0.148139215977402,0.357203215795504,-0.0162316984316027,0.92637124788568,0.108835884145067,False,False,False,0.790629944908884,8.42208397796806e-05,0.427379088686442,0.017530347727568,0.539872312101121,True,True,True,-0.811362205873959,0.002004850196239,-0.846206815207974,0.0016280175778126,1.04166196936452,True,True,True,0.504630980398947,0.0008821994307615,0.484203217850067,0.0017518036988318,0.957621737236169,True,True,True,3,3,0.748747024668645,3_of_4
ADHFE1,1.55661894980534,0.0062740583339756,1.78100648402332,0.0022690754304578,1.14341603525426,True,True,True,3.31255565340322,4.65236115847691e-05,1.81601186522995,0.0172958141494785,0.548055338489576,True,True,True,2.34784843793319,0.0132208524710903,2.22311225892369,0.0203637599392893,0.946469011376426,True,True,True,1.28094838642999,0.0261360883341321,0.706218560251311,0.256232420501871,0.550894691024192,True,True,False,4,3,0.748681851200309,3_of_4
WDR54,-0.52858192920314,0.005599370173883,-0.409939756280216,0.0223625289058219,0.774081843950096,True,True,True,-0.932528534520838,7.04508290221417e-07,-0.507733053785248,0.0003845748474681,0.543885949930666,True,True,True,-1.01237965425559,0.0003418456803264,-0.732753780210864,0.0034322259188569,0.72307923011256,True,True,True,0.122927535719959,0.661535450161872,0.657104001291621,0.0158439832833681,5.30232443882762,True,False,False,3,3,0.748580537031328,3_of_4
ACSF2,1.28720217436901,0.0002523725965532,1.4074504812484,0.0001120358406036,1.0925695587634,True,True,True,1.03897654398015,5.51245545256893e-07,0.651862243173781,0.0001519585756046,0.626804755306311,True,True,True,-0.253518753203495,0.291640419478213,-0.215228670978645,0.380623096284934,0.845629912411851,True,False,False,0.806186296712836,2.15608208727438e-06,0.525738501691076,0.0002401118746284,0.651322382245684,True,True,True,3,3,0.748476147328768,3_of_4
NALCN,-2.22742489833889,7.62354741103572e-07,-1.91532073517698,1.77028127018828e-06,0.85949530388244,True,True,True,-2.64458772573841,9.74016710787047e-08,-1.68476079772641,4.14585285260756e-06,0.636819101228698,True,True,True,-0.8697524894003,0.0421868094666742,-0.230703553396787,0.564821308604887,0.264947337165439,True,True,False,1.36463419442237,0.0040382275503056,1.87394552309131,0.000356556061619,1.3722163158663,True,True,True,4,3,0.748157202555569,3_of_4
NBPF12,0.850235885706169,0.0001933967456871,0.753900324194924,0.0004912967754907,0.885653832097906,True,True,True,0.556765182387692,0.0006318681402206,0.116047120909875,0.464138371764071,0.208057305429317,True,True,False,0.891995160277703,0.0002869291847115,0.61236658214662,0.0056832043606026,0.685744569943903,True,True,True,0.550894470108589,0.0001366672418668,0.446885813680344,0.0013071985735147,0.809730551553481,True,True,True,4,3,0.747737560748692,3_of_4
GALNT6,-1.57014047798515,0.0004019693662917,-1.3632929714494,0.0010017420863947,0.867709151760703,True,True,True,-0.122962339996624,0.270415074748189,-0.0271690659146815,0.839902139019807,0.219171934923312,True,False,False,-1.0162037527271,0.0001626408943413,-0.637727137989716,0.0044157037626875,0.626941393285253,True,True,True,-1.8189571351355,3.77089447589803e-05,-2.1847347048839,2.64380874191322e-05,1.20043195672366,True,True,True,3,3,0.747325272522978,3_of_4
RRP36,-0.623423351398023,0.0020061404365812,-0.634650357738053,0.0017484283163921,1.01637832140187,True,True,True,-0.969821382509321,4.31482806867648e-07,-0.458716133927958,0.0006633018223294,0.472503121781574,True,True,False,-0.592019490825205,0.0053486351676866,-0.557510733811711,0.0087918646609991,0.94012210802029,True,True,True,-0.599408577135319,0.0002458456209713,-0.332778956680214,0.019776834866701,0.554254168499683,True,True,True,4,3,0.747188138259987,3_of_4
CASQ1,2.63215420667189,6.99996524506111e-05,2.36529707726692,0.0001840642826452,0.898275183152482,True,True,True,4.90907586580419,0.0001051409126027,2.86909506577622,0.0195007727984687,0.584328051987504,True,True,True,2.26615954016413,0.0063050185461893,1.69378384274243,0.0405866138993525,0.747095126185875,True,True,True,,,,,,,,,3,3,0.747095126185875,3_of_4
CITED2,2.22234931014045,4.99003401970479e-06,2.19464721382076,4.87373537943166e-06,0.987090604166973,True,True,True,3.02674002428181,2.59838270652694e-07,1.85950368215959,8.10415453343452e-05,0.614155663051246,True,True,True,2.20720664320496,1.19332158005404e-07,1.94275802315144,4.69079790960326e-07,0.879789954952653,True,True,True,0.365541693912256,0.004363306163938,-0.082743789066928,0.524360924438203,0.225741819938049,False,False,False,3,3,0.74697280900195,3_of_4
HMOX2,-0.599129856493793,0.0006921940696418,-0.60424785516921,0.000633144094178,1.00686184603358,True,True,True,-1.30069628312101,5.62229940841048e-07,-0.826157973882737,9.30969505631444e-05,0.634677984869021,True,True,True,-0.911177560839475,5.27552750200664e-05,-0.782836720818137,0.0002072580624931,0.85820650981339,True,True,True,-1.23417291482903,1.99048450238405e-06,-0.525411989021111,0.0043114768333326,0.425375251281184,True,True,False,4,3,0.746442247341206,3_of_4
ID2,-1.00885710873816,0.0300128827017524,-0.952616956320622,0.0382639876104886,0.943318562673623,True,True,True,3.6557767292916,0.0042192472553947,1.27230205403634,0.387373980077075,0.347929925238507,True,True,False,1.2982014575748,7.72927267365407e-05,0.984653771287657,0.0009557720804568,0.757891522940326,True,True,True,2.30280389183407,3.2651718813885e-05,1.69027033220252,0.0010485050108908,0.733686724896053,True,True,True,4,3,0.74578912391819,3_of_4
FAM111B,-1.23487880711163,1.52924320460551e-05,-1.3699347623119,7.5600593787624e-06,1.10847014644872,True,True,True,-0.674300846022916,0.0013324974268444,0.271843872163343,0.1320675812138,0.402552245809149,False,True,False,-1.43232038167371,1.05114849617216e-05,-1.40974245977912,1.81635350509544e-05,0.983550138408652,True,True,True,-1.61417475158443,3.48681082059836e-07,-0.81984858248239,0.0002581614267204,0.507591257031567,True,True,True,4,3,0.74557069772011,3_of_4
NREP,1.11339479680137,1.34573593052974e-05,1.31572359715513,3.39151637521957e-06,1.18066200679654,True,True,True,0.991428718831346,0.0102301312398684,0.671656576725009,0.104027313371418,0.67678067349354,True,True,False,2.14323033180282,0.0008053640454384,1.61060015014375,0.006947231541656,0.751132061819867,True,True,True,1.31956684798185,0.0002471910226843,0.977061654816076,0.0040344219455028,0.739880496249975,True,True,True,4,3,0.745506279034921,3_of_4
HNRNPA2B1,-0.760605951106156,0.0002821177982006,-0.89196549808586,6.83567509678562e-05,1.17116403409187,True,True,True,-1.43399636863286,3.09869836383521e-07,-0.619763794534956,0.0010842330841185,0.43189223895069,True,True,False,-0.925691015118394,5.14441769852943e-05,-0.896409811438833,7.97693512342772e-05,0.967323300662743,True,True,True,-0.926424387493165,1.26462751435893e-06,-0.485322737037711,0.000955817448624,0.523301676753985,True,True,True,4,3,0.745312488708364,3_of_4
LAS1L,-0.372885544944999,0.0029306279107757,-0.294516947163731,0.0121720512884528,0.787719533813634,True,False,False,-1.0323275540863,7.36733243226359e-07,-0.520520685807943,0.0008080835923197,0.503732513228299,True,True,True,-0.967484311709358,3.86144258537634e-06,-0.846577893697071,1.49676543422226e-05,0.87412659499138,True,True,True,-0.733915511357226,1.71859824999635e-05,-0.516380348861217,0.0005993094707959,0.702639066506539,True,True,True,3,3,0.745179300160086,3_of_4
MAPK8IP1,0.774455613347544,0.0001547142158493,0.795324863008912,0.0001196826805093,1.0256226782286,True,True,True,-0.0621892467983356,0.627092965474211,0.0313950283544795,0.836066132609512,0.496841313122068,False,False,False,1.27161482617331,2.84865607059487e-05,1.23563211761346,4.85038755274009e-05,0.970939590047795,True,True,True,0.722744631223635,0.0003098269015357,0.375887563666978,0.0395685637041152,0.519364907801064,True,True,True,3,3,0.74515224892443,3_of_4
STEAP1,-1.60837872943017,4.60668271405886e-07,-1.84873124889279,2.93725730127214e-07,1.14872355094898,True,True,True,-2.93799934315704,2.17119933678045e-06,-1.9160030502629,0.0001015682616263,0.651923606149823,True,True,True,-0.636094257067413,0.0951422700099997,-0.340147616076466,0.362527506886922,0.533904696680501,True,False,False,-1.71604263084848,3.58875018980436e-08,-1.43657072524186,2.30693287888746e-07,0.836654081519208,True,True,True,3,3,0.744288843834515,3_of_4
RTN4IP1,-0.774012880707813,0.0004084750718902,-0.68204483155845,0.0010050222908296,0.880043220617887,True,True,True,-0.962367719078954,2.87429263682987e-05,-0.328288189897357,0.0541785836311902,0.340771424447586,True,True,False,-0.737652067281843,0.0077649657094719,-0.932314212348562,0.0026878790054308,1.26218317614594,True,True,True,-0.996319202108026,0.0005540537065922,-0.606536487483161,0.01522060740485,0.608166859919201,True,True,True,4,3,0.744105040268544,3_of_4
DUT,-0.974800750490087,1.45515253323721e-06,-1.09760386888676,7.63071940392792e-07,1.12482375970248,True,True,True,-0.872147440092125,6.36092484227588e-05,-0.253062245601243,0.14354514226501,0.289827621294455,True,True,False,-0.948795073669125,7.10547443018799e-05,-0.874638641319287,0.0001688766705779,0.920870896856199,True,True,True,-0.782076621576053,1.00195807013084e-05,-0.443970608679811,0.0020102063622542,0.566956791260422,True,True,True,4,3,0.743913844058311,3_of_4
C1QBP,-0.514852102312373,0.0300106071095499,-0.557068369500728,0.0194120379782988,1.07989938783539,True,True,True,-1.94995313298301,2.96841462363468e-07,-0.938296937812837,0.0003805709041313,0.480942838630972,True,True,False,-0.586230877883906,0.0031311404860644,-0.494506780088777,0.0098336340392875,0.842099417303699,True,True,True,-1.05979852976613,2.39934125643241e-06,-0.684338965481753,0.0002139965964416,0.645116811797077,True,True,True,4,3,0.743608114550388,3_of_4
NOC3L,-0.558516920975308,0.0051445970007182,-0.541532421412493,0.0061802967210956,0.967857094417331,True,True,True,-1.86129147253842,1.3623937474088e-06,-0.952973179395825,0.0006615653788945,0.511720744818137,True,True,True,-0.395926300983159,0.106988561594875,-0.274955350735797,0.265574203882555,0.692711342268707,True,False,False,-0.926899472846874,1.94220271917465e-05,-0.736922253817267,0.0002157975485269,0.794183287502392,True,True,True,3,3,0.743447314885549,3_of_4
PGP,-1.6152234592824,1.54746792388286e-06,-1.58136560724272,1.88906551954872e-06,0.978432529339008,True,True,True,-1.11478362245618,8.65736710586471e-05,-0.330624754678738,0.13465525461622,0.296316192516728,True,True,False,-0.957477175589759,9.49200022368387e-05,-1.11480681849626,4.84894245435321e-05,1.16310210288556,True,True,True,-1.04198906487577,3.29969076704344e-06,-0.529571585701575,0.0017459371206741,0.507744139929839,True,True,True,4,3,0.743088334634423,3_of_4
HAS3,-3.75650694850627,1.2111533574158e-07,-3.66138707977759,1.41249622720782e-07,0.974419243917329,True,True,True,-1.58858487461121,0.0002623446885487,-2.10908549713433,0.0002515217298358,1.32681527788831,True,True,True,-1.34082707620708,0.0001840924132699,-0.68643996689501,0.0121580250476279,0.511571110068339,True,True,True,-3.10254266737752,5.31707172024463e-09,-1.1885066437943,1.67083994854835e-05,0.382951604399427,True,True,False,4,3,0.742995176992834,3_of_4
RRP7A,-0.6280335590537,0.0007270253245045,-0.570584421268084,0.0013971395780726,0.907081050057893,True,True,True,-0.649370549308114,0.0002033530020831,-0.376323169712103,0.0189109246751666,0.578628860289643,True,True,True,-0.530258348308388,0.0032175918664969,-0.594194843595075,0.001738240218257,1.11846683536755,True,True,True,-0.63733628013404,0.001171410696957,-0.30625109491054,0.0836240084518545,0.479764513535456,True,True,False,4,3,0.742854955173768,3_of_4
PPP1R35,-0.892356336634136,2.89652825962423e-05,-0.839086350663012,4.52055845531688e-05,0.939251579973569,True,True,True,-0.246221496936664,0.10458027340922,-0.0803517748123515,0.638871943236346,0.325019368493416,True,False,False,-0.808327731345059,0.0014142921256456,-0.655323723902455,0.006009916770644,0.809713665455825,True,True,True,-0.643352675299013,0.0003875089340816,-0.434459177075733,0.0083640428557448,0.674256806451718,True,True,True,3,3,0.741985235953772,3_of_4
SLIT2,-2.45976827796977,0.0309244815588873,-1.32679117045726,0.162402437657596,0.539177614704914,True,True,False,3.55760572707695,3.1428924931483e-05,2.2733134680243,0.0049937121016306,0.638821393088581,True,True,True,0.789670913603167,0.0049352162052994,0.66810579503599,0.0161692199876741,0.844985927193609,True,True,True,1.16794666529122,0.0001857480863061,1.13116211867807,0.0003974947680729,0.967676415241976,True,True,True,4,3,0.741903660141095,3_of_4
MAST3,1.01218237479549,0.0003889527988028,0.974953308051383,0.0005220634243447,0.962268326320004,True,True,True,0.939881738034885,0.0001200695683382,0.490499822897204,0.0303078925651733,0.521319314711811,True,True,True,0.928589492660447,0.0001277165596716,1.07207659160006,4.77766098482373e-05,1.153279592836,True,True,True,0.741178853734584,0.0203994975289966,0.245230455278323,0.483363070082747,0.330419620613472,True,True,False,4,3,0.741793820515908,3_of_4
DUSP3,0.597705380730113,5.64490581901461e-05,0.409482216573988,0.0010636107788438,0.683946110647327,True,True,True,0.501255388302501,4.38558693442978e-05,0.545125445900961,0.0001025631810728,1.08535509742036,True,True,True,1.12847556269358,4.18244414439287e-06,0.902579049390737,3.32033098435163e-05,0.799113393155901,True,True,True,0.369634336117232,0.0029372277197208,0.0923924610592275,0.44670859906741,0.249281979719234,True,False,False,3,3,0.741529751901614,3_of_4
JMY,1.72270862117236,7.03023102266833e-07,1.75217581465787,6.94339406152371e-07,1.01651508447301,True,True,True,1.72346188740848,4.09626905195375e-06,0.843647789089657,0.0065496699258047,0.489223795115293,True,True,False,1.17536948417812,0.0003371342811841,1.11578646518059,0.0006256566331313,0.948500008022686,True,True,True,2.07784425184534,1.82273350438669e-06,1.11077029987806,0.0016099686400259,0.534321077152392,True,True,True,4,3,0.741410542587539,3_of_4
STX1A,-1.96429811995943,9.43628784259332e-06,-1.50707950104646,4.39336058943239e-05,0.766845236221755,True,True,True,-1.96071314000843,1.29331714668351e-07,-1.52857624126627,3.18012479946506e-06,0.779204772650756,True,True,True,-0.234015606719716,0.0970257297812014,0.0771341684912921,0.594845357689399,0.328208707361651,False,False,False,-1.32789218894787,8.27862879709034e-07,-0.95104021150429,2.69413725228822e-05,0.715663933774238,True,True,True,3,3,0.741254584997997,3_of_4
SOX4,1.81570290609368,0.0005162611470469,1.723949226985,0.0007206402017389,0.948943947412887,True,True,True,1.88037194296208,1.56498373904231e-06,1.17629751372184,0.0004690091502012,0.625233898125347,True,True,True,1.52684376465944,5.98624291754469e-05,1.30943576864617,0.0002382341690347,0.857048213262857,True,True,True,0.597171601863407,0.0020368775205099,-0.105072108929118,0.580309398421071,0.175655461746764,False,True,False,4,3,0.741141055694102,3_of_4
SARAF,0.567829443847816,5.42719680726655e-05,0.54965415919301,6.47191517611892e-05,0.966289922467628,True,True,True,0.515469732400403,0.0001161665420393,0.410071407085596,0.0021887283214002,0.793989233753742,True,True,True,0.48859524103307,0.0020160978427096,0.309734102575989,0.031719382237239,0.632632992760377,True,False,False,1.17631600258015,9.59410695329771e-08,0.809969592139984,7.79014630314032e-06,0.687979769547762,True,True,True,3,3,0.740984501650752,3_of_4
SNX5,-0.872489986348175,3.41985174148433e-05,-0.823305317213735,4.9890475578639e-05,0.942546943961832,True,True,True,-0.773374853314682,4.87742245850103e-06,-0.403563259135193,0.0031766087270746,0.52114716459058,True,True,True,-0.502859719870883,0.0164692234037092,-0.539268370199114,0.0120956305620558,1.07027481843023,True,True,True,-0.462191337102137,0.0018644193801529,-0.249690228666488,0.0689598856327056,0.539064979558177,True,False,False,3,3,0.740805961760004,3_of_4
SEMA6C,1.2317094948059,0.0001122572167542,1.42146286086649,2.94535520834672e-05,1.15312072053952,True,True,True,2.62775833325053,0.0002596145168064,1.43992678578151,0.0421667448022521,0.54775928527481,True,True,True,2.44794117706948,0.0003764443178215,2.28598232973996,0.0008086962770778,0.933457426884984,True,True,True,0.543068355101881,0.206954283997781,-0.22399161145338,0.677990779226747,0.411697554825507,False,False,False,3,3,0.740608356079897,3_of_4
AURKAIP1,-0.611804523938062,0.0002391434734384,-0.579549647891725,0.0003509113427214,0.945733305242867,True,True,True,-0.78122272796293,2.17839811251816e-05,-0.316515379239367,0.030692966702738,0.404635876617442,True,True,False,-0.558752411723275,0.0017517953835668,-0.566181484970398,0.001848652487467,1.0114855659618,True,True,True,-0.80862578593526,3.41811843708668e-05,-0.433199919836422,0.0066051809697113,0.535061910529443,True,True,True,4,3,0.740397607886155,3_of_4
TMPRSS13,-3.84376649821068,0.031447422662567,-2.98008626673936,0.0542458397771188,0.775102016761295,True,True,False,0.657807640186422,0.0002679953386525,0.421484842469702,0.0155131580839694,0.639769208429998,True,True,True,-1.55440435216616,0.0060327884009063,-1.09474221475985,0.0307547244054322,0.703831266278276,True,True,True,-1.16322361736293,0.0001971801378851,-1.11050506653191,0.0004305556868969,0.953858906459313,True,True,True,4,3,0.739466641519785,3_of_4
TBCEL,0.868719598572622,5.22701339215885e-05,0.779994051553913,0.0001269732449481,0.896833936861989,True,True,True,1.11896004024189,1.42218092919016e-05,0.771012166793365,0.0014721704216846,0.688428282340182,True,True,True,0.56700958369916,0.0019819372631782,0.277410249689206,0.0978505992752343,0.488390086453424,True,True,False,1.05123350900325,1.84387135162644e-05,0.83054669382587,0.0003217497372754,0.789317852662403,True,True,True,4,3,0.738873067501292,3_of_4
ARID5B,1.93186884003122,3.06728653805025e-07,2.21586399047908,1.429040147614e-07,1.14641197818849,True,True,True,4.3263044696554,5.53876814032526e-06,2.89298787038693,0.0008503701840554,0.668542713061582,True,True,True,1.70331373493226,1.55515630778045e-07,1.37812421117906,1.38579774061141e-06,0.808609461352393,True,True,True,0.486738343465695,0.0043935245335151,-0.0576028861280751,0.757847906432671,0.11810202519402,False,False,False,3,3,0.738576087206988,3_of_4
FANCB,-1.04067114133299,0.0003527194435028,-1.31351240426659,7.84700912113728e-05,1.2609664913878,True,True,True,-1.5958133878461,2.39283791044374e-05,-0.890213517920186,0.0034593514146214,0.557493771467543,True,True,True,-1.44668490835207,0.0026897408117092,-1.33106472593767,0.004943342103476,0.919443670551798,True,True,True,-0.939222338057626,0.0090242963638399,0.229114536949729,0.45189963910364,0.243681231210746,False,True,False,4,3,0.738468721009671,3_of_4
IGFBP3,1.2733353599442,0.0053257877156162,1.05167938547378,0.0173584174882642,0.825276782337603,True,True,True,2.44316300731601,5.40212965997556e-07,1.51481047823192,0.0001601904171158,0.619766551452461,True,True,True,-0.241206307160925,0.40648509389249,-0.157548455369469,0.600394813327258,0.650472141771237,True,False,False,1.90930632615665,3.65603862473969e-08,2.00306330437756,2.98913381363194e-08,1.04855607551043,True,True,True,3,3,0.73787446205442,3_of_4
GGCT,-1.22502518092826,3.58740766648698e-06,-1.24671300607479,3.14371778544605e-06,1.0168738990588,True,True,True,-0.878933823944537,7.17634175811451e-06,-0.25360456184429,0.0718079940370931,0.288208675406339,True,True,False,-1.20315015982652,7.38715950078091e-07,-1.0605642024223,2.90902450380533e-06,0.880757431926176,True,True,True,-1.47569708337745,2.10171953722804e-08,-0.878229245522927,4.03842245843657e-06,0.594725387764884,True,True,True,4,3,0.73774140984553,3_of_4
NUP107,-0.541877813719069,0.0001670791228394,-0.46435368756505,0.0005302038373813,0.85535580167464,True,True,True,-1.24064664642335,6.14316118917979e-07,-0.546896317468159,0.0015288844866382,0.440460511888412,True,True,False,-0.583815959291355,0.0025575236751231,-0.475810915975096,0.0101413700980684,0.813607953776869,True,True,True,-0.847607673428024,7.15098294503197e-06,-0.561446641648741,0.0004553445622202,0.661609197311083,True,True,True,4,3,0.737608575543976,3_of_4
ULK1,1.43558881740841,4.06518613502746e-06,1.48393609353002,2.95050408348087e-06,1.0329581266037,True,True,True,1.45192504273536,4.77134628564386e-06,0.627353795167007,0.0117219894140062,0.431786758927298,True,True,False,1.19288973380162,0.0001110751349083,1.02914919127388,0.0004349808315944,0.862013603213449,True,True,True,1.32916390880389,1.03727267540097e-05,0.814204787054216,0.0016750664410733,0.612108614333376,True,True,True,4,3,0.737061108773412,3_of_4
CFAP298,-0.503992116731637,0.002820785299884,-0.585928721869812,0.0010131934758221,1.16027300715505,True,True,True,-0.814631795918557,1.14453698793593e-06,-0.527458297361398,0.0001966266264975,0.64668677704917,True,True,True,-0.608103846900375,0.0019966936636636,-0.325103623375687,0.058459902700175,0.533740880196511,True,True,False,-0.669468843787792,0.0003536984690484,-0.554758781403544,0.0020678155598286,0.827419180687729,True,True,True,4,3,0.737052978868449,3_of_4
ADAM17,0.676141001681932,1.39758620543598e-05,0.503078872296405,0.0001486094905116,0.742945518063182,True,True,True,-0.677450410760897,1.66670203484326e-06,-0.495555088935606,0.0001264108413073,0.730421974952937,True,True,True,0.0160525100119706,0.908100414440903,-0.110638614166653,0.37379987579575,6.48811313343234,False,False,False,0.613886274589355,2.41283219486371e-05,0.356676162286556,0.004002290235611,0.580068505391112,True,True,True,3,3,0.73668374650806,3_of_4
TRA2B,-0.715225298649201,6.4490123005336e-05,-0.789613191430099,2.59278708371305e-05,1.10246481507887,True,True,True,-0.927685619017512,2.79057981377223e-06,-0.319951599219372,0.0226899209099681,0.344520893472928,True,True,False,-0.863841590330436,3.01753705839767e-05,-0.731757808630299,0.0001341638113506,0.846117736255852,True,True,True,-1.13505886436056,2.45764239993587e-07,-0.712137455868493,4.05646771809774e-05,0.626849081688496,True,True,True,4,3,0.736483408972174,3_of_4
NDUFC1,-0.535304638110718,0.017344648043166,-0.665829247189818,0.0054840801166044,1.24151312495709,True,True,True,-1.01394863894154,8.86811804959056e-07,-0.51615644636167,0.0007439441776366,0.508554252459469,True,True,True,-0.723338282315556,0.0005351551958705,-0.698450334196579,0.0008792423749452,0.964259864829705,True,True,True,-0.195331487149078,0.20904940067892,0.0501582318103,0.770029845274045,0.255477267241469,False,False,False,3,3,0.736407058644587,3_of_4
C1RL,1.77038742311116,1.09544835476064e-05,2.00771800312752,3.70627019693959e-06,1.13341552329715,True,True,True,2.10881725380621,1.85288094916277e-07,1.11919325768751,0.0001601870188819,0.530469288592854,True,True,True,0.465115744894519,0.122051959831817,0.35937118685853,0.240665157218983,0.770991305903762,True,False,False,1.25285102900481,3.14578385341004e-05,0.879835613208961,0.0013804652524562,0.701706656417782,True,True,True,3,3,0.736348981160772,3_of_4
CEACAM1,-1.60074034745543,0.0024847260488263,-1.52479508773508,0.0033606374576931,0.95196146501361,True,True,True,0.917833509724985,0.130731380553061,0.30326969439746,0.68833466508647,0.330059462555117,True,False,False,1.56676401868129,0.0088247367558032,1.69795938388553,0.0057266985125205,1.08304525659018,True,True,True,-1.39435107291106,0.0005570295171881,-0.726215959181479,0.0275407814615084,0.520453936847883,True,True,True,3,3,0.736207700930747,3_of_4
MFSD2A,-2.16158561339378,0.0005216973496859,-1.84999652677855,0.0011614581478594,0.855455855861041,True,True,True,-3.47891386201584,8.98933593281147e-06,-2.14631132918499,0.0002914589431196,0.616771395583245,True,True,True,-0.446077146101498,0.438730975260204,0.407246041430809,0.434169607996417,0.910907759392277,False,False,False,-2.52087409733478,1.94499552593821e-07,-1.33650199216171,1.9258125731482e-05,0.529963804923561,True,True,True,3,3,0.736113625722143,3_of_4
LRP10,0.924998597518589,4.87237021082345e-05,1.03405649327871,1.74977806390706e-05,1.11669336870454,True,True,True,1.26371191782661,1.33198646290162e-06,0.694744555272831,0.0009689518042226,0.549330282636017,True,True,True,0.545783282888827,0.0011611000995434,0.504221244161693,0.0022312972407234,0.922159217263802,True,True,True,0.304457342999958,0.0173709907105317,0.107114056219128,0.41298759013401,0.350667805747079,True,False,False,3,3,0.735744749949909,3_of_4
LMNTD2,-0.168485183333876,0.76042189234461,0.191256161200123,0.713005445185541,1.12845357592917,False,False,False,1.68788497282791,7.97366674003113e-06,0.892857872921019,0.0066616634047043,0.528667071639578,True,True,True,1.49244651921338,0.0018785447025951,1.35809001213094,0.0044544380161346,0.909366351361725,True,True,True,1.28049278194855,1.64731090772344e-05,0.720150666375302,0.0050152258510505,0.56196232746648,True,True,True,3,3,0.735664339414102,3_of_4
KHSRP,-0.363998204111706,0.0014675657047334,-0.320143712316881,0.0033617959399947,0.877110376737367,True,False,False,-0.923140771726924,4.03826277039371e-06,-0.548334495935084,0.0011907549444463,0.593345205309384,True,True,True,-0.550800801838943,0.0006150581686815,-0.52140421974849,0.0010321875521512,0.944913849365292,True,True,True,-0.809895253879352,1.87380093605856e-06,-0.418883798629333,0.0013581324010127,0.516569552757126,True,True,True,3,3,0.735227791023376,3_of_4
PTBP1,-0.501753018594679,0.0008992973005853,-0.498776162124734,0.0008673546822405,0.992089840691437,True,True,True,-0.762282956226134,2.07796755346414e-05,-0.350075077970789,0.0170162591244731,0.458643908022851,True,True,False,-0.777874802627995,3.73866339583201e-05,-0.689547463474092,0.0001153446545025,0.885312326380948,True,True,True,-0.838331688954065,1.03072734491397e-05,-0.490458848295901,0.0019636838278226,0.584344490682923,True,True,True,4,3,0.734828408531936,3_of_4
MTFP1,-1.16866852337588,7.50550358595608e-06,-1.07794350389876,1.23617639318452e-05,0.921580330115763,True,True,True,-2.18795893119804,6.49037436186516e-07,-0.959441010750738,0.0007406242060661,0.438309278934542,True,True,False,-1.27776339564903,9.70795254129758e-05,-1.22611960066059,0.0001722313822782,0.958832263132054,True,True,True,-1.6216726751758,8.72832220739593e-05,-0.888914345419151,0.0055229430516884,0.547808784247166,True,True,True,4,3,0.734694557181464,3_of_4
EIPR1,-0.334440871859925,0.0078716685364737,-0.313874938136324,0.0112982804803245,0.935708688079589,True,False,False,-1.19305638715777,1.67229151724898e-06,-0.608072384435321,0.0012503105395639,0.509249304283464,True,True,True,-0.672918244805665,0.0004784765035435,-0.586913455952161,0.0015062707093251,0.870897116194572,True,True,True,-0.595364727675008,6.48412357054028e-05,-0.356467815003831,0.0053054009637447,0.597734571582661,True,True,True,3,3,0.734315843888616,3_of_4
SURF2,-1.04892611881764,2.58924089010085e-05,-1.13315012947041,1.54439701964117e-05,1.07926653996044,True,True,True,-1.22396088756851,5.564124530022e-06,-0.546562394335044,0.0056294384869166,0.446187629239285,True,True,False,-0.538702538454869,0.0123081675806225,-0.413870252601915,0.0464747164841332,0.766848815991855,True,True,True,-0.709725775418115,0.0004385349181409,-0.497648446644218,0.0069248917290967,0.700197549964267,True,True,True,4,3,0.733523182978061,3_of_4
C12orf29,-0.255628464301158,0.205604396203923,-0.304360443677046,0.136798457532935,1.1859964345961,True,False,False,-1.08702849660396,8.4057792083101e-07,-0.629850574514994,0.0002810284788874,0.578891615873052,True,True,True,-0.548594899610114,0.0023021416962742,-0.440406209053194,0.0101655589351289,0.801328777551649,True,True,True,-0.640228055652318,0.0048892353677154,-0.426604222683052,0.0468313102280331,0.665292510086867,True,True,True,3,3,0.733310643819258,3_of_4
SRSF7,-0.664610092998765,0.0001466184526163,-0.660698318401416,0.0001407055900231,0.992620642852304,True,True,True,-1.31678457887528,3.30953082370751e-07,-0.535454901460533,0.0015791902381288,0.40632961566263,True,True,False,-0.955410198943017,0.0001450173862444,-0.86773890325442,0.0003533361254205,0.907287379634186,True,True,True,-1.35954499698953,6.8157875307042e-08,-0.759625710252849,2.9710765549196e-05,0.558324577234614,True,True,True,4,3,0.7328059784344,3_of_4
RILPL1,0.240133157708267,0.268410711702246,0.118297870557086,0.602762621197052,0.490591471041937,True,False,False,1.45689257485409,2.84845746539374e-05,0.730594980710265,0.0184805487223308,0.501130874326173,True,True,True,0.701169641626341,0.005897129209123,0.903997681805274,0.0010721519317343,1.28743487074073,True,True,True,1.02447532763502,0.0006286360015775,0.987932487472223,0.0012625332112771,0.963389816262689,True,True,True,3,3,0.732260345294431,3_of_4
SLC25A39,-0.269055197334655,0.0139724218117142,-0.195346321655366,0.0600883854685681,0.723357015837362,True,False,False,-0.894543404774655,1.25112468455516e-06,-0.465618242143856,0.0011537523137033,0.519928168373949,True,True,True,-0.743312679137088,0.0001384250452675,-0.755265513448034,0.0001420247843193,1.01471536710035,True,True,True,-0.55572054471705,0.0003127030938845,-0.412150448690674,0.0045161640188866,0.740318374455082,True,True,True,3,3,0.731837695146222,3_of_4
METTL21A,-0.779022744808253,7.47562014551668e-05,-0.87119129724509,3.42959213227146e-05,1.11687935133129,True,True,True,-1.01602471663312,4.56942277356628e-06,-0.597058287586228,0.0011227267295374,0.587063694541074,True,True,True,-0.940801427536448,0.0001059278562021,-0.825426469678221,0.0003396717060934,0.876433657397782,True,True,True,-0.33428928029753,0.0331000981514673,-0.0917916658905913,0.576410837808854,0.273768567277597,True,False,False,3,3,0.731748675969428,3_of_4
PPIH,-0.920586127645995,4.12816407984185e-05,-0.975659611582247,2.71895129605579e-05,1.0586743683679,True,True,True,-1.32857900418369,1.05679865536988e-06,-0.555522198830221,0.0027755622007505,0.417818119180733,True,True,False,-0.930042638963646,5.80515269918206e-05,-0.775604619662041,0.0002810404069317,0.833049515890459,True,True,True,-0.614759392050432,0.0014881675130609,-0.388023233990864,0.0288859833839789,0.630153983845502,True,True,True,4,3,0.731601749867981,3_of_4
SERINC1,0.685923765322837,9.93973320691824e-06,0.623370149345781,1.88224888042984e-05,0.90748083093735,True,True,True,1.06187500666533,2.74727020570012e-06,0.661555481485689,0.0007111658613778,0.622420771339103,True,True,True,0.72929701606413,8.33406225171837e-05,0.6136773608144,0.0003855187118172,0.840312020062411,True,True,True,0.87178139951252,4.26596587956944e-06,0.239430824719525,0.0806793677272877,0.274330805919163,True,True,False,4,3,0.731366395700757,3_of_4
PPM1H,-0.114510188849499,0.713136623251629,-0.119357132973366,0.698256027494246,1.03330393761956,True,False,False,2.43021545103955,2.38004583065265e-07,1.76206845995654,2.00487265150867e-05,0.724768534686264,True,True,True,0.907518541221666,0.0003093242806979,0.670099237251775,0.0035941588837856,0.737573540712451,True,True,True,1.15189256973105,5.73314860634294e-05,0.798267476589635,0.0025289648267005,0.692404043141554,True,True,True,3,3,0.731171037699357,3_of_4
KIF7,-0.159667574344675,0.649593666000384,0.0613270776956214,0.864675992481324,0.381701646681106,False,False,False,-0.680562540456525,3.1984214237299e-05,-0.405480252337703,0.0047248471259408,0.594927432581761,True,True,True,0.694999517996731,0.0185070111301987,0.603483718649619,0.0423608226298232,0.867074908882988,True,True,True,2.13796669096668,6.84895403877949e-07,2.2817233408147,5.30026593920259e-07,1.06674094105856,True,True,True,3,3,0.731001170732374,3_of_4
AMOTL2,1.20655493541512,9.61164592960804e-05,1.23912994865066,7.1603952514002e-05,1.02614788968146,True,True,True,1.11088617517729,1.76603537391931e-05,0.59285204040799,0.007393877713404,0.533194902179137,True,True,True,0.71403222097774,0.0049624175786055,0.663783989772884,0.0083316842670197,0.928327382037723,True,True,True,0.468561168104134,0.0172808534097035,0.11222982417048,0.589933130454827,0.239010019980168,True,False,False,3,3,0.73076114210843,3_of_4
RBM28,-1.05322780986974,3.74685505221439e-06,-1.03428455153942,4.06166310551684e-06,0.98108259131128,True,True,True,-1.30434710671061,1.06394541426825e-06,-0.616077618939783,0.0013977314169332,0.471964595296234,True,True,False,-0.797018017786032,0.000308567063354,-0.633587521464598,0.0018540976240552,0.793951398769643,True,True,True,-0.741317904968454,2.44773341092067e-05,-0.495298590688932,0.0011924521861104,0.667232444985926,True,True,True,4,3,0.730591921877785,3_of_4
MBNL2,0.71152756393845,1.53672776495714e-05,0.690934403788496,1.74845109635927e-05,0.969694982702705,True,True,True,0.891285650213443,2.27190073269771e-06,0.558235391282819,0.0005984464311645,0.625624082544961,True,True,True,0.382657621383056,0.0296014235523171,0.164776168418768,0.350624726206653,0.429487541065293,True,False,False,1.91790394830484,1.38375612770871e-08,1.60220192763104,1.39709954066707e-07,0.834956814303512,True,True,True,3,3,0.730290448424237,3_of_4
GPSM2,-1.24027888120914,2.10061740478519e-05,-1.0780382961108,5.48022339299954e-05,0.86849000045878,True,True,True,-1.54968448791278,3.1458837558692e-06,-0.366898407580745,0.0879646748060383,0.236604164445206,True,True,False,-1.27334330636213,0.0001329391858956,-1.20588661644884,0.0002444882751158,0.946280810224748,True,True,True,-2.02912266912391,5.62985911262424e-07,-1.20126218150656,6.20842454411659e-05,0.591719012735797,True,True,True,4,3,0.730104506597288,3_of_4
CGN,-1.77440411584425,0.0091447321115969,-1.99030768936762,0.005971378664911,1.12104487739186,True,True,True,1.46428569895032,1.61215817962824e-06,0.80376523943439,0.0012364313103151,0.548538240706355,True,True,True,-1.79924046292966,0.0004477484952368,-1.64076476740606,0.0009772672072868,0.911414225595133,True,True,True,0.383497857314933,0.0152695795722408,-0.0779338210094691,0.646757795638785,0.202689870767304,False,False,False,3,3,0.729976233150744,3_of_4
GPI,-0.687912644681699,0.0003594849471587,-0.780071085537152,0.0001192402413799,1.13232220595627,True,True,True,-1.28604498964706,1.82144655730167e-06,-0.607615462008058,0.0029447643438252,0.472101182861278,True,True,False,-1.35614756853546,4.83166571938187e-06,-1.09904297119246,3.32033098435163e-05,0.809818325341342,True,True,True,-0.552985344750391,1.67246527004906e-05,-0.360064988235167,0.0012329044192004,0.649953995438997,True,True,True,4,3,0.72988616039017,3_of_4
NUAK2,0.156736355175673,0.623141306088821,0.106976497082631,0.74412971078045,0.678198104447703,True,False,False,1.21773155505678,0.001596873477945,1.00917817968718,0.0126438938334319,0.828056166675821,True,True,True,1.22965004507586,0.0002903253329982,0.864582798215404,0.0048433897672412,0.702541556533327,True,True,True,2.13806350044855,8.00878049030029e-07,1.61860808366595,3.01786192988068e-05,0.75669005774094,True,True,True,3,3,0.729615807137133,3_of_4
RRS1,-1.91810140732482,1.79805237955699e-07,-1.70843484088571,3.56143127920601e-07,0.890226454091984,True,True,True,-1.65913372420777,1.4733386407161e-06,-0.803625125720194,0.0011419741111341,0.484072526207906,True,True,False,-0.552141818905427,0.0206028720845531,-0.548872447464999,0.0233621921361639,0.992281597061534,True,True,True,-0.958300862939452,0.0001573989913398,-0.545328476858427,0.0102236893144581,0.568464491095581,True,True,True,4,3,0.729345472593782,3_of_4
PAXX,-1.2090269229741,3.47985613890394e-06,-0.998923221231802,1.19029424687862e-05,0.825538012639065,True,True,True,-0.750846108362801,0.0003891542955692,-0.0102455416639939,0.959670181899044,0.013627179219301,True,True,False,-0.691356869907036,0.0024666426421498,-0.562277573643638,0.0098192208678667,0.812121029028189,True,True,True,-1.06748632505844,5.87690755636915e-06,-0.690757735116571,0.0003988098772337,0.646482522908087,True,True,True,4,3,0.729301775968138,3_of_4
SIRPA,0.39226102403081,0.0018589923023905,0.177452312446905,0.104038243274615,0.451232900296274,True,False,False,-1.42437206377322,1.5267013694915e-07,-0.886350965357619,1.86238504465666e-05,0.621838317085636,True,True,True,1.94295560718065,3.36506920034474e-06,1.62652587558738,2.09826306617906e-05,0.836709372158121,True,True,True,2.25967659762403,2.91785064278692e-06,3.07809617370929,1.46428457209887e-07,1.36158182773439,True,True,True,3,3,0.729273844621878,3_of_4
LATS2,1.1710161003404,1.39310797090403e-06,1.06261462177589,2.95050408348087e-06,0.906655310850478,True,True,True,1.09557412272969,2.22915010969014e-05,0.630962600502373,0.006052554118627,0.575394391882716,True,True,True,1.32306791038377,1.84072943150882e-05,1.16794112108213,6.90992806287916e-05,0.882085512323618,True,True,True,0.583556693572511,0.0074607837133388,0.0855894008772129,0.723769310234756,0.146417621794961,True,True,False,4,3,0.728739952103167,3_of_4
LAT2,-1.53218894142537,0.000317939278667,-1.2859446174565,0.0009819296451562,0.838738515985504,True,True,True,-1.56489303323648,0.0001753657359275,-1.29293520235665,0.0019022322937045,0.825685519325886,True,True,True,-1.02898424607521,0.0075940668117087,-0.648814924690925,0.0620293493663245,0.629927037392326,True,True,False,-2.53110945102808,2.25249496068375e-05,-1.27086509692613,0.0016147957911623,0.501899748610842,True,True,True,4,3,0.727806278359106,3_of_4
PKP2,1.2527660112684,0.0067224089405893,1.03345695029853,0.0223414559148212,0.824282155529971,True,True,True,-0.410692619286982,0.0047508581019375,-0.142952112986498,0.322205311978432,0.34723020595822,True,False,False,-0.708766446528665,0.0010952225041751,-0.448053503256323,0.018904008746399,0.631268927191006,True,True,True,1.50726941620332,7.66527631329792e-07,1.68380521247259,4.04873042668119e-07,1.11638225530763,True,True,True,3,3,0.727775541360488,3_of_4
DKC1,-0.664752748448214,0.0001570819586531,-0.594292451144395,0.0003569898783758,0.89266240737213,True,True,True,-1.42606816758456,6.95074092965715e-07,-0.579703870203092,0.0032370611578874,0.40622016759318,True,True,False,-1.17249389477615,6.97864692702505e-05,-1.04392906625789,0.0002072580624931,0.889590538906915,True,True,True,-0.913039264040965,3.80941549998122e-06,-0.516416461073439,0.0009979742892881,0.564982798211932,True,True,True,4,3,0.727286668559423,3_of_4
PPARG,-1.80949596178806,6.43688591069353e-07,-1.85135792568621,6.63967357181996e-07,1.02256948635102,True,True,True,-2.0879746178982,3.01974601538043e-07,-1.4949663903863,1.86238504465666e-05,0.715646029194191,True,True,True,-0.788499507299806,0.0021227592666905,-0.583004534771379,0.0138808664904655,0.738448256624418,True,True,True,-1.04727772990921,0.0043002410371501,-0.189563653291667,0.551646052611388,0.180833425993019,True,True,False,4,3,0.727047142909305,3_of_4
H2BC8,1.00592527067693,0.0332354609150598,1.30634631872037,0.0071594024175264,1.29736173752214,True,True,True,2.70519679834592,3.37183485101372e-05,1.39944088029498,0.0201264019451232,0.51712457909578,True,True,True,1.50317720904089,0.0051977390773243,1.09360082847391,0.0394022085557858,0.727042546516992,True,True,True,,,,,,,,,3,3,0.727042546516992,3_of_4
PGK1,-0.624967253670397,0.0034520679473898,-0.714640627363092,0.0012248208466287,1.14165816689731,True,True,True,-0.949220084577544,6.62851811290631e-07,-0.557328638940223,0.0002693730332078,0.586525845944421,True,True,True,-1.88909376200431,9.68470031703338e-08,-1.63648347983879,3.63272480341627e-07,0.865821322061513,True,True,True,-0.416932045142064,0.0006758705482589,-0.245227050798247,0.029504879583165,0.586762976538181,True,False,False,3,3,0.726292149299847,3_of_4
JAK3,1.45465941903913,0.0003867483803389,1.76982712552322,6.45103528983561e-05,1.21582500849785,True,True,True,1.62396041412124,1.0643226049555e-05,0.797690465989177,0.0122632191050171,0.490898399159194,True,True,False,1.33446333546074,0.0030816351587436,1.08595013515166,0.0142077419416903,0.813163571261208,True,True,True,2.18025918477405,8.13824688340108e-05,1.3929455199678,0.0070385628654968,0.638596976320396,True,True,True,4,3,0.725880273790802,3_of_4
PHF5A,-0.988109904468442,6.6336995354432e-06,-0.944746506689802,8.69080743836622e-06,0.955148161414397,True,True,True,-1.03529064681591,7.49512596550562e-06,-0.629499219797969,0.0013779369161995,0.607454309977764,True,True,True,-0.849789673837281,0.0010135450216095,-0.717518940726463,0.0035432285702242,0.843356428493387,True,True,True,-0.57247510400902,0.0015613692249876,-0.321372527007353,0.0522220791546148,0.560394906005019,True,True,False,4,3,0.725405369235576,3_of_4
LIG1,-1.4321036837116,4.94666117044076e-06,-1.67558160639881,2.00058043452862e-06,1.16919775271194,True,True,True,-0.630806936167961,0.0004496484001653,-0.112632754617565,0.489326254791775,0.178270842198577,True,True,False,-1.43476647282317,7.11514959888002e-06,-1.31572544484092,1.90232136826441e-05,0.916392372816582,True,True,True,-1.41735821250364,7.25564153668004e-08,-0.757946778302641,4.2955052817108e-05,0.534383184459967,True,True,True,4,3,0.725387778638275,3_of_4
BAZ2B,0.760538401677125,0.0006686717979312,0.716670474434524,0.0010529978808652,0.941082515151187,True,True,True,1.17958595142455,3.87414791041193e-06,0.628408284973506,0.0034396463772319,0.532285077774506,True,True,True,0.898618518401641,0.0009637751366543,0.826011021391538,0.0020868525525717,0.918179210960573,True,True,True,0.429124951098035,0.001303806671637,0.13501382544554,0.284369695985441,0.313894427888624,True,False,False,3,3,0.725232144367539,3_of_4
PROM2,-3.22362231954536,0.000524997773423,-2.5672978004136,0.0014804804661606,0.79615457129738,True,True,True,-1.34115892953329,9.4919975982872e-07,-1.20746897983812,1.627809427064e-05,0.899646795374669,True,True,True,-2.93567014242929,3.79240542864305e-06,-1.92048040907039,4.978808436878e-05,0.653965313067718,True,True,True,-1.22676052185244,0.0004739815910987,-0.131846990861574,0.656193986085174,0.107388198687676,True,True,False,4,3,0.725059942182549,3_of_4
POLR3H,-0.50852719119059,0.0008194885932644,-0.409840232378412,0.0035846635899579,0.804353996144457,True,True,True,-0.561819006989745,3.27379561048791e-05,-0.29225946651191,0.0114461408318342,0.51927789019612,True,True,True,-0.669215040531617,0.0042730909389653,-0.623572848804042,0.0073878257753484,0.930407124718391,True,True,True,-0.392156951434001,0.0020904680692313,-0.25377239904033,0.0355042959012642,0.64547351411369,True,False,False,3,3,0.724913755129074,3_of_4
SRSF9,-0.391377970334022,0.0061315794449107,-0.45247799115788,0.0023012434670474,1.15316869286188,True,False,False,-0.847225555395337,4.28428686897899e-06,-0.465039233427142,0.002090175813123,0.548249496220847,True,True,True,-0.957745871168783,7.19754829122522e-07,-0.828015918851522,3.30593525502142e-06,0.86364483410198,True,True,True,-0.795819731825682,2.08800360261883e-06,-0.466836428607265,0.0004437042631258,0.585874583624635,True,True,True,3,3,0.724759708863308,3_of_4
PCMTD1,1.08866120015537,0.0008349096965272,1.23928565191896,0.0002780332326019,1.1373128195647,True,True,True,1.59557717940027,1.74422652795904e-06,0.732636646753587,0.0055344746135245,0.458879568245358,True,True,False,0.707630857607344,0.0120187867055933,0.639845657275852,0.0233215313676071,0.902932253664846,True,True,True,1.86155961487982,3.4987997466043e-06,1.01773821876985,0.0021798577534902,0.546419137749596,True,True,True,4,3,0.724675695707221,3_of_4
NUDT21,-0.683518952361251,2.61823716375194e-05,-0.63076924806116,4.59243668534581e-05,0.921478135682465,True,True,True,-0.914541377002496,2.33840137999905e-06,-0.359026971712215,0.0105873584086752,0.392147182782364,True,True,False,-1.39090905770526,3.20553084746345e-06,-1.15563982710907,1.76943544425393e-05,0.830255267549081,True,True,True,-1.02557953477728,1.62093990724651e-06,-0.634030110989579,0.0002536077128153,0.617614212548211,True,True,True,4,3,0.723934740048646,3_of_4
MRPL20,-0.727742261166595,6.79319757443391e-05,-0.691228521808017,9.91075227185035e-05,0.948522624036481,True,True,True,-0.986171816985745,6.33299853034393e-07,-0.483853383601349,0.0007826092576698,0.490141002078806,True,True,False,-0.668708068768801,0.0022379623287485,-0.542451885964117,0.0092493703000461,0.809982604751003,True,True,True,-0.66320735352293,0.0002442664384328,-0.423339309303166,0.008529776569714,0.637360166306185,True,True,True,4,3,0.723671385528594,3_of_4
COA6,-0.515721333563361,0.0054652708511022,-0.638205251625485,0.0014129195564191,1.23510528823023,True,True,True,-1.25181559575302,1.29996925364415e-06,-0.771167882213271,0.0002477689606233,0.61554779875625,True,True,True,-0.604252623199113,0.0044983092149043,-0.503370078310248,0.0144331533451444,0.831669387320692,True,True,True,-0.232630542209916,0.192256871198968,-0.072235748156817,0.715445143454223,0.309187948945106,True,False,False,3,3,0.723608593038471,3_of_4
ARL15,2.2649530946644,1.35673873427161e-06,2.27389826783467,1.33140037445176e-06,1.00350632728849,True,True,True,2.02927520415,1.12928759219967e-05,1.13244598286659,0.0058220431803272,0.557779546611122,True,True,True,0.159933006867537,0.570306364908301,0.121201436697781,0.68197224332282,0.753117331595881,True,False,False,2.66799674411607,1.16227263345076e-06,1.84527494216055,0.0001051591232297,0.69137399520196,True,True,True,3,3,0.72224566339892,3_of_4
VAMP5,1.1654281803605,0.0216939068238084,0.769660560076494,0.127821125829858,0.659843934702109,True,True,False,1.83847724055191,1.09584179922602e-05,1.2772411052102,0.001284995373176,0.694350045248171,True,True,True,0.512577923596088,0.0162103196915753,0.591102501831711,0.0078178582953504,1.15094998183098,True,True,True,-1.10264040536158,0.0074869025734673,-0.827701875428747,0.0333477431939102,0.749974241073179,True,True,True,4,3,0.722162143160675,3_of_4
TFAP4,-0.794011954986813,8.16020607481787e-05,-0.665949006988781,0.0003088780930348,0.837659110421588,True,True,True,-1.41268912582478,7.19404140381483e-06,-0.856762659910424,0.001092733868927,0.60604742885786,True,True,True,-0.722917587152772,0.0007130642110599,-0.218151624227291,0.19759502087067,0.301348700596292,True,True,False,-0.85893424196842,0.0003995772973658,-1.09904888605585,0.0001013608181503,1.27806154519453,True,True,True,4,3,0.721853269639724,3_of_4
RAB11FIP1,1.21796915580402,1.84322368313701e-06,1.46859061029878,5.62111695570205e-07,1.20478077997807,True,True,True,0.969251131227214,1.00649463268202e-05,0.153538933135958,0.359823705636594,0.158246590180993,True,True,False,1.09330072657155,0.0001128243514522,1.01391249340679,0.0002367306729421,0.926539175920483,True,True,True,0.540413775174505,0.0002477875438663,0.279962108367503,0.0314152188984561,0.517094542482351,True,True,True,4,3,0.721816859201417,3_of_4
MVK,-0.708542189968686,0.0019674217031175,-0.471759518752857,0.0201795927731042,0.66487874212762,True,True,True,-0.979560534403367,0.0103476705133415,-0.44698393946584,0.227608710674504,0.455845329057438,True,True,False,-0.916467601140878,0.0011372454139056,-1.02296063475536,0.0007291296191189,1.11498284351764,True,True,True,-1.11426298660104,2.33581015106617e-05,-0.868494595924446,0.0002805884725296,0.7787352457301,True,True,True,4,3,0.72180699392886,3_of_4
POLD2,-0.706105999856431,2.57137847790403e-06,-0.631559104427867,5.01733037433348e-06,0.893160437835483,True,True,True,-1.14109871951311,3.56514454835349e-06,-0.400398326107312,0.0234358090566805,0.350581188181357,True,True,False,-0.564544508781706,0.0036415610246284,-0.53612719019091,0.0055016686539154,0.947984078823139,True,True,True,-1.26490262432265,2.55117233199453e-07,-0.696610720178451,0.0001453743580014,0.550287760522804,True,True,True,4,3,0.721724099179144,3_of_4
WASHC2C,0.69612225563456,0.0001721450229717,0.753215193062586,8.23588879845504e-05,1.08046355854321,True,True,True,0.921858260523722,2.1595606276262e-06,0.490168004718443,0.0019352528486904,0.531141157516727,True,True,True,1.01515681516707,1.22344767100647e-05,0.926466041127249,3.55506522888582e-05,0.911735302365635,True,True,True,0.330920435155435,0.0459357281184922,-0.144639998431463,0.424327363032317,0.435767078829387,False,False,False,3,3,0.721438229941181,3_of_4
PARVA,0.97273509261501,0.0003237099716726,0.80899313916417,0.001311495963053,0.830814402499947,True,True,True,0.554988900590684,4.29083985571002e-05,0.6829071552202,3.9720490371711e-05,1.22827479918156,True,True,True,0.495363692975777,0.093649537099658,0.232833961637067,0.450755294468845,0.469079356391261,True,False,False,0.590574540164133,6.04179477636579e-05,0.36166120660085,0.0054126226167105,0.611353569239992,True,True,True,3,3,0.721083985869969,3_of_4
FAM13B,0.606774673895609,0.0003725611972042,0.529790545040086,0.0010306242419678,0.87168907786882,True,True,True,0.751786241670904,4.56094236468795e-05,0.580324735119008,0.0014195244984154,0.770902419564555,True,True,True,0.64189980376821,0.0032349164946462,0.431540127212626,0.035957452070135,0.671240097886564,True,True,True,0.725435710105148,0.000622795785561,0.311218288601249,0.108856666725719,0.428418212750309,True,True,False,4,3,0.721071258725559,3_of_4
E2F4,-0.85691012116502,3.44765228739731e-06,-0.703511830239038,1.36018331789042e-05,0.820029759392146,True,True,True,-1.10135305076207,6.52201790309768e-07,-0.685446454790053,0.0001625108267785,0.621803018838834,True,True,True,-0.925239283714015,0.0002841918519415,-0.795897956946552,0.0009877992381039,0.859278990797256,True,True,True,-0.557636832239696,0.0006570320898816,-0.195991524273617,0.174072458588813,0.350838886666038,True,True,False,4,3,0.72091638911549,3_of_4
ZFYVE1,0.895678650926012,8.72391364209017e-05,0.841261244583431,0.0001411607062731,0.938197027122982,True,True,True,2.3940150662914,2.02423091982471e-05,1.20284744831625,0.0162266199433784,0.502229595648773,True,True,True,0.968990022013426,0.0003581998970684,1.03255727217794,0.0002593875826808,1.06450298327259,True,True,True,1.08351203796913,7.65784895564506e-05,0.380140751405786,0.109392315404222,0.350517779514594,True,True,False,4,3,0.720213311385878,3_of_4
ARHGAP4,-0.334827495963288,0.261998514942575,-0.0415134806963873,0.896774836304877,0.12361549067717,True,False,False,2.87220431526215,2.72480765865736e-06,1.61025841611994,0.002363507046736,0.560439926797555,True,True,True,1.5611840291177,0.0134889109839503,1.47934074631736,0.020703867831143,0.946969575122895,True,True,True,1.48454987883729,0.018011020289501,1.30673056408042,0.0433492880486027,0.879627525602285,True,True,True,3,3,0.72003372619992,3_of_4
MXI1,1.5154811297896,2.95946756846964e-07,1.46357174910454,4.28065000857088e-07,0.965110425942194,True,True,True,1.39223345488159,3.92127900499517e-06,0.769994477606049,0.0027942399915335,0.552667232406855,True,True,True,0.704713987630606,0.0007753799621219,0.625915647500895,0.0022331557867775,0.886925381204885,True,True,True,0.71889702875791,0.0020497862283602,0.0670932175761134,0.794844252163749,0.093198353230981,True,True,False,4,3,0.71979630680587,3_of_4
G0S2,-2.01612666586612,3.27423914136476e-06,-2.08810117010149,2.95050408348087e-06,1.03518594317174,True,True,True,-4.2112886392457,5.29356652566894e-07,-2.81277393895801,1.17481724159009e-05,0.667754320715709,True,True,True,-1.82674713686005,4.69276276419153e-05,-1.40932014368799,0.0003139934925471,0.771069539799203,True,True,True,-0.873839685793615,0.142468089340311,-0.108308754293824,0.860255427648378,0.123804116402848,True,False,False,3,3,0.719411930257456,3_of_4
CASKIN2,-0.224563906528854,0.134677929330711,0.0794717196535197,0.597429285559483,0.352324628866781,False,False,False,1.10100961063929,9.67151192953039e-06,0.561970040758469,0.0071479820487089,0.509950217614221,True,True,True,0.693029240585391,0.0254961973444515,0.802179395519146,0.0126150115885792,1.15582939249438,True,True,True,-0.507842265772388,0.0111428507140632,-0.472142120047561,0.020562607145054,0.92787520181894,True,True,True,3,3,0.718912709716581,3_of_4
SERINC3,0.531554864332358,5.77153981879074e-05,0.470567904239756,0.0001413440816099,0.88360455561642,True,True,True,0.896595380114723,8.7164626665066e-06,0.441606908506443,0.0075646089840247,0.49198883850093,True,True,False,0.696985565156973,2.33818735440406e-05,0.577118313383084,0.000129781214027,0.82683416705515,True,True,True,1.34069378141082,8.97122838763914e-09,0.819042178736087,2.3370900079087e-06,0.610453883057315,True,True,True,4,3,0.718644025056232,3_of_4
MRPS34,-0.974243769295522,9.48970462336421e-06,-0.917762106973089,1.35082523183435e-05,0.941059185270206,True,True,True,-0.972542173570917,2.22479064490142e-06,-0.660588859602973,0.0002706503336107,0.678541595357864,True,True,True,-0.745502462847742,0.0001795649467276,-0.566003784489376,0.0015440502723289,0.758207524634543,True,True,True,-0.468511153235997,0.0025549423503727,-0.244153446471326,0.0916145087907359,0.520016286702786,True,False,False,3,3,0.718374559996203,3_of_4
ISY1,-0.737192230701385,8.80692008679542e-05,-0.706859027835589,0.0001208303177099,0.957554141641365,True,True,True,-0.69034959017391,7.53832755749723e-05,-0.404041223472164,0.0090221097538297,0.58442389959402,True,True,True,-0.74626546800794,0.0037231198966214,-0.636615806277237,0.0107614970208037,0.851927238086255,True,True,True,-0.602477772992692,0.0008769900486037,-0.24896127745183,0.11392467343156,0.412544237076392,True,True,False,4,3,0.718175568840137,3_of_4
CERCAM,0.691476403763529,5.80157166394934e-05,0.706907661067278,4.53746268033597e-05,1.02084007083175,True,True,True,3.06411122306072,9.87069229708535e-07,1.64307552648829,0.001006105138823,0.536057391368516,True,True,True,0.426619778842072,0.0614578470062942,0.228144251941818,0.325996133593133,0.533521280422522,True,False,False,2.42725004703249,2.52636317108285e-08,2.18480310631177,9.96454016992193e-08,0.899743874804726,True,True,True,3,3,0.717900633086621,3_of_4
PHC2,-0.570155491083213,0.0005216973496859,-0.44463123342267,0.0029796010589355,0.778476685183248,True,True,True,-1.0496808072188,1.52086064261852e-06,-0.7773198972814,0.0001025631810728,0.739824970572177,True,True,True,-0.26626401619141,0.0886189625634033,-0.137963081450606,0.383041555743904,0.51620522439429,True,False,False,-0.862990658901364,0.0001479150684565,-0.600465974995653,0.0035170499391208,0.694991281224262,True,True,True,3,3,0.717408125898219,3_of_4
SLC25A5,-0.752593298229675,1.57763853723487e-05,-0.834612428378252,6.04463057585675e-06,1.10751041754074,True,True,True,-1.17110745459001,6.7769414535868e-07,-0.556130947830672,0.0012413840075999,0.474470958829624,True,True,False,-1.47563194439171,1.220800200156e-07,-1.30073709936353,4.69079790960326e-07,0.88088105116767,True,True,True,-1.4540351253325,3.68262240572182e-08,-0.805671324467566,2.35391531220086e-05,0.553712628953515,True,True,True,4,3,0.717296840060593,3_of_4
FAM83A,-0.333013550213005,0.0358664394037852,-0.224221156267543,0.142662592658298,0.671293593102897,True,False,False,-2.33092246887568,7.70937962642904e-08,-1.82651029569992,1.6501103317629e-06,0.783263731997299,True,True,True,-1.9699312221412,1.10642897512281e-05,-1.50234074278895,7.94651889521795e-05,0.762249197694896,True,True,True,-1.999952158978,3.05782907830703e-07,-1.20034757304101,4.97136621456942e-05,0.599888192056574,True,True,True,3,3,0.716771395398897,3_of_4
ENO1,-0.586553357838641,0.0008511373635594,-0.547326822513384,0.001319335308032,0.931535519645002,True,True,True,-1.45786973243674,6.29384789767104e-07,-0.60124885428182,0.00298186727017,0.412133339196474,True,True,False,-1.15616786053643,4.1533575438367e-05,-0.97419634610465,0.0001920349367498,0.841879885648604,True,True,True,-1.33746422691604,1.93507997720375e-07,-0.791594653990281,7.14115954697829e-05,0.591420105275579,True,True,True,4,3,0.716649995462092,3_of_4
NDUFB8,-0.513159641173473,0.0015737318693176,-0.500908216661427,0.0018206675038056,0.974227023183301,True,True,True,-0.874087654207552,3.68872105967695e-06,-0.401176500628378,0.0049480255531314,0.458441504344692,True,True,False,-0.636268402629431,0.0005876845874441,-0.488515309630619,0.0040921995298066,0.766577014669106,True,True,True,-0.832557555973739,1.7695823581829e-05,-0.555714902048612,0.000870598920263,0.666678501161736,True,True,True,4,3,0.716627757915421,3_of_4
RTEL1,-0.682272231494506,5.37559255634989e-06,-0.622498487901641,9.45100334439022e-06,0.911054861017934,True,True,True,-0.917801848365143,0.0006265681246126,-0.65646990404913,0.0120121973442411,0.714484744689195,True,True,True,0.170078146041688,0.661324015107966,0.122798672197796,0.760768277840368,0.717792862729952,True,False,False,-0.745699802300582,0.0013568219117393,-0.421502594067893,0.0453265567279019,0.564487351903996,True,True,True,3,3,0.716138803709574,3_of_4
MILR1,-1.82040258654843,0.0035245388023501,-1.9797180983046,0.0024294257866738,1.08691956019244,True,True,True,-3.48846821934647,5.00873045286125e-06,-2.43092458287062,0.0001141856220259,0.696646144932049,True,True,True,-1.14447574575777,0.0067452994822416,-0.656496128952916,0.0743809266591852,0.573120933711802,True,True,False,-2.27388207842201,5.27590750204974e-05,-1.67262604462686,0.0004345130337946,0.735258350528257,True,True,True,4,3,0.715952247730153,3_of_4
DDX54,-0.717905520302772,4.6456470559487e-05,-0.548736123382371,0.0003700697395226,0.763293795756732,True,True,True,-1.07010061349378,6.04815642165661e-05,-0.526114462803332,0.0202936592221714,0.491190515788447,True,True,False,-0.548252290887899,0.0001534331405443,-0.493268341081082,0.0004012437975484,0.898072432767981,True,True,True,-0.72990431236783,0.0025602121239411,-0.488103465703731,0.0322134697125065,0.667807615093248,True,True,True,4,3,0.71555070542499,3_of_4
SNRPA,-0.775720251867507,0.0009329539175072,-0.728811259557766,0.0014155102279197,0.938318857793973,True,True,True,-0.691259150820802,0.0003167539663273,-0.194382672558749,0.243475717677875,0.280794659526381,True,True,False,-0.972061795938511,0.0011823492207586,-0.855118358561651,0.0031394265446906,0.87879142119324,True,True,True,-1.59815599862966,1.07482324647505e-07,-0.881834870733459,3.41828754319888e-05,0.551437678055872,True,True,True,4,3,0.715114549624556,3_of_4
TEDC1,-1.81164834508384,9.94145327024318e-07,-1.75772907662694,1.31457435883763e-06,0.969702193695844,True,True,True,-0.973854029068172,7.57956841521122e-05,-0.501184873788376,0.0161824335005345,0.514112737747456,True,True,True,-0.804337466750082,0.017278706888026,-0.737386223855427,0.0290582631814069,0.915623889735479,True,True,True,-1.4071003735096,1.799546296845e-06,-0.611219643439822,0.0025063814018939,0.434073916134541,True,True,False,4,3,0.714868313741468,3_of_4
TLR3,1.77333945808274,3.47262480206362e-05,1.82950717400236,2.43037630877404e-05,1.03109197378682,True,True,True,1.67347046255815,9.87664501253173e-05,1.09355669868967,0.0086642971880399,0.653076135495996,True,True,True,0.259202509284141,0.420222427679874,0.16389389423124,0.635799011063926,0.629870536921948,True,False,False,1.87401250565298,2.43618097066806e-06,1.4548741282764,6.92940686306703e-05,0.77592769322343,True,True,True,3,3,0.714501914359713,3_of_4
HCAR1,-1.13767561926695,2.91052777112624e-05,-0.844318568297258,0.0002373377845588,0.741491741819157,True,True,True,-1.56803595635438,5.51245545256893e-07,-1.3528103831845,1.16046231530832e-05,0.862192085341196,True,True,True,-0.659326342900174,0.0003262300614205,-0.453771157626537,0.0049142120716303,0.687192268649407,True,True,True,0.20035708177449,0.738120497227893,0.0850923860311303,0.901977105682806,0.422594453998045,True,False,False,3,3,0.714342005234282,3_of_4
SLC4A3,-0.270119741060457,0.459661749313488,0.0121514215453233,0.974486492582262,0.0448193904943781,False,False,False,1.76135010369492,2.38575233706638e-06,0.930811082233989,0.0027504697517902,0.528164682081309,True,True,True,1.98014421367985,1.95134875868707e-06,1.94278191115149,3.12556372071721e-06,0.980636289744347,True,True,True,3.211134148548,1.30345999916506e-06,2.89241894763429,7.40025497959648e-06,0.900466423216405,True,True,True,3,3,0.714315552648857,3_of_4
NUP93,-0.731159141326145,1.34573593052974e-05,-0.73720213917295,1.10225811823841e-05,1.00688784386093,True,True,True,-1.09896175506374,2.74848954955531e-06,-0.380170347142665,0.0194711438736239,0.345621423101783,True,True,False,-1.13161702412509,6.49452276635725e-05,-0.964625249930139,0.0002658783961059,0.851678219012539,True,True,True,-0.779015586287457,3.27402389623959e-05,-0.449544606537194,0.0043504021694845,0.576327722727741,True,True,True,4,3,0.71400297087014,3_of_4
POLR2J,-0.716780918778308,0.0001306029834643,-0.782857638210125,6.4256377889892e-05,1.09066376345387,True,True,True,-0.36971634428639,0.0022385849520752,-0.128024726837502,0.267392173352188,0.345344166262599,True,False,False,-0.577731500539108,0.0004337810668341,-0.508563837915501,0.0012904890096964,0.878756102686231,True,True,True,-0.716692916536804,0.0001527250728546,-0.39310523480659,0.0154256831440441,0.547734589193805,True,True,True,3,3,0.713245345940018,3_of_4
MTURN,0.855397025202739,1.17459133471474e-05,0.540811333359721,0.0005233090128054,0.631496043825809,True,True,True,0.737939154045036,0.0002664776733485,0.40293110917732,0.0357187560933104,0.545283203592109,True,True,True,1.20631002845357,0.000124094011195,0.958663695897771,0.001001796492474,0.794049310702499,True,True,True,0.0362557793905705,0.849754008740058,-0.930891210295559,0.0002673354942766,24.9864913718909,False,False,False,3,3,0.712772677264154,3_of_4
COL13A1,-1.07369417265847,0.0006724259420691,-1.04326073676201,0.0008323843976322,0.970751273528633,True,True,True,-7.01622403880084,2.50277231579206e-05,-4.32524144461547,5.73812023998645e-05,0.616374996822048,True,True,True,1.47001099387014,0.001904109065425,1.1892268430304,0.0101566905496235,0.808441845768682,True,True,True,-1.96165282704156,0.0091275534109288,-0.212031884922084,0.716803419053783,0.108033311852557,True,True,False,4,3,0.712408421295365,3_of_4
NGFR,5.27124768765396,0.0011945018029472,2.44591931551941,0.109751465494658,0.463923446018484,True,True,False,5.1075487305694,0.0002142116338668,3.22466892256207,0.0200103711081534,0.631229942716559,True,True,True,4.97236830225274,0.0017511131257181,3.93518542071306,0.0105212422402284,0.791251558612817,True,True,True,4.06440867490431,0.0053797470567646,5.34249569707635,0.000903179876659,1.31413496755086,True,True,True,4,3,0.711240750664688,3_of_4
SLC29A3,-0.644460130798417,0.0593871418882348,-0.408339290357103,0.21051729816945,0.632632862779608,True,False,False,2.59389998671354,3.62117755163377e-07,1.69255088756473,8.04923446899003e-05,0.652260548087003,True,True,True,0.985328200945077,0.0022815115048709,0.759293461548121,0.0153165284418287,0.769818262136866,True,True,True,1.27176858168577,5.49666454647626e-05,1.14505097155919,0.0002516650920957,0.899653706129814,True,True,True,3,3,0.711039405111934,3_of_4
ANP32A,-0.747353031186482,2.50355939844399e-05,-0.818882167802688,1.05632432339013e-05,1.09424580869858,True,True,True,-1.4518169831602,5.78242259476412e-07,-0.784366742188131,0.0003726907411794,0.539893703941951,True,True,True,-0.914600460663731,2.69265753667328e-05,-0.807625716775905,8.92296295402717e-05,0.882072204496759,True,True,True,-1.09368296423468,5.51831232424101e-06,-0.46127376619583,0.0099366014193614,0.421376582322461,True,True,False,4,3,0.710982954219355,3_of_4
MRPL53,-0.55256929507221,0.0014352748426742,-0.45141932348566,0.0053767079891795,0.81547030788038,True,True,True,-0.596138159548568,0.0004482318356295,-0.386866057232433,0.0163247892921579,0.647866914961357,True,True,True,-0.522454670334459,0.0075998509452754,-0.405134883457588,0.0311735923182785,0.773963642732863,True,True,True,-0.864718249332929,0.0001464506364407,-0.411463690407821,0.0263927436918827,0.475285915163358,True,True,False,4,3,0.71091527884711,3_of_4
UBE2E3,-1.47848052527148,7.96608043760886e-07,-1.51256499049705,7.77019090228972e-07,1.02236221745433,True,True,True,-1.09161867779556,1.50029056454393e-06,-0.552688858179369,0.001503034349732,0.505838742656734,True,True,True,-1.21725843352991,2.81889227434929e-06,-1.11468511510426,7.87772437745456e-06,0.914982473689474,True,True,True,-0.298659906600725,0.0381703828498257,-0.127613293608362,0.387444397497421,0.425860419753776,True,False,False,3,3,0.710410608173104,3_of_4
HDAC5,0.849609793074203,5.7817703696358e-05,1.09874276768938,6.20352665048607e-06,1.29171187145447,True,True,True,2.88083473873618,3.42526363296065e-06,1.45375879900304,0.0045181523436891,0.504455990991552,True,True,True,1.44013388777672,8.33406225171837e-05,1.32052330206187,0.0002164916228436,0.916308549304243,True,True,True,1.15806801658327,3.40076604420552e-05,0.24153330480909,0.320291375343522,0.208385790439709,True,True,False,4,3,0.710382270147897,3_of_4
EXOSC7,-0.687730124057696,6.74319477821929e-05,-0.811587390956835,1.88315255087458e-05,1.17838230477755,True,True,True,-1.16998943269882,1.74555838333575e-07,-0.760406424371987,1.74252019630732e-05,0.649370868035463,True,True,True,-0.470604022935826,0.0054021417105081,-0.345657578211807,0.0308600525210821,0.732940266412534,True,False,False,-0.625947217133711,0.0048862999455427,-0.430878582722023,0.0408146414566816,0.68726452713503,True,True,True,3,3,0.710102396773782,3_of_4
MALL,-3.81809087741838,3.69598700021461e-06,-3.49833812867621,4.53652234160522e-06,0.916013323841356,True,True,True,-1.34898713817842,0.0005333393690061,-1.11159626389362,0.0047248471259408,0.823412484798583,True,True,True,-1.70691559611945,0.000577074348923,-1.01510041631699,0.0115518265370676,0.594350457729525,True,True,True,-1.07189342051278,4.63922431346939e-05,-0.0915942628675444,0.679589101615919,0.0853712597321808,True,True,False,4,3,0.708881471264054,3_of_4
SOS2,0.534224440956188,9.54343455117844e-05,0.471889597335634,0.00026212671284,0.88166675739358,True,True,True,1.35902206293333,3.97733847180121e-06,0.699887888297417,0.0046963442204332,0.514615098807942,True,True,True,0.733057067811145,7.76581170983277e-05,0.465191622682972,0.0032423409152614,0.63372678103912,True,True,True,0.211480611458786,0.0693169387375448,-0.166581048138573,0.173881739360331,0.783982345471008,False,False,False,3,3,0.708854563255064,3_of_4
ARHGAP33,-1.06751910840255,0.0048457989431748,-0.902750362193319,0.0118376150348658,0.844861224375241,True,True,True,1.15408639414196,0.012514771510525,1.44609528637913,0.0057622246879916,1.25193690594316,True,True,True,-0.645643590648309,0.243826347777882,-0.014293861878369,0.980674912775255,0.0221046989177428,True,False,False,-1.25482983911789,0.0006545926992122,-0.719054330631627,0.0218046382579736,0.572573057458723,True,True,True,3,3,0.708717140916982,3_of_4
IFT140,0.717155877328151,0.0015329340699461,0.826311319964014,0.0004938007264644,1.1506016257059,True,True,True,1.44911651841983,9.15541456621458e-07,0.757447339703333,0.0013389695981119,0.522335502066215,True,True,True,0.544710064376158,0.0066258420613703,0.488051814489804,0.0146341748927294,0.89434270384537,True,True,True,1.10577434942326,0.0005630577903221,0.494739767553238,0.0986033731036294,0.447010511050466,True,True,False,4,3,0.708339102955792,3_of_4
DUSP7,-1.11044655031948,1.05618327699401e-05,-0.914780472668198,4.10593521846293e-05,0.823053949292702,True,True,True,-2.05617743580133,2.43562300742064e-07,-1.22026089862494,3.82117980416878e-05,0.593172410599387,True,True,True,0.120307326739344,0.711135118474665,0.22299778197373,0.47221843500729,1.83828782619941,True,False,False,-1.72005821090261,3.35562761191263e-06,-0.879277796825158,0.0008517891369551,0.510893699733736,True,True,True,3,3,0.708113179946045,3_of_4
ATIC,-0.798204918594826,2.38288369127889e-06,-0.721867124664679,4.33075834253204e-06,0.90323158412723,True,True,True,-0.637132243379638,7.98137459397248e-06,-0.327283325036306,0.0050511627117679,0.512876959958907,True,True,True,-0.570115025951065,0.0007959983654224,-0.619500296779949,0.0004889554839987,1.08472071059295,True,True,True,-0.282996750613532,0.0360481778587639,-0.126117876391685,0.366670001602821,0.444082110514386,True,False,False,3,3,0.708054272043068,3_of_4
PAWR,1.00565625265546,0.0006572185886398,0.98041019638445,0.00074873113891,0.973927488949902,True,True,True,0.406969443474695,0.0105173827962394,0.29913111554318,0.0715582523565528,0.733219412207606,True,False,False,0.631308826433846,0.0001792157794181,0.431334792890412,0.0032854698687638,0.682158424583592,True,True,True,0.885427373854649,0.0007745257672447,0.598152154022078,0.016470173869169,0.674789804178768,True,True,True,3,3,0.707688918395599,3_of_4
PIGA,-0.605183816161483,0.001753300057862,-0.438802732330939,0.012457915283452,0.723877346494591,True,True,True,0.284315287686507,0.195856183591517,0.0744068993167022,0.781869459752805,0.260788336720525,True,False,False,-0.773448850072494,0.0020552576338822,-0.985525927703965,0.0006016812840182,1.27255134746693,True,True,True,-1.08886712425526,0.0002719674083296,-0.750303092464637,0.0047831122375302,0.688435384246811,True,True,True,3,3,0.706156365370701,3_of_4
MANBA,0.790186569153736,0.0109278594319255,0.603014319481742,0.0467759158222077,0.762164504545033,True,True,True,1.94260204830798,6.82930721064719e-05,1.2632346273079,0.0071970572757244,0.649945099825152,True,True,True,-0.363821242202821,0.410012432720882,0.0264602532102653,0.955828175098401,0.0725293654790935,False,False,False,1.73126551829285,0.0003415694731461,1.68818760916471,0.0006561374493148,0.974554761575131,True,True,True,3,3,0.706054802185093,3_of_4
EFHD2,-1.82736054570344,5.09679251201104e-07,-1.82328277303274,6.0546622151314e-07,0.997222772782626,True,True,True,-2.13946714797389,5.62229940841048e-07,-1.38401620274479,7.92738699941493e-05,0.646595395801736,True,True,True,-1.85186600017253,4.83873157069806e-05,-1.41804392863175,0.0003974633435897,0.765324599026432,True,True,True,-1.11034475552355,5.56871547749193e-05,-0.282277888519059,0.172185307333374,0.253996689250654,True,True,False,4,3,0.705959997414084,3_of_4
C1orf116,-3.87456471557685,0.0006193112736376,-3.39947410753242,0.0009022479186761,0.877155810060169,True,True,True,2.04483939982963,7.14647762898062e-07,1.09252579480132,0.0007994400712998,0.534023244880464,True,True,True,-1.87320439830517,0.0023432768149488,-1.83985850985847,0.0031018212997612,0.981674416900441,True,True,True,0.200109946547459,0.0406571093171958,-0.0661232849950828,0.524862574967386,0.328791718809784,False,False,False,3,3,0.705589527470317,3_of_4
SLC9A3R1,0.707400817305457,3.91784287543872e-05,0.703693712547349,3.64238707550316e-05,0.993355308685255,True,True,True,-0.301951945966472,0.0015664155428455,-0.0755792179177881,0.407684502599374,0.249475928192759,True,False,False,-0.861550851996601,4.5392917887686e-05,-0.72615067056685,0.000204311741943,0.841864185614081,True,True,True,-1.09682097680992,2.55867711659089e-05,-0.624675485011021,0.0031437650459358,0.569013981520212,True,True,True,3,3,0.705439083567146,3_of_4
LAD1,-5.23888921923949,0.0001271561210808,-5.50359958015852,0.0001424400032572,1.050327468747,True,True,True,-1.63593336577786,7.30653228165256e-07,-0.763470519309629,0.0012576541361285,0.466402930791769,True,True,False,-1.73294627193598,0.0002476566933317,-1.3861933821534,0.0013354425640306,0.799444253025033,True,True,True,-2.13231823375346,1.75155578824211e-08,-1.30080926688058,2.9137465238507e-06,0.609758659678203,True,True,True,4,3,0.704601456351618,3_of_4
AC009133.6,-1.23222890177147,7.77605792959867e-06,-1.41697041335071,3.53264132237814e-06,1.14899221978605,True,True,True,-0.866167856850578,5.28300326976788e-05,-0.538434359845307,0.0048655552231199,0.620911344431998,True,True,True,-0.896603161167389,0.0081468792333646,-0.707444638301082,0.0281864586975813,0.788148559304321,True,True,True,-1.23966197265008,0.0001609537558966,-0.557292304009842,0.029032484252826,0.449189478113409,True,True,False,4,3,0.70452995186816,3_of_4
NCAPH2,-0.711327367365095,3.82307115948748e-05,-0.612856613698091,0.0001176405144505,0.860358090641741,True,True,True,-0.728474080243514,8.65863104790142e-05,-0.281274396448361,0.0687840642388838,0.38558518262152,True,True,False,-0.704806656402762,0.0029407556302176,-0.621702234079286,0.0072248025334924,0.880839289966284,True,True,True,-1.22586244649068,1.52347002063851e-06,-0.672466101600033,0.000569166753373,0.548118579652965,True,True,True,4,3,0.704238335147353,3_of_4
APRT,-0.488248553862313,0.0008885016032622,-0.334079363345953,0.0106842035047348,0.682841800366305,True,False,False,-0.721484068808566,1.76240168223798e-05,-0.388000912564238,0.0062675017238041,0.537037326240401,True,True,True,-0.680612228345916,0.0010228299150011,-0.695046437711498,0.001001796492474,1.01970946060957,True,True,True,-0.892100306488156,5.87690755636915e-06,-0.647080017411512,0.0001927067159122,0.724532298007999,True,True,True,3,3,0.703687049187152,3_of_4
GSTK1,-0.637591306369925,0.0048679629138243,-0.515734670690095,0.0161678765744012,0.807613046945144,True,True,True,2.02536837771524,2.84465214729377e-07,1.32622643377713,5.18501453635512e-05,0.654484371332556,True,True,True,0.160283028630156,0.201314290165549,0.121212272126361,0.344513684731973,0.75155007415143,True,False,False,0.971951476152435,1.84676687410333e-07,0.632678725116213,2.77689552281387e-05,0.650267501127764,True,True,True,3,3,0.703017222741993,3_of_4
SMC4,-1.69622183111864,3.50296183421834e-06,-1.81224424020134,2.01464352498231e-06,1.06777099314524,True,True,True,-1.25360143581079,3.53524632412061e-05,-0.384980962875716,0.105690482619185,0.306855190729892,True,True,False,-1.81711600779633,2.38105640465006e-06,-1.58419435580107,9.32023692102725e-06,0.871338434405631,True,True,True,-1.80950861373581,2.31388984135207e-07,-0.967222234249481,0.0001382747215022,0.534226806164546,True,True,True,4,3,0.702782620285088,3_of_4
NFE2L1,0.693696376747748,1.12021383587974e-05,0.528906830316136,8.88401330968044e-05,0.761349631319853,True,True,True,0.300662623831226,0.001008020980232,0.128120503199794,0.136225505354908,0.424714542267838,True,False,False,0.524308293136618,0.0005494024680607,0.535831413584082,0.0005250855898815,1.02003227549413,True,True,True,0.72243048264702,2.45440651002817e-06,0.465823509674282,0.0002849746467876,0.643909153468128,True,True,True,3,3,0.702629392393991,3_of_4
C2orf69,-0.875107980096928,9.42577368078343e-06,-0.833267079928458,1.28137501999682e-05,0.951100890367726,True,True,True,-1.20795949292079,3.5383089346123e-06,-0.519429926742339,0.005216994960005,0.429650397539309,True,True,False,-0.735315100658986,0.0024187881970007,-0.656643448696216,0.0056769609738757,0.891796797469636,True,True,True,-0.896114176704038,4.25881887860823e-05,-0.460020984942227,0.0083449084628799,0.512778637199031,True,True,True,4,3,0.702287717334334,3_of_4
IL4R,-0.720521955426694,0.0031069426557729,-0.466098073027296,0.0334564288916301,0.645992917501249,True,True,True,-1.52152763105097,3.43797819051565e-06,-1.15080355034927,0.000168960887964,0.75585068335009,True,True,True,-0.573275120025718,0.0019752090223086,-0.461214965760521,0.0088179568890358,0.803125452727024,True,True,True,-1.06004918993592,3.97779105226715e-07,-0.3604913317689,0.007423427705751,0.339749876997382,True,True,False,4,3,0.700921800425669,3_of_4
NDOR1,-0.887031017715471,7.54976920427917e-05,-0.704504524572143,0.0004304796921279,0.793333240075933,True,True,True,-0.437793192077045,0.0057544572576184,-0.22781349221901,0.148109913323526,0.519181920623348,True,False,False,-0.528290865042423,0.0126132293943419,-0.537093121040246,0.0132015102249909,1.01474096099731,True,True,True,-0.562563124539142,0.0012913156281437,-0.341510282068148,0.0340078957380014,0.605984080926907,True,True,True,3,3,0.69965866050142,3_of_4
LPIN2,0.68619019888895,7.32624851980224e-05,0.595058484601598,0.0002387608006358,0.865929819086025,True,True,True,1.15646311685215,7.08709831877521e-06,0.616971799964453,0.0047432805601262,0.533037978473454,True,True,True,0.581648304094435,0.0009532548244385,0.583023045679186,0.0010843883450501,1.00064316944221,True,True,True,0.289651317204156,0.0205686684364242,-0.0329612243572068,0.815274954650573,0.113404696301633,False,False,False,3,3,0.699483898779739,3_of_4
CCN1,1.82989125993966,0.0005856443720096,1.49880420205445,0.002230386039571,0.818619999367874,True,True,True,1.0364506817711,0.0003846166398395,0.600113968025335,0.0292899816450723,0.578450598731924,True,True,True,0.662993482298686,0.0229496482218206,0.331230599923581,0.239960036843708,0.498846161526903,True,True,False,0.943253539838632,5.76654889353699e-05,0.879989829277814,0.0001821763305844,0.931942314379038,True,True,True,4,3,0.698535299049899,3_of_4
TRAM1,0.30989868561631,0.0358474217829342,0.169872423932119,0.231297844681974,0.546391579608554,True,False,False,0.728682689485342,0.0001412275831715,0.480727505865894,0.0081771023479377,0.658817199302014,True,True,True,1.54434820103204,1.04154034347886e-07,1.57668454692516,1.20812056741295e-07,1.02027785444872,True,True,True,1.90688143681434,3.07387986388115e-06,1.40678234765829,9.44664223617653e-05,0.737353129242269,True,True,True,3,3,0.698085164272142,3_of_4
NOL12,-0.745122883334459,0.0011239467816406,-0.672861214742083,0.0022450837711987,0.901810184047746,True,True,True,-1.61367237683576,1.43422989107232e-06,-0.801083677359042,0.0010477685790652,0.496127690577645,True,True,False,-0.793117510646575,0.0039202133989793,-0.541653622231873,0.0308239781688375,0.682082456273827,True,True,True,-1.30507004381803,2.53405006729534e-06,-0.931266743203834,7.07634428204872e-05,0.713029708943837,True,True,True,4,3,0.697556082608832,3_of_4
CHRNB1,1.14881664257511,3.17751265457575e-06,0.796765489311247,7.18912041132151e-05,0.692950040735908,True,True,True,-0.582969990336013,0.0002170051975388,-0.409338244990736,0.0067957748095809,0.700957672080384,True,True,True,-0.183313428584718,0.43057421614769,-0.0175354816022182,0.946173027819078,0.095139468333194,True,False,False,1.47802660359538,0.0003053527058304,1.3756552902461,0.0009003126720141,0.930108550381722,True,True,True,3,3,0.696953856408146,3_of_4
TTLL3,0.954320321746359,0.0056458635075168,1.01974249729863,0.0035478493205576,1.06743515665458,True,True,True,3.23413505699077,7.17860199681569e-06,1.76696775103929,0.0051193371496409,0.546180521032984,True,True,True,0.778764026631862,0.0296637511177711,0.656234024250069,0.0688859113002708,0.841580275361801,True,True,False,1.13171018762242,0.0001269776753492,0.623763141183119,0.0200716986514054,0.550682026169827,True,True,True,4,3,0.696131150765814,3_of_4
ITGA7,-1.49064092388212,0.003530508263509,-0.997773443608695,0.0250095234926453,0.668909941818911,True,True,True,0.637236687285295,0.0346889171150619,0.294791983579791,0.387610616201701,0.461885048999099,True,True,False,1.21029415220642,0.0018713452971708,1.39531478398771,0.000702060753885,1.15192068041119,True,True,True,-1.75035462601428,0.0035949074316973,-1.26254405415601,0.0202359324935159,0.720895720034325,True,True,True,4,3,0.694902830926618,3_of_4
AHRR,1.74262505890256,0.0002533960937829,2.01690742628425,6.71702749137031e-05,1.15673230089598,True,True,True,2.92177900569497,2.59242343816697e-05,1.51275794039686,0.0162747439298505,0.517575204094899,True,True,True,2.72382925830643,2.0139211260165e-05,2.37555494618574,8.26633709570543e-05,0.871817908936513,True,True,True,1.50607498075756,0.0550550970310153,0.307614835079955,0.759948132285085,0.204113822475725,True,False,False,3,3,0.694696556515706,3_of_4
FANCD2,-1.12826067206612,0.0003164703555034,-1.27847510746666,0.0001255989893165,1.13213462497329,True,True,True,-0.978170097900661,0.0014687614295346,-0.386737293247573,0.165239964344239,0.394964362245883,True,True,False,-1.31843210272153,0.0013443723974171,-1.06464951247701,0.0054123034341062,0.806899809608246,True,True,True,-1.67208528171794,3.81260477200923e-06,-0.972699334798244,0.0004057074716883,0.581380605894439,True,True,True,4,3,0.694140207751343,3_of_4
PWP2,-0.573407533660423,0.0008189203745215,-0.51257400003924,0.0017959063035679,0.892352502365093,True,True,True,-0.880986497453319,2.39115995983703e-06,-0.478707617731712,0.0012565425004011,0.542760710185417,True,True,True,-0.807246281967222,0.0001865520111286,-0.582950743296817,0.0021580641011359,0.721253850841046,True,True,True,-0.484517709427967,0.0307726402165213,-0.323636901693229,0.145170271018846,0.666581044128206,True,False,False,3,3,0.693917447484626,3_of_4
SF3B5,-0.165892176394739,0.173590641432215,-0.0754826985467068,0.541582019541227,0.452284224325606,True,False,False,-0.636705800767199,7.24445248156538e-06,-0.413694169486754,0.0009689552891844,0.648722606865195,True,True,True,-0.523590562078676,0.0034198562863421,-0.387450821340457,0.0212250969591884,0.738577567627587,True,True,True,-0.902500342781436,2.92375724706931e-05,-0.782016795192078,0.0001644754788772,0.865541226896086,True,True,True,3,3,0.693650087246391,3_of_4
EWSR1,-0.331521634467061,0.0333127788699887,-0.243506362948256,0.105366865731998,0.732302315723091,True,False,False,-0.760624680034637,1.13135391688148e-05,-0.395461453149041,0.0059215151061022,0.519234031558768,True,True,True,-0.606878932264583,0.0003837253450374,-0.438497637167112,0.0043190552563978,0.72135685889547,True,True,True,-0.893380616548941,4.22219293420145e-06,-0.594910871488181,0.0003352556151278,0.665165210963209,True,True,True,3,3,0.69326103492934,3_of_4
LBH,1.35650158870506,0.0003627093525269,0.881915344244335,0.0096233268159555,0.649660635083018,True,True,True,9.00568752906655,0.0020004053325054,6.62219221088367,0.025206890884332,0.735252798491388,True,True,True,3.24543930636074,0.0084975831257216,2.80349105082527,0.0226225252997077,0.863558744293293,True,True,True,1.41712679295248,1.25039314819841e-06,0.581076729271913,0.0052290913320587,0.409749489368391,True,True,False,4,3,0.692456716787203,3_of_4
HNRNPC,-0.765937202197033,0.0003030798313518,-0.832937384745817,0.000138027358259,1.08605682754692,True,True,True,-0.983571304549896,2.37319159573482e-07,-0.464322613388971,0.0004052171869921,0.471598767141847,True,True,False,-0.935086448521247,4.8552594319877e-06,-0.815025650680848,1.92463692138371e-05,0.870673485305079,True,True,True,-0.865803116330463,4.03298342277554e-07,-0.445402991540572,0.0004374996148033,0.513845627858547,True,True,True,4,3,0.692259556581813,3_of_4
CDKN2AIPNL,-0.873048267091588,9.91220615815613e-06,-0.887748959359774,8.69080743836622e-06,1.01567498361821,True,True,True,-0.650712738263558,0.0001456626121545,-0.334991408063392,0.0249521130525632,0.514016971581609,True,True,True,-0.58856070632126,0.003429014231205,-0.513209103114225,0.009135338012648,0.870494077389496,True,True,True,-0.532414568008194,0.0040538995834502,-0.164345805377434,0.337381023110786,0.308101456604592,True,True,False,4,3,0.692255524485552,3_of_4
GMDS,0.0179767547200109,0.919368079853311,0.0679539920461778,0.68175802928284,3.58090690683379,True,False,False,-1.57272671939089,3.35557108083203e-05,-0.830777606652433,0.0061827997748435,0.527904620551899,True,True,True,-0.983448408574761,0.0001614622847682,-0.789965189235954,0.0008937471106461,0.802444477897658,True,True,True,-1.27380621171595,1.1020732194168e-06,-0.741578754261247,0.0001916749110892,0.581718811412949,True,True,True,3,3,0.692081644655304,3_of_4
RRP9,-0.85797357415326,0.0001017349486835,-0.6351020772709,0.0009554568546439,0.739373243113977,True,True,True,-1.5656208304668,3.58275406968379e-07,-0.903468906827329,0.000103000848848,0.576699153526591,True,True,True,-0.406907792827516,0.0562235925507227,-0.36324240933379,0.0903321153244823,0.890501274358804,True,False,False,-0.994420854362488,0.000337511729558,-0.641162358010308,0.0081383283892316,0.644111839932203,True,True,True,3,3,0.69174254152309,3_of_4
DENND1A,-0.620355339959894,0.0006226067075684,-0.679165086275359,0.0003162256956012,1.09303814194177,True,True,True,-0.82378753827127,0.0001901216350487,-0.419175197935805,0.0305624192463663,0.508222031111653,True,True,True,-0.758242461244718,0.0007439204991652,-0.663893908661154,0.0021801413228119,0.87441620108121,True,True,True,-0.275538123391661,0.0588835996896445,-0.0598085124948886,0.710356026503985,0.216275831199526,True,False,False,3,3,0.691319116096431,3_of_4
TESMIN,-0.767814929577906,4.97217939288962e-05,-0.623737722479167,0.0002370683206157,0.811297619859712,True,True,True,0.585436005890028,0.0004119108860474,0.33504297612382,0.0353976030759194,0.57132060916916,True,True,True,-0.943293984464414,0.0008599019670743,-0.849297694259973,0.0020872670738489,0.899399666028455,True,True,True,-0.53318354609247,0.0351482484734493,-0.238659326902319,0.340703326081537,0.446774013629027,True,True,False,4,3,0.691309114514436,3_of_4
PAM,1.34057955848894,4.72579892168143e-06,1.30064951811437,5.25177617391855e-06,0.969491156811699,True,True,True,0.674780783238909,7.93490322424107e-05,0.44580107726191,0.0055362873804426,0.659682974596077,True,True,True,0.74899612127576,3.16202607275834e-05,0.541848927844329,0.0004761650853454,0.722468973469665,True,True,True,0.417903458926078,0.0111428507140632,0.0242867186352917,0.896669729070773,0.0579768873180335,True,False,False,3,3,0.691075974032871,3_of_4
SH3TC1,1.55592838039457,0.0002429238857286,0.925479704872198,0.0124816972683959,0.594426639353607,True,True,True,3.4829138430074,9.51539463956323e-06,1.40084016441944,0.0358697612257565,0.402088061744432,True,True,False,0.838609903813154,0.0186693124074513,0.831192607889092,0.0220328548893454,0.989974753887687,True,True,True,1.26868618363844,2.08800360261883e-06,0.999350762409159,4.97136621456942e-05,0.787084852373047,True,True,True,4,3,0.690755745863327,3_of_4
IFRD2,-0.575979771262721,0.0061651509476975,-0.41989116151145,0.0325379676832212,0.72773983148927,True,True,True,-1.29252754539713,4.10733508584208e-06,-0.509893980214658,0.0132673999567366,0.394188729903014,True,True,False,-0.654647777503707,0.0037749465169659,-0.638051858897092,0.0049974328794493,0.973162543654752,True,True,True,-0.984866987250828,4.71699615355802e-05,-0.642808920179831,0.0020790077662765,0.652023983450706,True,True,True,4,3,0.689881907469988,3_of_4
TBL3,-0.506848510904669,0.0019052140621786,-0.305916247297727,0.0342740537682384,0.60237697015745,True,True,True,-0.750085481279881,8.96828766023263e-06,-0.582643695859231,0.0003276164212004,0.77573553261392,True,True,True,-0.143081519769764,0.467221338282891,-0.216663743268149,0.266886426178519,1.50375803652244,True,False,False,-0.563833525923326,3.34554664854204e-05,-0.285213035028756,0.0101182192601083,0.504950612771297,True,True,True,3,3,0.689056251385685,3_of_4
ABHD11,-1.73884181636444,3.7927131299363e-06,-1.4777123935385,9.24244800336351e-06,0.849337209647206,True,True,True,1.7157371082447,2.5088294019917e-07,0.905282060658994,0.00025740553441,0.527327134895227,True,True,True,-0.789366804312245,7.38279334988758e-05,-0.728116414816206,0.0001770610022475,0.921238608255812,True,True,True,-1.24052929554587,1.37871797967466e-07,-0.592691959083055,0.0001930812894053,0.477388621605149,True,True,False,4,3,0.688332172271217,3_of_4
MCM7,-1.41355527468865,3.05782819974115e-07,-1.44216002263076,3.17572056457865e-07,1.01951478916099,True,True,True,-0.685490005510032,0.0002637596532278,-0.314026124383529,0.0606703896421587,0.457437285121466,True,True,False,-0.895351354417246,0.0001471116989962,-0.754713550138204,0.0006311939759414,0.841984057277264,True,True,True,-1.6490314478525,2.53066079835709e-07,-0.879078249922919,0.0001958020694255,0.532764542801309,True,True,True,4,3,0.687374300039286,3_of_4
LIMK1,-1.41360329236799,7.07331224948903e-05,-1.48024764209863,4.75435511137918e-05,1.04640477657927,True,True,True,-1.07454759493609,1.14884349106035e-06,-0.594934910436177,0.0006290603203673,0.553146056238942,True,True,True,-0.280229064121785,0.0154426038745908,-0.194975256237692,0.0802208513993785,0.693296963621295,True,False,False,-0.562755140553963,0.0003517127784669,-0.382072812376645,0.0087272055198746,0.677728298851889,True,True,True,3,3,0.685512631236592,3_of_4
SLC17A5,1.34238201054998,4.01703471388065e-05,1.11790632787064,0.0002064069464806,0.832158179200993,True,True,True,1.43258251064495,9.51654062316712e-06,0.768380190138684,0.0057432154100429,0.535986024127066,True,True,True,1.34089396203947,5.49451938398955e-05,1.1566320085495,0.0002576312143222,0.861939945531612,True,True,True,0.902256906451486,6.11211494785923e-06,0.312632420968558,0.0422492780270756,0.346116834242384,True,True,False,4,3,0.684072101664029,3_of_4
GIPC1,-0.328642231306634,0.0139405667181657,-0.227305837023347,0.0720268736062594,0.689553144093078,True,False,False,-0.506608587680883,0.0001181349876208,-0.344163201211181,0.0057142978700616,0.678009020264143,True,True,True,-0.500246205293987,0.0043636974038256,-0.42299146064629,0.012957773770769,0.843879626775828,True,True,True,-0.601378641660989,0.0002185507357331,-0.38704553184323,0.0087937526992227,0.64252864407011,True,True,True,3,3,0.683781082178611,3_of_4
ALG13,-0.167384517245525,0.250998922221035,-0.102940484905591,0.485744305552107,0.611341746791906,True,False,False,-0.504108786886514,0.0001344311950177,-0.288604933948632,0.0155919233722725,0.57137183403122,True,True,True,-0.504957315456646,0.0098704691471816,-0.512916977079595,0.0103904753739055,1.01375543234644,True,True,True,-0.564527886807926,0.000506086801852,-0.426914305893339,0.0052475192056925,0.754895233023822,True,True,True,3,3,0.683118489907864,3_of_4
CHCHD4,-0.683170028055775,0.0003375415497816,-0.647314578123177,0.000511062163256,0.946131153921882,True,True,True,-1.21844267812726,2.98196085209103e-06,-0.651603086331893,0.001320061802069,0.534344990559607,True,True,True,-0.672282853093574,0.0026492022177885,-0.559286472355273,0.0092809177643779,0.830685750848228,True,True,True,-0.619725829404703,0.0102466252480199,-0.171142651972513,0.453619839769664,0.275713759384952,True,True,False,4,3,0.682515370703918,3_of_4
ENPP5,4.19607773244632,0.0011766824411572,5.29457946208878,0.0001266328959502,1.26149187592072,True,True,True,2.69250360140786,6.4360874906458e-06,1.82948890788113,0.0009586109042702,0.67922274428179,True,True,True,-0.793442560967292,0.237528677312029,-0.522983313218151,0.436988228236378,0.658302234690675,True,False,False,1.5070136531406,1.73453321210867e-06,1.03307254415121,0.0001645453437102,0.685055166443438,True,True,True,3,3,0.682138955362614,3_of_4
ACCS,0.875181055364979,0.0032473153570145,1.11440821263544,0.000479469208113,1.27189261376032,True,True,True,1.73868632418396,2.58791474447191e-05,0.930410377603414,0.0124209407553699,0.534815020770968,True,True,True,0.291410335446763,0.312439523404901,0.0980396404832193,0.763780916566755,0.335281036949081,True,False,False,1.50836118737013,0.0002087860772623,1.25173142086255,0.0017303512184419,0.829312050247915,True,True,True,3,3,0.682063535509442,3_of_4
LAMP2,0.797070302093047,6.142542802171e-06,0.78099050478505,6.25578614273276e-06,0.978598630642936,True,True,True,0.730776959346138,4.8846751814809e-06,0.510571842648669,0.0004677556041263,0.697715111315992,True,True,True,0.384234505159062,0.0225484318478289,0.244433455081899,0.135213750589587,0.634505611019899,True,False,False,0.780070424076404,3.50500013144357e-06,0.518329773753481,0.0003056655054955,0.663614646997283,True,True,True,3,3,0.680664879156637,3_of_4
ARL8A,0.346522489210451,0.0574882627159269,0.444027687372115,0.0177310483806544,1.27769482884667,True,False,False,0.57928916935932,0.0002033027536649,0.338333070786422,0.0213835477048478,0.583042194566487,True,True,True,0.971183505069981,0.0002476566933317,0.754083560944362,0.0021905881313242,0.775659694915396,True,True,True,0.653889578209778,0.0001458883310784,0.35174997666121,0.0214437225570621,0.537113413260847,True,True,True,3,3,0.679350944740941,3_of_4
TRIM22,1.66789340043457,0.0005630172426533,0.483168261324541,0.274222313771324,0.28951415422862,True,True,False,3.44348527802222,3.93145728314839e-06,2.09319691582373,0.0017176061909153,0.607695126229605,True,True,True,2.25250279938142,0.0003505544612082,2.32624807483467,0.0003211059924502,1.0322809785163,True,True,True,2.26135377949371,3.12928647388844e-06,1.69524593871195,0.0001117710879455,0.749328400393385,True,True,True,4,3,0.678511763311495,3_of_4
LAPTM4A,0.865265668458673,5.730311373193e-07,0.803521727525705,9.06469394826008e-07,0.927569632253109,True,True,True,1.02858271639592,5.62524114381244e-06,0.516431688205557,0.0050857385559423,0.501593198857629,True,True,True,0.841278963510542,6.53947035857341e-06,0.719832693536616,3.03381135995461e-05,0.854625040777961,True,True,True,0.440393461733344,0.0013703132637971,0.0102707514557636,0.944545987500131,0.0232689252247429,True,False,False,3,3,0.678109119817795,3_of_4
ZNF331,-1.26206004472456,3.58740766648698e-06,-1.09920686786967,8.66704853969266e-06,0.870272852395848,True,True,True,0.679584609393412,0.0002089394355354,0.508593583984408,0.0052250391288536,0.747289281839189,True,True,True,-1.19411526939125,0.0004031733792054,-0.726831778936119,0.0088718017127146,0.608168766270003,True,True,True,-0.616994186046083,0.0075660142379048,-0.0870250428118409,0.705912877488709,0.140818546155953,True,True,False,4,3,0.677729024054596,3_of_4
TOMM40,-0.958356699604612,4.05097410958988e-05,-0.919779801314515,5.21558288906934e-05,0.958746420068356,True,True,True,-1.62266514193412,1.8161171610462e-06,-0.713349189518012,0.0043305348936934,0.439345017081703,True,True,False,-0.664333564896611,0.0033763095572141,-0.537268552809446,0.013202755861681,0.807517583894831,True,True,True,-1.10345288161591,3.45520678553236e-06,-0.604712669829501,0.0011437265265066,0.547522379537599,True,True,True,4,3,0.677519981716215,3_of_4
TRMT6,-0.36661922166815,0.0418348987536496,-0.293617413187469,0.0950967682712649,0.798699839075655,True,False,False,-1.00259127050394,1.89792182425352e-05,-0.512670135962402,0.0070554818795114,0.510835587185779,True,True,True,-0.506680697699666,0.0102189599038957,-0.412344535282134,0.0317874857016879,0.812212355424372,True,True,True,-0.872981862864473,8.23544417931842e-05,-0.48446267409745,0.0083376260191064,0.554316622211844,True,True,True,3,3,0.67650823064375,3_of_4
STK38,0.773259555550335,2.22824638988796e-05,0.583145285062513,0.0002062014114091,0.753165112244588,True,True,True,1.28943337469769,1.60831899388466e-06,0.786263740265336,0.0005480548153246,0.609302080744412,True,True,True,0.74282547789643,0.0002934357036998,0.552115391073898,0.0030179330618951,0.742264694448627,True,True,True,0.997981014556325,7.71105031770494e-06,0.291727836116199,0.0776265017104751,0.292025405753845,True,True,False,4,3,0.675783387596519,3_of_4
MCM8,-0.833524808351843,0.0002196635617925,-0.925886722551641,9.50447927547132e-05,1.10947776900753,True,True,True,-1.09537266478941,1.48919142749645e-05,-0.296155633427241,0.0983655570585341,0.270123146023644,True,True,False,-0.622190558340895,0.0044230772195386,-0.523956434896756,0.0133589749415826,0.840764398439656,True,True,True,-1.59743100547721,1.06722367401225e-07,-0.815870697428693,5.06467005840546e-05,0.510419714478146,True,True,True,4,3,0.675592056458901,3_of_4
AGPAT1,0.64545596617246,6.82624771299861e-05,0.502178481590605,0.0005052831247813,0.776817769296656,True,True,True,0.508192960441165,8.19776583315066e-05,0.292371103189483,0.0125470793587227,0.574185281226536,True,True,True,0.500176748415564,0.0035550105108173,0.541974136872712,0.0022998750062356,1.0814031947534,True,True,True,0.408167221818509,0.0009204894411329,0.166961486825945,0.138118070347794,0.408051959988141,True,False,False,3,3,0.675501525261596,3_of_4
ATP6V1B1,1.50304591385207,0.0007098623230793,1.02866357528812,0.0119600441819544,0.683930966345017,True,True,True,6.20456791378306,6.36882419807869e-05,3.31331009216247,0.0198456095641528,0.533925361577841,True,True,True,3.54733526649565,0.0122003076218465,3.19918515232571,0.0249394261679189,0.901601712367287,True,True,True,1.16355482636665,0.0190336870867809,0.775827738231234,0.133084421208568,0.666201127388545,True,True,False,4,3,0.675066046866781,3_of_4
ATP5F1D,-0.123472381332009,0.197478955230819,0.0078382284783975,0.939989393599179,0.0629716278785605,False,False,False,-0.724262515213626,3.92406244567121e-05,-0.489403364891307,0.0026071797721605,0.674794787577231,True,True,True,-0.586350754212591,0.0079243724855898,-0.529498556681618,0.0153987127071952,0.901503152731062,True,True,True,-0.861699263292773,1.13108331534896e-05,-0.58239899034689,0.0005503967970035,0.675089240396444,True,True,True,3,3,0.674942013986838,3_of_4
PLXNA3,0.744274376041631,0.0087524927468583,0.831020841844115,0.0041262802989836,1.11505355417948,True,True,True,1.70699234681152,8.82446147821087e-07,0.886337660986625,0.0010774285661645,0.518935382023954,True,True,True,0.784487692395468,0.0118801835193455,0.649841489824781,0.0339402424984529,0.827309576096587,True,True,True,1.40225428535173,4.41108398579075e-06,0.59162396110891,0.0109179534191088,0.421608519057982,True,True,False,4,3,0.67312247906027,3_of_4
PPOX,0.569165302939137,0.0087986452502295,0.701964864609439,0.0020740133919047,1.2311602635076,True,True,True,1.30406498595478,2.83810281835378e-05,0.484863633166594,0.0713295671179245,0.371524512866974,True,True,False,0.757954826425639,0.013531887639785,0.63343326759689,0.0386894454683924,0.83461260873733,True,True,True,0.804694171870665,0.000249298332669,0.410168535298999,0.0403165460445751,0.509087132089671,True,True,True,4,3,0.671849870413501,3_of_4
PSMB7,-0.654278720498517,8.30192848799246e-05,-0.701987762470832,4.32648612279225e-05,1.07128118235974,True,True,True,-0.972364809839592,2.38690522631843e-07,-0.491118002585716,0.0002515217298358,0.504556973522241,True,True,True,-0.51433100508865,0.0011921288729515,-0.431788604873408,0.0043093683690437,0.837885942451938,True,True,True,-0.737446565716223,2.64424904156189e-05,-0.368167281426443,0.0100534286863338,0.498569969066558,True,True,False,4,3,0.67122145798709,3_of_4
CASZ1,1.02295500753063,0.0005117389384079,0.86508005555737,0.0019759794120867,0.844841862381822,True,True,True,1.27928108482037,6.24029865099185e-05,0.672897159981331,0.0210478831251488,0.525585488967637,True,True,True,0.520384521979121,0.0473430631489012,0.207546801131481,0.45693501010991,0.398068589270075,True,True,False,1.28362768174666,1.53599352083642e-06,1.03810387714233,2.80174187837879e-05,0.808097078937968,True,True,True,4,3,0.666841283952803,3_of_4
RTL8C,0.818330112076807,0.0002109189558191,0.969317217172847,4.83304327790481e-05,1.18306065270305,True,True,True,1.04270700216976,2.16194406585855e-06,0.538955207294373,0.0023610120943812,0.516385543235736,True,True,True,0.616657769930527,0.0045682713890133,0.504190600289744,0.0163832443728018,0.816294434936768,True,True,True,0.620193231938453,2.61837531947633e-05,0.27219000648229,0.0243035649146368,0.438172846205862,True,True,False,4,3,0.666339989086252,3_of_4
TMEM159,0.958046494947549,3.53563931774966e-05,0.759712813143744,0.0002501793734315,0.79215430862431,True,True,True,0.85259563867499,7.81030278473734e-05,0.461117245289547,0.0189261502585975,0.540205718489055,True,True,True,0.616733006890722,0.008054075693749,0.514929343624516,0.0252652390414969,0.833579131891212,True,True,True,0.206281789449452,0.11126138471385,0.0493677069523404,0.738537320794815,0.23816712063063,True,False,False,3,3,0.666180013556682,3_of_4
SUMF1,0.251997738199458,0.154922807576368,0.351092013622204,0.0506903690395844,1.38772787504294,True,False,False,0.985035879986064,5.3670266060914e-07,0.691246589638867,6.24352546782149e-05,0.701035939633999,True,True,True,0.65595778692325,0.0003048113245038,0.40233458225859,0.011594560437569,0.61242075254615,True,True,True,1.22149492085557,1.35193249413146e-06,0.771481012465153,0.0002764656027081,0.631070934777567,True,True,True,3,3,0.666053437205783,3_of_4
DNAAF5,-0.60274177213655,2.2468390248391e-05,-0.495663534109308,9.95543409955409e-05,0.820985986037094,True,True,True,-1.09178889862772,6.05338806404513e-06,-0.57512825515433,0.0032169753832524,0.526294013305363,True,True,True,-0.181127316441629,0.154821026716655,-0.0380957374081632,0.784884004768454,0.209170914898824,True,False,False,-0.557102775522538,0.0025976845080661,-0.449699339861628,0.0132503579065765,0.805764385315206,True,True,True,3,3,0.666029199310284,3_of_4
CYLD,0.721716513197878,0.0022013536949191,0.557127559551381,0.0114497431328238,0.770879797787104,True,True,True,0.692692407946065,0.0005074761506861,0.42101738984716,0.0296624902648558,0.606922297295625,True,True,True,0.36082806478022,0.312342964823874,0.13255915341123,0.73587345449429,0.366359512471064,True,False,False,0.956254688467737,6.46089712944944e-05,0.693730726672108,0.0017432006259314,0.724708622511478,True,True,True,3,3,0.665815459903552,3_of_4
PHLDA1,-2.35257740320558,3.85461308427906e-07,-2.30627191555675,5.32580367595354e-07,0.979900602553203,True,True,True,-2.72439847636062,1.09722840686191e-05,-1.79935989602831,0.0006666041135395,0.660219014443384,True,True,True,-1.13402480861701,0.0013471175353002,-0.761847831499598,0.0168251426232021,0.671216898270166,True,True,True,-1.22373266229004,2.03175061226877e-05,-0.367720270481552,0.0763023829247513,0.300245336638592,True,True,False,4,3,0.665717956356775,3_of_4
DNAJC6,0.287707300600456,0.172892914443229,0.164700659112321,0.449418483401854,0.570476253180211,True,False,False,1.3286031782009,3.53317160037003e-05,0.697105350139938,0.0161174169629372,0.524295791081967,True,True,True,0.961330281064794,0.0002252777266541,0.804974439368602,0.0011291922450981,0.836484578327846,True,True,True,0.814561921842975,0.0065632233576908,0.61937083286323,0.0403183590005223,0.759440597059264,True,True,True,3,3,0.664958425119738,3_of_4
POP7,-1.21271935276089,4.53074531168019e-06,-1.32841519876001,2.5426614294298e-06,1.09449947859711,True,True,True,-1.00803036556647,1.04715873782882e-05,-0.350032907934539,0.0350097148383258,0.346900271666285,True,True,False,-0.69942367487007,0.0051927483111827,-0.568471412784856,0.0181801169042396,0.811610790983484,True,True,True,-0.728911441918929,8.74802274250591e-05,-0.377713285956542,0.0142262539511552,0.517478236761898,True,True,True,4,3,0.664544513872691,3_of_4
SF3B3,-0.603659895405661,9.60917079308876e-06,-0.588368038146783,9.9348798522168e-06,0.973056163667101,True,True,True,-1.15094526780995,1.29032595555974e-06,-0.553712387537056,0.0019664569487775,0.480675951375503,True,True,False,-0.716525598516672,0.0012012139596429,-0.521889173989679,0.0104305177611646,0.727345721279591,True,True,True,-1.06331799471453,4.8827550957405e-08,-0.638402190557265,1.38428380975717e-05,0.599822791428511,True,True,True,4,3,0.663584256354051,3_of_4
NUP205,-1.14121526399202,2.31657280613586e-06,-1.2145460483514,1.34528798386032e-06,1.06332500242256,True,True,True,-1.28611085425138,1.40421170100302e-06,-0.408273914455672,0.0218967697083651,0.317201826949968,True,True,False,-0.718759189294633,0.0002535599713953,-0.582444663858954,0.001365136761945,0.809221573717943,True,True,True,-1.03043069418488,2.66176338745368e-07,-0.529774941532004,0.0002999824420261,0.513631157690799,True,True,True,4,3,0.661426365704371,3_of_4
PTPN21,0.579861932432014,0.0066392683062185,0.62951461190143,0.0037632962256192,1.08375945599622,True,True,True,1.72298394597658,1.48555887722832e-06,0.887272859894913,0.0023708544371961,0.514664224087251,True,True,True,2.18223388738407,2.07840238571698e-06,1.76410594736087,1.76943544425393e-05,0.808024260504038,True,True,True,1.15610829330449,6.00523979502151e-06,0.323214434584354,0.0910637774528518,0.279329459873901,True,True,False,4,3,0.661344242295644,3_of_4
BAIAP2L1,-0.893446747160404,0.0021655349259097,-0.937138295573016,0.0015219585363867,1.04772955857701,True,True,True,-0.651816864832406,3.75634392302015e-05,-0.378633079105204,0.0065496699258047,0.579998923897912,True,True,True,-0.835867489620297,9.49955152702395e-05,-0.619754402449582,0.001031195609508,0.740564557873764,True,True,True,-0.432807174274451,0.0003625386844779,-0.137475673692856,0.19410823443175,0.316905025655203,True,False,False,3,3,0.660281740885838,3_of_4
QTRT2,-0.780296269027364,1.59655134107654e-05,-0.570816982851297,0.0001718538584598,0.730602468589678,True,True,True,-0.720621417405819,8.34124964981317e-05,-0.42410068462801,0.0093686770154866,0.587705234903675,True,True,True,-0.593081139748371,0.0027627020712516,-0.524815282202496,0.0067218179915908,0.883406738723917,True,True,True,-0.533884850559205,0.0279387157547338,-0.181726405032862,0.457950055412615,0.339748648410724,True,True,False,4,3,0.659153851746677,3_of_4
VANGL2,1.27665878518539,0.0173050150443751,1.34113720620868,0.0128376877565501,1.04968339102688,True,True,True,1.25158498863361,0.0001319182261095,0.784336101993847,0.0125829331618425,0.626173959540618,True,True,True,0.376333385528802,0.347166933833395,0.23369929981448,0.588657535229802,0.619344348465136,True,False,False,1.29410998731319,2.85308147025052e-05,0.894103291850051,0.0016312463552603,0.690368617807465,True,True,True,3,3,0.658271288674041,3_of_4
TRIM29,1.68104728535701,0.0014730815876748,1.75933162086492,0.0009862453161488,1.04594658912428,True,True,True,1.26193826551844,4.92410342613208e-05,0.704115998853065,0.0111837715859577,0.55752210387261,True,True,True,3.22331156106605,7.6856485654095e-05,2.34344072517553,0.0015426051915826,0.726803437196597,True,True,True,-0.692476298603814,0.0214526610909468,-0.406638755469062,0.176221988157821,0.586377294058577,True,True,False,4,3,0.656590365627587,3_of_4
CPEB2,0.875112462510891,0.0008129984944073,0.770007202930136,0.0022307871785458,0.878890822672853,True,True,True,2.9488440272658,5.41750438975758e-06,2.21999609670735,0.0003651785482091,0.75258084027075,True,True,True,-0.131512648857575,0.647704050778354,-0.0285299796417018,0.927218379324633,0.215300047864607,True,False,False,1.04583981322328,0.0002503042883781,0.586177117263852,0.0250508601587212,0.559949201262206,True,True,True,3,3,0.656265020766478,3_of_4
ADM5,-1.39673622403045,0.0011884078231027,-1.01312283269952,0.0075676202481363,0.724831205832331,True,True,True,-0.556938267860397,0.0010498030341422,-0.326371833731956,0.0424771013115559,0.584960474182098,True,True,True,-1.90096298963105,0.01757507924659,-0.827696133582988,0.209275386613975,0.435179936778658,True,True,False,-1.47393640538123,0.0249036376677629,-1.36935904351648,0.0391414125365987,0.928419041336592,True,True,True,4,3,0.654895840007214,3_of_4
RND3,0.675549614359066,0.0006226067075684,0.310235718423672,0.0631566867425878,0.45855575384161,True,True,False,1.96515669944468,9.72406772934222e-06,1.06141589346626,0.0052366289922336,0.539842980860094,True,True,True,1.36838486579238,2.31494721800594e-05,1.09343690418914,0.0001704662838721,0.798487650552816,True,True,True,0.667103282394978,0.0020780924275437,0.513984371109898,0.0151082373369738,0.769318733575738,True,True,True,4,3,0.654580857217916,3_of_4
LAMA3,-1.63175425853353,9.16228336761242e-06,-1.44152950936204,2.06023605807749e-05,0.882882100492428,True,True,True,0.579527226891347,0.0241074734422935,-0.203512848419541,0.466494799239837,0.350565553159888,False,True,False,-0.539129132185955,0.0027250021907521,-0.342075921155255,0.0375197963664919,0.633322479331638,True,True,True,0.755052374573488,1.08270637938893e-06,0.510411097741155,9.12028155205903e-05,0.675100184731373,True,True,True,4,3,0.654211332031505,3_of_4
ZNF232,-0.588284483831293,0.0039719251655533,-0.391353817871465,0.0343314363756055,0.664116956426612,True,True,True,-0.508989513281409,0.0102834251338589,-0.262075102723528,0.185819949294996,0.513883317006396,True,True,False,-0.943936632843163,5.35517265613209e-05,-0.607665171478211,0.0014458238160826,0.643075049011322,True,True,True,-0.843313405676919,0.0092107797672363,-0.611822452205284,0.0488796782268914,0.724639035803017,True,True,True,4,3,0.653596002718967,3_of_4
PJA2,0.829360649953061,2.81025722077929e-06,0.744449263922176,5.46130288290232e-06,0.896537262410326,True,True,True,1.49258627012784,1.0587847723748e-05,0.817532991038152,0.0050254687071417,0.54736241714928,True,True,True,0.719225494387087,0.0001926970448981,0.546913784939062,0.0017380856269831,0.759364656210186,True,True,True,0.645022140195885,1.9445452408819e-05,0.298413371037619,0.0144686063671545,0.46192437142655,True,True,False,4,3,0.653363536679733,3_of_4
EEF1E1,-0.103826098728175,0.617664918208722,-0.293937323357203,0.151550068027018,2.80404714974095,True,False,False,-1.3958217488127,1.46559103369837e-06,-0.775069981893477,0.0005201264137802,0.554881095280974,True,True,True,-0.568040200365931,0.0093920275424086,-0.419478410814946,0.0441706990687477,0.737168324039661,True,True,True,-0.647355875797061,0.0002841988462297,-0.368833247375957,0.0171814243574351,0.568874689263098,True,True,True,3,3,0.65302150665138,3_of_4
LMNA,-0.806603667074221,0.0001704074340474,-0.531355938313174,0.0036780274180213,0.657941463091872,True,True,True,-0.545097912081809,4.09589212614491e-06,-0.379063907067406,0.0003960759122306,0.694131764068382,True,True,True,-0.697289040535325,0.0116699958141958,-0.448651958749018,0.0875435297368317,0.64250179038335,True,True,False,-1.0889962244319,6.06468931807938e-06,-0.545962777008299,0.0042108174377483,0.500885016636504,True,True,True,4,3,0.650221626737611,3_of_4
SPRED2,-1.00035560635299,0.0001467461197717,-0.957456954368184,0.000199381922214,0.956160776744749,True,True,True,-1.79030687701781,9.01021378002451e-05,-0.951974709213293,0.0117737974551393,0.531441441679804,True,True,True,-0.558136880023016,0.0174728880974032,-0.402835681649954,0.0758049062276963,0.720459865987327,True,True,False,-2.31698025557416,6.17066784255007e-08,-1.34416977238002,7.43349545671772e-06,0.579888361493861,True,True,True,4,3,0.650174113740594,3_of_4
ICA1,4.53070298855141,0.0003868872874459,4.51232106638833,0.0003872095602513,0.995723037848675,True,True,True,0.946202117070608,3.63119274504246e-05,0.42494008597721,0.0328066281108705,0.448626621835911,True,True,False,0.993960631041467,0.0020413673138537,0.7253869752374,0.017951890757289,0.729060982521597,True,True,True,1.08725735279563,0.0001064066341035,0.620411573269078,0.0134857580398966,0.570096376261828,True,True,True,4,3,0.649578679391712,3_of_4
ETV4,-3.95456745310879,1.89790168663742e-07,-3.74115665447397,2.25777176384796e-07,0.945795185854735,True,True,True,-3.336297268046,1.11856632142611e-05,-1.4220886611529,0.0048573350921349,0.426119864948542,True,True,False,-1.45823310054677,0.0002597170151981,-1.00222874386079,0.0028074459966574,0.686818811528644,True,True,True,-3.63183455169564,5.80933301562767e-08,-2.22117778365233,5.11749963774278e-07,0.611417269915468,True,True,True,4,3,0.649118040722056,3_of_4
PITPNM3,-0.596070654900602,0.0285910931789585,-0.378510461668535,0.142000332383325,0.633945846378178,True,True,False,1.35371332689294,5.80242584767505e-07,0.81130881193067,0.0002705580665661,0.598878593592507,True,True,True,1.06512316112455,4.49880450685093e-06,1.14869048690415,3.30593525502142e-06,1.07744632964592,True,True,True,-0.689897221455539,0.0002464592965091,-0.458888494835704,0.0069722086188341,0.664192126679778,True,True,True,4,3,0.649068986528978,3_of_4
FAM177A1,0.0404320474164832,0.749060541240952,-0.0627526585096758,0.609727682058235,1.51459226426523,False,False,False,0.724415153708339,0.0001391795353123,0.484199319287717,0.0084451684722583,0.667478914401607,True,True,True,0.500106067209014,0.0009307393546113,0.312387829104998,0.0224823379864889,0.623396621088404,True,True,True,0.829624603079705,5.59967493657159e-05,0.446276915247798,0.0123244276477504,0.537278710013089,True,True,True,3,3,0.645437767745005,3_of_4
GPATCH4,-0.59751050707511,0.003323683018929,-0.482142800168178,0.0119286804874091,0.805571154505516,True,True,True,-1.64102165891734,7.60315531033956e-07,-0.912850758251411,0.0002896046568871,0.555931009371274,True,True,True,-0.366532409510251,0.117435799745386,-0.266487962878449,0.258829417574595,0.725073370355428,True,False,False,-0.896001892858974,3.33206035180418e-05,-0.501526062334267,0.0046240488035638,0.559113716845987,True,True,True,3,3,0.642093543600707,3_of_4
CLDN23,-0.736059928031499,0.0022626374808473,-0.887845850215952,0.0006916772316075,1.20457756072449,True,True,True,0.892428141581577,7.0451857526478e-05,0.54263725125829,0.0102535569275161,0.607365300020318,True,True,True,0.694897621590874,0.0011875490203235,0.46782768337373,0.0195344122317917,0.672265098857848,True,True,True,0.51341086140472,0.0048978364739941,0.139030875579432,0.461137524367143,0.270272045189278,True,True,False,4,3,0.639815199439083,3_of_4
DUSP10,-0.98602583492874,0.0005356446474362,-0.919955940458359,0.0008859153205923,0.93204849144073,True,True,True,2.82235764568685,6.02004115457362e-07,2.04984554636107,6.98249569706865e-05,0.726031131582834,True,True,True,0.476722610483131,0.0194462553283381,0.0535319423893332,0.81329989180338,0.112056539118371,True,False,False,1.26972377167152,5.61172601012579e-06,0.701365423783435,0.0024645379964647,0.551941688208802,True,True,True,3,3,0.638986409895818,3_of_4
GULP1,-1.42714660095497,0.000849710994271,-1.56536686424191,0.0005223340185616,1.096082757327,True,True,True,0.691734196669529,0.000298865130809,0.39033211705063,0.0321926016733855,0.563465928096573,True,True,True,0.623620694842444,0.0054179050600021,0.44484246057992,0.0386655245647575,0.7121801506947,True,True,True,1.09389538188665,8.58076825746679e-07,0.221317160334391,0.149832146974932,0.20213544051399,True,True,False,4,3,0.637823039395637,3_of_4
STOML2,-0.897436476178864,4.3921837052215e-06,-0.843976477284627,6.35993578956762e-06,0.939383584328788,True,True,True,-1.06544071611933,5.8735976506908e-06,-0.554368172644703,0.0033815893867361,0.519830276794,True,True,True,-0.531163949216247,0.0055871103200433,-0.398907033871349,0.0285190000961729,0.749594245267545,True,True,True,-0.695387743925271,0.0001127061230303,-0.198648493812059,0.167309430814193,0.285255585763692,True,True,False,4,3,0.634712261030772,3_of_4
TARS3,0.644562469742508,0.0064137205549024,0.581766442923426,0.0123676073291846,0.901177608970162,True,True,True,0.618552671818168,0.0073473757356086,0.332703060629623,0.171983588266661,0.537005287465321,True,True,False,0.851002142018035,0.0032993885968898,0.586982270286398,0.0363218342385251,0.688944594547713,True,True,True,1.12422516681487,1.6729708618484e-05,0.652971696081305,0.0038935273600804,0.580303138730576,True,True,True,4,3,0.634623866639144,3_of_4
DHODH,-0.481054817368467,0.0134582057885904,-0.320899410160314,0.0783260020058417,0.665690702796211,True,False,False,-1.49799407734645,2.30371456888543e-05,-0.829138388357638,0.0038149698887527,0.55312986281133,True,True,True,-0.900400768909752,0.000769215426861,-0.668880746110486,0.0058310518207063,0.742045901424624,True,True,True,-0.900594174307128,0.0002441213768393,-0.542770470365477,0.0102598024927058,0.602011953751359,True,True,True,3,3,0.633851328273785,3_of_4
PRICKLE1,0.734117727202372,0.0003001834213884,0.943692097423603,3.35057613298157e-05,1.28372920758557,True,True,True,1.68440063571014,7.37569033541535e-05,1.03255114828525,0.0105481662863345,0.612644332989816,True,True,True,0.521217847407108,0.0401996607893601,0.337858242111858,0.185638605779826,0.646968011126728,True,True,False,1.40771097416061,0.0009402314750031,0.864621983007395,0.035936960380739,0.613768188696468,True,True,True,4,3,0.630368099911598,3_of_4
ZNF844,0.853726480863723,1.03610439779928e-05,0.431831910414737,0.0026261870962553,0.505228187125266,True,True,True,1.83932979377719,6.84447556592922e-06,1.0882058499987,0.0027811927089947,0.591310238892133,True,True,True,0.904278075157074,0.0035933263576128,0.605685809535886,0.0427048305374446,0.669060508762232,True,True,True,0.413289501185419,0.170891932905758,-0.406284511240127,0.251524482881945,0.980677787097218,False,False,False,3,3,0.630185373827183,3_of_4
DNASE2,1.16816019044533,1.31630873861641e-06,1.05646545047658,2.5851972027181e-06,0.903610522416244,True,True,True,1.28022349040377,1.68833896954163e-06,0.722934597292552,0.0010225523759763,0.564253311547327,True,True,True,0.190342044067233,0.435645977445561,0.115834525693931,0.655477958963657,0.605379367919941,True,False,False,0.9178715263042,2.44852412582192e-05,0.598123221890142,0.0018614135815136,0.650932371684057,True,True,True,3,3,0.628155869801999,3_of_4
PPP6R1,-0.732743197373134,0.0001035430339242,-0.711200187060063,0.0001221209770167,0.969276702811315,True,True,True,-0.59218144712071,1.0587847723748e-05,-0.375540479202385,0.0016036650237855,0.633095456753158,True,True,True,-0.344162076342272,0.0244826442719287,-0.209586337612233,0.159014563696347,0.607211371055728,True,False,False,-0.537988819609808,0.0004912218256442,-0.335769984089308,0.0173256399132541,0.622962799733737,True,True,True,3,3,0.628029128243448,3_of_4
CAPN3,1.25194732865155,0.0175178877355729,1.45272410931373,0.0067998207558693,1.15944547395874,True,True,True,4.28690650752691,1.68826522754015e-05,2.17524244804805,0.0154029525770119,0.507297079409187,True,True,True,2.82529899707394,0.0005756514749951,2.10225247120427,0.0068900350762706,0.743818142871907,True,True,True,1.47132819505111,0.0005761121243867,0.583192688521859,0.162110697652869,0.396102370709279,True,True,False,4,3,0.625557611140547,3_of_4
NTMT1,-0.716516496808816,0.0003254852851598,-0.754023487839028,0.0002179553673476,1.05087965390702,True,True,True,-0.975921796250923,4.23549333202247e-06,-0.538496386163076,0.0016958661778115,0.551217495842178,True,True,True,-0.605722319737826,0.0025285585748647,-0.418432333202857,0.0233169003964706,0.68966035959196,True,True,True,-0.884312076928524,0.0002754352563595,-0.34919432897463,0.0789278689989888,0.394430775400822,True,True,False,4,3,0.620438927717069,3_of_4
ATF3,2.15176627178228,0.0006578056720821,2.29364797572431,0.0003731329851077,1.06544217353675,True,True,True,3.79596690623493,0.0003419465144495,2.1390835618932,0.0394805623410488,0.563366396051714,True,True,True,1.93351467850017,0.0013241713015699,1.30534133323929,0.0205704995930061,0.674764243325009,True,True,True,1.67899108420475,0.0076312909903258,0.941744385383535,0.131709691867165,0.560565109087662,True,True,False,4,3,0.619065319688362,3_of_4
SMARCD2,-0.256947395210035,0.024491683448328,-0.276355005840188,0.0162627079044354,1.07136187832083,True,False,False,-0.88154082032032,8.40539105429284e-07,-0.47524780863761,0.0006174261440152,0.538499520583215,True,True,True,-0.773943476736531,3.96310360959084e-05,-0.541562290578891,0.0007013117849792,0.698841021102,True,True,True,-1.0580268089397,4.03298342277554e-07,-0.554118796641008,0.0003072005806403,0.523233965338227,True,True,True,3,3,0.618670270842608,3_of_4
SS18L2,-0.564989888550116,0.0013218353822021,-0.669147030059483,0.0004264202622267,1.18225968978637,True,True,True,-0.744861188434986,0.0001298424640636,-0.402888363156197,0.0178856765631047,0.540165340955149,True,True,True,-0.911446791981689,0.0029096475235087,-0.632880668401135,0.0221777137486441,0.693608300190983,True,True,True,-0.938983805471996,0.0078414938908983,-0.380169695637063,0.228679299217529,0.404442814252707,True,True,False,4,3,0.616886820573066,3_of_4
MBTPS1,0.746913473401687,2.7194321364981e-06,0.773938473821774,1.91959337117608e-06,1.03479680650987,True,True,True,0.734481182798709,1.9824189094519e-06,0.426124153629607,0.0008970032927796,0.579381449309263,True,True,True,0.278083523474851,0.161779906192478,0.173941918693775,0.391453181972075,0.623261153249161,True,False,False,0.681542596061388,1.3814479915953e-06,0.416659542643603,0.000284181264404,0.610452072951838,True,True,True,3,3,0.6168566131005,3_of_4
LDLR,-0.424941429349579,0.120765108204083,0.137091252114573,0.624282614789401,0.321854702708572,False,False,False,-1.83590598066137,0.0001464723477953,-1.2375394748214,0.0064336582656311,0.673708664379126,True,True,True,-1.39766470079293,0.000498947834857,-1.55846331489491,0.0002576143235301,1.11425083796809,True,True,True,-1.33642329738962,0.0001009905690816,-0.744077167142363,0.0111443664721534,0.556351282794798,True,True,True,3,3,0.615029973586962,3_of_4
AK1,-0.923582308991887,6.17474061733956e-05,-0.812246774077775,0.000159196436143,0.87850131478657,True,True,True,-1.13124381007724,6.7084020306421e-05,-0.604339486274864,0.0109315888880523,0.533753844265783,True,True,True,-0.844807539617956,0.0020575359275008,-0.587301470720833,0.0180774362625963,0.694367741136609,True,True,True,-0.69334189790545,0.001511373776672,-0.327411916674879,0.0929411563294256,0.471542791328809,True,True,False,4,3,0.614060792701196,3_of_4
MAGI1,0.683717571215901,0.004291411741516,0.540997721324596,0.0181331465812144,0.790103458808437,True,True,True,1.43927259794875,8.67294907110274e-06,0.820767787702555,0.0034018130569452,0.569869751650834,True,True,True,0.264691381263519,0.265979760885476,0.171109212758078,0.494122025756147,0.644014916646347,True,False,False,1.30189951287277,8.02605431327631e-06,0.747508257040824,0.0027016085734122,0.573726714650955,True,True,True,3,3,0.608870815648651,3_of_4
RNF103,0.848984167059377,5.58088441407755e-05,0.768548777089896,0.0001262754957938,0.904191874242533,True,True,True,1.0856625277693,7.06874493135224e-06,0.586319745216882,0.0044862896858473,0.539560102822795,True,True,True,0.780239777868545,0.0009986954701328,0.52056944343058,0.017543968290196,0.666337606171115,True,True,True,0.739832971605724,6.51147513016856e-05,0.307395416156894,0.0499442619669434,0.414932147918076,True,True,False,4,3,0.602948854496955,3_of_4
PHLDA2,-2.23717392115192,2.98893509078307e-06,-1.88247678704236,6.71346208371466e-06,0.841077080405577,True,True,True,-2.07155484570068,3.34777599643468e-05,-1.13936320149768,0.0035050516474213,0.54973850456174,True,True,True,-1.15046138453513,0.001146856452777,-0.752117907757488,0.0141484003644669,0.653185523942806,True,True,True,-1.21220238189302,4.02541693461309e-05,-0.600708016408446,0.0091461616334151,0.495142463758711,True,True,False,4,3,0.601462014252273,3_of_4
ANKRD22,-4.67885528494956,0.0110204048936965,-4.64580782243352,0.0115420523850351,0.992724676204083,True,True,True,-2.89806223346687,4.75129890221958e-07,-1.93256157636895,2.10708379289651e-05,0.666616105739089,True,True,True,-1.34958540306989,0.0915849887792177,0.127270350823451,0.857916799141319,0.0942334713037507,False,False,False,-3.05918092596752,1.09133709456902e-07,-1.63617832479959,4.41347632905082e-06,0.534667186150861,True,True,True,3,3,0.600641645944975,3_of_4
ETV5,-1.80436969908357,0.0001018983422943,-2.03241587759829,5.57281402159034e-05,1.12576159809815,True,True,True,-2.78612023820159,0.0001239521973415,-1.30794628663221,0.0148323152784643,0.469282332604413,True,True,False,-1.34610515879202,0.0053975695436493,-0.85022124678374,0.0463055855625969,0.631146901364518,True,True,True,-2.44003209911041,2.04638800548524e-07,-1.3774372507692,1.69981290612773e-05,0.564284775800852,True,True,True,4,3,0.597715838582685,3_of_4
PINX1,-0.887460776697007,0.0001112677776213,-0.998517793322598,5.08390695578728e-05,1.12387380457553,True,True,True,-2.41738159300145,5.46157050479774e-07,-1.23120800379197,0.0001448238634126,0.509104108034464,True,True,True,-0.806252270471154,0.0071837123316284,-0.542665331994916,0.0494414419145619,0.672237603838746,True,True,True,-0.277406310347045,0.288293512258232,0.0261929306389215,0.930933751069315,0.0940816700823732,False,False,False,3,3,0.590670855936605,3_of_4
CPSF4,-0.903561553374221,1.8337963241501e-05,-0.928648008574486,1.40884723940238e-05,1.02662776801691,True,True,True,-0.695568232794083,0.0001626141310064,-0.467045331972937,0.0070598295373141,0.670494734018402,True,True,True,-0.203162081087118,0.171190755802849,-0.103570661495545,0.500431125114292,0.507296266495982,True,False,False,-0.7042389457119,9.38687630778576e-05,-0.35692524212443,0.0174112423146304,0.506105404834291,True,True,True,3,3,0.588895500257192,3_of_4
SNU13,-0.585314080187471,0.0003511679333734,-0.545679731492378,0.0005853955366782,0.930695253502866,True,True,True,-1.10705215292857,7.6051300517465e-07,-0.611524058637938,0.0003863479934393,0.55189104323446,True,True,True,-1.1821567335799,0.0001600496222441,-0.736438760101107,0.0038124101696955,0.622435505964497,True,True,True,-0.972676070481495,0.0008343305791384,-0.485765768937999,0.0514303072774434,0.498898744320359,True,True,False,4,3,0.587163274599479,3_of_4
STAMBPL1,-1.60293075247879,2.10336889952203e-07,-1.71224121120175,1.89708287565384e-07,1.06752813895212,True,True,True,-2.65240488116109,1.36386010684058e-06,-1.47153883431644,0.0001883062641354,0.554585108651989,True,True,True,-0.499683132945913,0.148483892762801,-0.286780299415218,0.409030873093691,0.57277803174208,True,False,False,-1.04365731641526,0.002498239278735,-0.61857317349186,0.0424426569338635,0.592130226603393,True,True,True,3,3,0.582454129172737,3_of_4
DUSP15,6.51562575189281,0.0003910936833472,4.29120123527697,0.0095235321672744,0.65850048762284,True,True,True,5.16333544762988,6.67530605600205e-05,2.60596503160482,0.0396318414229975,0.504608009690928,True,True,True,6.0189776354578,0.0019896516766274,4.99276524385907,0.008286826542619,0.829366078447131,True,True,True,4.68008219346274,0.0002056557791217,2.01716111026561,0.0994494806899337,0.430917686744025,True,True,False,4,3,0.581554248656884,3_of_4
SSBP2,0.710325112018645,0.003276307743768,1.01252545178734,0.0001899868018186,1.42343554962362,True,True,True,2.17070317032353,5.26157243292949e-06,1.22092939039009,0.0033545896088262,0.562199018297792,True,True,True,0.0824889236583646,0.743935425939602,-0.0243108381822705,0.928751630132809,0.291186388768767,False,False,False,0.941065046341726,0.0007271301664299,0.562701572530614,0.0335978998152346,0.597306496738972,True,True,True,3,3,0.579752757518382,3_of_4
TIAM1,-0.247263245669521,0.0713685728185904,-0.0889008363289259,0.513390948797946,0.358091009763352,True,False,False,-0.880480545613318,0.0008224151234408,-0.498005698923885,0.0402296583934034,0.564965048181956,True,True,True,-0.701233431163858,0.0018725590171193,-0.409103531574437,0.0392351859400963,0.582574843946695,True,True,True,-2.34710007006673,1.14586407590803e-07,-1.45702649235522,4.57762997242071e-06,0.620512946159834,True,True,True,3,3,0.573769946064326,3_of_4
HSH2D,-3.4807942107281,0.0016873579038478,-3.57903154370852,0.0016328796821722,1.02792736362213,True,True,True,0.818170809046711,0.0057037164839246,0.194550321700288,0.55095360566272,0.237496648503248,True,True,False,-1.52730749843089,0.0001938317208881,-0.955302353122952,0.0034676791645469,0.625072084056225,True,True,True,-1.22853813635235,8.42547391647346e-05,-0.629739333653747,0.0100568174450014,0.512175519436903,True,True,True,4,3,0.568623801746564,3_of_4
ARHGDIA,-0.680551388580738,2.58641698246323e-05,-0.621498430034822,4.9404863071525e-05,0.911887849468005,True,True,True,-1.09952734090972,8.28619466585124e-07,-0.586103522998132,0.0006472540715496,0.532566071928432,True,True,True,0.130584704725819,0.43526965316676,0.0462651140170935,0.797087435589705,0.351599481972433,True,False,False,-0.834833512313053,2.60496362886823e-05,-0.502097646880465,0.0031076962082369,0.600714902530026,True,True,True,3,3,0.566640487229229,3_of_4
ADGRF4,-4.23035386701824,7.18421242293064e-05,-4.5503997411274,6.92362013805002e-05,1.07540042363178,True,True,True,0.928333742728605,3.26381144637952e-05,0.587546022423095,0.0046805019959369,0.632222844613399,True,True,True,-0.580368956740458,0.147863704655422,-0.244335482126749,0.546177132127955,0.420276107442435,True,False,False,-0.948862569132373,1.13052938214736e-05,-0.475018452477408,0.0048013810349775,0.500091768971696,True,True,True,3,3,0.566157306792547,3_of_4
SLC43A2,2.64038057347854,2.57624754524617e-07,1.55734648021918,1.23708849479263e-05,0.589595643981075,True,True,True,2.46669729074985,8.93236996246725e-07,1.28829887636906,0.0014255932478365,0.522065198676613,True,True,True,2.6450869752655,3.03515351557098e-06,2.13334064845218,2.33886285413923e-05,0.806224688906202,True,True,True,2.07458109211252,1.21784161485305e-06,-0.390176573420132,0.269748597801298,0.187984258915662,False,True,False,4,3,0.555830421328844,3_of_4
SERPINA1,-1.31279223496579,0.0015392882581781,-0.672245934552238,0.0465266776477341,0.511683595519,True,True,True,,,,,,,,,-1.39476367110683,0.0006556955873649,-0.93532110431087,0.0082603258800141,0.67011423471795,True,True,True,-1.27636091393657,2.84884544586622e-05,-0.69011291569975,0.0035603551004406,0.540264625424431,True,True,True,3,3,0.540264625424431,3_of_4
PAK4,-0.670350842547085,0.005832324996923,-0.542125926669129,0.0185030075550498,0.8075150760403,True,True,True,-0.350604898524553,0.014468256691889,-0.0130762350335916,0.937191616025961,0.0371901389555825,True,False,False,-0.682787237659606,0.001285031115492,-0.361625293771477,0.0486014278472314,0.528856453959582,True,True,True,-0.871869167285997,5.43338761136142e-05,-0.473271364824391,0.0083376260191064,0.542201950260116,True,True,True,3,3,0.535529202109849,3_of_4
TRAP1,-0.122514043090597,0.37659036296832,0.006501704071784,0.965493837442389,0.0526393915144945,False,False,False,-1.75133956023255,4.56201308751807e-07,-0.927890122070281,0.000337508799621,0.529515022731749,True,True,True,-0.608627018257849,0.0007905669913123,-0.348891030140804,0.0270082840294318,0.572302440167172,True,True,True,-0.750184897486778,4.11268815419324e-05,-0.40348190291958,0.0083383515133403,0.537127282869371,True,True,True,3,3,0.53332115280056,3_of_4
