gene,DTP_vs_Control_logFC_H1975,DTP_vs_Control_FDR_H1975,Long_vs_Control_logFC_H1975,Long_vs_Control_FDR_H1975,long_retention_ratio_H1975,long_same_direction_H1975,DTP_responsive_H1975,Persistence_support_H1975,DTP_vs_Control_logFC_PC9,DTP_vs_Control_FDR_PC9,Long_vs_Control_logFC_PC9,Long_vs_Control_FDR_PC9,long_retention_ratio_PC9,long_same_direction_PC9,DTP_responsive_PC9,Persistence_support_PC9,DTP_vs_Control_logFC_HCC827,DTP_vs_Control_FDR_HCC827,Long_vs_Control_logFC_HCC827,Long_vs_Control_FDR_HCC827,long_retention_ratio_HCC827,long_same_direction_HCC827,DTP_responsive_HCC827,Persistence_support_HCC827,DTP_vs_Control_logFC_HCC2935,DTP_vs_Control_FDR_HCC2935,Long_vs_Control_logFC_HCC2935,Long_vs_Control_FDR_HCC2935,long_retention_ratio_HCC2935,long_same_direction_HCC2935,DTP_responsive_HCC2935,Persistence_support_HCC2935,n_DTP_responsive,n_persistence_support,median_long_retention,persistence_recurrence,persistence_direction,persistent_core_4of4,persistent_robust_3plus,generic_DTP_core,generic_DTP_2plus,generic_DTP_direction,generic_n_models_responsive,generic_median_logFC,generic_median_abs_logFC,cross_dataset_same_direction,generic_persistent_core,generic_persistent_robust,persistent_without_generic_core_support,persistent_without_generic_recurrent_support
HCFC1R1,0.585529693769405,0.0050964408269104,0.774331446690804,0.0006291609400773,1.32019138147034,True,True,True,1.30376419004319,8.82446147821087e-07,0.804558447845467,0.0003182195757443,0.616631307009456,True,True,True,0.599680256973332,0.0252235944441541,1.01752545765685,0.0008808658777965,1.6939552213417,True,True,True,0.774000510967965,0.000338919092983,0.923799920224857,0.0001020784924645,1.19199911116322,True,True,True,4,4,1.25609524631678,4_of_4,up,True,True,False,True,up,2.0,0.75979248239731,0.75979248239731,True,False,True,True,False
ZFYVE28,0.845381106540717,0.0466255762516311,1.14487208016636,0.0088213977481159,1.35266734018393,True,True,True,1.82763802146307,3.12908293018078e-05,1.05468033782451,0.0096047242196191,0.576757305407373,True,True,True,1.39718150776676,0.0061181699494255,2.00224840922577,0.0003983593806466,1.43203754169504,True,True,True,1.69875762033478,2.3584309596962e-06,1.84104649563701,1.606440889346e-06,1.08312295448006,True,True,True,4,4,1.21789514733199,4_of_4,up,True,True,False,True,up,2.0,0.672171996947535,0.672171996947535,True,False,True,True,False
SERPING1,4.36553579941442,0.0001599958405955,4.58040634900032,9.74151912268996e-05,1.04897945634949,True,True,True,6.85938446789101,0.0001718516724027,5.25616908570916,0.0040402775757735,0.766162466594965,True,True,True,3.81877665588739,0.0016335258424691,4.20663853477286,0.0008395409931256,1.101278664628,True,True,True,2.50263093252547,0.0062602505363312,3.37354862811706,0.0006907782243906,1.34746243317664,True,True,True,4,4,1.07512906048875,4_of_4,up,True,True,False,True,up,2.0,3.87223732089901,3.87223732089901,True,False,True,True,False
MRAS,1.42885319010016,3.04013109426265e-05,1.55718809334859,1.30594584037483e-05,1.0890545296049,True,True,True,1.37895608384434,8.21511553039493e-05,1.48025968559442,0.000187361902142,1.07268608249521,True,True,True,5.72080057939004,7.72927267365407e-05,5.59084024359601,0.000113702644293,0.977112041222522,True,True,True,3.66906406409076,9.1379104246386e-06,3.02653738520604,0.0001232655419365,0.824655191940321,True,True,True,4,4,1.02489906185887,4_of_4,up,True,True,True,True,up,3.0,2.76414482620919,2.76414482620919,True,True,True,False,False
SPEG,1.80871555932793,6.48139256883242e-06,2.08888042763748,1.98242134069727e-06,1.15425897560013,True,True,True,0.563580137419286,0.0007360699180969,0.353988992882831,0.030295114048704,0.626995123315755,True,True,True,1.78266388770748,0.0001384250452675,1.85830405356364,0.0001170790024978,1.04184654203662,True,True,True,0.931001873180088,0.0015651991515049,0.937024627124105,0.0020943027088081,1.00538921013847,True,True,True,4,4,1.02361787608754,4_of_4,up,True,True,False,True,up,2.0,1.12817836848198,1.12817836848198,True,False,True,True,False
BMP1,1.04706238616831,0.0011423259556553,1.3640845494455,0.0001355963183373,1.3015299160125,True,True,True,2.42945445354838,1.82723410102002e-07,1.61963612872045,2.42709349645702e-05,0.666392298097106,True,True,True,1.45417786333303,2.75330803600234e-06,1.32316332679106,8.25915060938134e-06,0.909279449702736,True,True,True,1.66819486076026,1.5384296886585801e-09,1.8899705959127,4.65869845377945e-10,1.13226480643002,True,True,True,4,4,1.02077212806638,4_of_4,up,True,True,True,True,up,3.0,0.929876739034701,0.929876739034701,True,True,True,False,False
COL12A1,3.3570454191772,3.05782819974115e-07,3.57111284478763,2.36350666795129e-07,1.06344983435711,True,True,True,2.10803912610152,3.54087868218083e-08,2.02619921073851,1.17828696721393e-07,0.960721489545746,True,True,True,2.34401813001915,0.0005753126380606,2.27929445640222,0.0008246963267441,0.971973063757766,True,True,True,2.76635343558558,4.15588130861565e-05,3.49071556846273,9.25699743966454e-06,1.26139130751258,True,True,True,4,4,1.01771144905744,4_of_4,up,True,True,True,True,up,3.0,1.34837207780228,1.34837207780228,True,True,True,False,False
SYNCRIP,-0.616628107409187,0.0014124105692296,-0.661877293835783,0.0007721777087976,1.07164373819095,True,True,True,-1.11245482346358,1.87561226726699e-07,-0.597583080534585,0.0001042196572557,0.536692704492228,True,True,True,-0.719940524599997,0.0003387900679832,-0.774433299368779,0.000224979976538,1.07419859606097,True,True,True,-0.814031542532395,1.3814479915953e-06,-0.778899084847898,3.80954169595017e-06,0.955667411874356,True,True,True,4,4,1.01365557503265,4_of_4,down,True,True,True,True,down,3.0,-0.606722257714186,0.606722257714186,True,True,True,False,False
IGFBP5,4.76830001832495,0.0002170707723369,4.44082317441607,0.0003759047073142,0.93112682308792,True,True,True,4.14010025452205,3.25159517834592e-07,3.46048818030944,1.06025767882821e-05,0.835644627664016,True,True,True,8.75864216529939,0.0107831992599222,9.60180784532808,0.0065919448908038,1.09614156196527,True,True,True,6.55812384707572,0.0249344294035833,7.19725399660672,0.0191351003317746,1.09728893132815,True,True,True,4,4,1.0136341925266,4_of_4,up,True,True,False,True,up,2.0,3.0616893020022,3.0616893020022,True,False,True,True,False
HSPG2,1.80348770834886,4.62942568303789e-06,2.08062604197283,1.64940931769831e-06,1.15302865868598,True,True,True,2.12377666036348,7.82495753982443e-08,1.41491644203452,7.61272084453156e-06,0.665913019673547,True,True,True,0.799099083647744,0.0106251187649084,0.686234601918554,0.0249672701147066,0.857687023949498,True,True,True,1.02661081781197,1.55259047322e-05,1.57590620497618,3.3541013565759e-07,1.53356326895396,True,True,True,4,4,1.00535784131774,4_of_4,up,True,True,True,True,up,3.0,1.06943694442103,1.06943694442103,True,True,True,False,False
CNTNAP1,2.29119305248426,1.03033700957031e-06,2.39244874502028,7.77019090228972e-07,1.0437378921585,True,True,True,2.57857298786588,5.24639348638882e-05,2.18491339301638,0.0009210290654661,0.847005842941468,True,True,True,1.81116626992944,0.0004359198005175,1.74465517381641,0.000690989698204,0.962745639164965,True,True,True,1.82159485501335,0.0022223303408388,2.00428758228236,0.001377326520788,1.09968903773059,True,True,True,4,4,1.00324176566173,4_of_4,up,True,True,True,True,up,3.0,1.17558174439564,1.17558174439564,True,True,True,False,False
SYNPO,1.50923554470091,4.83939820305305e-05,1.73687744426681,1.37763553354661e-05,1.150070563735,True,True,True,3.39558396931956,1.2970358614264e-05,2.43371974802575,0.0010917905383193,0.71651982403759,True,True,True,1.73245203969138,1.3172704097104e-06,1.7784348779915,1.41754451553351e-06,1.02594986031926,True,True,True,2.15686012361324,3.29959492313907e-08,2.11269243480063,5.47794143998084e-08,0.979068296263347,True,True,True,4,4,1.0025090782913,4_of_4,up,True,True,True,True,up,3.0,2.49235460192432,2.49235460192432,True,True,True,False,False
DGAT2,0.982183906298335,0.0096475364613044,1.04317469400736,0.0064611106611781,1.06101685282349,True,True,True,1.48453759135516,0.0003427009720615,0.926833762778283,0.0223475399034381,0.623904617541716,True,True,True,1.8793032156832,8.39534022043282e-06,1.80168802913594,1.76943544425393e-05,0.958190154709332,True,True,True,1.06796958138416,0.0002044890528528,1.10380266762191,0.0002333711330136,1.03258566646269,True,True,True,4,4,0.995387910586011,4_of_4,up,True,True,False,True,up,2.0,1.36488310296827,1.36488310296827,True,False,True,True,False
COL5A1,1.34731340732032,0.0006106182291456,1.7783772569458,6.61365190460232e-05,1.31896430554689,True,True,True,3.59149512904332,1.36269133119811e-06,2.56563908216569,0.0001519585756046,0.714166335654551,True,True,True,4.62792876052798,9.69839398844179e-08,4.42845742426329,1.77889193683494e-07,0.956691635011937,True,True,True,2.83938212063137,4.7793571107488306e-09,2.90301147943503,4.4455150712217105e-09,1.02204962436172,True,True,True,4,4,0.989370629686829,4_of_4,up,True,True,False,True,up,2.0,0.705250727260726,0.705250727260726,True,False,True,True,False
SNX21,0.702957667774661,0.0022595419930904,0.91768556025742,0.0002623015164942,1.30360901268167,True,True,True,1.43143275608131,3.10118843327073e-06,0.741175579363552,0.0038780752642972,0.517424344156425,True,True,True,1.10970110216074,0.0004721076102974,1.17985206435614,0.0003423643707667,1.06225883998933,True,True,True,1.1688075002498,2.11545750059937e-05,1.04490063167357,0.0001162238994099,0.893224424916444,True,True,True,4,4,0.977741632452887,4_of_4,up,True,True,False,True,up,2.0,1.03674135026757,1.03674135026757,True,False,True,True,False
WDR77,-0.885913206632887,5.56758096041201e-05,-0.845623433049989,7.6515095617031e-05,0.953445530775608,True,True,True,-1.5101113969559,1.43422989107232e-06,-0.815540016915214,0.0008488032627195,0.53969549733931,True,True,True,-0.584716662154474,0.006309205866642,-0.60237268057893,0.0058611262367711,1.02843698924867,True,True,True,-0.642858529858249,0.0002702545205743,-0.641693772942153,0.0004204576634289,0.99663783763714,True,True,True,4,4,0.975041684206374,4_of_4,down,True,True,True,True,down,3.0,-1.06441650570367,1.06441650570367,True,True,True,False,False
MSRB3,1.55645345813686,9.5517136896748e-05,1.52303879784862,0.0001142796368739,0.977903249623004,True,True,True,1.59122291706837,0.0037458901610763,1.62680871900992,0.0069081209763109,1.02172170841834,True,True,True,3.43029563987305,3.83679331403353e-06,3.28881841530378,7.9532774386219e-06,0.958477135308999,True,True,True,2.82174062735877,1.1142478121971e-05,2.00924552457061,0.0006440574428231,0.711806641069483,True,True,True,4,4,0.968190192466001,4_of_4,up,True,True,False,True,up,2.0,1.39387861116127,1.39387861116127,True,False,True,True,False
HTRA1,1.24582833307666,0.0011530010465508,1.2726652708625,0.0009413002462294,1.02072212918204,True,True,True,3.12060160385673,1.45459656699687e-06,2.72151108712626,3.68541636166253e-05,0.871831653265375,True,True,True,5.08182463791046,0.0003644517734884,5.00395045835075,0.0004786268232825,0.984482215071631,True,True,True,2.79214617380938,6.97679465330577e-07,2.65140994096472,2.15979206666532e-06,0.949255705206665,True,True,True,4,4,0.966868960139148,4_of_4,up,True,True,False,True,up,2.0,1.07181223058345,1.07181223058345,True,False,True,True,False
SIDT2,1.09833976797144,4.12125460980097e-05,1.14414352902502,2.6558881113552e-05,1.04075515355571,True,True,True,1.89090512666977,6.08868870697407e-07,1.11253548594751,0.0003786216678254,0.588050357422443,True,True,True,1.01990100362788,0.0010633169174383,1.08363887545264,0.0007847837538881,1.06145343339052,True,True,True,1.86322057371917,1.27826980989041e-07,1.66443627104348,7.37025859925817e-07,0.892832261647497,True,True,True,4,4,0.966793707601604,4_of_4,up,True,True,True,True,up,3.0,1.03505466111538,1.03505466111538,True,True,True,False,False
CRIM1,1.23754238211864,0.0001467461197717,1.23197988929892,0.000136509199603,0.994701438631035,True,True,True,1.79608717147027,1.14126537433471e-07,1.16393146678228,1.50038043530505e-05,0.647676687731303,True,True,True,1.4007444271248,6.63789884613019e-05,1.29032249894073,0.0001499602208016,0.920511952087718,True,True,True,1.56891405545043,1.66596944132277e-07,1.71951703779836,9.91799830773859e-08,1.09529374033473,True,True,True,4,4,0.957606695359376,4_of_4,up,True,True,False,True,up,2.0,1.29032126271843,1.29032126271843,True,False,True,True,False
POFUT2,0.866483716677222,7.57624896869511e-06,0.954713255379358,3.3536602437855e-06,1.10055466981704,True,True,True,1.22568373865857,3.8133625128428e-07,0.826023682334486,6.44929603735854e-05,0.673379499786781,True,True,True,0.712807454285952,0.0006329669956842,0.864660449634043,0.0001611642313231,1.21133569626139,True,True,True,1.21784285708719,2.50975213254878e-07,0.988548907214366,4.27364859243668e-06,0.811055257424091,True,True,True,4,4,0.955804963620566,4_of_4,up,True,True,False,True,up,2.0,0.549314839761457,0.549314839761457,True,False,True,True,False
PEA15,0.729309873231813,0.0005229808990932,0.653191013666348,0.0011009795351252,0.89440255103742,True,True,True,0.545958758985257,2.03414689960375e-05,0.563574635015142,7.95492026501585e-05,1.0303786633945,True,True,True,0.831671362896184,0.0006340478971455,0.656005365424154,0.0037273370209678,0.787832264511231,True,True,True,1.14318851958336,7.71061859452936e-06,1.14461116303132,1.32390330332104e-05,1.00036938270287,True,True,True,4,4,0.947385966870145,4_of_4,up,True,True,True,True,up,3.0,0.851276072991501,0.851276072991501,True,True,True,False,False
PDGFD,2.55702827463425,0.0004783846110916,2.91680653549629,0.0001381682174006,1.14025578388626,True,True,True,2.5310589837773,1.17816828874553e-07,1.96277738251382,4.78402679231078e-06,0.775170481844688,True,True,True,2.09576411301273,0.0044811013753833,1.8300177885483,0.0126471721020339,0.872781910559717,True,True,True,3.44088064189521,3.36353766335656e-05,3.5046325348282,4.85635997473632e-05,1.01823186201438,True,True,True,4,4,0.945506886287048,4_of_4,up,True,True,True,True,up,3.0,1.55546423054971,1.55546423054971,True,True,True,False,False
WFS1,1.14722583161564,0.0001411741005555,1.31271701204639,4.21320542452881e-05,1.14325681926115,True,True,True,0.728857468361649,7.7868129610504e-06,0.646947819265089,0.0001151352094949,0.886402958535628,True,True,True,1.13294226310349,0.0005854304316646,1.12947092291325,0.0007082892074522,0.996056818467986,True,True,True,1.39129579841755,2.15608208727438e-06,0.912605793167042,0.0002608621181585,0.655468323760143,True,True,True,4,4,0.941229888501807,4_of_4,up,True,True,True,True,up,3.0,1.09792169630879,1.09792169630879,True,True,True,False,False
ACKR3,3.29146223407442,6.99996524506111e-05,2.97116149645693,0.000178912545305,0.902413235209723,True,True,True,2.79801730590505,3.40613282662336e-07,2.13010030432418,2.32076423766937e-05,0.761017196939203,True,True,True,8.14594887161726,0.0052550624562485,7.88525821288803,0.0069107458957812,0.967878691415271,True,True,True,6.32078551949011,0.0130840576958434,6.32183160557976,0.0163324896335258,1.00000729004322,True,True,True,4,4,0.935145963312497,4_of_4,up,True,True,True,True,up,3.0,1.82308663912211,1.82308663912211,True,True,True,False,False
SEZ6L2,1.71800680394718,2.83809199772611e-05,1.89539145489669,1.11183215828329e-05,1.10260846585627,True,True,True,1.73568323271664,2.94185185715281e-07,0.897864177054047,0.000322978132704,0.516999392946027,True,True,True,1.6770508128315,1.96106244087116e-05,1.63423527720624,3.08915336623936e-05,0.973889029289091,True,True,True,1.01750399446672,1.13252423232336e-05,0.908313516243046,6.23283093655494e-05,0.891811442250289,True,True,True,4,4,0.93285023576969,4_of_4,up,True,True,False,True,up,2.0,1.51690937657126,1.51690937657126,True,False,True,True,False
UBA7,1.14386606201591,0.0002093258762101,1.23208287033184,0.0001055182481733,1.07618079634779,True,True,True,4.35405018564942,2.36928043800141e-06,3.01296486134058,0.0003533049915678,0.691832409019941,True,True,True,1.68905640760646,6.42154627357597e-05,1.90946530025592,2.80624454221698e-05,1.12982341397717,True,True,True,1.25177641048095,0.0002745270167413,0.984446704837842,0.0031451387851532,0.785811974588431,True,True,True,4,4,0.93099638546811,4_of_4,up,True,True,False,True,up,2.0,2.73973572800621,2.73973572800621,True,False,True,True,False
LMF1,0.88410524260366,6.11807775114581e-05,1.14832243850839,6.05954284920562e-06,1.29738519583325,True,True,True,1.34905913949874,1.74459455199392e-05,0.729919912243739,0.0090520700557071,0.540657731864064,True,True,True,1.22796570419708,0.0040596926034234,1.56431977178552,0.0007043372914593,1.2728750415436,True,True,True,0.848455267400842,0.0012944402285783,0.498084228909808,0.0496952771343852,0.586357219767255,True,True,True,4,4,0.929616130655428,4_of_4,up,True,True,False,True,up,2.0,1.30243221319774,1.30243221319774,True,False,True,True,False
CTIF,1.14228766305104,4.6876251549362e-06,1.3088545294592,1.64940931769831e-06,1.14481645499989,True,True,True,2.33148233651699,1.76209639900057e-07,1.57470812346674,2.07127531845172e-05,0.675121135458712,True,True,True,2.33655157431164,6.72725032992716e-07,2.38661915624799,8.26887723656794e-07,1.02099101576007,True,True,True,2.84439907023913,1.33335248776405e-07,2.38281511479613,1.55480757165422e-06,0.837427389261035,True,True,True,4,4,0.929209202510553,4_of_4,up,True,True,True,True,up,3.0,1.08037454406068,1.08037454406068,True,True,True,False,False
CXXC5,0.571366157993717,0.000507876164757,0.558712661444112,0.0005916766262644,0.976145520906645,True,True,True,1.43822780920342,1.48555887722832e-06,0.973008898630522,0.0002394896164488,0.676063158596873,True,True,True,1.33075267155478,8.47107676090461e-05,1.20556358061048,0.0002350489089014,0.905245851095626,True,True,True,2.16052921706068,3.38025716206536e-06,2.05926128783646,9.90480730310626e-06,0.95268723253101,True,True,True,4,4,0.928966541813318,4_of_4,up,True,True,True,True,up,3.0,0.663662427366879,0.663662427366879,True,True,True,False,False
ACP6,-0.507821404502705,0.0010171247004882,-0.604861163759031,0.0002705560102432,1.18874944805081,True,True,True,-1.56703523097916,9.87069229708535e-07,-1.09507019173507,8.08530027008878e-05,0.698370910359746,True,True,True,-0.858067120445368,0.0002908834976808,-0.940325725666539,0.0002054482820213,1.09458935546159,True,True,True,-0.96012448608998,0.0001284069910191,-0.724259678688037,0.0016682465945941,0.753554497018851,True,True,True,4,4,0.92407192624022,4_of_4,down,True,True,False,True,down,2.0,-0.910045762545761,0.910045762545761,True,False,True,True,False
FAM114A1,0.511496165493808,0.0028644251019682,0.473150604621878,0.0047852080343949,0.923227599500146,True,True,True,1.83567954513805,9.02252870026603e-06,0.94158303041401,0.0066611478320438,0.512655042577522,True,True,True,0.814801033016271,0.0017558191378376,0.829189825818097,0.0017829433172228,1.01641183604821,True,True,True,1.64299054383873,6.25259409136267e-08,1.51100754593524,2.3722852898419e-07,0.919109633323697,True,True,True,4,4,0.921168616411921,4_of_4,up,True,True,False,True,up,2.0,0.876574268855442,0.876574268855442,True,False,True,True,False
NINL,0.843328876591417,0.0004046943581481,0.777474127464175,0.0007822982888364,0.920819065910505,True,True,True,0.776167426369608,2.99239622112262e-05,0.546121567323909,0.002125106437987,0.702707741979117,True,True,True,1.75044702278855,6.97864692702505e-05,1.60833260449824,0.0001806105470183,0.918287897705035,True,True,True,2.31578381452033,3.03404066173415e-05,2.38762348092629,3.75630548453985e-05,1.03057672708259,True,True,True,4,4,0.91955348180777,4_of_4,up,True,True,False,True,up,2.0,0.81118240977177,0.81118240977177,True,False,True,True,False
VTCN1,4.46739979088746,5.40364437181299e-05,4.068329042241,0.0001217348644206,0.910466662033613,True,True,True,4.78567411147374,8.90835314947129e-05,3.56442881583005,0.0032831850489841,0.744656672424399,True,True,True,3.51916577392979,0.0084271582884511,3.42583285595946,0.0111124586757832,0.97320213761836,True,True,True,2.4649592582925,0.0001967698078551,2.28294464162233,0.0006094973313543,0.92578360082198,True,True,True,4,4,0.918125131427797,4_of_4,up,True,True,True,True,up,3.0,2.20159947730123,2.20159947730123,True,True,True,False,False
FYN,1.42213307284307,2.22824638988796e-05,1.47219228439582,1.50573995144529e-05,1.03447268037608,True,True,True,1.38908065612945,5.59293180109145e-07,1.11409593538434,2.32076423766937e-05,0.801461361592094,True,True,True,0.902667748154372,0.0009655759500942,0.551749688711572,0.0262379919049683,0.610566980882577,True,True,True,0.801867730536845,0.0006750776171862,0.865177453594196,0.0005118121370642,1.07760895187018,True,True,True,4,4,0.917967020984087,4_of_4,up,True,True,True,True,up,3.0,1.36998270509358,1.36998270509358,True,True,True,False,False
SYNGR1,1.03476950028634,1.40151290642028e-05,1.11546615347088,6.88232486514203e-06,1.07694439077662,True,True,True,2.50852214553506,1.78503258284536e-07,1.76736758092779,1.70478850408564e-05,0.704264588408709,True,True,True,3.40316028248266,0.0016983084739926,3.2842924853406,0.0024562001735603,0.964787851571243,True,True,True,1.4321332971268,9.14173258318806e-05,1.23767738042689,0.0005993440780283,0.863616373234948,True,True,True,4,4,0.914202112403095,4_of_4,up,True,True,True,True,up,3.0,1.41022967307433,1.41022967307433,True,True,True,False,False
MMP24,3.82562584109093,9.91817385023487e-07,4.09305831538632,7.46915657734043e-07,1.06962595387153,True,True,True,2.01388588329611,7.33128967929792e-05,1.58387743751561,0.002090632728563,0.786087912296342,True,True,True,1.52394385672662,3.13215929181398e-05,1.47677534474298,4.851086969675e-05,0.96841292761621,True,True,True,2.63948085907514,3.68262240572182e-08,2.25123764871726,2.74807257066074e-07,0.85258624048719,True,True,True,4,4,0.9104995840517,4_of_4,up,True,True,True,True,up,3.0,2.67264678776737,2.67264678776737,True,True,True,False,False
ARHGAP31,1.46765110457161,0.0005997926106816,1.24646972816945,0.0021422102705637,0.848717387192537,True,True,True,2.70912203351028,0.0008643808259663,1.99282734438749,0.01705220671923,0.735327531286953,True,True,True,5.22997898218491,7.71921649536431e-06,5.07994260185624,1.3864552205945e-05,0.971126555690043,True,True,True,3.06672858063872,6.485086044696521e-09,2.98044133517867,1.0176145847743e-08,0.971546620515601,True,True,True,4,4,0.90992197144129,4_of_4,up,True,True,True,True,up,3.0,2.73050650368038,2.73050650368038,True,True,True,False,False
TLR1,1.61680248324605,0.0011321245344022,1.47143545641831,0.0023806180025403,0.909527257904772,True,True,True,3.47828932387616,0.0012680742457746,2.7768663816447,0.0143123199396015,0.798113098151632,True,True,True,2.9324197093989,0.0310634121431351,2.76449064744743,0.0451375430616182,0.942412242813325,True,True,True,1.86432106427852,0.0031409547723118,1.69041414973213,0.0085753677832906,0.906232273952237,True,True,True,4,4,0.907879765928505,4_of_4,up,True,True,True,True,up,3.0,1.56777237618307,1.56777237618307,True,True,True,False,False
EDN2,5.30038487367903,2.02309158460845e-05,5.65940829590695,9.94063283146244e-06,1.06753394268835,True,True,True,5.0041371252619,5.06269776099684e-05,3.81128477774182,0.001903535171576,0.761474597470172,True,True,True,1.96516063076387,0.000665413485796,1.82423992519705,0.0013995833957086,0.927818356574619,True,True,True,2.28355798515895,8.23544417931842e-05,2.0237312139048,0.0004242365306234,0.885830531355061,True,True,True,4,4,0.90682444396484,4_of_4,up,True,True,False,True,up,2.0,3.7667567189461,3.7667567189461,True,False,True,True,False
UBE2H,0.822332821657101,5.08539503474338e-05,0.700369011362202,0.0001673067838609,0.850651149741106,True,True,True,1.31172686812901,2.36499327758176e-07,0.806301731631401,6.44929603735854e-05,0.614218959942976,True,True,True,0.685387648986767,2.36323888850103e-05,0.670235733810088,3.46253211177521e-05,0.976468231617335,True,True,True,1.04930647631469,6.71006139549471e-08,1.00902762195884,1.5356596004324e-07,0.960698276848974,True,True,True,4,4,0.90567471329504,4_of_4,up,True,True,True,True,up,3.0,0.951017126038422,0.951017126038422,True,True,True,False,False
MYL9,2.13422708124757,4.76654935918464e-05,2.13992355434443,4.16936118084056e-05,1.00219951926336,True,True,True,6.71285097811001,0.0004832381108155,5.44858162073775,0.005704511498799,0.811543425450226,True,True,True,3.19225287315038,5.1224394070373e-05,2.6337988004101,0.0003067291211411,0.824801199602981,True,True,True,2.20014807304613,0.000170988637506,2.16737794233529,0.0003048379696835,0.984657946857657,True,True,True,4,4,0.904729573230319,4_of_4,up,True,True,True,True,up,3.0,3.47020385072179,3.47020385072179,True,True,True,False,False
ALPP,2.59013355688108,4.03960719253824e-05,3.22311230829501,5.0976879990667e-06,1.24390049279229,True,True,True,5.0098789210258,3.5445023705214604e-09,4.05363929161181,4.99179886682431e-08,0.80896771913658,True,True,True,2.43496430729299,0.0001406934208591,2.43573300884612,0.0001677757676156,0.999905048507411,True,True,True,4.33198027271966,2.83001837363401e-08,2.76712716353763,5.12916124182082e-06,0.638619838857656,True,True,True,4,4,0.904436383821996,4_of_4,up,True,True,True,True,up,3.0,3.50102074686435,3.50102074686435,True,True,True,False,False
CHCHD10,-1.74273662475156,4.85207999816704e-07,-1.93622149122542,3.56143127920601e-07,1.11038643321567,True,True,True,-1.33646229647984,3.27685918345996e-07,-0.872765119654351,4.1270692614216e-05,0.65255306407623,True,True,True,-0.954887493660164,0.0014009215336147,-0.852753126620941,0.0033481593585897,0.892106165502476,True,True,True,-0.837413968522393,5.74234214385998e-05,-0.768020864843542,0.0001912744466794,0.91604015877394,True,True,True,4,4,0.904073162138208,4_of_4,down,True,True,True,True,down,3.0,-1.2092883293014,1.2092883293014,True,True,True,False,False
RPS26,-1.61572118754038,3.44237861904242e-06,-1.68895133126845,2.37097437928843e-06,1.0446769327233,True,True,True,-1.02315762282046,6.38548203819744e-07,-0.594102727154953,0.0002740435420174,0.580089152213538,True,True,True,-0.776943083655538,0.0003813860269108,-0.799824838169023,0.0003585477098046,1.0281277062207,True,True,True,-0.929686266016692,4.84561783852183e-07,-0.723442353901007,9.51262265554433e-06,0.777321402836766,True,True,True,4,4,0.902724554528733,4_of_4,down,True,True,False,True,down,2.0,-0.632454561611964,0.632454561611964,True,False,True,True,False
TTLL1,1.19486927175967,0.0001009335854193,1.42300750377163,1.99299173790621e-05,1.18993567054176,True,True,True,1.39772103711251,0.0001464386592214,1.01004463014538,0.0059629764602144,0.722120139288457,True,True,True,2.35560984193602,4.63702926388912e-05,2.55086425723161,2.83964447809013e-05,1.08242960367848,True,True,True,1.30551369375053,5.73133549292888e-05,0.688578199848741,0.017719906758318,0.527034812679292,True,True,True,4,4,0.902274871483469,4_of_4,up,True,True,False,True,up,2.0,1.86210368306164,1.86210368306164,True,False,True,True,False
PELI1,1.54044427390454,0.0024509445414627,1.74750610485762,0.0008917217894309,1.13368101230875,True,True,True,1.02345032279336,0.0002012248771562,0.844697994369505,0.0028930704328675,0.824537779505281,True,True,True,1.53028552936262,4.21998953621945e-05,1.48073150818876,7.20444393400458e-05,0.96698589505061,True,True,True,1.20580559072361,4.07800338212439e-06,0.616318240397104,0.0034794653295761,0.510702175341726,True,True,True,4,4,0.895761837277945,4_of_4,up,True,True,True,True,up,3.0,1.42410030024592,1.42410030024592,True,True,True,False,False
LRP1,1.9293119099697,7.59325635612642e-05,2.05606780164847,4.18369223108383e-05,1.06514796444516,True,True,True,2.84244483208593,2.38690522631843e-07,1.47955472087204,0.0002622592959071,0.520338817260137,True,True,True,2.59962233863557,6.3441517935128e-07,2.77129911476718,5.27354932042768e-07,1.06562920482378,True,True,True,2.24819139602674,2.45764239993587e-07,1.62216893431824,1.18892700498151e-05,0.721223163659548,True,True,True,4,4,0.893185564052354,4_of_4,up,True,True,False,True,up,2.0,0.996454174851538,0.996454174851538,True,False,True,True,False
PALM,2.52356479211972,7.42122563888556e-07,2.63668251233195,6.0546622151314e-07,1.04441071212044,True,True,True,2.80443900222263,5.71831084742873e-06,2.18123610228098,0.0003103310319695,0.77750259426524,True,True,True,4.88078794600814,1.06032192568513e-06,4.90088472468877,1.38701162381717e-06,1.00391184109016,True,True,True,1.85961536706853,1.16516857864218e-06,1.37392911470389,5.68165578850376e-05,0.738427263915684,True,True,True,4,4,0.8907072176777,4_of_4,up,True,True,False,True,up,2.0,1.3496416859502,1.3496416859502,True,False,True,True,False
MAPKAPK3,-0.651291400089941,0.0002318289660062,-0.656552064882621,0.0002065071737859,1.00653184265819,True,True,True,-0.955484049130487,5.97495688847867e-07,-0.619037489860785,0.0001105043313173,0.647201059362709,True,True,True,-1.08864882736447,6.49404747346749e-06,-0.895023041596303,3.8812159616075e-05,0.821386688187507,True,True,True,-1.28761038524279,2.26662108395939e-06,-1.23598535875367,5.59102386127272e-06,0.959161413650097,True,True,True,4,4,0.890274050918802,4_of_4,down,True,True,False,True,down,2.0,-0.970138485251553,0.970138485251553,True,False,True,True,False
GABARAPL1,2.61066912765308,1.03033700957031e-06,2.63088886068047,1.02450447667309e-06,1.00735917610079,True,True,True,3.34239905571671,2.49522742489266e-07,2.3548187028126,2.60677888847483e-05,0.704318767688294,True,True,True,1.59757899586522,9.00274682848126e-06,1.56147972484159,1.50998209326691e-05,0.976792344250995,True,True,True,3.58467748872076,6.256918457850301e-10,2.88093761205772,6.87031321199341e-09,0.803456981594163,True,True,True,4,4,0.890124662922579,4_of_4,up,True,True,True,True,up,3.0,2.12351148112272,2.12351148112272,True,True,True,False,False
CTSA,0.75056290378515,0.0021540691056058,0.90593009064194,0.0005052831247813,1.20539489918853,True,True,True,1.83583539363393,6.41289886279079e-07,0.945025912329582,0.0008025837853183,0.514485900916781,True,True,True,1.66683392640393,1.80238114061235e-05,1.64895578800513,2.40656023224169e-05,0.988681044257504,True,True,True,1.03939150057406,3.60795056737587e-08,0.815991700686165,6.43698771994581e-07,0.784312155795124,True,True,True,4,4,0.886496600026314,4_of_4,up,True,True,False,True,up,2.0,1.15389039167626,1.15389039167626,True,False,True,True,False
COL4A4,5.25656457413272,0.0010515269001863,5.53903485979193,0.0006478661866185,1.05353624890202,True,True,True,3.09889667815651,3.57247991995389e-05,1.92694115405466,0.0060921134384173,0.621614638846802,True,True,True,3.47888833984108,0.028937423909054,3.31904983422079,0.0394841801966888,0.953780555606093,True,True,True,5.84648917181255,2.45764239993587e-07,4.7883062175673,2.73667965132732e-06,0.818865341495462,True,True,True,4,4,0.886322948550778,4_of_4,up,True,True,True,True,up,3.0,2.68893538504577,2.68893538504577,True,True,True,False,False
RRP15,-0.808038823912392,0.0001767265745265,-0.73649116669554,0.0003483301694531,0.910328583656811,True,True,True,-1.66477122834595,1.15735397783596e-06,-0.888162548399221,0.0005231039282317,0.533183989065014,True,True,True,-0.577906283054237,0.0454382711483045,-0.745867145887395,0.0167171164614573,1.28840741190835,True,True,True,-0.848792977740216,0.001647151915084,-0.732641003627101,0.005806336611375,0.862140571666469,True,True,True,4,4,0.88623457766164,4_of_4,down,True,True,False,True,down,2.0,-0.916788816507424,0.916788816507424,True,False,True,True,False
SMPD1,1.28892567115617,2.5928238185483e-05,1.44659915093816,8.76729880190701e-06,1.12145930830384,True,True,True,1.39386299690562,1.47430129876951e-06,1.03048045777059,0.0001409503565629,0.73876822315641,True,True,True,1.84801224382773,7.21631124381227e-06,1.90961352028635,8.25915060938134e-06,1.03277494600748,True,True,True,1.33569448476889,1.91816321860807e-06,0.911417316526198,0.0001427333293977,0.681844151308651,True,True,True,4,4,0.885771584581945,4_of_4,up,True,True,True,True,up,3.0,1.5658792622375,1.5658792622375,True,True,True,False,False
AMMECR1,-0.513777235476522,0.0012989156950618,-0.620782914013493,0.000319522377597,1.20592534251994,True,True,True,-0.771813554241652,5.46884436482675e-05,-0.626100427756868,0.0010115957819367,0.810157151515347,True,True,True,-0.957319566821844,1.91378769180322e-06,-0.920451743608139,3.37630216102849e-06,0.960485182057495,True,True,True,-0.77553857885851,4.15849163734016e-05,-0.615616990824504,0.0004817183017238,0.792770646024366,True,True,True,4,4,0.885321166786421,4_of_4,down,True,True,False,True,down,2.0,-1.32618994740006,1.32618994740006,True,False,True,True,False
LIMS2,1.04485864513306,0.0089321862679031,0.904710734867063,0.0212949480597034,0.865041121070392,True,True,True,5.56728445405679,1.04851582244961e-05,4.16091646618475,0.0006367564571326,0.74725285687467,True,True,True,5.07123979211558,0.0017989910484383,5.15605018280718,0.0017455966046262,1.01652334947214,True,True,True,4.7297752387313,8.90162849190465e-07,4.28304690739933,4.59643497427258e-06,0.905358359098023,True,True,True,4,4,0.885199740084208,4_of_4,up,True,True,True,True,up,3.0,3.07749858569635,3.07749858569635,True,True,True,False,False
HEG1,1.67385709293229,1.90995091906598e-07,1.41725913366666,5.98470603132977e-07,0.846197051466263,True,True,True,4.2860308695603,3.3981278479919e-07,3.60790123379338,1.08286276947904e-05,0.841585083842287,True,True,True,3.11551740675202,2.10331282244842e-06,3.16726420124814,2.50953112669456e-06,1.01628317377152,True,True,True,3.20434595543307,6.28349525910112e-06,2.96032765279704,2.3189876011714e-05,0.923559482800687,True,True,True,4,4,0.884878267133475,4_of_4,up,True,True,False,True,up,2.0,0.510113683704178,0.510113683704178,True,False,True,True,False
BOC,4.29911951767431,0.001860519517486,3.10466141762351,0.0190889897453577,0.721994215477677,True,True,True,2.32615423128526,4.36008125746146e-05,1.37952949868033,0.0103510904995953,0.59279676444927,True,True,True,3.20438201251152,0.000291823181395,3.34281991531774,0.0002406444891239,1.04287723031756,True,True,True,1.65328619941937,0.0227130551300069,1.78494801427386,0.0175041963970728,1.07898380274245,True,True,True,4,4,0.882435722897619,4_of_4,up,True,True,False,True,up,2.0,1.40654942114735,1.40654942114735,True,False,True,True,False
B3GNT5,-0.78218215557067,0.0003250799075022,-0.783983856373154,0.0003124056530784,1.00102364538924,True,True,True,-2.41238130075394,2.95714440575614e-07,-1.70220649605932,1.54793306958497e-05,0.705320164504279,True,True,True,-0.97223579596535,0.0001827682911422,-0.818868002178573,0.0007510649859718,0.841387057045451,True,True,True,-1.41958126327838,4.34759082110881e-07,-1.30577613375182,1.51894375006758e-06,0.919184398320434,True,True,True,4,4,0.880285727682943,4_of_4,down,True,True,False,True,down,2.0,-1.15435002976863,1.15435002976863,True,False,True,True,False
LBR,-1.03830970635095,8.7256892968643e-05,-1.01315908225932,0.0001014327858726,0.974838468329671,True,True,True,-2.37767538123082,1.29331714668351e-07,-1.26573550026328,3.72318792117413e-05,0.532117795580975,True,True,True,-0.943633658936122,0.0002461391925519,-0.997097184950865,0.0001976572724566,1.05553848893531,True,True,True,-1.43430652953118,3.16144097594826e-07,-1.11582055340108,5.12916124182082e-06,0.777409236593904,True,True,True,4,4,0.876123852461788,4_of_4,down,True,True,True,True,down,3.0,-2.09215477398068,2.09215477398068,True,True,True,False,False
KLHDC8B,0.967186249231765,0.0005891581163772,1.08905774803541,0.0002134956190247,1.1248432302148,True,True,True,1.36400865571286,0.0001738494673351,0.84254379342894,0.0174040186819647,0.617244286256142,True,True,True,1.8327337259827,0.0001229992730251,1.97526059802731,7.92245931967133e-05,1.07717961994115,True,True,True,1.709379491634,0.0015158799210914,1.14594673992569,0.0323043104472034,0.66999560362532,True,True,True,4,4,0.873587611783235,4_of_4,up,True,True,False,True,up,2.0,1.222152791168708,1.222152791168708,True,False,True,True,False
CLU,2.36121615957908,1.10803585878468e-05,2.52120788511345,5.97519260655835e-06,1.06730617132121,True,True,True,2.84809371387694,1.06863841076321e-07,2.1856520484697,4.14585285260756e-06,0.767139402198023,True,True,True,4.02304283159386,2.06898136799413e-06,3.671341570775,6.07412554378867e-06,0.912351514240926,True,True,True,1.61227618489436,3.85646304534089e-05,1.33877476987401,0.0003567172275274,0.829848467614784,True,True,True,4,4,0.871099990927855,4_of_4,up,True,True,True,True,up,3.0,1.46732630724892,1.46732630724892,True,True,True,False,False
C20orf194,1.30276850246541,2.98708155824368e-06,1.37728642728118,1.88906551954872e-06,1.05638878733207,True,True,True,1.19572225393015,6.99723768566066e-05,0.856917089736043,0.003735065193086,0.716053442577712,True,True,True,1.28190412952072,1.75978959153595e-05,1.11604122010631,7.46867247174296e-05,0.869933453658187,True,True,True,2.03578883624525,5.90575942102247e-06,1.77481542862401,4.93144694511469e-05,0.871379200946437,True,True,True,4,4,0.870656327302312,4_of_4,up,True,True,True,True,up,3.0,1.19509179825033,1.19509179825033,True,True,True,False,False
ZNF517,0.977534112888539,0.0019462632235757,0.960449962495825,0.0022539061797255,0.981519141586867,True,True,True,1.08674667799339,7.66286732156189e-07,0.667658437138759,0.0003216980499522,0.613799564408154,True,True,True,1.61739115763718,0.0002284021428501,1.72721551038476,0.000156631971201,1.06724230556626,True,True,True,1.30325635216726,0.0001052946799376,0.989859094591547,0.0020154481329201,0.758945197350747,True,True,True,4,4,0.870232169468807,4_of_4,up,True,True,False,True,up,2.0,1.25232181028441,1.25232181028441,True,False,True,True,False
GAA,0.698964326933355,0.0125287469026744,1.07002710910456,0.0006848495759059,1.52868806013658,True,True,True,1.85685222616296,2.01403914803358e-07,1.05887746684059,9.43276480903407e-05,0.56994708832548,True,True,True,0.556023792976961,0.0012182076860513,0.572362698966765,0.0010877766140264,1.02753725457189,True,True,True,0.576830426312015,0.0011296797013266,0.40375943455568,0.0168509137449676,0.69875073407377,True,True,True,4,4,0.86314399432283,4_of_4,up,True,True,True,True,up,3.0,0.964376239846134,0.964376239846134,True,True,True,False,False
SHISA4,0.649972214378323,0.0024240699329737,0.797879078628446,0.000485093364297,1.22567301799574,True,True,True,1.4049971554106,2.07312767211723e-06,1.15815171038824,7.77465331452601e-05,0.823722655434548,True,True,True,1.30751243378288,0.0006269308895174,1.17800724798204,0.0017639647969787,0.900264466403615,True,True,True,1.0420636931139,1.04091805219689e-05,0.743486227235289,0.0005127549982479,0.712790822021357,True,True,True,4,4,0.861993560919082,4_of_4,up,True,True,True,True,up,3.0,1.16166470853156,1.16166470853156,True,True,True,False,False
TUBA1A,1.62577177077035,1.86208213376185e-06,1.65296778916761,1.5918399156319e-06,1.01610306919996,True,True,True,2.77046575962039,3.96137268412032e-06,2.29641336838748,0.0001273021798507,0.828591643398842,True,True,True,4.26367961436126,8.05491826469716e-08,3.79069151172517,2.30856890169879e-07,0.888857277569002,True,True,True,2.09841268369411,6.48964313004302e-06,1.3174472421967,0.0008331477871776,0.627531334086508,True,True,True,4,4,0.858724460483922,4_of_4,up,True,True,True,True,up,3.0,2.5671573417239,2.5671573417239,True,True,True,False,False
CTSO,2.77311713419093,8.80283755684124e-05,3.18039281374469,2.39114463137965e-05,1.14645224404782,True,True,True,4.79426204162068,5.72537965004069e-05,2.88979996313395,0.0099393779634504,0.602636506212134,True,True,True,1.69908775916224,1.16249731573848e-05,1.54161636029965,3.68450624523109e-05,0.906786342052906,True,True,True,1.89342469218903,9.10741907069032e-08,1.53131733212798,1.606440889346e-06,0.808328427327731,True,True,True,4,4,0.857557384690319,4_of_4,up,True,True,True,True,up,3.0,1.5956177425277,1.5956177425277,True,True,True,False,False
MFGE8,1.35924037519038,2.30279756927201e-05,1.36309987077612,2.02096901376953e-05,1.00210219872744,True,True,True,1.61618380027249,2.60026863598445e-06,0.827169461162376,0.0035560538023238,0.511487600248655,True,True,True,2.47277340739162,9.16479684664085e-06,2.37645979735416,1.76943544425393e-05,0.960661873983006,True,True,True,1.69289966065548,3.64366902101097e-08,1.274220488755,1.00024386399855e-06,0.752240831231952,True,True,True,4,4,0.856451352607479,4_of_4,up,True,True,False,True,up,2.0,1.79588595728707,1.79588595728707,True,False,True,True,False
TIMP2,1.43733165849868,8.2046363342072e-06,1.43336702861688,7.45735046093164e-06,0.996548341370041,True,True,True,3.06947522019414,2.59838270652694e-07,1.91117015116768,7.19571771911324e-05,0.622434644187371,True,True,True,2.29024326200563,2.1493211501691404e-09,2.04189209560153,1.10788453204507e-08,0.891172111430093,True,True,True,2.52572804557811,1.27795556374214e-08,2.07263968296619,1.26047628757392e-07,0.82028601637339,True,True,True,4,4,0.855729063901742,4_of_4,up,True,True,True,True,up,3.0,2.24976733591556,2.24976733591556,True,True,True,False,False
FAM136A,-0.651815706581872,0.0001360301041119,-0.67098528595685,0.0001074275641968,1.02783263207638,True,True,True,-1.30723713306036,3.58275406968379e-07,-0.724814226727804,0.0001662898792133,0.554038872931428,True,True,True,-0.682376460629841,0.0004217431054095,-0.554226050368758,0.0021580641011359,0.81101132728211,True,True,True,-0.905050161367514,3.28667606839462e-07,-0.812860450521505,1.56968659983458e-06,0.897147294024697,True,True,True,4,4,0.854079310653403,4_of_4,down,True,True,True,True,down,3.0,-0.603371547200649,0.603371547200649,True,True,True,False,False
CTSF,1.6887824956861,1.57763853723487e-05,1.96099449904012,4.41292203872747e-06,1.16050113197788,True,True,True,3.26100721212977,2.71417649352458e-06,1.7046852706308,0.0033948391638584,0.522587830061175,True,True,True,1.92689324539226,9.57970188687252e-06,1.92803793812262,1.3864552205945e-05,1.00007505225235,True,True,True,2.14771711269278,3.76631814569238e-08,1.52145937100108,2.90144815222721e-06,0.708078025726887,True,True,True,4,4,0.854076538989619,4_of_4,up,True,True,False,True,up,2.0,1.59786519554678,1.59786519554678,True,False,True,True,False
NCKAP5L,1.2098671064539,3.7927131299363e-06,1.28881436198732,2.21589720688331e-06,1.06437308860565,True,True,True,1.34658512211149,1.98169126920916e-07,0.815565015849405,6.64572349156143e-05,0.605204823404047,True,True,True,1.16407144058344,0.0002666904631517,1.17595965936922,0.0002960945050633,1.00934553745505,True,True,True,1.35778560158055,1.07757598617865e-05,0.947395557365914,0.0006697242590529,0.697236971207154,True,True,True,4,4,0.853291254331102,4_of_4,up,True,True,True,True,up,3.0,0.811703246674074,0.811703246674074,True,True,True,False,False
PTGES3,-1.39345498597075,2.52008556617196e-06,-1.50623217125991,1.31441402615887e-06,1.08015833168781,True,True,True,-1.08083274649864,3.29868749243219e-07,-0.579891500475366,0.0002447076091688,0.536026943492133,True,True,True,-0.86314763620458,1.01691008664427e-05,-0.865952558064292,1.3864552205945e-05,1.00208867302772,True,True,True,-0.616842883089341,1.17526434191176e-05,-0.433508563906935,0.0005103105823136,0.701648551391097,True,True,True,4,4,0.851868612209409,4_of_4,down,True,True,True,True,down,3.0,-0.987361664095316,0.987361664095316,True,True,True,False,False
BTN3A3,0.819904656615313,0.0076280473765822,0.954269746315146,0.0026595503862806,1.16246111972335,True,True,True,2.8587550034957,1.24602251165328e-05,1.50588159827527,0.0093167366627472,0.526577135605852,True,True,True,0.81267734468106,0.0165353783575059,0.84195583635664,0.0150716387477844,1.03475393761475,True,True,True,1.71212864637224,3.93269470700186e-06,1.1411004982834,0.0004147879728796,0.666091540001868,True,True,True,4,4,0.850422738808309,4_of_4,up,True,True,False,True,up,2.0,2.62389672417083,2.62389672417083,True,False,True,True,False
NIP7,-0.727572297343142,0.0011621753160019,-0.741762595821038,0.000997036302414,1.01810430965602,True,True,True,-1.33582505831402,2.06040205127982e-06,-0.794907136728919,0.0005237338110719,0.594623157147759,True,True,True,-0.869601755239876,0.0008237840974739,-0.787965262345923,0.001909889554724,0.905081178166033,True,True,True,-0.886262826985536,0.0004993122458362,-0.705013567964665,0.003589022408046,0.794593830060411,True,True,True,4,4,0.849837504113222,4_of_4,down,True,True,False,True,down,2.0,-0.63111571846532,0.63111571846532,True,False,True,True,False
KCNK15,5.62559220251531,0.0039817691443455,5.84181299083525,0.002905184819391,1.03825064631905,True,True,True,5.03075951724808,6.96091816752786e-06,4.00998290342918,0.0002905736601859,0.796934529498795,True,True,True,4.4074572126847,0.0208193963750806,3.97236808165807,0.0389241064560162,0.90107896935648,True,True,True,4.49878428359917,8.22208686801499e-05,2.73063234709238,0.0101860624795179,0.606836278140043,True,True,True,4,4,0.849006749427637,4_of_4,up,True,True,False,True,up,2.0,3.20699288490896,3.20699288490896,True,False,True,True,False
ATRN,1.00630216493776,5.35478256184519e-06,1.08614030885392,2.76667911222859e-06,1.07826662808873,True,True,True,0.766384650760132,2.77474960988182e-06,0.499400351352985,0.0005117533097346,0.650782304361059,True,True,True,0.551959721092606,0.0003285106057999,0.557070835577472,0.0003526524746572,1.00743474493358,True,True,True,0.980697452629449,3.71822746039622e-07,0.675220983236949,3.125373979061e-05,0.687809651974128,True,True,True,4,4,0.847622198453854,4_of_4,up,True,True,False,True,up,2.0,0.854640601309957,0.854640601309957,True,False,True,True,False
HHAT,2.89543115544814,0.0001009335854193,3.00393725305688,6.98461501113452e-05,1.03711674534591,True,True,True,1.2522483431285,6.73777603527343e-05,0.882233145202544,0.0040470833937869,0.703957160637623,True,True,True,2.15794446215026,2.11266682292583e-05,1.9783774210448,5.90284134353102e-05,0.916363276466307,True,True,True,1.7660415419627,1.53097122588158e-07,1.37505976582892,4.48142444529273e-06,0.778170593715417,True,True,True,4,4,0.847266935090862,4_of_4,up,True,True,True,True,up,3.0,1.64106780813526,1.64106780813526,True,True,True,False,False
HGSNAT,0.971136112814023,5.52461710024471e-05,1.03124778453924,3.02189220974923e-05,1.06080596219608,True,True,True,0.939780106329542,2.13713531260114e-05,0.68220429964033,0.0013082002206889,0.725147454809555,True,True,True,1.36622819796018,3.76717938034129e-06,1.17452414960922,1.84584125836131e-05,0.859054948809231,True,True,True,0.819824505122947,5.77795865643103e-06,0.685192409835923,6.43378959413609e-05,0.834761152425989,True,True,True,4,4,0.84690805061761,4_of_4,up,True,True,False,True,up,2.0,1.40295551213834,1.40295551213834,True,False,True,True,False
RPIA,-0.571452041187532,0.0015497273026099,-0.659162042149936,0.0005929886544629,1.15147120583678,True,True,True,-1.08206083079578,1.29225111744407e-06,-0.610390336398013,0.0004999229300338,0.563578996712057,True,True,True,-0.829012860900963,0.0003205600571394,-0.653776514594944,0.0019663145075752,0.787670342704428,True,True,True,-0.956101030953225,6.57013138799852e-06,-0.866429105622237,2.68646036720918e-05,0.905263997844947,True,True,True,4,4,0.846467170274688,4_of_4,down,True,True,False,True,down,2.0,-0.932692392203631,0.932692392203631,True,False,True,True,False
GPC4,3.04175238004191,1.21039380532693e-07,2.85174378301243,1.41249622720782e-07,0.937225060349193,True,True,True,2.37259621157319,3.61419685860599e-07,1.46573953012872,0.0001261392640564,0.61751848228526,True,True,True,5.65880423391551,0.0075998509452754,5.38178020117149,0.0111734274845232,0.95087744712476,True,True,True,1.54870723552419,3.08559808324363e-06,1.16023908754574,9.37791217177798e-05,0.748682758232905,True,True,True,4,4,0.842953909291049,4_of_4,up,True,True,False,True,up,2.0,2.08443248915357,2.08443248915357,True,False,True,True,False
CCT4,-0.928639804602096,6.72117455581335e-06,-0.975287850336029,4.27096512838427e-06,1.04910293804972,True,True,True,-1.65941443327806,1.14126537433471e-07,-0.990480476857593,2.29549967826188e-05,0.596526058197498,True,True,True,-0.559061951349086,0.0003849955247718,-0.57614501809039,0.0003492475369761,1.02871658519662,True,True,True,-0.697691653427929,5.90575942102247e-06,-0.455031008131545,0.0005368072765021,0.651261548494342,True,True,True,4,4,0.839989066845481,4_of_4,down,True,True,True,True,down,3.0,-0.936990997674463,0.936990997674463,True,True,True,False,False
CCT7,-0.798038893838166,3.36831474398151e-05,-0.881887599624608,1.29046822270432e-05,1.10368544813692,True,True,True,-1.69959118920186,8.66193522259917e-08,-0.976775177842065,2.00487265150867e-05,0.574373890705911,True,True,True,-0.57935027333887,0.0006139983271278,-0.597557654490457,0.0005502080468206,1.0296499923272,True,True,True,-0.79380824022311,1.85271596919683e-06,-0.515969475638451,0.0002088352526677,0.649174794027819,True,True,True,4,4,0.839412393177509,4_of_4,down,True,True,False,True,down,2.0,-0.854252908679483,0.854252908679483,True,False,True,True,False
SET,-0.543027245812141,0.000317939278667,-0.587172340042894,0.0001529729675033,1.07930686296115,True,True,True,-0.903497146220586,8.82576474932079e-07,-0.476685724980548,0.0007873477161028,0.527017389687038,True,True,True,-0.652688574266969,3.2889695799593e-05,-0.631246726063621,5.22474213632702e-05,0.965668899401349,True,True,True,-0.8611484268437,1.20138349439501e-06,-0.610510688915298,6.58843476036772e-05,0.708127127425564,True,True,True,4,4,0.836898013413456,4_of_4,down,True,True,True,True,down,3.0,-0.746314349362684,0.746314349362684,True,True,True,False,False
ARPC1A,-1.11119263372518,2.29856188734321e-05,-1.20428161094037,1.04531225997253e-05,1.08279948492982,True,True,True,-0.930388448670356,1.12250414503579e-06,-0.653051642980128,0.0001177992572741,0.701159268093157,True,True,True,-0.960698027294227,2.83708764788786e-06,-0.854428098595497,9.75859193841645e-06,0.888457784403969,True,True,True,-0.854948683048012,1.98222217973491e-06,-0.671436558933547,3.85988173620941e-05,0.784435530109794,True,True,True,4,4,0.836446657256882,4_of_4,down,True,True,False,True,down,2.0,-0.613709589314794,0.613709589314794,True,False,True,True,False
BDNF,1.90735556302947,0.0013962264330361,2.09084253226176,0.0006395353113729,1.09562524550854,True,True,True,5.1046632787543,1.32622927709172e-06,4.09939752684875,6.19476914846665e-05,0.802911845735533,True,True,True,2.04820646119669,3.44196593562259e-07,1.78010217711488,1.79814285606722e-06,0.868678784115945,True,True,True,1.63405706469122,1.71805053824903e-07,1.10685169586305,2.14285445222248e-05,0.676949887416974,True,True,True,4,4,0.835795314925739,4_of_4,up,True,True,True,True,up,3.0,1.42824463926104,1.42824463926104,True,True,True,False,False
CTNNBIP1,-1.79206672386229,7.35468856113646e-05,-1.83618478729947,6.99555091476929e-05,1.02404710480841,True,True,True,-0.785098409246586,1.88485747726561e-05,-0.39402674366229,0.0084535468424328,0.501243532651254,True,True,True,-0.95355475491265,0.0008351869311203,-0.918103904805418,0.0013533678434516,0.961813767183458,True,True,True,-0.797800329216402,3.02001766882464e-06,-0.566604064259312,0.0001209314623717,0.709318766574787,True,True,True,4,4,0.835566266879122,4_of_4,down,True,True,False,True,down,2.0,-0.665219373962787,0.665219373962787,True,False,True,True,False
NRBP2,0.69043312526659,0.0009377343055528,0.930251862920448,7.4611361968462e-05,1.34539672591153,True,True,True,1.49843482093719,2.3715600914755e-07,0.975527538568592,4.85705460928498e-05,0.650596828182808,True,True,True,1.416857812281,0.0002621550986406,1.32697309726623,0.0005456997479786,0.935899979372009,True,True,True,1.44171621792907,6.38082646248069e-08,1.05546521349763,3.10000425595423e-06,0.73158199816502,True,True,True,4,4,0.833740988768515,4_of_4,up,True,True,False,True,up,2.0,1.00124359573055,1.00124359573055,True,False,True,True,False
SCD5,2.57785332125056,5.03485148940357e-07,2.32569071186378,1.17466246667359e-06,0.901831326620773,True,True,True,2.05666054835659,3.72459090977718e-07,1.40100695353756,6.02611868429376e-05,0.680873701280085,True,True,True,1.69648077334304,0.0234437323453632,1.7563284753444,0.0215073495415299,1.0346676692458,True,True,True,1.71220585616702,4.19653695002756e-06,1.3093693616209,0.0001325618598965,0.764280227567264,True,True,True,4,4,0.833055777094019,4_of_4,up,True,True,False,True,up,2.0,1.24177849058122,1.24177849058122,True,False,True,True,False
TCF7,-2.84821243259998,1.06882733682686e-06,-2.55763047752635,1.86489364629194e-06,0.897662262126396,True,True,True,-2.07155383593607,8.95658508305326e-07,-1.57999983379725,3.19564389461287e-05,0.762344411229078,True,True,True,-0.904201887970231,0.024716507428666,-1.06045359438,0.0147189138753024,1.17151058617199,True,True,True,-1.74644144159801,0.0010604708824529,-1.24393658383454,0.0081255352027098,0.711861670567328,True,True,True,4,4,0.830003336677737,4_of_4,down,True,True,False,True,down,2.0,-0.515557200472336,0.594713804718065,True,False,True,True,False
SCARB2,0.664631834591432,4.1559597949866e-05,0.644734286602531,4.82050283999451e-05,0.96860494510193,True,True,True,0.780719837731746,5.97280311649293e-06,0.57097441919704,0.0003864075087476,0.730407994830719,True,True,True,1.18646822153949,3.75105760304228e-05,1.10377010665004,8.11246558305506e-05,0.92951549071272,True,True,True,0.705278508956432,1.15768157362295e-05,0.479647187816096,0.0006749351290303,0.679119046854198,True,True,True,4,4,0.82996174277172,4_of_4,up,True,True,False,True,up,2.0,0.960664416381942,0.960664416381942,True,False,True,True,False
PXDC1,1.68210703249163,7.61190073654386e-06,1.6799762748499,6.91649326059105e-06,0.998139893909721,True,True,True,1.53908502790061,1.04856525658164e-06,1.01802101849351,0.000228793850618,0.661016112779981,True,True,True,1.86339607172045,3.59162969681066e-06,1.63183368457086,1.53037978180767e-05,0.875261275928895,True,True,True,1.9374611622865,1.75155578824211e-08,1.51233388342945,3.58747891007593e-07,0.780172392850825,True,True,True,4,4,0.82771683438986,4_of_4,up,True,True,True,True,up,3.0,2.60956010122446,2.60956010122446,True,True,True,False,False
RFFL,-1.49449773695086,0.0001240304781363,-1.29074888794169,0.0003298874353212,0.86308983026171,True,True,True,-0.86486062865049,0.0020655736268901,-0.536755824346954,0.0463875169958463,0.619910187143547,True,True,True,-0.943338339139685,0.0004211523488344,-0.885768914376992,0.0008103323082302,0.937978347023323,True,True,True,-1.03415613999196,0.0001008112451379,-0.815741935099307,0.0010170317635984,0.788037575766727,True,True,True,4,4,0.825563703014218,4_of_4,down,True,True,False,True,down,2.0,-1.11404152468349,1.11404152468349,True,False,True,True,False
TMEM198,0.86921764962446,0.0011814124598786,1.17441994560996,8.78534589614498e-05,1.34957035876804,True,True,True,1.24472784347003,1.64711976697103e-05,0.665088040724084,0.0091126007994911,0.533895139464373,True,True,True,1.97340270402359,0.0003657081137202,1.7519339570763,0.0012127986018719,0.887323519921277,True,True,True,1.10478008546557,0.0064235250737616,0.840955763221115,0.0416100105686512,0.760509050827267,True,True,True,4,4,0.823916285374272,4_of_4,up,True,True,False,True,up,2.0,1.66733511386118,1.66733511386118,True,False,True,True,False
PROS1,2.08046663210995,3.1489651363647e-06,2.0431133374955,3.28571875085764e-06,0.981573908501444,True,True,True,2.73315739761758,1.68363739397983e-05,2.076854594159,0.0009056424155913,0.759595843300271,True,True,True,1.2570986398097,0.0001506278008765,1.11435871450575,0.0004457911148855,0.885748286536824,True,True,True,2.76063623088935,3.62727814787423e-06,1.99576440008316,0.0001609971547577,0.72267461505618,True,True,True,4,4,0.822672064918547,4_of_4,up,True,True,False,True,up,2.0,1.8282522231682,1.8282522231682,True,False,True,True,False
DAPK3,0.806052159232176,4.82654052542589e-05,1.01265329324241,6.82822817556658e-06,1.25475569535164,True,True,True,0.568925386899504,0.000270671297314,0.351181252416251,0.0186157899932193,0.616188119512871,True,True,True,0.853455322456962,0.0018541952767191,0.671001915305645,0.0102666464292471,0.78529783555704,True,True,True,0.764162311840049,1.14200181007213e-05,0.657385372272428,9.19668483049703e-05,0.859144997211845,True,True,True,4,4,0.822221416384443,4_of_4,up,True,True,False,True,up,2.0,0.727442106889561,0.727442106889561,True,False,True,True,False
TLCD2,1.82888821502646,6.24238044053412e-06,1.81209961548164,6.33920691629813e-06,0.990278859987869,True,True,True,3.1958426883319,5.62229940841048e-07,2.08708331203753,0.0001625108267785,0.652857683506022,True,True,True,1.57766139891284,0.0002125025383007,1.59769411814082,0.0002337769401216,1.012056239065,True,True,True,2.5196074913563,9.21246198680232e-06,1.62445593128062,0.0012616248950277,0.644470008460748,True,True,True,4,4,0.821568271746945,4_of_4,up,True,True,False,True,up,2.0,0.943290757804054,0.943290757804054,True,False,True,True,False
DNAJB2,0.748991158351492,0.0026749045425975,0.751363676231037,0.0025420079805622,1.00183004541355,True,True,True,1.77489920621316,3.53208574002813e-06,1.16140820223538,0.0006345383191349,0.653983175493338,True,True,True,1.40143568735046,8.14025668466056e-06,1.27696400442171,2.42871168791544e-05,0.91053302189864,True,True,True,0.973184291293252,2.67861990848793e-07,0.708536762595292,1.26906096468581e-05,0.727312859515209,True,True,True,4,4,0.818922940706925,4_of_4,up,True,True,True,True,up,3.0,1.15366200096053,1.15366200096053,True,True,True,False,False
MXD4,1.79093763855476,1.53235744951601e-06,1.87404765344827,1.09355409825694e-06,1.04582191540981,True,True,True,2.7289902323618,2.86979795210776e-07,1.68949418576935,9.00420062779744e-05,0.618864553338609,True,True,True,1.48393313678879,3.01015374362658e-05,1.4837493934953,3.730698738282e-05,0.999202830575894,True,True,True,2.31402602363372,2.84434760797133e-08,1.46887642464503,6.02531791487744e-06,0.634496722563596,True,True,True,4,4,0.816849776569745,4_of_4,up,True,True,True,True,up,3.0,1.28863275891177,1.28863275891177,True,True,True,False,False
MST1R,-0.987516498428425,0.0003407457731081,-0.854246568814607,0.0009535049958195,0.864170269462083,True,True,True,-0.690636923865211,0.0009449210447222,-0.770933769975774,0.0012384512138412,1.11465097274942,True,True,True,-1.81278052147783,8.00524695882617e-07,-1.10416341820929,2.78104460969104e-05,0.608763521900456,True,True,True,-1.60083414689989,5.3831687980262e-07,-1.2287681698084,9.84753679705592e-06,0.767100746470224,True,True,True,4,4,0.815635507966153,4_of_4,down,True,True,True,True,down,3.0,-1.5194940947841,1.5194940947841,True,True,True,False,False
SDF2L1,-0.855540007947936,3.72326802294368e-05,-0.90556508213462,2.44473233329576e-05,1.05723617546381,True,True,True,-1.1443952670541,2.98469875909665e-05,-0.636502017555164,0.0052873479680618,0.555705122819492,True,True,True,-0.982068712289853,0.0010025275275896,-0.910587328533098,0.0020273416241453,0.926270277091898,True,True,True,-1.1264189972507,1.75050510331586e-06,-0.794716171845137,6.06951617616009e-05,0.704898687873022,True,True,True,4,4,0.81558448248246,4_of_4,down,True,True,True,True,down,3.0,-1.55247341433532,1.55247341433532,True,True,True,False,False
GPR176,1.43273313372432,0.0008927787243538,1.25512361998738,0.0023248007460646,0.875423459543704,True,True,True,1.24929206004538,0.000352449492483,0.857313615159248,0.0133339745194312,0.685690681846073,True,True,True,1.11228408396279,0.004049977623071,0.838453844053558,0.0252469655901392,0.753135570814091,True,True,True,1.35692560550375,7.27934765190986e-05,1.31490812329521,0.000164749723019,0.968321178984926,True,True,True,4,4,0.814279515178898,4_of_4,up,True,True,True,True,up,3.0,3.85091235316733,3.85091235316733,True,True,True,False,False
HSPA14,-0.928360039178131,7.95198013004417e-06,-0.95235247945917,6.52379567941483e-06,1.02474007845374,True,True,True,-0.741299204011665,1.61308726527189e-05,-0.372030314369291,0.0081280796684669,0.501186465455842,True,True,True,-0.813261368191952,0.0016965217893748,-0.696770620768397,0.0051050727141294,0.855708803078254,True,True,True,-1.10214455730153,1.93560596137619e-06,-0.850523522755535,3.26521624665445e-05,0.770999156117901,True,True,True,4,4,0.813353979598078,4_of_4,down,True,True,False,True,down,2.0,-0.722772213440368,0.722772213440368,True,False,True,True,False
BDH2,1.27804435937873,4.67964556793322e-05,1.36718775216612,2.40696663478722e-05,1.06891347601908,True,True,True,1.17625376966748,2.77662149215967e-05,0.823383370050583,0.0022440901938048,0.699410264180467,True,True,True,1.23054687783659,0.0007350199875225,1.01393817434845,0.0037737724994861,0.823304571344938,True,True,True,1.56178015151769,5.80464646914984e-06,1.24916975784495,0.0001130400531162,0.799325328410284,True,True,True,4,4,0.811314949877611,4_of_4,up,True,True,False,True,up,2.0,1.2206711802622,1.2206711802622,True,False,True,True,False
GLMP,1.23601342800067,1.48652290754069e-05,1.1713639530391,2.10511930623346e-05,0.946929052283874,True,True,True,1.49806865434981,6.14316118917979e-07,0.919296226692146,0.0002587145160262,0.613244913116319,True,True,True,1.28442556316076,1.26920608624021e-05,1.31488565221007,1.48260302481156e-05,1.02291854922884,True,True,True,0.879055329990305,1.32096388002328e-06,0.591395145878565,0.000140496538907,0.671997686651225,True,True,True,4,4,0.809463369467549,4_of_4,up,True,True,False,True,up,2.0,0.636271486213208,0.636271486213208,True,False,True,True,False
SNRPG,-1.11979405679138,2.24913827534119e-05,-1.34849279898221,5.9045594421534e-06,1.2031584132795,True,True,True,-1.8151967865741,1.06903551898446e-07,-1.01855902235873,1.99541265951744e-05,0.560819747005523,True,True,True,-0.822049421134705,0.0006656314647052,-0.867898772049708,0.0005738614431779,1.0544916863597,True,True,True,-1.23772589696348,1.73747636695981e-06,-0.687693706452177,0.0004699733087285,0.555162129198992,True,True,True,4,4,0.807655716682611,4_of_4,down,True,True,True,True,down,3.0,-1.70313722684111,1.70313722684111,True,True,True,False,False
PIK3IP1,3.51678934531479,4.21208176328554e-05,3.35874364942443,5.84499268318719e-05,0.954788169421746,True,True,True,5.01705377741948,2.97805295095955e-05,2.69213938357972,0.0131787126759702,0.536490739835025,True,True,True,2.85195320594738,1.70712567016576e-05,2.60619597616894,4.85038755274009e-05,0.913508139823661,True,True,True,2.17938970279191,7.51011578757492e-06,1.52803029459524,0.0004438938846041,0.7008060497803,True,True,True,4,4,0.807157094801981,4_of_4,up,True,True,True,True,up,3.0,3.66508348201078,3.66508348201078,True,True,True,False,False
RFT1,-0.75960453240293,6.3477726112973e-06,-0.765271048847214,5.72275612845309e-06,1.00613527299074,True,True,True,-1.04470807969523,8.20054146265499e-07,-0.6355308293527,0.0002119660305809,0.607751667690972,True,True,True,-0.57667241143942,0.0027667136751646,-0.740603837292713,0.0006490583394705,1.28204813424845,True,True,True,-0.942489652579482,3.14837969949686e-05,-0.533195575442847,0.0035331379928453,0.565131344032339,True,True,True,4,4,0.806943470340856,4_of_4,down,True,True,True,True,down,3.0,-0.678354872663933,0.678354872663933,True,True,True,False,False
PNP,-1.02121166886919,2.75731617353733e-05,-1.17371187805021,8.69770905905958e-06,1.14820825646475,True,True,True,-2.39463756929,3.72459090977718e-07,-1.20664459628533,0.0001528278572429,0.503684118062544,True,True,True,-1.22866395195589,2.81024858509866e-05,-1.24547919549589,3.30349201473171e-05,1.01286143544734,True,True,True,-2.59385494962873,5.31707172024463e-09,-1.55567408125317,4.81398190686116e-07,0.599522559623518,True,True,True,4,4,0.806191997535429,4_of_4,down,True,True,True,True,down,3.0,-1.57644060181321,1.57644060181321,True,True,True,False,False
TMEM25,1.24743381661133,0.001294962650675,1.55322742207018,0.0001982196127045,1.24414077975408,True,True,True,0.780450041007691,1.80584803318359e-05,0.572853178241159,0.0010608468400863,0.73306436519276,True,True,True,0.861858764148125,0.0012603166586329,0.721471457368111,0.0053999293366965,0.836140846387993,True,True,True,1.68869217459348,6.17066784255007e-08,1.30800986703016,1.73679291514268e-06,0.774111336193441,True,True,True,4,4,0.805126091290717,4_of_4,up,True,True,False,True,up,2.0,0.669781034510793,0.669781034510793,True,False,True,True,False
ING4,0.973517500226249,0.0002477815500151,0.999434403276406,0.000197193433197,1.02556845109952,True,True,True,1.8954548012135,2.02870503933305e-07,1.2033435668412,4.69709031796116e-05,0.634522671498001,True,True,True,1.05391167528473,0.0007092551296983,1.02553990379593,0.0010509441662041,0.97215712729611,True,True,True,1.92521959677888,5.13767539823758e-07,1.15562295381189,0.0002238858206176,0.59994351409589,True,True,True,4,4,0.803339899397056,4_of_4,up,True,True,True,True,up,3.0,1.72944143479724,1.72944143479724,True,True,True,False,False
MAP2,3.15581702443495,0.0015538035360581,3.14965825807075,0.0015306780690901,0.997732283401671,True,True,True,4.03371790915744,9.2643064961829e-07,3.05123851224693,7.19571771911324e-05,0.756245809730999,True,True,True,4.66964418778435,0.0116699958141958,3.9633490348756,0.0310033165562099,0.848565824226428,True,True,True,3.33241470573634,3.34675133960989e-07,2.52558092039994,9.99579849486657e-06,0.75765578043853,True,True,True,4,4,0.803110802332479,4_of_4,up,True,True,True,True,up,3.0,2.31188638220849,2.31188638220849,True,True,True,False,False
NATD1,3.00365245324556,5.10533220755015e-05,3.15380046381792,3.00505085587153e-05,1.04963902244709,True,True,True,4.23830467712297,3.64490111167547e-06,2.6452859872725,0.0011687988127075,0.623990533529602,True,True,True,3.55760943731838,3.02247852429471e-06,3.48953182679604,4.89273194028462e-06,0.980588594579125,True,True,True,3.55845950505041,1.96896944582605e-06,2.06101127255364,0.0010337429007204,0.5790236606511,True,True,True,4,4,0.802289564054363,4_of_4,up,True,True,True,True,up,3.0,3.3896535072183,3.3896535072183,True,True,True,False,False
SLC7A7,1.73967060710809,1.35710408845209e-05,1.62002047034388,2.42472690035137e-05,0.930687554399132,True,True,True,6.19506870491063,5.0183529954334e-05,4.43328042315772,0.0026639953869727,0.715498912987225,True,True,True,3.36904630437014,4.52966750814227e-07,2.8803388174,2.83536442348257e-06,0.854688202255528,True,True,True,2.05641663288466,0.0056674431950061,1.53482217100029,0.0437270191964568,0.745994829860177,True,True,True,4,4,0.800341516057852,4_of_4,up,True,True,False,True,up,2.0,1.90347478837261,1.90347478837261,True,False,True,True,False
BBS12,0.580715119947684,0.004494527829865,0.498084535217509,0.0123097451358199,0.856234466214844,True,True,True,0.983976606837395,0.0033016752140532,0.731092171005791,0.0377493026195032,0.742243182153547,True,True,True,0.960477665389497,0.0018823855431634,0.84672829587846,0.0055920972685836,0.880653109643944,True,True,True,1.58560136164383,0.0001782084519664,1.08487027435981,0.0069903145519134,0.683769912585861,True,True,True,4,4,0.799238824184195,4_of_4,up,True,True,False,True,up,2.0,1.09555811973846,1.09555811973846,True,False,True,True,False
TAGLN,1.71695089936604,0.0005849584502708,1.38159576978276,0.0025613654282349,0.804211441836084,True,True,True,3.60039885675752,5.79800189671815e-05,2.80748419229713,0.0017229034128658,0.779553807829222,True,True,True,3.12030767348649,0.0046797924785332,2.47912146747142,0.0213551320628844,0.79425731994637,True,True,True,2.88368976840253,0.0001205978156362,3.00135933250569,0.0001407151845127,1.04044440597429,True,True,True,4,4,0.799234380891227,4_of_4,up,True,True,True,True,up,3.0,3.74488474513572,3.74488474513572,True,True,True,False,False
PHF21A,1.30644671379202,1.7325367394926e-06,1.26043076433276,2.17354827737564e-06,0.964039873316979,True,True,True,1.30167762249231,6.34663226921623e-06,0.729234848740244,0.0031931172078185,0.559796864664841,True,True,True,0.672971803083223,0.0074341586739548,0.76020531078985,0.0037293083823887,1.12794824251124,True,True,True,1.24256451839982,1.77720045370544e-05,0.780668027700915,0.0022852694525443,0.627766405482085,True,True,True,4,4,0.795903139399532,4_of_4,up,True,True,False,True,up,2.0,0.613456600140457,0.613456600140457,True,False,True,True,False
STK39,-1.15323236854383,2.65156056466383e-05,-1.1148589230263,3.25459711287778e-05,0.965887765245049,True,True,True,-1.65059248724026,5.40212965997556e-07,-1.23055041767713,2.64684920985725e-05,0.745069033181016,True,True,True,-1.13993355476894,2.33818735440406e-05,-0.947201906518822,0.0001140199949174,0.830199009012973,True,True,True,-1.05559489791639,6.97679465330577e-07,-0.800452940994983,1.66241681489125e-05,0.757577897237134,True,True,True,4,4,0.793888453125054,4_of_4,down,True,True,True,True,down,3.0,-0.978707000875692,0.978707000875692,True,True,True,False,False
OPTN,0.890721241367523,6.7337780803778e-05,0.798013653066458,0.0001626194451939,0.894913809435158,True,True,True,2.56994086943981,1.00563757848331e-06,1.58273537778363,0.0003805709041313,0.615624963062063,True,True,True,1.29845096052285,4.14221249372953e-05,1.11882518369901,0.0001837765457086,0.86099838908029,True,True,True,0.882472052013226,0.0001807708046956,0.636978775350481,0.0039353192619182,0.720994822528857,True,True,True,4,4,0.790996605804574,4_of_4,up,True,True,True,True,up,3.0,2.13367178580401,2.13367178580401,True,True,True,False,False
BCCIP,-0.723539943448555,0.0002475479347273,-0.793920996415038,0.0001123937930888,1.0957587688489,True,True,True,-1.56635973529553,2.22703985921481e-07,-1.01508991309077,2.52624637425979e-05,0.647643224610062,True,True,True,-0.905125023575007,5.81921505490818e-05,-0.798090986352435,0.0001912909390739,0.880773585971242,True,True,True,-0.830007809412577,1.06237493214255e-05,-0.582027961884431,0.0003871344623029,0.700388077334502,True,True,True,4,4,0.790580831652872,4_of_4,down,True,True,True,True,down,3.0,-0.780616988308178,0.780616988308178,True,True,True,False,False
HNRNPF,-0.611571471539667,0.0001684059705709,-0.56412782723193,0.0002955611754152,0.92091756381345,True,True,True,-0.575546225727624,6.4360874906458e-06,-0.302460923487214,0.003824160140691,0.524608279423729,True,True,True,-0.548728109642734,0.0005328245598999,-0.468565748580786,0.001883498491496,0.852359085085361,True,True,True,-1.17433781176704,2.32423035912917e-07,-0.851021905120114,1.03192539863214e-05,0.724065793340436,True,True,True,4,4,0.788212439212898,4_of_4,down,True,True,False,True,down,2.0,-0.571038490305428,0.571038490305428,True,False,True,True,False
MAGED2,1.71043464787101,7.86022694923829e-07,1.7339957204325,7.63071940392792e-07,1.01318254985053,True,True,True,2.53678399240592,8.53110132725971e-07,1.29502848515175,0.0011943741539113,0.510298941528121,True,True,True,2.29654769582772,5.21049739425109e-06,2.04975709616333,1.76943544425393e-05,0.892149964888925,True,True,True,1.47087387194683,4.6224115298608e-08,1.0017806586366,4.05019924640619e-06,0.680615831104847,True,True,True,4,4,0.786382897996886,4_of_4,up,True,True,True,True,up,3.0,1.75621271664624,1.75621271664624,True,True,True,False,False
NAA50,-0.619407483575858,0.0004734677541723,-0.755563419435448,8.77271114859061e-05,1.21785026686105,True,True,True,-1.117767011242,7.61368538547507e-07,-0.602396516247862,0.0005675702360153,0.538446799194688,True,True,True,-1.18533582562894,1.65834896818393e-05,-1.11667153530813,3.32033098435163e-05,0.941277765691787,True,True,True,-0.808159757223022,8.46183705499677e-07,-0.504187523504179,0.0001478573851579,0.623100097358418,True,True,True,4,4,0.782188931525102,4_of_4,down,True,True,True,True,down,3.0,-0.839056396506695,0.839056396506695,True,True,True,False,False
TUFT1,1.86965393906903,7.47468916197461e-06,1.93132890252634,5.22225322759304e-06,1.0324351619453,True,True,True,1.84062538824358,8.39196406121565e-07,1.11542238465065,0.0003208620766823,0.605672788706755,True,True,True,1.02780856479149,0.0002821741041838,0.65076818038535,0.0085753231074057,0.632545453698903,True,True,True,1.37050151616241,3.48888451112414e-08,1.272548591431,1.01185603036199e-07,0.927850663258259,True,True,True,4,4,0.780198058478581,4_of_4,up,True,True,True,True,up,3.0,1.63223543660861,1.63223543660861,True,True,True,False,False
CLSTN3,1.63515919600294,4.90453155407389e-05,1.48067447007708,0.0001146607097961,0.904969683692332,True,True,True,1.83077048810638,3.66470047195222e-06,0.940820431679594,0.0035067441166446,0.513612615656987,True,True,True,0.770565562515579,0.0050797056481112,0.640873145666985,0.0166432862815343,0.830613983829851,True,True,True,1.6066894839131,2.00341988347925e-06,1.15734815712517,0.0001032802860523,0.719882893248886,True,True,True,4,4,0.775248438539369,4_of_4,up,True,True,True,True,up,3.0,0.831452727638977,0.831452727638977,True,True,True,False,False
CCDC58,-0.939197882504322,6.142542802171e-06,-1.05742262569353,2.89260906125231e-06,1.12468092661192,True,True,True,-1.39121335901265,1.51946243156099e-06,-0.910075079610741,0.0001711975313923,0.653689374347163,True,True,True,-1.02854976459926,0.0013053761255685,-0.922681688592351,0.0030974557443122,0.896199212819493,True,True,True,-0.727840171227573,0.0006083331070854,-0.415804269221431,0.0251559567874698,0.570501305548374,True,True,True,4,4,0.774944293583328,4_of_4,down,True,True,True,True,down,3.0,-0.995707429513548,0.995707429513548,True,True,True,False,False
ORMDL3,0.972507535178188,4.60668271405886e-07,0.898711041362485,8.32350140475322e-07,0.923168038137463,True,True,True,1.16044769240874,1.63058743675031e-06,0.681274567762248,0.0007622590751246,0.586573611721889,True,True,True,1.00176875035597,1.57655823895276e-06,0.880647666840674,6.5584769849318e-06,0.878216105685439,True,True,True,1.15686836773301,1.2978710594508e-06,0.773157339761319,0.0001319499537208,0.667742000133472,True,True,True,4,4,0.772979052909455,4_of_4,up,True,True,True,True,up,3.0,1.0687195530401,1.0687195530401,True,True,True,False,False
CHAC2,-1.46560636087767,6.53970438828963e-05,-1.69652624163718,2.65843873857538e-05,1.1567700010669,True,True,True,-3.01988006311505,1.25679021841954e-06,-1.76899987185574,9.90593440711721e-05,0.58559089897518,True,True,True,-1.35501585552002,0.0014714701842131,-1.29593282569744,0.002366579508736,0.955691499049959,True,True,True,-1.56932113748412,3.83879712731154e-05,-0.880126489878064,0.0026633322460255,0.560475477830065,True,True,True,4,4,0.770641199012569,4_of_4,down,True,True,True,True,down,3.0,-2.52290508180348,2.52290508180348,True,True,True,False,False
SERBP1,-0.522344691463266,0.0001947948529933,-0.538766617927161,0.0001360907272153,1.02946800973709,True,True,True,-1.23016665289418,1.5267013694915e-07,-0.636986824617802,0.0001008227136538,0.517384728639618,True,True,True,-0.760373279115814,4.69276276419153e-05,-0.712543433424518,9.39944278256495e-05,0.935866089563844,True,True,True,-0.890909035899835,3.05782907830703e-07,-0.537192047134525,8.01739297287163e-05,0.602294657316213,True,True,True,4,4,0.769080373440028,4_of_4,down,True,True,False,True,down,2.0,-0.724660479134673,0.724660479134673,True,False,True,True,False
NEDD9,2.56368491013266,3.94425321758952e-07,2.50927009427846,5.46939032801558e-07,0.978393129060313,True,True,True,3.37131077893312,1.37029501906794e-07,2.35008114556591,1.17335097007396e-05,0.696875614266308,True,True,True,2.96618253571469,0.0014073495184267,2.27678899734739,0.0102752422338852,0.767323536702804,True,True,True,1.89760087206477,6.86725175785144e-08,1.46006774011691,1.59896435261933e-06,0.769023000884359,True,True,True,4,4,0.768173268793581,4_of_4,up,True,True,True,True,up,3.0,2.48984362249879,2.48984362249879,True,True,True,False,False
MOSPD1,1.50802879097349,2.04903528022228e-07,1.47403863620656,2.91492948287297e-07,0.9768127984196,True,True,True,1.1899629416123,7.50619256973699e-06,0.647790808551196,0.0045402246727337,0.543921885322671,True,True,True,1.24033513008123,1.15634903653013e-05,1.18648421547149,2.30201066430018e-05,0.955812968407532,True,True,True,0.99008277173362,1.04246600566456e-05,0.57477664963198,0.0026704103917997,0.579948179935133,True,True,True,4,4,0.767880574171333,4_of_4,up,True,True,False,True,up,2.0,0.837764098454595,0.837764098454595,True,False,True,True,False
SNRPA1,-0.88559466780315,0.0002105308878977,-1.03337041172528,6.8644881581123e-05,1.16554999624103,True,True,True,-1.39827359491039,2.38690522631843e-07,-0.719096148724575,0.0001504677782777,0.513906752289302,True,True,True,-0.972561666089332,4.12211505924061e-05,-0.908636980194614,8.9589623390582e-05,0.93331219977517,True,True,True,-0.764434800120038,3.26565390821751e-05,-0.460070704231377,0.0029958612176854,0.601057992345301,True,True,True,4,4,0.767185096060236,4_of_4,down,True,True,True,True,down,3.0,-1.51848036780855,1.51848036780855,True,True,True,False,False
IDUA,1.487187860491,0.0005662975224978,1.539390590721,0.0004232094454639,1.03440609320191,True,True,True,1.94686177718786,7.70475988980301e-07,1.19244755536585,0.000360254412307,0.612182840348864,True,True,True,1.69685312817631,0.0007231453553433,1.50960980401555,0.0022589361725562,0.889128617171407,True,True,True,0.793727273739225,0.0003861420079448,0.511833630593059,0.0145238999365805,0.644036825595352,True,True,True,4,4,0.76658272138338,4_of_4,up,True,True,False,True,up,2.0,2.30598343268767,2.30598343268767,True,False,True,True,False
WIPI1,1.37054880446748,3.17751265457575e-06,1.21616307523246,7.92085128994526e-06,0.88670783808138,True,True,True,2.36264724025523,1.84966211410599e-05,1.22165559833664,0.0126740036859081,0.516851913234195,True,True,True,2.15583385130482,1.41183192354584e-05,1.82831295183927,8.56394631278204e-05,0.847683724331939,True,True,True,1.53356232732759,1.89118789474788e-07,1.03921283933178,2.37280330082537e-05,0.677204712265776,True,True,True,4,4,0.762444218298858,4_of_4,up,True,True,True,True,up,3.0,1.75904079162717,1.75904079162717,True,True,True,False,False
GGT7,1.1397249765935,0.0002830001771994,1.3618893275793,5.84499268318719e-05,1.19388051942744,True,True,True,3.14832300354876,0.0001135394591562,2.05337762146329,0.0103750131970473,0.652006040393277,True,True,True,1.46288123315422,0.0002186447878815,1.27699307770726,0.0007842023900872,0.872333799208374,True,True,True,0.969521961291343,6.57664245796354e-05,0.622094060603113,0.004739852235591,0.640989163991071,True,True,True,4,4,0.762169919800825,4_of_4,up,True,True,False,True,up,2.0,1.06107601555512,1.06107601555512,True,False,True,True,False
EPPK1,1.81509345461607,0.0001427742593197,2.35709398393822,1.3089011737615e-05,1.29789245038412,True,True,True,2.08400313504892,7.70937962642904e-08,1.66947621614898,2.19026406914921e-06,0.800706813378393,True,True,True,1.95206742600063,0.002315792507743,1.4062019190419,0.0224503434329681,0.719996606528548,True,True,True,1.00019263014017,0.0003120042113798,0.673244496847911,0.0087283797080522,0.672442521629084,True,True,True,4,4,0.76035170995347,4_of_4,up,True,True,False,True,up,2.0,1.43366059463518,1.43366059463518,True,False,True,True,False
FSTL3,1.15887239528962,1.33257075682576e-05,1.13241294833688,1.38486708625427e-05,0.976325458676096,True,True,True,0.759270262058514,0.0001563885913019,0.404407401591254,0.0270575016590329,0.531925845022896,True,True,True,1.9062929103058,4.33220559313511e-06,1.73038471001035,1.3466906763063e-05,0.907246443721596,True,True,True,0.953533974941217,4.82294184753502e-05,0.58357101501631,0.0043316773670205,0.611367463428683,True,True,True,4,4,0.75930695357514,4_of_4,up,True,True,False,True,up,2.0,1.41245302405459,1.41245302405459,True,False,True,True,False
TTLL12,-0.742272632140102,6.142542802171e-06,-0.700943828745895,8.28479154182819e-06,0.943050770923275,True,True,True,-2.36842585083855,1.57585700414333e-07,-1.40266917260409,3.19806936107298e-05,0.591986945743704,True,True,True,-0.85284125976801,7.10547443018799e-05,-0.641187097729287,0.0007420195438098,0.75094414845155,True,True,True,-1.25338731791475,1.11911936511841e-06,-0.953529093186705,2.57648839445237e-05,0.760155240386055,True,True,True,4,4,0.755549694418802,4_of_4,down,True,True,False,True,down,2.0,-0.649325617360231,0.649325617360231,True,False,True,True,False
SCUBE3,0.815484706678627,0.0389248084183869,0.964932903228779,0.0161208241893486,1.18181381149688,True,True,True,2.70929256131577,1.5015652176526e-06,1.76609268297934,0.0004439538427859,0.651624370072415,True,True,True,1.50471758029619,0.0021357565972057,1.16542088837554,0.0149487728988312,0.773996998923457,True,True,True,2.17041325565971,3.05849097829582e-05,1.59743990869095,0.0010697821242184,0.735668304744516,True,True,True,4,4,0.754832651833987,4_of_4,up,True,True,True,True,up,3.0,2.48702675802331,2.48702675802331,True,True,True,False,False
NOC2L,-0.732754801184807,1.21477694617765e-05,-0.514935171499843,0.0001936097704011,0.701780990963695,True,True,True,-1.23911629306894,1.77611135403209e-07,-0.720264456418493,5.08854315061503e-05,0.580803962051043,True,True,True,-0.730342909122974,0.0003470377101209,-0.713068751798304,0.000494708255341,0.975012874129614,True,True,True,-0.553770765586976,0.0017893370930111,-0.447924649335307,0.0098033376541992,0.807404926720282,True,True,True,4,4,0.754592958841988,4_of_4,down,True,True,False,True,down,2.0,-0.777012108894624,0.777012108894624,True,False,True,True,False
PRMT5,-0.508337075272485,0.0005853505061034,-0.50687840885045,0.0005626478500987,0.995172810813508,True,True,True,-1.00284990244471,1.0587847723748e-05,-0.564050972228967,0.0031942287445677,0.561887759171281,True,True,True,-0.514685830392842,0.0064320935791588,-0.46818326980871,0.0120956305620558,0.907884689117897,True,True,True,-0.593206126315931,1.45281242692176e-05,-0.355929816052341,0.0019878825729967,0.59900058294434,True,True,True,4,4,0.753442636031118,4_of_4,down,True,True,False,True,down,2.0,-0.636812188841561,0.636812188841561,True,False,True,True,False
FOSL1,-3.07435490721897,3.57940685701156e-05,-2.70773438270872,7.02505845931709e-05,0.880462406583607,True,True,True,-3.35434458492083,1.97145510133516e-05,-2.07463682887462,0.0010285739397222,0.618308127933624,True,True,True,-1.64113336351567,0.000262108481896,-1.45205241095553,0.0007385348611106,0.884247554563295,True,True,True,-2.64922268271051,3.76719974049794e-05,-1.44202773112643,0.0017432006259314,0.544115685272001,True,True,True,4,4,0.749385267258615,4_of_4,down,True,True,True,True,down,3.0,-1.82047585469504,1.82047585469504,True,True,True,False,False
GEMIN6,-0.633552683581683,0.0001730712873613,-0.77281602140661,3.95613385623472e-05,1.21789103001584,True,True,True,-1.53869914426161,8.57001494919396e-07,-0.894416473857631,0.0002150460549253,0.580903403883207,True,True,True,-0.597141265457209,0.0054060921994686,-0.388932884775243,0.0495132157037153,0.650235834302369,True,True,True,-0.556610489503003,0.0114802747101404,-0.466197771168249,0.034108307727622,0.836063488661718,True,True,True,4,4,0.743149661482043,4_of_4,down,True,True,True,True,down,3.0,-0.751076990181673,0.751076990181673,True,True,True,False,False
PDSS1,-1.10662007512605,0.0003518676859952,-0.97553655669993,0.0008297746055271,0.88075015847732,True,True,True,-2.30334377122924,4.90852727356429e-06,-1.34476887200397,0.000513046285492,0.583579971354105,True,True,True,-0.985064057598732,0.0026531439035932,-0.851687449667979,0.007075053721728,0.86372426122296,True,True,True,-1.45914408647816,0.0002825158426301,-0.898106954078295,0.0073077236384012,0.615081047408487,True,True,True,4,4,0.739402654315723,4_of_4,down,True,True,True,True,down,3.0,-1.28822793184859,1.28822793184859,True,True,True,False,False
DDX39A,-0.733528260192459,0.0002166553381551,-0.713880302930947,0.0002537367911474,0.971889499178559,True,True,True,-1.25135259935515,2.31285684000138e-06,-0.62759448675145,0.0021924173678172,0.501132418357741,True,True,True,-1.15905913185355,3.66802329001268e-05,-1.08316289210335,7.808509429029e-05,0.933713517148618,True,True,True,-1.28105680953173,6.42466995598653e-08,-0.695937982122103,3.22758934827092e-05,0.542829285682195,True,True,True,4,4,0.738271401415407,4_of_4,down,True,True,True,True,down,3.0,-1.40496482277323,1.40496482277323,True,True,True,False,False
DRAM1,0.792618918012845,6.37021493357555e-05,0.463118612852846,0.0047019330941615,0.583552889606583,True,True,True,1.37159173025017,6.75974714753876e-06,0.937233709667129,0.0008645672305768,0.682820454918746,True,True,True,1.85705698634778,0.0003546987235757,1.45359477394788,0.0027941499167557,0.782319802152615,True,True,True,1.33894261579512,8.00878049030029e-07,1.32681720551902,1.53945085560752e-06,0.990204498221507,True,True,True,4,4,0.73257012853568,4_of_4,up,True,True,False,True,up,2.0,0.844260314094261,0.844260314094261,True,False,True,True,False
MRPL19,-0.664966639432913,0.0002124396521034,-0.703503711850233,0.0001335859890051,1.05636479396218,True,True,True,-1.73797589572008,1.40295060331357e-07,-0.924456657293342,5.07839559552479e-05,0.531609816771233,True,True,True,-0.957194894059185,4.07511458793363e-05,-0.776176947781204,0.0002398186054007,0.810040788772208,True,True,True,-0.600434119969865,2.44773341092067e-05,-0.393718192219291,0.001440675784562,0.654632284977477,True,True,True,4,4,0.732336536874842,4_of_4,down,True,True,False,True,down,2.0,-0.658046683728684,0.658046683728684,True,False,True,True,False
RALB,-1.59089242048726,2.87911211259475e-05,-1.63747743360696,2.18873841820782e-05,1.02863573727284,True,True,True,-1.427771903212,1.29331714668351e-07,-0.929030925469677,1.32015977100068e-05,0.650230399534829,True,True,True,-1.24259630837129,8.00524695882617e-07,-1.01078819275811,6.07412554378867e-06,0.812794462281668,True,True,True,-1.0497318733546,5.12020017914368e-06,-0.601774684080601,0.0012491307668907,0.572719548479439,True,True,True,4,4,0.731512430908248,4_of_4,down,True,True,True,True,down,3.0,-0.542675351732106,0.542675351732106,True,True,True,False,False
ARSD,0.735037901424115,0.000600762766332,0.944583944757328,7.12860112522505e-05,1.28333601154195,True,True,True,1.46817688614895,0.0001412275831715,0.807529299708477,0.0273538196266028,0.549647430014501,True,True,True,0.792185794986026,0.0009086877090621,0.528270672545512,0.0148337052175931,0.666011262285426,True,True,True,0.546263661770982,0.0001126564930599,0.43543232619833,0.0012616248950277,0.795653643052495,True,True,True,4,4,0.73083245266896,4_of_4,up,True,True,True,True,up,3.0,1.78157952642725,1.78157952642725,True,True,True,False,False
TBC1D9,1.47548000132526,1.35710408845209e-05,1.52532830269809,8.95467455160268e-06,1.03308429598029,True,True,True,2.32924468605261,6.37008653545712e-07,1.27587620357075,0.0006174261440152,0.547528854462087,True,True,True,1.39475425141897,0.0001428328786252,1.26081666062078,0.0003798591651998,0.903322815845979,True,True,True,1.54357239407325,6.08891784496093e-06,0.794661858059647,0.0048072089816391,0.514486637925733,True,True,True,4,4,0.725425835154033,4_of_4,up,True,True,True,True,up,3.0,1.8288304848645,1.8288304848645,True,True,True,False,False
HSPB8,1.01138101812727,0.0002765448443054,0.6622596607948,0.0067059231148913,0.654160487935527,True,True,True,2.73169306453787,9.04386942870213e-06,1.70043761278979,0.0024651655425143,0.62225708216424,True,True,True,2.039841552188,1.10283097912361e-05,1.60538489781033,0.0001130481911059,0.786628876744099,True,True,True,1.73818482822517,6.17066784255007e-08,1.49443538523909,5.11331109498449e-07,0.859273471678197,True,True,True,4,4,0.720394682339813,4_of_4,up,True,True,False,True,up,2.0,2.6137862807363703,2.6137862807363703,True,False,True,True,False
RPF2,-0.685234976487379,0.0001919495535562,-0.636279828164918,0.0003309578857753,0.927204018981711,True,True,True,-1.56840005150886,3.01974601538043e-07,-0.860992710161585,0.0001108954675743,0.548612642986602,True,True,True,-0.64071406801661,0.0015413672206116,-0.454963155119859,0.0139601901963566,0.70898111447992,True,True,True,-1.01888799042403,1.20654755044469e-06,-0.740443670460249,3.54365550213091e-05,0.726004892118007,True,True,True,4,4,0.717493003298963,4_of_4,down,True,True,True,True,down,3.0,-0.760169752393535,0.760169752393535,True,True,True,False,False
SDHAF3,-0.861356868445365,3.93375712073665e-05,-0.827986539893772,5.27842160363165e-05,0.960143729575025,True,True,True,-1.83820998590532,3.08435296646157e-06,-0.992633319719429,0.0007814814243711,0.539706356167277,True,True,True,-1.74838806447673,1.0518313941265e-05,-1.29734527367369,8.63178036096503e-05,0.741599476992972,True,True,True,-1.24448326038952,6.18798467953818e-06,-0.862910056520575,0.0001902420352479,0.692831516860936,True,True,True,4,4,0.717215496926954,4_of_4,down,True,True,False,True,down,2.0,-0.690474598266943,0.690474598266943,True,False,True,True,False
MLKL,-1.21699686404901,8.00125772717107e-06,-1.36730173555651,4.08770493271423e-06,1.12258231192087,True,True,True,-2.562543049381,2.22703985921481e-07,-1.73090141341777,1.1358364549258e-05,0.675198886882636,True,True,True,-1.08245737798643,0.0003664989051363,-0.810638569476113,0.0027669793458764,0.748196085925095,True,True,True,-1.48724511014764,2.82633745679516e-06,-1.0165857886916,0.0001020935271934,0.683076854585298,True,True,True,4,4,0.715636470255196,4_of_4,down,True,True,True,True,down,3.0,-1.58912477771625,1.58912477771625,True,True,True,False,False
ABHD4,1.49964160046959,2.33036980461727e-05,1.22452054322231,0.0001115728718596,0.815997999015305,True,True,True,2.27994316716233,2.49522742489266e-07,1.35985472086099,9.52043175242773e-05,0.596180887116427,True,True,True,1.55577268956331,4.35105428576525e-06,1.31031596941285,2.30201066430018e-05,0.841687407671833,True,True,True,1.92395664905148,4.3577864105961404e-09,1.18037759802114,8.95409648836778e-07,0.613196976982713,True,True,True,4,4,0.714597487999009,4_of_4,up,True,True,True,True,up,3.0,1.29695825555241,1.29695825555241,True,True,True,False,False
GPNMB,1.38705774677818,0.0117019131740489,1.15272256123993,0.0298195309200083,0.830457208221714,True,True,True,5.30173655938082,6.80043289649866e-07,3.16555957580995,0.0003192564075893,0.59696715844009,True,True,True,4.95078970200367,1.93907045672068e-07,5.14273487107732,2.25588439921818e-07,1.0385608397296,True,True,True,3.89880105517698,9.21246198680232e-06,2.29349032964592,0.0016103333029689,0.588104443584709,True,True,True,4,4,0.713712183330902,4_of_4,up,True,True,True,True,up,3.0,2.91761721967343,2.91761721967343,True,True,True,False,False
PNPT1,-0.841515680994146,4.5418920614746e-05,-0.706756398721771,0.0001672525839209,0.838864385156389,True,True,True,-1.87253593933085,7.70937962642904e-08,-0.964242034134178,2.34944967354936e-05,0.514664284731344,True,True,True,-0.552908108201233,0.0063763948635341,-0.404777288339029,0.035189384417065,0.730766136739733,True,True,True,-0.637444809108576,0.0001158417005404,-0.443264980677451,0.0030032562608116,0.694288643831808,True,True,True,4,4,0.712527390285771,4_of_4,down,True,True,True,True,down,3.0,-0.965352777550934,0.965352777550934,True,True,True,False,False
PUS1,-0.585547075395358,0.0013368590755137,-0.567295767591838,0.0016677909986189,0.967178580183792,True,True,True,-1.56674893083339,1.20508883208056e-06,-0.960157767418653,0.0002395723191187,0.612443579794533,True,True,True,-0.603807618812582,0.0058674997711345,-0.411883998690259,0.0439589684267947,0.681016551178555,True,True,True,-0.698138722660924,0.0021859762473097,-0.51414559197034,0.0173216958116513,0.735398534375982,True,True,True,4,4,0.708207542777268,4_of_4,down,True,True,False,True,down,2.0,-0.793086551379491,0.793086551379491,True,False,True,True,False
BTN3A1,0.860593568621888,0.0003076886162953,1.08593345728779,4.01556072248932e-05,1.26037785893032,True,True,True,2.04117055685888,2.835757625162e-05,1.13971330363655,0.0102703579068958,0.558089185944182,True,True,True,0.593894275371769,0.0060646075255472,0.452758780926339,0.0315760233908056,0.761074361731578,True,True,True,1.24293432901035,7.8112210544747e-06,0.79241404414288,0.0009898645891083,0.637022409995959,True,True,True,4,4,0.699048385863769,4_of_4,up,True,True,True,True,up,3.0,1.31936374712529,1.31936374712529,True,True,True,False,False
EEF2KMT,-1.15149226951111,6.32453746499297e-06,-0.96020140751125,2.10809056331221e-05,0.833152145930289,True,True,True,-1.64912598981935,9.8481994542271e-07,-0.914937150967229,0.0002992354442254,0.554465026677989,True,True,True,-0.506438116044295,0.0297312311570836,-0.463828093109348,0.0479725393426052,0.914058440712128,True,True,True,-1.29473209809172,2.03738861807961e-06,-0.715894888542265,0.0004624874734025,0.552502241471516,True,True,True,4,4,0.693808586304139,4_of_4,down,True,True,False,True,down,2.0,-0.831868810517764,0.831868810517764,True,False,True,True,False
YPEL5,1.93875056150043,1.3155615085847e-06,1.96096919030727,1.2249441100073e-06,1.01093884400808,True,True,True,2.52693794998055,4.61501426185249e-06,1.47065001761871,0.0020393559593603,0.581758748322927,True,True,True,0.99855605476833,0.0004663135259216,0.800704039396609,0.0027971473110491,0.80105966601562,True,True,True,0.860943796711922,3.49153980377515e-06,0.44228499466743,0.0026572980705768,0.513125097430511,True,True,True,4,4,0.691409207169273,4_of_4,up,True,True,True,True,up,3.0,1.86243238805823,1.86243238805823,True,True,True,False,False
HPDL,-1.87681306482764,5.65365187748712e-06,-1.99253176240218,4.23202847273519e-06,1.06109164949551,True,True,True,-1.70068692708122,6.75974714753876e-06,-1.08729304294837,0.0006486324102841,0.638950106300296,True,True,True,-0.903605581393886,0.0084048484964941,-0.660787636288179,0.0392944571504485,0.730470439138775,True,True,True,-3.10360797113418,0.0004721568515242,-1.81850609718009,0.0069256507196645,0.585744195108715,True,True,True,4,4,0.684710272719536,4_of_4,down,True,True,False,True,down,2.0,-1.08918431734202,1.08918431734202,True,False,True,True,False
ADORA2B,-1.11535932622274,9.98611470084559e-05,-0.965750627393993,0.0002847349065516,0.865089406886276,True,True,True,-2.78083858977143,7.66286732156189e-07,-1.67790560829872,6.60051332883852e-05,0.603164257792752,True,True,True,-0.883192832714525,0.0004113573898241,-0.665103329318669,0.0032140346680362,0.752215246166113,True,True,True,-3.46628231300265,2.48374673625397e-08,-2.12972761126632,2.11505534041693e-07,0.614235421003831,True,True,True,4,4,0.683225333584972,4_of_4,down,True,True,True,True,down,3.0,-1.55010167666629,1.55010167666629,True,True,True,False,False
BOLA2,-0.546099346574501,0.0006752342639203,-0.615420174946653,0.0002959742908254,1.12487828545203,True,True,True,-0.963593219632275,8.0473505349859e-06,-0.600372088616861,0.0012034181769315,0.622409608939338,True,True,True,-0.736280602103065,0.000889520993197,-0.523964242668203,0.008664008648485,0.71067140675289,True,True,True,-1.12423316567868,2.44773341092067e-05,-0.638365431599154,0.0026697167271891,0.567318357714889,True,True,True,4,4,0.666540507846114,4_of_4,down,True,True,False,True,down,2.0,-0.568004498755342,0.568004498755342,True,False,True,True,False
MAP1LC3B,0.605792805523168,6.17075897894024e-05,0.415629946873241,0.0011398624945852,0.68496188994016,True,True,True,0.97161742549616,1.4402687998754e-05,0.54673588325246,0.0052803869497212,0.562128406216406,True,True,True,0.874066110573417,0.0031060338678322,0.582216147389835,0.0346324444620415,0.665339613036,True,True,True,0.883478113921933,1.75838801606576e-05,0.589522970267514,0.0011574088153105,0.666520698464165,True,True,True,4,4,0.665930155750083,4_of_4,up,True,True,True,True,up,3.0,0.705656943958099,0.705656943958099,True,True,True,False,False
TELO2,-0.719583297651235,0.0002475863697725,-0.539349092827043,0.0019937745471467,0.748489584181411,True,True,True,-0.8814389569834,8.69349193546743e-06,-0.459064973169456,0.0044420160528176,0.520222922544989,True,True,True,-0.625075336648898,0.0018541952767191,-0.668980438469559,0.0013672307186667,1.06853025396323,True,True,True,-1.01049345200978,1.43239924137193e-05,-0.557050077980235,0.0029690103518611,0.5507203994978,True,True,True,4,4,0.649604991839606,4_of_4,down,True,True,False,True,down,2.0,-0.677753451315076,0.677753451315076,True,False,True,True,False
CCPG1,1.01720802795933,9.00943038580897e-05,0.62879354732532,0.0037192116885435,0.617549194328721,True,True,True,1.04230715807956,0.0003208117353555,0.597423929844441,0.0315124548050305,0.572625161456894,True,True,True,1.06219709105135,9.51221590576876e-05,1.12881577795554,7.24227743251877e-05,1.06171827166993,True,True,True,1.41852365218326,1.14559180185074e-06,0.967541211888257,8.80743385083586e-05,0.68159569613381,True,True,True,4,4,0.649572445231265,4_of_4,up,True,True,True,True,up,3.0,0.926172404732305,0.926172404732305,True,True,True,False,False
GPRC5A,1.92123881839358,1.69506957607508e-05,1.84828775031237,1.9580057592002e-05,0.961528678240401,True,True,True,1.35076910793909,2.05545749220312e-06,0.815558168238471,0.0006823041040437,0.603326532207762,True,True,True,0.974772706587263,0.0033259559254425,0.63496488887605,0.03751134492143,0.650730323352476,True,True,True,1.46008270740946,3.36086669169946e-07,0.80545917098989,0.0001948752508291,0.551275548540295,True,True,True,4,4,0.627028427780119,4_of_4,up,True,True,True,True,up,3.0,1.83442883174619,1.83442883174619,True,True,True,False,False
HMGA1,-1.33942608852734,3.57419640228583e-05,-1.47729325687621,1.38486708625427e-05,1.10210721017765,True,True,True,-2.95447888286201,2.2305628901794e-07,-1.75950725668458,6.04507606761221e-05,0.595337448319278,True,True,True,-1.95720955564921,6.62770744901926e-06,-1.18569462263033,0.0004257057743257,0.605499354862066,True,True,True,-3.49323671016229,2.31804517530288e-07,-2.13617511892853,2.64571075334651e-05,0.611342417849338,True,True,True,4,4,0.608420886355702,4_of_4,down,True,True,True,True,down,3.0,-2.02929662695752,2.02929662695752,True,True,True,False,False
COQ3,-0.788138488329811,0.0010902104760518,-0.96060244558416,0.0003015319295383,1.21727993221728,True,True,True,-1.8808570500014,2.96166691043237e-06,-0.839125476654451,0.0024717823546925,0.445902879102229,True,True,False,-0.971964828747297,0.0003592241678647,-1.07756974170999,0.0002628279593813,1.10751150490956,True,True,True,-1.0401606661452,0.0046535998166955,-1.22325294804241,0.0025545837204974,1.17489354699826,True,True,True,4,3,1.14120252595391,3_of_4,down,False,True,True,True,down,3.0,-1.60255057971801,1.60255057971801,True,False,True,False,False
ZNF138,-0.616554694622552,0.0025828350459208,-0.762424229999583,0.0006601015503251,1.23458575675726,True,True,True,-0.56460180217243,0.0133949266078346,-0.431968314439919,0.0688929475079712,0.763732210153441,True,True,False,-0.545048574869078,0.0399664074177448,-0.559439831498084,0.0407670863457432,1.02452392927171,True,True,True,-0.920550928084507,5.45483822775875e-05,-1.01161807964172,4.62812065274747e-05,1.097734318107,True,True,True,4,3,1.06112912368935,3_of_4,down,False,True,False,True,down,2.0,-0.607391432323521,0.607391432323521,True,False,True,False,False
TOM1L2,0.576610014539958,0.0001090221628131,0.636153475911422,4.50240335354857e-05,1.10135465088515,True,True,True,1.54001231987808,1.55555311092698e-06,0.65089457377842,0.0067088833183212,0.42238116164439,True,True,False,0.720926563740223,0.0011935250357704,0.745666126717166,0.0010350681650081,1.03288362579976,True,True,True,0.648052716788388,9.16575940543597e-05,0.69058676510388,8.51927933401617e-05,1.06399179487455,True,True,True,4,3,1.04843771033716,3_of_4,up,False,True,True,True,up,3.0,1.17825697433256,1.17825697433256,True,False,True,False,False
ZNF516,0.700188046985624,0.001010517952692,0.829963921113924,0.0002482332904442,1.18365383534688,True,True,True,0.781221583260552,0.0056624260610225,0.151420127326624,0.626686302410556,0.193577025445215,True,True,False,0.579666142687212,0.0158624361930006,0.745449590778954,0.0036409355764038,1.28378346174818,True,True,True,1.46329528161489,8.56787151585372e-05,1.24388155415617,0.0006398802536292,0.84947453548055,True,True,True,4,3,1.01656418541371,3_of_4,up,False,True,False,True,up,2.0,0.671449118801966,0.671449118801966,True,False,True,False,False
LAYN,2.26752343490829,0.0122046997123819,2.60477049749284,0.0045226489118745,1.14822287370293,True,True,True,0.784601442819833,0.0041336147669102,0.463775593452353,0.10058983613291,0.590344630462591,True,True,False,3.55978216340773,7.19348156226021e-05,3.56368319672106,8.99382414068015e-05,1.00081471799739,True,True,True,2.58615477772224,4.92070539289832e-07,2.60748657367493,7.18773399251997e-07,1.00785874742701,True,True,True,4,3,1.0043367327122,3_of_4,up,False,True,False,True,up,2.0,2.65136831492522,2.65136831492522,True,False,True,False,False
CMTM3,1.31570247245053,0.0001258069141935,1.42894416011088,5.81155314360411e-05,1.08524453322508,True,True,True,-0.721289848818337,0.0080309128086975,-0.342535409762511,0.199761090517063,0.474235392236091,True,True,False,1.58650129749187,0.0002977092595553,1.43711867597583,0.0007732693900963,0.905270867019994,True,True,True,0.625722574388813,0.0007273664965479,0.736530729434634,0.000260680152286,1.1752101480514,True,True,True,4,3,0.995257700122537,3_of_4,up,False,True,False,True,up,2.0,0.850708940719185,0.850708940719185,True,False,True,False,False
NUDT5,-0.648944579564464,0.0003571322155203,-0.782638095366234,8.24281439384831e-05,1.20416127770569,True,True,True,-0.928548274648088,1.24460869893016e-06,-0.446508057592905,0.0017107330289147,0.480349509294658,True,True,False,-0.568210664379325,0.0140752492107992,-0.65506117057086,0.0077007215225122,1.15082378381851,True,True,True,-0.905192105624523,1.59073756824219e-05,-0.739465888243599,0.0001556087902066,0.816014489261059,True,True,True,4,3,0.983419136539785,3_of_4,down,False,True,True,True,down,3.0,-0.94577006868452,0.94577006868452,True,False,True,False,False
GTF3C6,-0.657233686859325,0.0020871613879812,-0.731033367748626,0.001033331069081,1.11059853414166,True,True,True,-1.43099401610695,6.42697582619395e-07,-0.533049265393287,0.0030279718836968,0.372242662607241,True,True,False,-0.59528458192294,0.0010913912099451,-0.638156446004231,0.0008474183491161,1.07022127579798,True,True,True,-1.39021518082044,3.52695620052429e-07,-1.23844116868856,1.54399324675741e-06,0.890186640975421,True,True,True,4,3,0.980203958386701,3_of_4,down,False,True,True,True,down,3.0,-0.76633830475125,0.76633830475125,True,False,True,False,False
RIBC2,-2.27595650179082,5.99443744157323e-07,-2.25688080346349,7.46915657734043e-07,0.991183099759903,True,True,True,0.735131648595666,0.0461715524746942,0.757022135004937,0.0618126105537638,1.02837873694077,True,True,False,-1.2507190388596,0.0198785804157727,-1.20921857938531,0.0264215532876653,0.966046326567813,True,True,True,-1.98863094384612,8.21735454567012e-06,-1.14931260967242,0.0005001447256806,0.57765115346,True,True,True,4,3,0.978614713163858,3_of_4,down,False,True,False,True,down,2.0,-1.41826274144345,1.41826274144345,True,False,True,False,False
MAML2,1.06111619417515,2.77232756196619e-06,1.01581347438112,3.74830595194683e-06,0.956405221907017,True,True,True,0.949903758618961,2.71477486404224e-05,0.0500701026958268,0.803131532681387,0.0526552789827498,True,True,False,0.797025564687774,0.0033630181080285,0.767265930742074,0.0049856864758732,0.961455327615056,True,True,True,0.772514600331387,2.85849591861137e-05,0.809330876781726,3.08255384441635e-05,1.04630329722929,True,True,True,4,3,0.958930274761037,3_of_4,up,False,True,False,True,up,2.0,0.891274769167775,0.891274769167775,True,False,True,False,False
BTD,0.929394788226132,2.71902828929599e-05,0.945819396286265,2.17392034283846e-05,1.01657856240741,True,True,True,0.511094881143128,0.000456844187347,0.585659847383371,0.0005008565487895,1.14365495330871,True,True,True,0.606368860916593,0.0183931378369592,0.501554850000482,0.0523062201933114,0.825782950485106,True,True,False,1.12936061971716,0.0005527038224047,1.01217628989739,0.0021103708358702,0.895445464254282,True,True,True,4,3,0.956012013330846,3_of_4,up,False,True,False,True,up,2.0,1.06049201835065,1.06049201835065,True,False,True,False,False
ACTL6A,-0.821970910340299,3.83226484772967e-06,-0.939120306888732,1.51676765660597e-06,1.14113426743165,True,True,True,-1.06187834368433,6.52201790309768e-07,-0.446887110630954,0.002486909351457,0.42044991629228,True,True,False,-0.749651367620969,0.0002978185869285,-0.747196934682814,0.0003689543227602,0.99539808613271,True,True,True,-0.671176267936314,2.06779644009991e-05,-0.615979352002546,7.93791689926321e-05,0.91639556673683,True,True,True,4,3,0.95589682643477,3_of_4,down,False,True,True,True,down,3.0,-0.95422555270274,0.95422555270274,True,False,True,False,False
ZBTB47,1.08552973879521,0.0003921682332665,1.06922518544847,0.0004440536326362,0.984073557557727,True,True,True,1.24379119443119,4.51573568223473e-05,0.479051576390747,0.0738236505343325,0.384844927031839,True,True,False,2.46761027946171,3.05300638335316e-05,2.50180390519392,3.46253211177521e-05,1.01344628028506,True,True,True,1.46071080264331,5.89578544616059e-05,1.31367685714881,0.000284639435007,0.898725558279517,True,True,True,4,3,0.941399557918622,3_of_4,up,False,True,True,True,up,3.0,0.906903066202833,0.906903066202833,True,False,True,False,False
RDH11,-0.700678207210329,0.0013962264330361,-0.736604212387916,0.0009219496750072,1.04977496068524,True,True,True,-1.13139902944461,0.0002583621713722,-0.385317318586313,0.137030942563992,0.340266380107455,True,True,False,-0.861723579403645,1.95556462223187e-05,-0.874637098406401,2.2901732383383e-05,1.0138091960011,True,True,True,-0.524041796962246,0.000215307946368,-0.449619713255944,0.0011383014499663,0.856350324597633,True,True,True,4,3,0.935079760299367,3_of_4,down,False,True,True,True,down,3.0,-0.668482751405313,0.668482751405313,True,False,True,False,False
DNAJC9,-1.17520654869621,5.67572185163768e-06,-1.38743710540853,1.88906551954872e-06,1.17958627840192,True,True,True,-0.90461044872217,6.77939687524133e-06,-0.165596826235291,0.236307630513793,0.182856576433002,True,True,False,-0.680347989439186,0.0008374589999544,-0.920799787886123,0.0001318915822722,1.35143832837025,True,True,True,-1.27157431737565,2.75697096982615e-07,-0.869965943691152,1.54311129518889e-05,0.683626827771621,True,True,True,4,3,0.931606553086771,3_of_4,down,False,True,True,True,down,3.0,-0.97745368177131,0.97745368177131,True,False,True,False,False
KRT17,3.75633760466775,7.82183297354689e-07,3.65455768367196,9.357587272362e-07,0.972645545380829,True,True,True,6.38408119043382,0.0009744184250881,5.29550687959458,0.0086582719956028,0.829356232388768,True,True,True,6.22851039841366,0.0373677389026136,5.53717591109324,0.0648186689589492,0.888862134735866,True,True,False,0.981483991649336,0.006350579019861,1.58825593258113,0.0001665615133984,1.61657181804546,True,True,True,4,3,0.930753840058347,3_of_4,up,False,True,True,True,up,3.0,4.90288365240586,4.90288365240586,True,False,True,False,False
L1CAM,1.59882531037298,6.28483844496345e-05,1.79936016990367,2.15307714351425e-05,1.12472290458023,True,True,True,-0.801531704891724,0.0104557307197886,-0.615367024057297,0.0561650353559162,0.766782197271971,True,True,False,3.45067757974002,1.23410851194913e-05,3.01468445266554,5.42555376513687e-05,0.873396886882061,True,True,True,4.75389972217037,2.36479932524839e-06,4.65286043762692,5.12916124182082e-06,0.978540181600954,True,True,True,4,3,0.925968534241507,3_of_4,up,False,True,True,True,up,3.0,2.75956926208628,2.75956926208628,True,False,True,False,False
TXN,-0.5812894156071,0.0005388652835102,-0.707384821520655,0.0001040018745126,1.21483372797208,True,True,True,-0.894723535773543,1.55176832858737e-06,-0.359618664597203,0.0070739673541141,0.401483996160308,True,True,False,-1.03546131655682,1.2636522873195e-05,-1.02589540417445,1.8533059275539e-05,0.989805782219185,True,True,True,-0.745048660706099,7.42690590916709e-05,-0.638690177848788,0.0004616333905613,0.856097211198394,True,True,True,4,3,0.92295149670879,3_of_4,down,False,True,True,True,down,3.0,-0.746720477149437,0.746720477149437,True,False,True,False,False
ZNF862,0.677804203385166,0.0419383933219201,0.699158717430392,0.0364170790560693,1.02998583972185,True,True,True,1.33717781147319,5.21657288118184e-05,0.646151622439129,0.0294366265156097,0.482859315779407,True,True,False,0.941874894374963,0.0059040758805155,1.13531398050499,0.0017725675984976,1.20409821841486,True,True,True,1.25358942292369,0.0019487665421714,1.01535221619771,0.0118338506401453,0.809310358947183,True,True,True,4,3,0.919648099334516,3_of_4,up,False,True,True,True,up,3.0,1.99625924847373,1.99625924847373,True,False,True,False,False
TFAM,-0.654477562206941,6.03713567794951e-05,-0.753037313607697,1.82669649998787e-05,1.14883766741348,True,True,True,-1.67186311613387,1.96917473035746e-07,-0.834816147081446,0.0001576775064547,0.499034343593382,True,True,False,-0.58505434062053,0.0018252694104106,-0.569975168254532,0.0024738410870658,0.972563683516152,True,True,True,-1.17719886719329,1.31560549754958e-06,-1.01536997103188,8.48102025310007e-06,0.861798461452181,True,True,True,4,3,0.917181072484166,3_of_4,down,False,True,True,True,down,3.0,-0.978199746592154,0.978199746592154,True,False,True,False,False
GLRX5,-0.988969918116114,2.29004778487316e-06,-1.04089957982281,1.63642231131944e-06,1.05144566594873,True,True,True,-0.891709893383337,5.42504703770813e-06,-0.444362003929679,0.0037833287737542,0.497767535929913,True,True,False,-0.590403708083923,0.0003262300614205,-0.689264222525706,0.0001313535496866,1.16547159428344,True,True,True,-0.68454168608052,1.03122702934687e-05,-0.535902782323574,0.0001666012675299,0.781721656326279,True,True,True,4,3,0.916583661137504,3_of_4,down,False,True,False,True,down,2.0,-1.07034699021102,1.07034699021102,True,False,True,False,False
RAB40B,0.758950843364874,0.0009396872444458,0.98854527778855,9.63879005619947e-05,1.30080160634011,True,True,True,1.37833676016309,7.60652045835576e-05,0.865121568854721,0.0095510284002275,0.627201125816752,True,True,True,1.05596367921753,0.0051129208923615,1.27051431916217,0.0014888742454122,1.2020416066735,True,True,True,1.77697922841542,2.78794151311049e-06,0.770519708152757,0.0111346357191972,0.433368228288844,True,True,False,4,3,0.914621366245126,3_of_4,up,False,True,False,True,up,2.0,0.713386440818502,0.713386440818502,True,False,True,False,False
ANKRD6,1.34110610415462,5.48485548102777e-05,1.29204876958075,7.48781079958821e-05,0.962702401532254,True,True,True,0.629597717656435,0.0085582165146191,0.12441245946534,0.646003138634187,0.197292911125192,True,True,False,1.20157802591252,0.0208552592071769,1.04073559813462,0.0482454480128903,0.865420434856946,True,True,True,0.883680450050771,0.0230086915215752,0.867358600872806,0.0312348079443187,0.980420219326684,True,True,True,4,3,0.9140614181946,3_of_4,up,False,True,False,True,up,2.0,0.892307552667077,0.892307552667077,True,False,True,False,False
TMEM63C,1.63004166653877,0.0005945086060099,1.55679690856637,0.0008635234593211,0.954480158603211,True,True,True,6.02722272082171,0.0146403150119279,4.59085318419947,0.0850800682420707,0.761559981575082,True,True,False,3.2552544763838,2.38018376264349e-05,3.55666017493155,1.44181832976196e-05,1.0922549821356,True,True,True,3.43707516765805,0.0013145736938397,2.99941809899283,0.0055083940960909,0.872412019146159,True,True,True,4,3,0.913446088874685,3_of_4,up,False,True,False,True,up,2.0,1.00986186257202,1.00986186257202,True,False,True,False,False
FAM228B,1.07634083353106,0.0011090567154412,1.44056942235329,8.60258284597449e-05,1.33715290232871,True,True,True,1.31047539518497,1.61288164002643e-05,0.646156452458574,0.0154360569400028,0.492694300503778,True,True,False,1.17256309447071,0.0041972541751665,1.23235742105958,0.0033743693441168,1.05009899072822,True,True,True,0.96832399640131,0.0016201640014092,0.750844128189593,0.013864265274156,0.774605942880977,True,True,True,4,3,0.912352466804599,3_of_4,up,False,True,True,True,up,3.0,2.12305089078901,2.12305089078901,True,False,True,False,False
ITGB3,0.912169855111968,0.0159852346735502,0.785344221751088,0.0338919277586045,0.860019871828547,True,True,True,1.71673944089228,0.0192103358605197,1.31900468023701,0.0994126172066651,0.767872384389016,True,True,False,3.27152497470771,5.48246451059748e-06,3.1516572133018,1.08838698512766e-05,0.963065900996919,True,True,True,5.00280662474876,0.0004131967037944,5.36640459272204,0.0003235359418657,1.07246442462022,True,True,True,4,3,0.911542886412733,3_of_4,up,False,True,False,True,up,2.0,3.4878168714714,3.4878168714714,True,False,True,False,False
DHCR24,-0.986833129227016,6.82624771299861e-05,-1.01888171938434,4.86568166358304e-05,1.0314310071597,True,True,True,-1.28461626651866,9.42962575568998e-06,-0.545489825445598,0.0157005125407748,0.424302211827747,True,True,False,-1.16541530806821,1.10056084944921e-05,-1.21641450549036,1.08838698512766e-05,1.042865690356,True,True,True,-1.10107178566261,9.01230341108635e-07,-0.863390423401453,1.84792267985676e-05,0.783424850026759,True,True,True,4,3,0.907427928593229,3_of_4,down,False,True,True,True,down,3.0,-1.21212292234013,1.21212292234013,True,False,True,False,False
TCP1,-0.695809246684108,0.0002822799856678,-0.835872540666739,5.74463530701513e-05,1.1995715393336,True,True,True,-1.11483936700238,1.31878008092074e-06,-0.545927334459551,0.0017785022469993,0.48925262058655,True,True,False,-0.625085703502258,0.0006305134049188,-0.6508310963743,0.0005329915618892,1.03952397049417,True,True,True,-0.505861902716124,0.0001313323153976,-0.389028502924515,0.00175851234636,0.767523660468119,True,True,True,4,3,0.903523815481144,3_of_4,down,False,True,True,True,down,3.0,-0.831456430568781,0.831456430568781,True,False,True,False,False
GAL3ST4,0.76834924108342,0.0469535965865859,1.04465973930477,0.0086803317623693,1.35784853421529,True,True,True,3.00903724772158,0.0006596472289076,0.756098512475236,0.432484412256933,0.251192410674505,True,True,False,2.29864779041275,0.0029828364376912,1.90776076537417,0.0126412392623725,0.829588241002661,True,True,True,1.53711249909395,0.0021533924764279,1.50062193822796,0.0035331379928453,0.975625605481995,True,True,True,4,3,0.902606923242328,3_of_4,up,False,True,False,True,up,2.0,1.984861936344585,1.984861936344585,True,False,True,False,False
SRSF3,-0.621849574272591,0.0014106418311133,-0.695622335546402,0.0005649422016593,1.11683842179518,True,True,True,-1.06026892280435,3.87055199093438e-07,-0.452988145737208,0.001483063383825,0.426836342800098,True,True,False,-0.59865045285904,0.0032987949436778,-0.701329631262976,0.0012112892507838,1.16956408173986,True,True,True,-0.780693921704125,6.44763306346678e-06,-0.535529350965692,0.0003803767489622,0.685088288518626,True,True,True,4,3,0.900963355156903,3_of_4,down,False,True,True,True,down,3.0,-1.33075937339867,1.33075937339867,True,False,True,False,False
FAM210B,0.755899301992472,1.22265127317906e-05,0.785736232846751,8.01163831427897e-06,1.0380987679317,True,True,True,0.760902336116412,0.0002261499204406,0.618539189402316,0.0034521322237398,0.811835270850001,True,True,True,1.48884604716751,2.98677985986874e-06,1.47306351158217,4.62734184399086e-06,0.988735389393255,True,True,True,0.954690158910097,2.85462895955828e-05,0.273734873834587,0.136078086034106,0.286426381272738,True,True,False,4,3,0.900285330121628,3_of_4,up,False,True,True,True,up,3.0,1.12308408340032,1.12308408340032,True,False,True,False,False
PGRMC2,1.27034388072527,7.96608043760886e-07,1.28438154310021,7.77019090228972e-07,1.01025502428777,True,True,True,0.939535465251436,0.0001083742313013,0.427687125068819,0.0458147175557227,0.454727270655854,True,True,False,0.78841039441023,3.83679331403353e-06,0.793418215018938,4.90773437969949e-06,1.00507697977768,True,True,True,2.3837067750717,5.31707172024463e-09,1.86993282527726,9.21250511309929e-08,0.784135326332118,True,True,True,4,3,0.894606153054899,3_of_4,up,False,True,False,True,up,2.0,0.578144022332133,0.578144022332133,True,False,True,False,False
HNRNPAB,-0.78116427476531,8.86655220555457e-05,-0.845506108931763,4.26355043528519e-05,1.08098277588229,True,True,True,-1.33376259387022,6.78792428187605e-06,-0.540090378783964,0.0162784380680475,0.404634038490651,True,True,False,-0.540443211525647,0.0204302544548182,-0.784419870152174,0.0024081393723228,1.44875741989983,True,True,True,-0.644354013437224,0.0002105930513238,-0.450854219096475,0.0049174871759833,0.698615348644347,True,True,True,4,3,0.889799062263319,3_of_4,down,False,True,True,True,down,3.0,-0.963937711466633,0.963937711466633,True,False,True,False,False
SLC39A13,1.00298739208274,4.81602337849756e-05,1.1364193520857,1.51915585298343e-05,1.13190599906662,True,True,True,1.15998782226742,1.1701215071525e-05,0.540671032194485,0.0138779912699089,0.465699141562527,True,True,False,0.778463301943963,0.001031139233682,0.726572333211161,0.0020683569550076,0.93214437600732,True,True,True,1.84209799199352,6.69062475397796e-08,1.55412441732946,6.88600899779432e-07,0.843213124902001,True,True,True,4,3,0.88767875045466,3_of_4,up,False,True,True,True,up,3.0,1.24846647141558,1.24846647141558,True,False,True,False,False
ACTBL2,2.8934584523584,3.84208863992974e-06,2.95621310512428,3.07941921464094e-06,1.02133547735521,True,True,True,4.37089053494089,8.61083154741781e-05,3.80761200368557,0.0010435283455068,0.870930315673389,True,True,True,2.49003518644275,0.0197164589412881,1.73629206037795,0.114807702370342,0.697016272522995,True,True,False,0.848469249832926,0.0137939335119977,0.750237649281495,0.0337259024365006,0.883183999219574,True,True,True,4,3,0.877057157446481,3_of_4,up,False,True,True,True,up,3.0,3.49423351231969,3.49423351231969,True,False,True,False,False
EDIL3,1.79538623865383,1.53235744951601e-06,1.91738796076089,9.357587272362e-07,1.06735841073785,True,True,True,1.87547810305849,0.0356912102185709,1.13759665308631,0.262975212832096,0.606240302635096,True,True,False,1.85130371568629,1.78251023513386e-07,1.57866184052733,9.55639683312008e-07,0.852269434628017,True,True,True,4.69245928197639,7.054663119534161e-09,4.23163741446158,2.76362710383192e-08,0.901603094909489,True,True,True,4,3,0.876936264768753,3_of_4,up,False,True,False,True,up,2.0,1.7300642882714,1.7300642882714,True,False,True,False,False
DCLRE1A,-0.885898328185581,7.88831088714811e-05,-0.834347115439895,0.0001250445439127,0.940747196070157,True,True,True,-0.645892910094628,0.0013951939043856,-0.355964991283078,0.0611775277933877,0.550268809146489,True,True,False,-0.673726012215239,0.0018960064888155,-0.63209832052684,0.0034064668261993,0.936822219809719,True,True,True,-1.03489360820868,1.89217603582652e-06,-0.844135158320897,1.98898816443714e-05,0.814885960905405,True,True,True,4,3,0.875854090357562,3_of_4,down,False,True,False,True,down,2.0,-0.564192155611388,0.564192155611388,True,False,True,False,False
HNRNPA3,-0.763797007558496,2.03015638621193e-05,-0.844348757673402,7.83295770134374e-06,1.10401681665683,True,True,True,-0.765510719466073,2.74018283738057e-06,-0.327776423476541,0.0073613414744054,0.427621447622885,True,True,False,-0.797261803235079,0.0001471116989962,-0.841648365512642,0.0001131856361672,1.05435129440208,True,True,True,-1.11202972467859,5.13767539823758e-07,-0.76662658543459,3.81430216106461e-05,0.688774583855763,True,True,True,4,3,0.871562939128921,3_of_4,down,False,True,False,True,down,2.0,-0.657712978653535,0.657712978653535,True,False,True,False,False
TOMM5,-0.803431494526903,8.02139478523863e-06,-0.928607906183029,2.86169352186103e-06,1.15436542763552,True,True,True,-1.51263960627446,2.05790136414401e-07,-0.673347590485739,0.0003081645247787,0.444853310982697,True,True,False,-0.6223654439915,0.0038311962701442,-0.701875032928996,0.0020523779277019,1.12594472422916,True,True,True,-0.643306500944769,0.0004997292425522,-0.397520249415003,0.0164354819604158,0.616973829741133,True,True,True,4,3,0.871459276985147,3_of_4,down,False,True,True,True,down,3.0,-1.05647405193715,1.05647405193715,True,False,True,False,False
ACYP1,-1.41855439760868,2.58924089010085e-05,-1.57171226547296,1.34768384440364e-05,1.10718706385652,True,True,True,-0.87536771731339,5.75208000376501e-05,-0.435237470630845,0.0157005125407748,0.49663795463064,True,True,False,-0.700916540472556,0.0088190397670695,-0.664857496864058,0.013733332049327,0.947203062655357,True,True,True,-0.680824504982199,0.0086340235800464,-0.542059910506038,0.0329965279470152,0.795013829138027,True,True,True,4,3,0.871108445896692,3_of_4,down,False,True,True,True,down,3.0,-1.2540158049322,1.2540158049322,True,False,True,False,False
ZNF511,-0.595013012431358,0.00337534008077,-0.766123860384657,0.0006262857019132,1.28541465438708,True,True,True,-1.18708546406176,6.50644994438161e-05,-0.59146067585673,0.0150531484571315,0.497826708387356,True,True,False,-0.750646378259111,0.002421581434895,-0.737019980418042,0.0032961161450846,0.980540852368709,True,True,True,-1.24142186596323,8.36859497645036e-05,-0.942932823616033,0.0009181220300209,0.758947382888333,True,True,True,4,3,0.869744117628521,3_of_4,down,False,True,True,True,down,3.0,-1.19190178459012,1.19190178459012,True,False,True,False,False
ARPC5L,-0.587471541010621,0.0002679652337016,-0.685643199413322,7.78838874006428e-05,1.16512550162718,True,True,True,-0.965413769282762,1.03646523352526e-06,-0.36107179623557,0.0067015726293722,0.373620293617655,True,True,False,-0.838176372870207,1.89254132975188e-05,-0.891076532969744,1.66684188501086e-05,1.06184654594364,True,True,True,-0.519708940697513,0.0004279770625681,-0.352488477179144,0.0096601134337109,0.676939552270737,True,True,True,4,3,0.869393049107188,3_of_4,down,False,True,True,True,down,3.0,-0.62663078828633,0.62663078828633,True,False,True,False,False
YPEL1,2.81732909074227,8.02485142719876e-06,2.88518260613859,6.15066561958242e-06,1.02372097552976,True,True,True,2.8478421787413,0.0001130450375296,2.03478564518343,0.0056214366373364,0.714250041777483,True,True,True,2.17123037173181,0.0026930328213696,2.24180599514841,0.0024053906788892,1.03202957859443,True,True,True,1.61649523373381,0.0001850950237456,-0.166331741749569,0.734819262130676,0.102832909971308,False,True,False,4,3,0.868985508653622,3_of_4,up,False,True,True,True,up,3.0,2.82432443214976,2.82432443214976,True,False,True,False,False
ACAT2,-1.22418200814235,7.21624765930736e-05,-1.3978246350783,3.00314329005773e-05,1.14091182027535,True,True,True,-1.12212778349004,0.0059770588404381,-0.162327042417457,0.676578021334297,0.144531232156894,True,True,False,-1.69941043717858,4.49890893572519e-05,-1.94014105651677,2.95612831928282e-05,1.14098397310238,True,True,True,-2.10635165719711,7.87974477937578e-08,-1.25182187155538,9.49351772435282e-06,0.59402609302539,True,True,True,4,3,0.86746895665037,3_of_4,down,False,True,True,True,down,3.0,-1.49860662774626,1.49860662774626,True,False,True,False,False
ADCY9,0.921931801498427,7.29808719704636e-05,0.87329305498728,0.0001098690164919,0.946216235662748,True,True,True,1.04491827697928,0.0003136375590202,0.829620301689372,0.0051718290637103,0.793198015513603,True,True,True,1.59145462056121,5.64298817377894e-06,1.48961922479776,1.39575094345682e-05,0.93542334303554,True,True,True,1.33200425973125,0.0002266175998664,0.598810720509254,0.0614854294748408,0.449218909945555,True,True,False,4,3,0.864310679274572,3_of_4,up,False,True,True,True,up,3.0,1.18936948453173,1.18936948453173,True,False,True,False,False
USP13,-0.755465212762691,0.000267376451823,-0.744280495784358,0.0002953337982896,0.983892561385826,True,True,True,-1.16339129332275,1.75327585206322e-05,-0.263518545940597,0.176834125503036,0.226314424928935,True,True,False,-0.826546294737387,0.0005732766912104,-0.75603596183844,0.0012742598015763,0.91358751364884,True,True,True,-0.859138981043306,0.0058067896427579,-0.699329666470824,0.0219389387065926,0.813042638321742,True,True,True,4,3,0.863315075985291,3_of_4,down,False,True,False,True,down,2.0,-1.26357689454529,1.26357689454529,True,False,True,False,False
GOT1,-0.925819033665702,3.40147066798251e-06,-0.99671059592732,2.01464352498231e-06,1.07541014990293,True,True,True,-1.0410698471734,7.17961822226589e-06,-0.392921930455196,0.0188816690528187,0.377059111268781,True,True,False,-1.05088533104588,3.03160740150564e-05,-1.12681542530023,2.57244340603735e-05,1.07123408991724,True,True,True,-0.684229839530926,0.0001814887270042,-0.446567706124756,0.0061258095106949,0.651704990591848,True,True,True,4,3,0.861469540254544,3_of_4,down,False,True,True,True,down,3.0,-1.21677728817993,1.21677728817993,True,False,True,False,False
HMGB2,-1.05658783108235,9.19636639805434e-05,-1.6129574709346,3.78996740956958e-06,1.52512862150076,True,True,True,-0.833604828926167,0.0001998839328649,-0.176068647146059,0.361019562854019,0.210960494168953,True,True,False,-0.93167088736845,0.000101965296579,-1.10776734660128,3.46253211177521e-05,1.18773659776909,True,True,True,-1.82380987269443,5.7521115887572e-07,-0.974443063810174,0.0001948752508291,0.533997036289242,True,True,True,4,3,0.860866817029166,3_of_4,down,False,True,True,True,down,3.0,-2.12328951244986,2.12328951244986,True,False,True,False,False
PDCD2L,-0.667833461866313,0.0096264957426873,-0.675621123212339,0.0093090753455823,1.01014850741332,True,True,True,-1.70678261521756,2.30661531329027e-06,-0.697475052459572,0.0035571061589018,0.408409739181423,True,True,False,-0.589673619898825,0.0189736967030341,-0.752219650409214,0.0068174667116181,1.27349457478406,True,True,True,-0.769640004978206,0.0024605188070246,-0.546166558742432,0.0219125519644576,0.70871815012754,True,True,True,4,3,0.85943332877043,3_of_4,down,False,True,True,True,down,3.0,-0.933163456681632,0.933163456681632,True,False,True,False,False
HNRNPH3,-0.751803922341468,2.12234996169097e-05,-0.816588041671024,9.543609177003e-06,1.08472872873877,True,True,True,-0.969845166643376,7.46572217145167e-07,-0.348018896179132,0.0078942688066582,0.358470030172145,True,True,False,-0.606899281387462,0.0030681782931293,-0.73812401458215,0.0009035377642081,1.21422090333363,True,True,True,-0.993809970130337,1.37658099498208e-06,-0.625766119612155,0.0001853699818475,0.62903080829615,True,True,True,4,3,0.85687976851746,3_of_4,down,False,True,False,True,down,2.0,-0.715839475193822,0.715839475193822,True,False,True,False,False
HNRNPM,-0.591180190339212,0.0013576818361014,-0.653469282685341,0.0005885811032887,1.10349737013496,True,True,True,-1.18472224648649,2.99952174134563e-07,-0.496248650318927,0.001261776248122,0.41852014819609,True,True,False,-0.714783115002104,0.0003292359256012,-0.728212874120834,0.000328770366526,1.01736525891463,True,True,True,-0.939675027026022,1.32096388002328e-06,-0.650579402669047,8.51927933401617e-05,0.691609093446307,True,True,True,4,3,0.854487176180469,3_of_4,down,False,True,True,True,down,3.0,-0.853046834280466,0.853046834280466,True,False,True,False,False
XRCC6,-0.695518177659906,0.0002637954434886,-0.805048532230757,7.13921201023182e-05,1.15581840941392,True,True,True,-1.06176187577002,5.85215605669504e-07,-0.469400259937283,0.001755093224548,0.441679618585472,True,True,False,-0.702077018430893,8.43418371698487e-05,-0.729725008524094,7.58504980449362e-05,1.03790195013439,True,True,True,-0.783382582184348,2.02445310986941e-06,-0.522035200580907,0.0001877854350323,0.665536451774775,True,True,True,4,3,0.851719200954583,3_of_4,down,False,True,True,True,down,3.0,-0.954722079985686,0.954722079985686,True,False,True,False,False
ASAP3,0.877969182294836,0.0007877575141442,0.853916616852543,0.0009697115594963,0.971497788606325,True,True,True,0.911382580103631,0.0002446851228633,0.427824465443698,0.0667487818886013,0.468909068162069,True,True,False,1.59960555290999,0.0001131914614092,1.68357218254516,9.06868277525031e-05,1.05183452567957,True,True,True,2.24513354011686,7.98667341195438e-08,1.64308475019598,4.73763777502259e-06,0.731516947167128,True,True,True,4,3,0.851507367886726,3_of_4,up,False,True,False,True,up,2.0,0.669925000767623,0.669925000767623,True,False,True,False,False
NUTM2A,1.60524702306644,0.0004914381662355,1.70118286843054,0.0002921335308971,1.05910413778253,True,True,True,2.46720548480249,0.0001436910099848,1.65845870500371,0.0097421660871824,0.671928944010277,True,True,True,1.5064671365406,0.002071836881688,1.54351235406955,0.0020249286448977,1.02391111332063,True,True,True,0.617013018270892,0.0433170826926323,0.257350770257094,0.445566451806088,0.41641642271084,True,True,False,4,3,0.847920028665454,3_of_4,up,False,True,False,True,up,2.0,1.30528977134472,1.30528977134472,True,False,True,False,False
PDE5A,1.13901060620818,3.80140188790342e-05,0.981386893672505,0.0001276321694286,0.860857687049704,True,True,True,1.44786520818066,0.0002727989260401,0.679371831432804,0.0747687930010302,0.468899265160692,True,True,False,1.20150721616903,0.0024412061923864,1.05871322605625,0.0065519980116351,0.880421515830166,True,True,True,2.15426944436897,4.5486935487956e-08,1.79332442790219,5.30026593920259e-07,0.832065073157128,True,True,True,4,3,0.846461380103416,3_of_4,up,False,True,False,True,up,2.0,0.622956914122489,0.622956914122489,True,False,True,False,False
PCDHGB1,0.596829079930231,0.0239133929622125,0.627329072018429,0.0185765451689043,1.04934519426797,True,True,True,2.46259979958518,0.0035370747546888,1.01776551776117,0.271807393312107,0.413121286149049,True,True,False,1.61364741499929,0.0106699387214221,1.3004652156149,0.0407625619073888,0.805417457417768,True,True,True,1.35924902923894,0.0009783489641483,1.20113091749966,0.0038417961072902,0.883022808089555,True,True,True,4,3,0.844220132753662,3_of_4,up,False,True,False,True,up,2.0,0.938105243549938,0.938105243549938,True,False,True,False,False
CUL7,1.06787792724455,2.02309158460845e-05,1.28182050260923,4.30038860448983e-06,1.19922066864419,True,True,True,1.91019333212728,6.95074092965715e-07,0.933940362666783,0.0014186326581147,0.488668700841085,True,True,False,1.15262599937725,0.0001335118506556,1.21540936858186,0.0001047634529078,1.05355580512052,True,True,True,1.03942247327422,1.85636935334717e-05,0.66049911712593,0.00173004322962,0.634837418541463,True,True,True,4,3,0.844196611830992,3_of_4,up,False,True,True,True,up,3.0,1.5592949484797,1.5592949484797,True,False,True,False,False
XRCC4,-1.01550112459693,2.05010865424811e-05,-1.17842007894113,7.52319620829922e-06,1.1592904822495,True,True,True,-0.822141174350568,0.000281528577987,-0.461598525417553,0.0222673162966965,0.560776862828833,True,True,True,-1.13823137173365,1.96106244087116e-05,-1.27813384420575,1.49676543422226e-05,1.12192648123859,True,True,True,-0.631317805667302,0.0044030656935773,-0.0598529347871564,0.779402870694175,0.0946564120932701,True,True,False,4,3,0.841351672033712,3_of_4,down,False,True,False,True,down,2.0,-0.750300455934448,0.750300455934448,True,False,True,False,False
SLC45A3,-0.960041195928318,9.06430807816758e-05,-1.19027873973219,2.15687946863731e-05,1.23853040304109,True,True,True,-3.56913401611871,9.27960580790231e-08,-2.4136132052266,2.0337617228765e-06,0.676056751463513,True,True,True,-0.54317043055873,0.0059650952129636,-0.546936062495326,0.0068237633214049,1.00508228999829,True,True,True,-1.57457541864854,1.79554391138772e-05,-0.383890248727825,0.0925580182657699,0.24365082380957,True,True,False,4,3,0.840569520730902,3_of_4,down,False,True,True,True,down,3.0,-1.24080674243295,1.24080674243295,True,False,True,False,False
SAT2,1.17522826120245,6.3477726112973e-06,1.15217843635403,6.78411973629385e-06,0.97955343733721,True,True,True,0.528914264215266,0.0010306639042855,0.106226912443666,0.511729010669858,0.200460564315954,True,True,False,1.07452830276831,0.0005069935355655,1.21247873801009,0.000224795087994,1.12733317653221,True,True,True,0.535632348398625,0.0019487665421714,0.376084479757008,0.0258904643107707,0.700823349317813,True,True,True,4,3,0.840188393327511,3_of_4,up,False,True,False,True,up,2.0,0.787472567810084,0.787472567810084,True,False,True,False,False
FANCM,-0.793070854827817,0.0001435376715606,-0.956747255141813,3.67198025782641e-05,1.2048638346628,True,True,True,-0.672567966384478,0.0178985937533316,-0.133563146695794,0.643960295569569,0.198292011142874,True,True,False,-0.943176676484801,0.002554049838227,-0.789834205667737,0.0082859390593536,0.836532214085519,True,True,True,-0.673868736524652,0.0009542406801592,-0.568836240945303,0.0043171663635071,0.842884267946118,True,True,True,4,3,0.839708241015819,3_of_4,down,False,True,False,True,down,2.0,-1.23088949831028,1.23088949831028,True,False,True,False,False
CACFD1,1.35699960687158,0.000286534942564,1.57329545032561,7.35263448764026e-05,1.15853895860103,True,True,True,2.07156609811826,1.18094005125487e-06,1.10891067965898,0.0014534911643853,0.535042371225598,True,True,True,1.31911729451018,0.003033770943931,1.50881336051942,0.0012569868726527,1.14293886368579,True,True,True,0.707653339110653,0.0023783825928529,0.0094837562235223,0.971974173652627,0.0133827863358752,True,True,False,4,3,0.838990617455694,3_of_4,up,False,True,True,True,up,3.0,1.40688683160069,1.40688683160069,True,False,True,False,False
PRIM1,-2.34105211713118,9.83469979922089e-07,-2.49255466234288,8.8497387577885e-07,1.06426097186772,True,True,True,-1.49500113125523,1.65843962059554e-06,-0.580793282917892,0.0046576911029182,0.38823051051477,True,True,False,-1.6436766264804,1.14157076041484e-06,-1.46559318166913,3.46167933753066e-06,0.891113279092129,True,True,True,-1.72661552091078,5.42883166935402e-07,-1.34863432787639,5.52844691033178e-06,0.780633370997619,True,True,True,4,3,0.835873325044874,3_of_4,down,False,True,True,True,down,3.0,-1.98287804794571,1.98287804794571,True,False,True,False,False
PPIA,-0.561706754910652,0.0008695209759904,-0.638446811666011,0.0002930468279364,1.13459951581243,True,True,True,-1.0215341002829,3.23228446150367e-07,-0.43520956844606,0.001278312345482,0.425618635432943,True,True,False,-0.57892245122285,0.0004635696045128,-0.645616848949699,0.0002261578772722,1.11328134923613,True,True,True,-0.717323341538831,3.70267805461149e-05,-0.397528763877425,0.007104414231162,0.553412009452202,True,True,True,4,3,0.833346679344166,3_of_4,down,False,True,True,True,down,3.0,-0.765564717292277,0.765564717292277,True,False,True,False,False
TUBA1C,-1.3111610326288,8.00125772717107e-06,-1.52618607561642,2.27584465350576e-06,1.16310882404337,True,True,True,-1.3670458275496,2.59626146591278e-07,-0.535049628374056,0.0017391792018834,0.391105047505916,True,True,False,-0.843931733605391,0.0033588170319565,-0.98887050577253,0.0012084010167676,1.17035550499795,True,True,True,-1.58543036136667,2.06816397047821e-05,-0.797420376693214,0.0079607145434921,0.50265072839772,True,True,True,4,3,0.832879776220545,3_of_4,down,False,True,True,True,down,3.0,-1.27634320839881,1.27634320839881,True,False,True,False,False
CMSS1,-1.47810629363886,0.0001680709888053,-1.60157957000809,9.84621442974419e-05,1.08280221434791,True,True,True,-2.25430220121399,6.85732484460406e-07,-0.960417266463961,0.0013139744547802,0.425848591797137,True,True,False,-1.54468803655552,1.06032192568513e-06,-1.38712704035969,3.28947010106799e-06,0.897417206806378,True,True,True,-1.32753958529044,8.21735454567012e-06,-1.02031836602384,0.0001161863205731,0.767999973294572,True,True,True,4,3,0.832708590050475,3_of_4,down,False,True,True,True,down,3.0,-1.14077237848134,1.14077237848134,True,False,True,False,False
GPRIN2,-0.956836768677441,0.0179199434914747,-0.716351910839337,0.0594730739665781,0.747885166100336,True,True,False,3.90164640378735,1.87561226726699e-07,3.28079716645876,5.02553135924095e-06,0.840659600438023,True,True,True,1.48869532922998,0.0054050037792671,1.22639230711474,0.0214246722872304,0.823250421110375,True,True,True,1.36998683175108,1.80963911643208e-07,1.15467760499005,2.12303570486088e-06,0.84222370211627,True,True,True,4,3,0.831955010774199,3_of_4,up,False,True,False,True,up,2.0,1.43781936149117,1.43781936149117,True,False,True,False,False
DAZAP1,-0.639984499530834,4.83939820305305e-05,-0.649827355074395,3.88903625499656e-05,1.01379574006865,True,True,True,-0.763343008998621,6.0461172220176e-06,-0.324946112116959,0.0121147307573327,0.425131267364735,True,True,False,-0.794658480332356,1.99497162531191e-05,-0.773588011715944,3.14308414317144e-05,0.972261379521534,True,True,True,-0.750873338613115,4.05716836686143e-05,-0.516892463428871,0.0014882669233228,0.687472792135863,True,True,True,4,3,0.829867085828699,3_of_4,down,False,True,True,True,down,3.0,-0.881688022560438,0.881688022560438,True,False,True,False,False
RMI1,-0.850488317639977,0.0001324731222195,-0.910808213341814,7.84546633362587e-05,1.06966612984926,True,True,True,-1.09017783677445,6.41253134411753e-06,-0.248867123273557,0.115026565855923,0.228072010708369,True,True,False,-1.15618715111967,1.94744160227665e-05,-1.19203343816592,2.30201066430018e-05,1.03011292254026,True,True,True,-0.987049754909559,5.35841967034793e-05,-0.620763347065383,0.0029138977685735,0.628271343604761,True,True,True,4,3,0.82919213307251,3_of_4,down,False,True,False,True,down,2.0,-1.13183053929496,1.13183053929496,True,False,True,False,False
KCTD7,0.859730816612777,0.0003263145143795,0.83022343950345,0.0004339144922193,0.964556425167415,True,True,True,0.745895208562078,0.0052209891065873,0.523143669073896,0.062064037962616,0.700424454564452,True,True,False,1.64966162540048,5.55002780603729e-05,1.57563264150769,0.0001086164978801,0.954546114880095,True,True,True,1.61505853513842,5.94726045259796e-06,1.11408188290864,0.000477695812319,0.689382134795765,True,True,True,4,3,0.827485284722274,3_of_4,up,False,True,False,True,up,2.0,1.23824095269541,1.23824095269541,True,False,True,False,False
HMGB3,-1.44570852894188,0.0002972329765234,-1.4725958247657,0.0002593116263132,1.01789392632029,True,True,True,-0.95829409226736,1.46970144270514e-05,-0.144085915867889,0.378483517111923,0.150199940799522,True,True,False,-1.15055534182827,9.03388198844626e-06,-1.06279945966442,2.27791134996729e-05,0.922925213457013,True,True,True,-1.25798137729748,3.63166483343113e-07,-0.917658090394851,1.3113226363686e-05,0.728889328263687,True,True,True,4,3,0.82590727086035,3_of_4,down,False,True,True,True,down,3.0,-1.37391342576306,1.37391342576306,True,False,True,False,False
TMEM217,3.02228648879679,1.3155615085847e-06,2.44288868629552,7.49066125799533e-06,0.808024213169339,True,True,True,0.735774066292641,0.0485724859265621,0.809827779663996,0.0489597869619835,1.0991534809836,True,True,True,1.70603035466845,0.0089639200291688,0.907008883082817,0.17306672934163,0.531337290284438,True,True,False,1.15623252756254,0.0112720046094298,0.971087922036953,0.037828675123824,0.839146756514302,True,True,True,4,3,0.82358548484182,3_of_4,up,False,True,True,True,up,3.0,1.45818945559387,1.45818945559387,True,False,True,False,False
PBXIP1,2.33558040601828,1.39310797090403e-06,2.47969123242051,9.357587272362e-07,1.06124797847043,True,True,True,2.79726929976107,6.96940651583104e-07,1.81864461698283,0.0001799083244219,0.649917653436042,True,True,True,1.16557125631989,0.0010289970568685,1.15790948863494,0.0012097440369774,0.992575020481582,True,True,True,1.89228646682614,1.73108520131734e-07,0.940831310517247,0.0003216062628258,0.496930246427227,True,True,False,4,3,0.821246336958812,3_of_4,up,False,True,True,True,up,3.0,2.58909286935672,2.58909286935672,True,False,True,False,False
NME1,-0.660843287023972,0.0006460608994094,-0.847751030153652,8.24281439384831e-05,1.28089390158451,True,True,True,-2.31968141948896,4.14468978054994e-07,-1.07626925521741,0.0006576549792113,0.463772944523517,True,True,False,-0.85145003285436,0.0008464330166085,-0.855429613536287,0.0009486611908144,1.00349531417337,True,True,True,-1.17268471753644,1.36783904985491e-06,-0.749878186127154,0.0001476334679319,0.638909389312954,True,True,True,4,3,0.821202351743162,3_of_4,down,False,True,True,True,down,3.0,-1.35670799913694,1.35670799913694,True,False,True,False,False
DLGAP4,0.877497857776322,7.9961229631961e-05,0.893599095301211,6.31385095808803e-05,1.01718983989684,True,True,True,1.32226885621229,2.05379723107999e-06,0.571124325866618,0.0071027583043167,0.431601124129376,True,True,False,0.97692233394132,2.69265753667328e-05,0.878119705894749,7.79927740568327e-05,0.897944218489891,True,True,True,1.44085608224623,2.62323088018793e-08,1.07285043451807,8.15942268027074e-07,0.744075950247895,True,True,True,4,3,0.821010084368893,3_of_4,up,False,True,True,True,up,3.0,1.06933296791738,1.06933296791738,True,False,True,False,False
NDRG2,0.879077029382026,0.0061091564495441,0.925221692465426,0.0043150351329516,1.05129626336811,True,True,True,1.57438967898858,3.72046813499548e-06,1.00921705113742,0.0009668543627374,0.640614233162522,True,True,True,2.84364255179799,0.0001298297956246,2.62478912107121,0.0003192811333943,0.92271316106559,True,True,True,-0.725312460419976,0.0181240488295441,-0.521982989932614,0.0828583466257985,0.718675526550636,True,True,False,4,3,0.820694343808113,3_of_4,up,False,True,False,True,up,2.0,1.97460242269623,1.97460242269623,True,False,True,False,False
PSAP,1.45211224800317,9.22408044141623e-06,1.5504746750163,4.98953453800301e-06,1.06700268829674,True,True,True,2.29515599543469,1.03709072906824e-07,1.43327260457718,1.627809427064e-05,0.624205240160891,True,True,True,1.15735738448939,1.12878959671358e-06,1.17636197267131,1.35222010928888e-06,1.01554320663295,True,True,True,1.0684116692875,1.4351613036829e-05,0.48002158986205,0.0131473510885951,0.448865113078359,True,True,False,4,3,0.819874223396921,3_of_4,up,False,True,True,True,up,3.0,1.29119791702387,1.29119791702387,True,False,True,False,False
HAUS1,-0.718408714088749,0.0006014119224905,-0.868521016957133,0.0001628464186051,1.20727063760586,True,True,True,-1.40087174065463,1.25317588607092e-06,-0.528068721283956,0.0047349931072475,0.376688327448105,True,True,False,-0.779998050515943,0.0003385696459378,-0.718335384043809,0.0007772694858092,0.919765911796146,True,True,True,-0.897703381372192,1.96457390554301e-05,-0.646828355645005,0.0004706178790905,0.719735086183152,True,True,True,4,3,0.819750498989649,3_of_4,down,False,True,True,True,down,3.0,-1.06208954731649,1.06208954731649,True,False,True,False,False
GOLGA8B,1.15250656364075,0.0061469172971136,1.35530906426721,0.0019719978449385,1.1749469894558,True,True,True,0.929853878465429,7.8236699778782e-05,0.264998809970188,0.191259047288166,0.284683575049454,True,True,False,1.07018945384096,0.000481529928737,0.835298552804184,0.0033838658299779,0.779786012464048,True,True,True,1.09636756018046,0.0001175982420691,0.941285024067911,0.0007158330600833,0.857766402273745,True,True,True,4,3,0.818776207368896,3_of_4,up,False,True,False,True,up,2.0,1.22780841150657,1.22780841150657,True,False,True,False,False
PLA2G4C,2.16494457316782,0.0009396872444458,1.94942354451202,0.002229924259817,0.900033901449692,True,True,True,2.97804371067463,0.0002296603564183,1.43397423126252,0.0703015519641407,0.481353874105387,True,True,False,2.0414734503674,0.0006911429385239,1.50464597435394,0.0088632088414257,0.736678351477854,True,True,True,1.75620581386353,2.49974047876318e-05,1.58716473797598,0.0001265857462825,0.903232123097929,True,True,True,4,3,0.818356126463773,3_of_4,up,False,True,True,True,up,3.0,4.45550997300753,4.45550997300753,True,False,True,False,False
BOLA3,-1.1882016885991,6.50042941414392e-06,-1.32480830188384,3.53264132237814e-06,1.11403163532713,True,True,True,-2.05406186709098,2.99161985406464e-07,-0.985903151236321,0.0001528531935773,0.47974378145214,True,True,False,-0.9221539550457,0.0014597402539007,-0.982642555647574,0.0012738102125275,1.06444060633302,True,True,True,-1.08648504474235,9.50229169900788e-06,-0.620000748112739,0.0013524553189131,0.570123470764264,True,True,True,4,3,0.817282038548642,3_of_4,down,False,True,True,True,down,3.0,-1.34730096678248,1.34730096678248,True,False,True,False,False
DNA2,-1.41538985432525,7.98196417067993e-05,-1.397594781955,8.80997475164726e-05,0.986730297232181,True,True,True,-1.13074011507397,9.31053837639483e-05,-0.323003969789571,0.147964443932591,0.28540471923491,True,True,False,-1.92003334950524,2.25530169719067e-06,-1.23903745482488,3.57320714071589e-05,0.644984875012187,True,True,True,-0.693024941021337,0.0066086779225984,-0.846224541577546,0.002678004039974,1.21929990056586,True,True,True,4,3,0.815857586122184,3_of_4,down,False,True,False,True,down,2.0,-1.93983521731091,1.93983521731091,True,False,True,False,False
GTF3A,-1.08826577782979,4.21838240446305e-05,-1.22878364930546,1.65005538413077e-05,1.12808432461143,True,True,True,-1.25225031270273,1.37858639161438e-06,-0.429089864369565,0.0143199130435448,0.342381613649232,True,True,False,-0.822490871011966,1.89204716070192e-05,-0.735962205233861,5.75121797557409e-05,0.893710217248015,True,True,True,-0.758274449047399,1.26626631137856e-05,-0.559470248758424,0.0003048379696835,0.736848513024963,True,True,True,4,3,0.815279365136489,3_of_4,down,False,True,False,True,down,2.0,-0.833680953714145,0.833680953714145,True,False,True,False,False
PSMC5,-0.538409144883215,0.005444098933236,-0.625282833438765,0.0018752593257125,1.15919954151712,True,True,True,-0.730270787853699,1.48797481288063e-06,-0.342501777294096,0.0026892118759172,0.468365184255956,True,True,False,-0.575316703716958,0.0004833935083305,-0.543269620118317,0.0008643866610242,0.942658119423741,True,True,True,-0.71230466617632,6.66277956970643e-06,-0.487994357488309,0.0003740988841581,0.684131733084279,True,True,True,4,3,0.81339492625401,3_of_4,down,False,True,True,True,down,3.0,-0.668979134523984,0.668979134523984,True,False,True,False,False
FASN,-0.751516700745936,0.0020985558030019,-0.565965250744703,0.0122207032077482,0.752096598233218,True,True,True,-1.58177074972768,3.8653150562447e-05,-0.759682557437014,0.0182858860006056,0.479970050980358,True,True,False,-1.26418649096581,3.72894953717668e-05,-1.23247005470936,5.56971658034945e-05,0.974141016767042,True,True,True,-1.21888680439702,1.62271461649947e-06,-1.05831835759376,1.14378584748578e-05,0.867554558159909,True,True,True,4,3,0.809825578196564,3_of_4,down,False,True,True,True,down,3.0,-1.72472576338275,1.72472576338275,True,False,True,False,False
RAPGEF2,0.687148850344811,0.0001285872628295,0.707395727686956,9.56969678099865e-05,1.02796906124671,True,True,True,1.20331811247317,2.57028502220238e-06,0.520500488954329,0.008503410730431,0.432195184614003,True,True,False,0.655885986701431,0.0081688304977396,0.520325102037578,0.0312728974881673,0.792108695529346,True,True,True,1.5153543375098,2.24596635773471e-06,1.24333364235493,3.30086087631859e-05,0.81994927676124,True,True,True,4,3,0.806028986145293,3_of_4,up,False,True,False,True,up,2.0,0.743110412543336,0.743110412543336,True,False,True,False,False
SAPCD2,-1.55910716334371,2.74238115069738e-05,-1.83654421193441,8.69770905905958e-06,1.17719106423319,True,True,True,-1.49184857944865,3.25653637749594e-05,-0.370340880621806,0.168557098964336,0.248076654069352,True,True,False,-1.06399701366086,0.0010633169174383,-1.11403340903249,0.00094251776231,1.04604369283917,True,True,True,-2.24268951420396,3.41400519589537e-07,-1.26429003965857,7.20658273202045e-05,0.563487074149441,True,True,True,4,3,0.804765383494306,3_of_4,down,False,True,True,True,down,3.0,-1.6458105688628,1.6458105688628,True,False,True,False,False
PA2G4,-1.59865094747493,6.67422305594537e-07,-1.64747603776548,6.01269981583812e-07,1.02989720374063,True,True,True,-1.78833649628694,2.99302912930889e-07,-0.89076142615159,0.0003357490058146,0.497816608558543,True,True,False,-0.815439233690926,0.000123095836526,-0.811620100071441,0.0001491848600844,0.994097376239872,True,True,True,-1.48669144459341,3.64366902101097e-08,-0.915261165128691,5.60925628445071e-06,0.615222443104682,True,True,True,4,3,0.804659909672277,3_of_4,down,False,True,True,True,down,3.0,-1.19392129872142,1.19392129872142,True,False,True,False,False
MRPL9,-0.631118160664683,8.4880194045014e-05,-0.596244982719048,0.0001278615677808,0.943249252785407,True,True,True,-0.865833121574107,7.52037089103176e-06,-0.404688280446309,0.0073644172193604,0.466858349518791,True,True,False,-0.735394226321305,7.24245095966542e-05,-0.669839564450371,0.0001870392877953,0.909620880376247,True,True,True,-0.578393650152565,0.0010319884209569,-0.403990404065127,0.0147177706797999,0.697264120790328,True,True,True,4,3,0.803442500583287,3_of_4,down,False,True,True,True,down,3.0,-0.756863831819296,0.756863831819296,True,False,True,False,False
IGFBP2,-2.38525215375353,5.90496222726421e-06,-2.33298478618148,6.56316876066463e-06,0.977677393611458,True,True,True,-1.78227702774752,5.53628066113781e-07,-1.149983405309,6.62182292311529e-05,0.644870868303372,True,True,True,2.10135621512872,0.0458757265160244,2.0150871980695,0.0588341968720314,0.958489899841318,True,True,False,-1.0549133524768,0.0006233404831743,-0.641722190639106,0.018378064693194,0.60774133515203,True,True,True,4,3,0.801680384072345,3_of_4,down,False,True,False,True,down,2.0,-2.57964322360287,2.57964322360287,True,False,True,False,False
NUDT15,-1.45719580627397,2.03015638621193e-05,-1.5180354457389,1.53590284446244e-05,1.04103676557529,True,True,True,-1.10210951511813,1.05679865536988e-06,-0.434103880444421,0.0044594824652268,0.393527455338769,True,True,False,-1.362207757448,7.26244706381453e-06,-1.24325555981807,2.03211031339916e-05,0.91200739801064,True,True,True,-2.05771014722066,1.98095891552289e-07,-1.42253434871927,4.59643497427258e-06,0.690983308475818,True,True,True,4,3,0.801495353243229,3_of_4,down,False,True,False,True,down,2.0,-0.841589395306001,0.841589395306001,True,False,True,False,False
SRSF2,-0.86123731125056,7.12116725887542e-05,-0.867569504287038,6.18530133646624e-05,1.00618413627768,True,True,True,-1.00316385939691,4.03418808320794e-06,-0.328094579390302,0.0351961512607192,0.32673410451891,True,True,False,-0.521835762637476,0.0080252305555965,-0.673296764114353,0.0016605777062447,1.28777871031214,True,True,True,-1.14512357303617,5.00329836505147e-07,-0.680809555732004,0.0001404408756014,0.594010603872746,True,True,True,4,3,0.800097370075213,3_of_4,down,False,True,True,True,down,3.0,-0.570277291857169,0.570277291857169,True,False,True,False,False
SUCLG1,-0.502450229874913,0.0004532170567404,-0.468175624076828,0.0007468233862621,0.929934274125072,True,True,True,-1.00796903280756,3.61791018553677e-07,-0.490472908362636,0.0004409131815187,0.4861129454071,True,True,False,-0.581110572606397,0.0005857654734484,-0.511586943048583,0.0016995114895156,0.878848396032313,True,True,True,-0.592881405057532,0.0001774120676236,-0.426871965086951,0.003298536712871,0.718783180365107,True,True,True,4,3,0.79881578819871,3_of_4,down,False,True,True,True,down,3.0,-1.00292628424269,1.00292628424269,True,False,True,False,False
ZFHX2,1.71649110541546,0.000220624158085,1.49315712434584,0.0007472012684735,0.869382740695269,True,True,True,1.02517839641576,0.0224016974865344,0.360744016969929,0.488995649572726,0.351541231261482,True,True,False,1.4045212643024,0.0090346531850585,1.48332661854918,0.007073906612184,1.05535693854151,True,True,True,1.68200217068785,0.0009481756034859,1.22365938468697,0.0148006035521191,0.727069403711378,True,True,True,4,3,0.798226072203323,3_of_4,up,False,True,False,True,up,2.0,2.55660187686866,2.55660187686866,True,False,True,False,False
PTMA,-0.862639616439164,1.26533730468223e-05,-0.964162583416494,4.63475489105741e-06,1.11639457600589,True,True,True,-1.03453344450758,1.02755552560258e-06,-0.394990022438819,0.0071855955806565,0.381436277634322,True,True,False,-1.13953980339326,3.22378273263415e-07,-1.03423613127471,9.53596198188796e-07,0.906795298329543,True,True,True,-1.26233577070639,1.3425876208996e-08,-0.870670504657218,8.8966598871384e-07,0.689183766379373,True,True,True,4,3,0.797989532354458,3_of_4,down,False,True,True,True,down,3.0,-0.93087178537909,0.93087178537909,True,False,True,False,False
COL4A3,3.50439695767917,0.01098156089016,3.98795161665965,0.0043280438022437,1.13766048889937,True,True,True,2.59815252322075,0.0002233347097456,1.06830680085396,0.122747969998919,0.411021204530992,True,True,False,4.4845466917639,0.0115936785576874,3.6309249733671,0.0408315295608703,0.809472116305019,True,True,True,7.2250312577174,1.96175779110053e-05,5.67604521315383,0.000270494133601,0.785499676200793,True,True,True,4,3,0.797485896252906,3_of_4,up,False,True,False,True,up,2.0,3.15684628885763,3.15684628885763,True,False,True,False,False
MEGF6,1.46367676453439,0.0002055355958273,1.72365949582874,5.10276830091649e-05,1.17681903445548,True,True,True,1.74229865534226,1.28162155484605e-07,1.27458221464178,7.15564540728804e-06,0.731132448669011,True,True,True,2.42307972109399,4.52966750814227e-07,2.08494151284073,2.61793847849448e-06,0.860096099438427,True,True,True,0.563207752702447,0.0015640447362792,0.300284198684686,0.073911589479602,0.532222744629761,True,True,False,4,3,0.795614274053719,3_of_4,up,False,True,False,True,up,2.0,0.869099076867726,0.869099076867726,True,False,True,False,False
RAN,-0.808689448020703,3.62017334883154e-05,-0.915590192252285,1.13520404227854e-05,1.13079180479684,True,True,True,-1.54773753013323,4.3172717252832e-07,-0.626721863477112,0.0022950042177822,0.404666285463618,True,True,False,-0.870310211786162,3.02709478569477e-05,-0.927163882203763,2.24774367667647e-05,1.06410308253257,True,True,True,-0.877341539004658,4.60985310358444e-05,-0.462597477662307,0.0103709046398896,0.526671524822252,True,True,True,4,3,0.795387303677411,3_of_4,down,False,True,True,True,down,3.0,-1.014263121664,1.014263121664,True,False,True,False,False
BTN2A2,1.49730186857916,2.49441423226334e-06,1.36796122476066,4.63475489105741e-06,0.913007754610824,True,True,True,1.41700213950436,0.0002111963044699,0.682884437412937,0.0597951879885531,0.481582092430149,True,True,False,1.15980866837346,0.0003906613266566,0.858560418527207,0.0047785077208596,0.739622680221912,True,True,True,0.738850875052291,7.9664622135259e-05,0.629255379885114,0.0005725354876944,0.850516504208554,True,True,True,4,3,0.795069592215233,3_of_4,up,False,True,False,True,up,2.0,1.01389804551676,1.01389804551676,True,False,True,False,False
MATN3,0.897784004422416,0.0041816860726883,0.731939180345065,0.0157011669531594,0.814366050957293,True,True,True,1.70974688325193,4.05715433227038e-05,0.875517929250899,0.0206253222815588,0.511775258994856,True,True,True,2.12033664771652,5.02985675324648e-05,1.84497337024024,0.000224795087994,0.869722102913855,True,True,True,0.914863729353819,0.0465872601049073,0.709145119236502,0.14214560424069,0.774291083387301,True,True,False,4,3,0.794328567172297,3_of_4,up,False,True,False,True,up,2.0,2.06190286289685,2.06190286289685,True,False,True,False,False
NOP58,-0.632157516257406,0.0004932164551084,-0.648628546568674,0.0003868091923316,1.02443472582102,True,True,True,-1.44875111946135,7.31426462079086e-07,-0.819709613119503,0.000309448027274,0.565414023218043,True,True,True,-0.528092183459324,0.0049352162052994,-0.539697515509608,0.0047211729276276,1.02004439374051,True,True,True,-0.704726694521568,6.57763819927443e-05,-0.310087476852379,0.0308571599152886,0.439387484219505,True,True,False,4,3,0.792729208479277,3_of_4,down,False,True,False,True,down,2.0,-0.634222695430537,0.634222695430537,True,False,True,False,False
GADD45B,1.2822771815044,0.0002638941260756,1.37668921748634,0.0001363745770766,1.07279178444709,True,True,True,2.32674162597971,4.27949921272047e-06,1.10658093769967,0.0086687333772096,0.475388215491454,True,True,False,0.919606847504255,0.002106530310118,0.709760603781022,0.01289759872189,0.770970372103105,True,True,True,1.99233759477176,1.17844816074448e-05,1.61580395340978,0.0001735187137532,0.810602257062629,True,True,True,4,3,0.790786314582867,3_of_4,up,False,True,True,True,up,3.0,1.26251239904882,1.26251239904882,True,False,True,False,False
CREBRF,1.48153218877183,3.53563931774966e-05,1.44231887201509,4.32648612279225e-05,0.972875248806534,True,True,True,2.28639042127846,5.32181865431945e-06,1.11522936797656,0.0086514391470927,0.487555319635045,True,True,False,1.10718742393649,0.0022741230520834,1.05108793576858,0.0038800531229201,0.94847488165397,True,True,True,2.21028043006353,4.45871783008983e-05,1.39861524291932,0.0046714125899807,0.632491123199213,True,True,True,4,3,0.790483002426591,3_of_4,up,False,True,True,True,up,3.0,2.50851100548875,2.50851100548875,True,False,True,False,False
EIF5A,-0.578294484077642,0.0026454829342471,-0.677596890773536,0.0007588421912159,1.16969332420351,True,True,True,-1.52597633960789,5.78242259476412e-07,-0.705758435192354,0.0012413840075999,0.462193432135029,True,True,False,-0.961686612208515,1.77916983607685e-05,-1.00657973730287,1.53037978180767e-05,1.04559440687937,True,True,True,-0.963380500841959,5.13767539823758e-07,-0.516024036124653,0.0003724538050188,0.53508344027501,True,True,True,4,3,0.79033892357719,3_of_4,down,False,True,True,True,down,3.0,-1.11887697557242,1.11887697557242,True,False,True,False,False
TTC26,-1.49236021684861,3.17751265457575e-06,-1.66727591430566,1.81585881683322e-06,1.11645930800544,True,True,True,-1.09766852213138,2.39531024640784e-05,-0.159341963945634,0.390091779476936,0.145031882443047,True,True,False,-0.644418184039468,0.0022289216686646,-0.655358767450982,0.0024549712052553,1.01540177152943,True,True,True,-0.733572460135631,0.0001139231921225,-0.414378519757113,0.0098391970440656,0.564108433469725,True,True,True,4,3,0.789755102499577,3_of_4,down,False,True,False,True,down,2.0,-0.625200906036699,0.625200906036699,True,False,True,False,False
BUB3,-0.752576280027969,6.88114040222282e-05,-0.796593240509639,3.98385613133239e-05,1.05708375067229,True,True,True,-1.03319906788688,5.40264264066693e-07,-0.539973906981238,0.0004452666437979,0.522117959441344,True,True,True,-0.544013139753788,0.0039456333922613,-0.646873805664822,0.001403917803171,1.1868957984335,True,True,True,-0.767399564645486,1.6029542265695e-05,-0.319321597914269,0.0197357095117725,0.415567124978257,True,True,False,4,3,0.789600855056817,3_of_4,down,False,True,True,True,down,3.0,-0.852643709576911,0.852643709576911,True,False,True,False,False
PASK,-1.85575636448707,2.91627401448737e-06,-1.99153556657103,2.17354827737564e-06,1.07258852300808,True,True,True,-0.73864747384217,0.0001866903301283,-0.296368673379682,0.0781020673727404,0.400689090223166,True,True,False,-0.929873240347923,0.0006661563441916,-0.744807313536173,0.0033101795064716,0.800116794911619,True,True,True,-1.05704437655349,1.44463831034455e-05,-0.822204029955627,0.0002078727748908,0.777097868648858,True,True,True,4,3,0.788607331780238,3_of_4,down,False,True,False,True,down,2.0,-0.973542478062954,0.973542478062954,True,False,True,False,False
MRPL11,-0.531467992925418,0.0002362616487892,-0.573485036715865,0.0001178733510887,1.07703194245554,True,True,True,-1.06867172460789,8.09254403752232e-07,-0.515273474165297,0.0011720446055167,0.481711783448498,True,True,False,-0.676754650159634,0.0002227320904453,-0.635296356416,0.000427381643695,0.937354478152775,True,True,True,-1.16035799826884,1.34326406114487e-06,-0.742495052110339,0.0001184884045452,0.639333481335753,True,True,True,4,3,0.788343979744264,3_of_4,down,False,True,True,True,down,3.0,-1.19412372631476,1.19412372631476,True,False,True,False,False
PRELID1,-0.572627821644854,0.0006190552196004,-0.732933711736691,8.19669318440857e-05,1.27771646367332,True,True,True,-1.22274772127316,1.29207703706395e-06,-0.482633727242385,0.0065695106295036,0.394389888416106,True,True,False,-0.801285688634963,0.0002067911923748,-0.803374522623828,0.0002414911654341,1.00135716491555,True,True,True,-0.848364069199934,1.6729708618484e-05,-0.487123667378305,0.0026704103917997,0.573515745535546,True,True,True,4,3,0.787436455225548,3_of_4,down,False,True,False,True,down,2.0,-0.756935555826107,0.756935555826107,True,False,True,False,False
SLCO4A1,-1.24468005043431,0.0001063752355842,-1.20597625936079,0.000134717428242,0.968126814698785,True,True,True,-2.03731206863443,9.76174561792275e-07,-1.37890017526689,9.30969505631444e-05,0.676491199009917,True,True,True,-1.34853434053805,0.0094255504644954,-0.712192122759078,0.122926634801596,0.527731752624488,True,True,False,-2.07986646632593,6.45965276960579e-07,-1.86652036448074,2.45837915568918e-06,0.896991899617831,True,True,True,4,3,0.786741549313874,3_of_4,down,False,True,True,True,down,3.0,-1.55829089850298,1.55829089850298,True,False,True,False,False
THBS3,1.53070537477912,3.88795124689688e-05,1.72608836124007,1.29284977093161e-05,1.12690625081144,True,True,True,2.34669033789369,5.59617944424375e-07,1.12186998739523,0.0015655535823371,0.477861142624863,True,True,False,1.32105093481908,0.0013686429009562,1.25008004849654,0.0024010995311284,0.945561184953597,True,True,True,2.00026328078443,7.36445798548735e-06,1.24769951585135,0.0012762837140684,0.623455957959861,True,True,True,4,3,0.784508571456729,3_of_4,up,False,True,True,True,up,3.0,1.26336716035472,1.26336716035472,True,False,True,False,False
EBP,-1.23236690955467,1.83005697911072e-05,-1.39176268819144,7.45735046093164e-06,1.12842551345403,True,True,True,-0.836117091425304,0.0009243010955191,-0.282828183464286,0.205382247356785,0.337859764615166,True,True,False,-1.31541971133896,3.20553084746345e-06,-1.33955445334443,4.33053191518048e-06,1.01757398632533,True,True,True,-1.2325332316736,1.86855318188459e-05,-0.679244380107608,0.0031762559895044,0.550649437458642,True,True,True,4,3,0.784111711891986,3_of_4,down,False,True,False,True,down,2.0,-0.820033957776324,0.820033957776324,True,False,True,False,False
WDHD1,-1.21766018833786,6.83719507609288e-06,-1.37548837358609,3.01459813019209e-06,1.12868901991631,True,True,True,-1.24861742388179,8.30875166326415e-05,-0.267937591334184,0.259586815482554,0.214415697327481,True,True,False,-1.22000581622583,1.78251023513386e-07,-1.13598605250138,4.69079790960326e-07,0.930369075564891,True,True,True,-1.66465753448456,4.7793571107488306e-09,-1.05786107566606,4.38635003979789e-07,0.635101186027064,True,True,True,4,3,0.782735130795978,3_of_4,down,False,True,False,True,down,2.0,-2.19760098939138,2.19760098939138,True,False,True,False,False
HPRT1,-0.702952919226874,0.0004464343579155,-0.88131384233137,7.30021991594924e-05,1.25194997884132,True,True,True,-1.83091705713602,5.80242584767505e-07,-0.716653497747062,0.0023351615295308,0.391204118633768,True,True,False,-1.36205651419144,2.54142882949771e-07,-1.391371694738,3.63272480341627e-07,1.02077329901714,True,True,True,-1.11347756787392,2.22527466455849e-07,-0.605746461756534,0.0001070481432797,0.54352503739677,True,True,True,4,3,0.782149168206955,3_of_4,down,False,True,True,True,down,3.0,-1.61024996572067,1.61024996572067,True,False,True,False,False
KLHL24,1.59862108540533,4.83536428699632e-06,1.68106903146953,3.06426111382104e-06,1.05091702454245,True,True,True,2.92884650319436,9.26956911858263e-07,1.73303921278681,0.0005031136942932,0.5915119481165,True,True,True,1.48828155835591,0.0017208883585322,1.44759021682516,0.0023693871287502,0.972005735720803,True,True,True,2.8613911920342,7.85571012784513e-07,1.32908589916255,0.0025518198023162,0.464327134202092,True,True,False,4,3,0.781758841918651,3_of_4,up,False,True,True,True,up,3.0,2.87601128948047,2.87601128948047,True,False,True,False,False
GSPT1,-0.519707104659963,0.0012863563530657,-0.567178756550678,0.000614812090344,1.0892472014974,True,True,True,-1.41387500545223,1.67082749337072e-07,-0.688859746237811,0.000162515587257,0.486869683599813,True,True,False,-0.555151349100568,0.0003262300614205,-0.54023588063504,0.000460792938304,0.97138284660953,True,True,True,-0.84858454882949,5.23354237603513e-07,-0.501717078570958,0.0001614962401327,0.590544024443707,True,True,True,4,3,0.780963435526619,3_of_4,down,False,True,True,True,down,3.0,-0.630549181800817,0.630549181800817,True,False,True,False,False
CTNNAL1,-0.851972667150665,0.0003182794688906,-0.844656298308244,0.0003199962956395,0.990250134426697,True,True,True,-1.86785366761606,3.11506073995799e-06,-0.672962232547642,0.0131277609474331,0.360093593312784,True,True,False,-1.17336371124858,4.30557448109548e-05,-1.15446288674872,6.1794189878251e-05,0.983053951421318,True,True,True,-1.95862991563882,6.16807456442317e-07,-1.12832649929949,0.0001354846562655,0.575785504341858,True,True,True,4,3,0.779419727881588,3_of_4,down,False,True,True,True,down,3.0,-0.880286247370929,0.880286247370929,True,False,True,False,False
PDCD4,1.37683522147896,6.6336995354432e-06,1.25176048863564,1.29284977093161e-05,0.908497960512294,True,True,True,1.32767269498132,3.4424990681465e-05,0.864012979813807,0.0040082763228691,0.650282784524261,True,True,True,0.643711048268984,0.0122858870714819,0.673388279142817,0.0104305177611646,1.0444807498659,True,True,True,1.82124141206874,5.5043274094707e-07,0.798692527069959,0.0031762559895044,0.438302258844631,True,True,False,4,3,0.779390372518278,3_of_4,up,False,True,False,True,up,2.0,0.79378515347883,0.79378515347883,True,False,True,False,False
VRK1,-1.89200724099957,5.43571050437476e-06,-1.93620110257395,4.7337527373132e-06,1.02281758919822,True,True,True,-1.36120372328504,5.18690856027941e-06,-0.728842063089386,0.0017696014711237,0.535046300807149,True,True,True,-1.00260507444603,0.000240838861484,-1.03762380485139,0.0002528678352302,1.03389653088805,True,True,True,-1.7072213118731,2.05066781491551e-07,-0.84845921595071,0.0001161139251193,0.496691623066309,True,True,False,4,3,0.778931945002685,3_of_4,down,False,True,True,True,down,3.0,-1.23798410516851,1.23798410516851,True,False,True,False,False
CALCOCO1,1.1813714105879,6.48965763109637e-05,1.20391308314735,5.19681926250444e-05,1.01821904045256,True,True,True,3.5153142140776,1.06287848598562e-06,1.98375126953791,0.0007430498367625,0.564156428795795,True,True,True,1.28096447147245,0.000453702284181,1.27346512845039,0.0005566391136703,0.993370063514867,True,True,True,1.5956965268363,5.43986012455602e-07,0.718990073433099,0.0023894711335915,0.450298514056211,True,True,False,4,3,0.778763246155331,3_of_4,up,False,True,True,True,up,3.0,2.5768290336056,2.5768290336056,True,False,True,False,False
HMCES,-0.963484464394656,6.70442706296779e-05,-1.07580665429021,2.80217355844424e-05,1.11542144431059,True,True,True,-0.51526283458363,0.0008066336690928,-0.0789912763991873,0.57810417003139,0.153005932458598,True,True,False,-0.943154325334822,4.25924595484765e-05,-0.874053550789077,9.68030641316844e-05,0.925752842872498,True,True,True,-0.756305272737167,7.28485356915922e-06,-0.478423996701415,0.000682070763367,0.631745233955949,True,True,True,4,3,0.778749038414223,3_of_4,down,False,True,True,True,down,3.0,-0.908973112665567,0.908973112665567,True,False,True,False,False
KLHDC2,1.04383641585523,4.26941371864566e-06,1.0912849207732,2.89260906125231e-06,1.04445528908939,True,True,True,0.9469191651285,5.2138879997439e-06,0.514824376964084,0.0035798608759197,0.543109999146704,True,True,True,0.68698516492468,0.0169426734734937,0.697715042345872,0.0169585094897727,1.01414256864428,True,True,True,0.666431854582407,0.0003880711981773,-0.172514600926994,0.323758764996179,0.258475228208776,False,True,False,4,3,0.778626283895492,3_of_4,up,False,True,True,True,up,3.0,0.671078907518039,0.671078907518039,True,False,True,False,False
LSM3,-0.539237510424969,0.0029651839423292,-0.75237390067704,0.0002805570292823,1.39267245638904,True,True,True,-0.917133981108714,3.84965251478937e-06,-0.236794532240733,0.0753086657047872,0.257908472088993,True,True,False,-0.849051093950822,4.25924595484765e-05,-0.785704385993355,9.95854033715962e-05,0.924302540852692,True,True,True,-0.914978505622553,3.90480972057906e-05,-0.576548105045962,0.0020790077662765,0.629434098624515,True,True,True,4,3,0.776868319738603,3_of_4,down,False,True,False,True,down,2.0,-0.968613715869121,0.968613715869121,True,False,True,False,False
SUSD6,0.525628054733168,0.0035499014902927,0.593453486258036,0.0014419275645288,1.12689303375364,True,True,True,2.8347016453304,6.85732484460406e-07,1.61381662384491,0.0005118556716499,0.569106635919336,True,True,True,0.929056070734895,0.0039497937117057,0.915159114673339,0.0049219128770231,0.983982733374575,True,True,True,1.70230160855194,1.32755214581541e-06,0.762644801432576,0.0030649588816986,0.447745013333803,True,True,False,4,3,0.776544684646955,3_of_4,up,False,True,False,True,up,2.0,1.20522581087508,1.20522581087508,True,False,True,False,False
PLGRKT,-0.901857306989106,0.0015967089047953,-0.875130728555402,0.0020188315465808,0.969290187697358,True,True,True,-0.916783424844415,5.48857452640092e-06,-0.312072437536235,0.0255801958938383,0.340028408760093,True,True,False,-0.895074782391766,0.0006503690938371,-0.800433043820006,0.001698572317305,0.893265896495294,True,True,True,-1.48106089373987,4.0425774951596e-05,-0.97678410855455,0.0011456207559651,0.659071508249373,True,True,True,4,3,0.776168702372333,3_of_4,down,False,True,False,True,down,2.0,-0.683897596377347,0.683897596377347,True,False,True,False,False
MTFR1L,0.83302417519097,1.26533730468223e-05,0.805947396791203,1.53886739798536e-05,0.966335773908067,True,True,True,0.907223827740301,1.94924887754148e-06,0.411772728440644,0.0056294384869166,0.453382432681987,True,True,False,0.526061493276725,0.0009382496173305,0.545595749627001,0.0008534331806867,1.03516526361099,True,True,True,0.735133418008162,0.0001341291392258,0.431001054427212,0.0133542603145096,0.585493123778322,True,True,True,4,3,0.775914448843194,3_of_4,up,False,True,False,True,up,2.0,0.535476449487443,0.535476449487443,True,False,True,False,False
RANBP1,-1.4242722359048,9.31122733108026e-07,-1.51456929221954,7.46915657734043e-07,1.0626526315922,True,True,True,-1.55822100370964,2.29836187197025e-06,-0.594420903748347,0.0099466460462463,0.381229410285087,True,True,False,-1.00015363048174,5.65713246349365e-05,-1.02501122332448,6.1794189878251e-05,1.02383010171102,True,True,True,-1.33327517353445,3.21272311226363e-07,-0.704200458939788,0.0002094161449926,0.527777532631732,True,True,True,4,3,0.775803817171376,3_of_4,down,False,True,True,True,down,3.0,-1.5362136498316,1.5362136498316,True,False,True,False,False
GRN,1.60170034544415,4.18080325628718e-06,1.63031397781606,3.39151637521957e-06,1.01722944182948,True,True,True,2.09565275832456,1.6831093031926e-07,1.21695476506224,5.81430137747263e-05,0.580427426635354,True,True,True,1.37650479333411,5.90277329720983e-07,1.33730576859252,1.01523142535439e-06,0.970817506453613,True,True,True,1.03722544350573,1.75464080134789e-06,0.501093604676967,0.0022084436257407,0.482644311802788,True,True,False,4,3,0.775622466544484,3_of_4,up,False,True,True,True,up,3.0,1.32962902149934,1.32962902149934,True,False,True,False,False
FAM189A2,5.66374899290989,9.87427021896033e-06,5.75090255373914,7.69562882625763e-06,1.01520871638568,True,True,True,1.8148558749742,6.79458339656171e-05,0.826022209971557,0.0505949291130079,0.454894147358084,True,True,False,3.1361942469234,0.0026280591925882,3.09225500497517,0.0032958136125435,0.985675339678982,True,True,True,2.19894739281585,1.20978313982013e-06,1.24399279967826,0.0007196590949201,0.565464794176735,True,True,True,4,3,0.775570066927858,3_of_4,up,False,True,True,True,up,3.0,2.2583735841275,2.2583735841275,True,False,True,False,False
ANP32B,-0.738622420246694,0.0001073657761606,-0.826268127865426,3.92150170561661e-05,1.11714856830575,True,True,True,-1.07434110901268,1.81728088459081e-06,-0.437998845432518,0.0071172180647512,0.407311542134444,True,True,False,-0.875707415717676,4.40433310525448e-05,-0.789358536000397,0.0001202470500467,0.900367125735129,True,True,True,-1.19152443951445,1.98095891552289e-07,-0.774863608580027,2.53799097261268e-05,0.64976748727726,True,True,True,4,3,0.775067306506194,3_of_4,down,False,True,True,True,down,3.0,-0.889748297422068,0.889748297422068,True,False,True,False,False
DNAJB9,0.913074103849048,0.0005125042599524,0.830467826210078,0.0011066835012184,0.908534464233354,True,True,True,1.24990066541285,0.0001731905845208,0.401437054328114,0.198553347687839,0.320918411371716,True,True,False,0.856542735812396,0.0015676864920576,0.824656089732662,0.0024584653630581,0.961650137414343,True,True,True,1.5927997674674,4.14054612286128e-07,1.01815713602693,8.89404641272036e-05,0.638823744870295,True,True,True,4,3,0.773679104551825,3_of_4,up,False,True,False,True,up,2.0,1.73812672127658,1.73812672127658,True,False,True,False,False
DAPK2,1.14522992435127,0.0054253326542992,1.45769988560252,0.0008345923528413,1.27173427829284,True,True,True,3.40844940731652,1.06986386285833e-06,2.21351235779348,0.0003276164212004,0.649228685735411,True,True,True,3.28016748402638,0.0016174641572766,2.94425238389791,0.0041675439716075,0.897318530136403,True,True,True,1.54233024883899,1.98515498962246e-06,0.766322375775219,0.0028219497525652,0.496538168905654,True,True,False,4,3,0.773273607935907,3_of_4,up,False,True,True,True,up,3.0,3.14311019931273,3.14311019931273,True,False,True,False,False
TMEM86A,3.5711024335483,1.23981481787244e-05,3.64797490148604,9.05242115284077e-06,1.0212402833763,True,True,True,4.96209830162118,2.85507936502164e-05,2.99248498449204,0.0062938143147952,0.60294695019733,True,True,True,3.14591979079774,8.46252757689289e-06,2.96629803686823,2.00707537675537e-05,0.942603635956123,True,True,True,0.978931970918903,0.0008867907249577,0.394617072110082,0.165857116428039,0.402698436035352,True,True,False,4,3,0.772775293076726,3_of_4,up,False,True,True,True,up,3.0,2.02689494110905,2.02689494110905,True,False,True,False,False
NPTXR,0.687774357828212,3.80731603359517e-05,0.73418472685498,1.97801505629668e-05,1.06592923866962,True,True,True,1.26652714434094,1.16996841708498e-05,0.498384334385306,0.0307878039222667,0.393194210167739,True,True,False,3.62715909329912,2.94854662670444e-06,3.41520599896213,6.92695361458372e-06,0.941305469561604,True,True,True,0.564593220554796,0.0010394955531407,0.340917435542305,0.034023120328475,0.602760823773481,True,True,True,4,3,0.772033146667543,3_of_4,up,False,True,False,True,up,2.0,2.08854316365082,2.08854316365082,True,False,True,False,False
PLSCR4,6.38775125185268,0.0003069594847525,6.51597349397563,0.0002417474920874,1.01991347559291,True,True,True,3.41182471617596,2.12621006493167e-06,2.38134073971978,0.0003326343851865,0.697762392669276,True,True,True,1.17580207738463,0.015011604230427,0.534477505780671,0.289547869298934,0.454177908122421,True,True,False,2.03340682441853,9.13526530630914e-07,1.721208744234,1.04986188327454e-05,0.84604943493834,True,True,True,4,3,0.771905913803808,3_of_4,up,False,True,True,True,up,3.0,1.43885390097134,1.43885390097134,True,False,True,False,False
EDN1,3.31200040353126,2.71902828929599e-05,3.29306980232256,2.5740686070109e-05,0.993984123519135,True,True,True,3.07872298077757,3.59221656100874e-06,2.12474902351,0.0005280445505476,0.689915630974557,True,True,True,2.71596245527689,1.99508317777849e-06,2.31761542354062,1.08838698512766e-05,0.853017095999741,True,True,True,0.703996407201675,0.0024772068471753,0.344400141106778,0.121169260884076,0.488513327995241,True,True,False,4,3,0.771466363487149,3_of_4,up,False,True,True,True,up,3.0,2.04431737896666,2.04431737896666,True,False,True,False,False
GINS4,-1.17729927490179,0.0004578013713729,-1.3224129093828,0.0002215243425301,1.12230647811696,True,True,True,-1.17230532268673,0.000176242314366,-0.615795014413345,0.0220349287614433,0.52483782567631,True,True,True,-1.49471700219944,1.70177824657702e-05,-1.52090724780715,2.30201066430018e-05,1.01684158538725,True,True,True,-0.773588747042031,0.0314966187412234,0.241452153767326,0.463918340793981,0.311716578235062,False,True,False,4,3,0.77083970553178,3_of_4,down,False,True,True,True,down,3.0,-1.6749735314057,1.6749735314057,True,False,True,False,False
ABTB1,0.508455283797153,0.0386824468859333,0.79760215607872,0.0025647530350567,1.56559796599597,True,True,True,2.34919648143558,1.3209018645451e-06,1.41352819615809,0.0006740843042784,0.601451073271397,True,True,True,0.941290004201841,0.0197164589412881,0.885851343584332,0.0299857003466359,0.940104786885313,True,True,True,1.73986493656187,1.03178211401907e-07,0.854836680145236,0.0003553024364975,0.491041356622128,True,True,False,4,3,0.770777930078355,3_of_4,up,False,True,True,True,up,3.0,2.09971887581857,2.09971887581857,True,False,True,False,False
DBI,-0.665624736238867,0.0029493113368541,-0.826792407156578,0.0006467416835279,1.24026661809969,True,True,True,-1.22411699969371,1.31641121105111e-05,-0.681143082843414,0.003796928186409,0.555982067846341,True,True,True,-1.58159178327073,1.7604256335092e-06,-1.55600705564842,2.83536442348257e-06,0.983201778308638,True,True,True,-0.688388184947694,8.66338834003126e-05,-0.32068416763463,0.0257534629711251,0.465172126004685,True,True,False,4,3,0.769591923077489,3_of_4,down,False,True,True,True,down,3.0,-1.26202635355591,1.26202635355591,True,False,True,False,False
PARD3B,4.42790479568537,1.69667406375189e-05,4.60965165599254,1.03808566438227e-05,1.04081073507908,True,True,True,1.56873131396003,4.94705297209054e-05,0.909357756933491,0.0114170957056744,0.579307903745269,True,True,True,5.17608676098028,0.0001509377614384,4.96206112339207,0.0002576312143222,0.958465900318909,True,True,True,1.12950333344072,0.000120746231551,0.412087108425149,0.113380689719348,0.364516491226036,True,True,False,4,3,0.768886902032089,3_of_4,up,False,True,True,True,up,3.0,2.47683918915089,2.47683918915089,True,False,True,False,False
CALD1,0.791955558088704,3.50703546205481e-05,0.610566755391428,0.0002560589471326,0.76998861936614,True,True,True,2.32563376918862,3.88175421228654e-07,1.78587718024348,2.31899839845864e-05,0.767579841698197,True,True,True,0.636640481336246,0.0162906804479995,0.462790198828626,0.0710571978609774,0.725785473749719,True,True,False,3.7956117852567,5.26088223312353e-10,3.55978910746036,1.10652037136841e-09,0.937622624805626,True,True,True,4,3,0.768784230532169,3_of_4,up,False,True,False,True,up,2.0,0.852630020902253,0.852630020902253,True,False,True,False,False
SRSF1,-0.579620794692445,0.0003492477316972,-0.604300777711813,0.0002304726305995,1.04078390446197,True,True,True,-1.11964009244221,2.07757376534415e-06,-0.47652362741135,0.0061200487284042,0.425224503946546,True,True,False,-0.662769830655717,0.0004589660959084,-0.668849085973579,0.0004871965532972,1.00765213344036,True,True,True,-1.18492440870431,4.70493541849828e-07,-0.626454433092822,0.0003628993023754,0.528241453245118,True,True,True,4,3,0.767946793342739,3_of_4,down,False,True,False,True,down,2.0,-1.31790493484522,1.31790493484522,True,False,True,False,False
BSDC1,0.627504382176959,4.94148104618583e-05,0.687124529845344,2.11268794658788e-05,1.09326927437696,True,True,True,0.880553022371343,6.14316118917979e-07,0.516544054927325,0.0002906782036642,0.585947801004461,True,True,True,0.509442014099069,0.0003427376423243,0.484345784930122,0.0006140566556424,0.948875232743122,True,True,True,0.662280923838694,9.09257201313627e-06,0.219181837800932,0.0549033337021314,0.330450989804489,True,True,False,4,3,0.767411516873791,3_of_4,up,False,True,True,True,up,3.0,0.765826877992293,0.765826877992293,True,False,True,False,False
MMS22L,-1.51207052211799,2.69669045334922e-05,-1.49191727694137,2.81124106195907e-05,0.986019656805547,True,True,True,-1.0690729238052,6.01279160800421e-06,-0.329537745700552,0.0479478560706612,0.307958213285791,True,True,False,-1.16653265975817,5.71300527365763e-05,-1.15687281614035,8.56232802697978e-05,0.990869768371167,True,True,True,-1.44661966242391,1.5954491623032e-07,-0.791863934504172,5.6260652763969e-05,0.547011038229659,True,True,True,4,3,0.766515347517603,3_of_4,down,False,True,False,True,down,2.0,-1.76094745153761,1.76094745153761,True,False,True,False,False
TBC1D30,-1.02043544917841,0.0048876502440165,-0.563435013308384,0.0719779359200529,0.551610984092614,True,True,False,-2.52277514549699,1.70142637043374e-06,-1.69228698313735,8.56777352868813e-05,0.670537938435914,True,True,True,-1.89710517698544,4.72839699001113e-06,-1.63312573960587,1.87217293801327e-05,0.860397916515665,True,True,True,-1.42021102509878,0.000306306388251,-1.53113212773127,0.0002708751744957,1.0773432661943,True,True,True,4,3,0.76546792747579,3_of_4,down,False,True,True,True,down,3.0,-0.791612133012252,0.791612133012252,True,False,True,False,False
TP53INP1,3.50733760346934,3.25853804886392e-05,3.63500973073328,2.1385773061267e-05,1.03610602558279,True,True,True,4.75393631317182,1.32880716769886e-05,3.03207701399953,0.0027680646355078,0.637669321795176,True,True,True,2.22539377943424,0.0001086655582764,1.98763130609899,0.000332474820424,0.892758201383439,True,True,True,2.05064425700567,3.42829732215242e-05,0.888353676375835,0.0397218374021857,0.43299596084575,True,True,False,4,3,0.765213761589308,3_of_4,up,False,True,True,True,up,3.0,2.54082396558679,2.54082396558679,True,False,True,False,False
NCEH1,-1.48709350485802,0.0004512843095626,-1.59588146621395,0.0002805731410401,1.07243359439716,True,True,True,-1.62844679385314,4.7945308382941e-06,-0.884259549975241,0.0020947436122254,0.5426746999724,True,True,True,-1.01938792323473,0.0005277405586624,-1.00669196461482,0.0006830494226742,0.986577694317968,True,True,True,-1.78927277336654,6.63364258752116e-05,-0.83623965464395,0.0161842616766442,0.467101811011421,True,True,False,4,3,0.764626197145184,3_of_4,down,False,True,True,True,down,3.0,-1.34776426035777,1.34776426035777,True,False,True,False,False
BMF,1.45477973925694,0.0010908486464074,1.64727406420959,0.000381367214738,1.13154072679318,True,True,True,3.4723487464789,7.39534930186805e-07,2.02705169705889,0.0004523664032917,0.583601545659303,True,True,True,1.85363453507186,0.0022247413429937,1.7532892791154,0.0035469877504035,0.945355673023455,True,True,True,1.61152417869887,4.6320169046583e-05,0.381206135517583,0.219300527602692,0.236403360987228,True,True,False,4,3,0.764478609341379,3_of_4,up,False,True,True,True,up,3.0,3.01559238476445,3.01559238476445,True,False,True,False,False
TTC17,1.29035140710277,5.52575911256604e-05,1.3504194761301,3.40813885447522e-05,1.04574128211921,True,True,True,0.93984557768983,3.94723218812789e-06,0.405356510313818,0.010274096451989,0.430842765195472,True,True,False,0.7709527393847,0.0038532255116636,0.720372955972923,0.0066634587822127,0.933182718604134,True,True,True,1.05431978017599,3.41040020485852e-06,0.625593527279905,0.0008794104635749,0.592799963604945,True,True,True,4,3,0.762991341104539,3_of_4,up,False,True,True,True,up,3.0,1.0726916991248,1.0726916991248,True,False,True,False,False
PLD1,1.26463621110755,0.0001584535770301,1.28912735026251,0.0001278615677808,1.01856073565911,True,True,True,1.01027420343279,9.67905294703292e-06,0.512012713994679,0.0080004367629991,0.506304533682993,True,True,True,1.13870284245884,0.0050985097687829,1.1780021104577,0.0045147726231767,1.03360460865065,True,True,True,0.514909196144716,0.0113826411446731,0.257873172546068,0.210200844741256,0.49984217081824,True,True,False,4,3,0.762432634671051,3_of_4,up,False,True,False,True,up,2.0,0.946190628793513,0.946190628793513,True,False,True,False,False
POLD1,-1.03646987087853,4.24312102985034e-06,-0.996017345557294,5.2847076976046e-06,0.96004459841698,True,True,True,-1.05021461435965,2.6512542748266e-05,-0.316490422191396,0.0975514543143408,0.301071177919446,True,True,False,-0.600994670438302,0.002753159064722,-0.641359436045231,0.002078748527624,1.06539055499988,True,True,True,-1.63999763664923,3.80925452823313e-07,-0.925814996759576,0.0001111751957067,0.564178141444498,True,True,True,4,3,0.762111369930739,3_of_4,down,False,True,True,True,down,3.0,-1.08126321825896,1.08126321825896,True,False,True,False,False
PLEK2,-2.59250717822598,1.50765095462994e-07,-2.38960773541881,1.93997823103848e-07,0.921380806454277,True,True,True,-2.95595156646687,2.64376169925942e-07,-1.7814767287909,1.77272840392269e-05,0.602470716461382,True,True,True,-0.683908912458433,0.0002809423337927,-0.742218120768618,0.0002035032740832,1.08367420436168,True,True,True,-1.63483386041097,1.86189969977805e-05,-0.438345442727329,0.0834707703217881,0.267964524598607,True,True,False,4,3,0.761925761457829,3_of_4,down,False,True,False,True,down,2.0,-0.772276255655935,0.772276255655935,True,False,True,False,False
DRAP1,-1.15262940807069,2.40497040488068e-05,-1.09704131151101,3.23016053613362e-05,0.950947768699554,True,True,True,-1.01384850187128,9.81394597370385e-06,-0.40542698574126,0.0199539241581943,0.399495082264686,True,True,False,-0.929221523468077,5.27552750200664e-05,-0.916669662820062,7.49141721534568e-05,0.98543157698879,True,True,True,-0.783282098190495,0.0004887114276294,-0.445412782403757,0.025175523405371,0.567924198998573,True,True,True,4,3,0.759435983849064,3_of_4,down,False,True,False,True,down,2.0,-0.807809091000006,0.807809091000006,True,False,True,False,False
UBL3,0.592992916867855,0.001545221571328,0.721374057345127,0.000319522377597,1.21444892162849,True,True,True,2.10341488944717,3.61791018553677e-07,1.37971920480293,7.64579775074857e-05,0.655630793966385,True,True,True,1.750570044279,1.14918303266089e-06,1.51023710305985,6.33350655146092e-06,0.862219074819534,True,True,True,1.17292766741285,5.19693701626871e-06,0.585635521360338,0.0043893646953445,0.498868488763865,True,True,False,4,3,0.758924934392959,3_of_4,up,False,True,True,True,up,3.0,1.53929451450445,1.53929451450445,True,False,True,False,False
SIVA1,-1.81390584559208,4.18080325628718e-06,-1.8039824416583,4.2950142582379e-06,0.993981283403594,True,True,True,-0.994687480179449,6.53167561159746e-05,-0.331615123569672,0.0972227734754393,0.333051414395515,True,True,False,-0.678631763504241,0.0119935998041202,-0.669376783307225,0.0144575574189036,0.984910975696397,True,True,True,-1.58047473305534,1.06572428160068e-06,-0.84047103920034,0.0004207079572067,0.531447655554121,True,True,True,4,3,0.758179315625259,3_of_4,down,False,True,True,True,down,3.0,-1.23767495253548,1.23767495253548,True,False,True,False,False
HMGCR,-0.692800519414387,0.0015636231107461,-0.69518201942178,0.001472767298238,1.00199120636081,True,True,True,-0.65146502848319,0.0190672950025814,-0.310400951040875,0.281413571226916,0.475735767421092,True,True,False,-1.09271641912861,6.63343098963034e-05,-1.30527809693066,2.11808491270245e-05,1.19343375860683,True,True,True,-0.53851023090195,0.000552282397955,-0.276817706892651,0.0464383588903824,0.513090746082551,True,True,True,4,3,0.75754097622168,3_of_4,down,False,True,False,True,down,2.0,-1.01133071233987,1.01133071233987,True,False,True,False,False
POLD3,-0.870279507672421,0.0001188559338714,-0.930478210182947,7.19461272667529e-05,1.06794455968404,True,True,True,-0.830725015265272,8.99593888448048e-06,-0.275571713657275,0.0428476017055799,0.331325508550904,True,True,False,-0.877001699263284,9.39000457439286e-06,-0.861016606520445,1.58605457056308e-05,0.980654829304897,True,True,True,-1.42261838290464,9.18580169714254e-08,-0.760690388897961,4.05646771809774e-05,0.534335885257331,True,True,True,4,3,0.757495357281114,3_of_4,down,False,True,False,True,down,2.0,-0.835028811409217,0.835028811409217,True,False,True,False,False
BZW1,-1.3133311857654,3.55444273747547e-05,-1.31450825581599,3.09881853518628e-05,1.00013472255129,True,True,True,-1.95457535427351,1.93272407765835e-07,-1.2314491422694,3.34835540980262e-05,0.629711935967244,True,True,True,-1.46579628393141,3.03515351557098e-06,-1.29836384466717,1.08838698512766e-05,0.885169848663104,True,True,True,-0.785772426228075,8.26259331600739e-05,-0.307142260780033,0.0636523042445676,0.390382594179777,True,True,False,4,3,0.757440892315174,3_of_4,down,False,True,True,True,down,3.0,-0.914814512019287,0.914814512019287,True,False,True,False,False
SLC2A11,0.548066199236933,0.0039049636916727,0.576400234707094,0.0027191206062596,1.0497827684679,True,True,True,1.83699305242559,5.07121165763992e-07,1.14139079845924,0.0001929888310835,0.620998429212206,True,True,True,0.614557444642578,0.0021286791703291,0.549934349122534,0.0054816852453507,0.893392410259699,True,True,True,0.789890499269108,0.0033262933127205,0.364588741761338,0.172949747393914,0.460985107417864,True,True,False,4,3,0.757195419735953,3_of_4,up,False,True,False,True,up,2.0,1.20749697177603,1.20749697177603,True,False,True,False,False
GMNN,-1.14296181850828,2.05010865424811e-05,-1.50227960370075,3.70627019693959e-06,1.31322530122528,True,True,True,-1.71214436162709,1.77252855444622e-06,-0.656162857936748,0.0053611448444993,0.383016675438575,True,True,False,-1.2123377857836,0.0002366005384175,-1.21069670184155,0.0003162882965511,0.997823290453001,True,True,True,-2.08986144970424,6.96365587439166e-08,-1.07840094948976,2.29884671582017e-05,0.515768727594219,True,True,True,4,3,0.75679600902361,3_of_4,down,False,True,True,True,down,3.0,-2.32135286249612,2.32135286249612,True,False,True,False,False
GNPTG,0.875611083854693,0.0002740247838535,1.02079201913674,7.09534763232971e-05,1.16447537332981,True,True,True,1.14956728914687,1.73418137224759e-06,0.551581263063673,0.0037308048186168,0.479399395643051,True,True,False,1.09663446533799,3.94967261486528e-06,0.971287367885536,1.53037978180767e-05,0.884891463012189,True,True,True,0.720786151993781,1.73312790218034e-06,0.453229038873368,0.0003022441928346,0.627927035759025,True,True,True,4,3,0.756409249385607,3_of_4,up,False,True,False,True,up,2.0,1.22217539176649,1.22217539176649,True,False,True,False,False
RPS6KA4,-1.09263878346272,3.0205990418743e-06,-1.05327416253849,3.74830595194683e-06,0.963091450728891,True,True,True,-1.02340991801922,3.10517568528671e-06,-0.417478877013133,0.0099509885703232,0.407531076837251,True,True,False,-0.62580481874903,0.0031272052963786,-0.584089463209482,0.0053466731169802,0.931852222156175,True,True,True,-1.04605987348898,5.94317728887433e-05,-0.608062369607237,0.0063046685209793,0.580733141440203,True,True,True,4,3,0.756292681798189,3_of_4,down,False,True,False,True,down,2.0,-0.509579393215013,0.509579393215013,True,False,True,False,False
NUDC,-0.740411108356912,3.6339496920638e-05,-0.791348023093222,1.93753271365494e-05,1.06735387988316,True,True,True,-1.21612757638601,6.80043289649866e-07,-0.566719770960097,0.001284995373176,0.465620680983045,True,True,False,-0.556393286516915,0.0014054833409891,-0.49539647221102,0.0034378147471166,0.88877366160381,True,True,True,-0.672993593012961,1.72716912520111e-05,-0.4202585948221,0.0015646608565058,0.623534999707361,True,True,True,4,3,0.756154330655586,3_of_4,down,False,True,False,True,down,2.0,-0.736834529250126,0.736834529250126,True,False,True,False,False
SNRNP25,-0.721677931952872,0.0002897406103263,-0.859214603497866,7.62512786556661e-05,1.18893156343661,True,True,True,-1.24295937221005,1.12114856058471e-05,-0.437065200969728,0.0312394658184588,0.351350060728452,True,True,False,-0.793053363910549,0.0018559426699027,-0.798685018239603,0.0021782716741017,1.00583292576993,True,True,True,-1.14035130579633,4.63499492952617e-06,-0.577762847035019,0.0019318517903149,0.506209476522138,True,True,True,4,3,0.756021201146034,3_of_4,down,False,True,True,True,down,3.0,-1.25892361703142,1.25892361703142,True,False,True,False,False
SUV39H1,-1.26012733539966,7.84529650812671e-06,-1.26695476753112,7.37483153914257e-06,1.00462081184658,True,True,True,-1.1738097003037,1.04704694711461e-05,-0.594365639719929,0.0045005975642135,0.505925035830296,True,True,True,-0.815931086194651,0.0054926822283736,-0.872511201621721,0.0046833085014767,1.06803525580838,True,True,True,-1.179861740199,9.90361364917084e-06,-0.315864860981834,0.0763559478286447,0.267486743137773,True,True,False,4,3,0.755272923838438,3_of_4,down,False,True,True,True,down,3.0,-1.6082337265022,1.6082337265022,True,False,True,False,False
LRP8,-1.22287625817556,2.88728932257422e-06,-1.1889485664128,3.40330283251709e-06,0.971461418971533,True,True,True,-2.01139097491478,1.91653533262368e-05,-0.772802509734538,0.02027027817411,0.384022051066525,True,True,False,-0.98935995312824,0.0002097800539986,-0.927263446671709,0.0004047869260685,0.936289319598164,True,True,True,-1.69763885181994,4.27990872403293e-05,-0.96831853053207,0.0027414267598914,0.570055565074709,True,True,True,4,3,0.753172442336437,3_of_4,down,False,True,False,True,down,2.0,-1.73833037226197,1.73833037226197,True,False,True,False,False
TIMM10,-0.68290876426893,0.0001933967456871,-0.810997638693645,5.44965411683384e-05,1.18582723466129,True,True,True,-1.28948374328405,2.60453546661802e-06,-0.530824500436526,0.0059288896875179,0.411337611340746,True,True,False,-0.926063930057857,0.0003846119582329,-0.790571339227224,0.0013789485418399,0.852768955402984,True,True,True,-0.879985205516944,0.0003242420301728,-0.575700198387511,0.0080713092473556,0.653473173876628,True,True,True,4,3,0.753121064639806,3_of_4,down,False,True,True,True,down,3.0,-0.971842288514005,0.971842288514005,True,False,True,False,False
FDFT1,-0.667862650362255,0.0048793645020701,-0.580282036268294,0.0109762221672921,0.867565315470993,True,True,True,-0.760347702299851,0.0051023753495045,-0.193158878252936,0.471312070849531,0.253706522879689,True,True,False,-1.64016432202319,4.45478845614934e-06,-1.66157188497916,6.07412554378867e-06,1.01243480782644,True,True,True,-0.943507402496821,4.01161515442517e-05,-0.600335336181978,0.0025917131403996,0.635606809004336,True,True,True,4,3,0.751586062237664,3_of_4,down,False,True,False,True,down,2.0,-1.03012468798053,1.03012468798053,True,False,True,False,False
NCL,-0.739163539791296,1.35710408845209e-05,-0.851205349543314,4.05761952233224e-06,1.15002334454806,True,True,True,-1.47123099705317,2.99302912930889e-07,-0.74019269349637,0.0003447990706211,0.50276939894483,True,True,True,-0.68227111222779,0.0001767763942045,-0.683101553042819,0.0001995870111403,0.999751842011265,True,True,True,-0.668589964081088,1.50211513402337e-05,-0.326056201825503,0.0088732282956654,0.486949057357761,True,True,False,4,3,0.751260620478047,3_of_4,down,False,True,True,True,down,3.0,-0.896554370782061,0.896554370782061,True,False,True,False,False
SHMT1,-0.830409413538479,0.0001122572167542,-0.775551856949267,0.0001840642826452,0.932815823733,True,True,True,-0.886998526425628,0.0001529636224237,-0.0939805569721504,0.639494401693427,0.105834136178627,True,True,False,-1.20346939149274,0.0001677189749187,-1.15407036644622,0.0002761224849494,0.958156657693012,True,True,True,-1.0286029631025,8.87408866162043e-06,-0.584842247316816,0.0015905798235125,0.568026966001062,True,True,True,4,3,0.750421394867031,3_of_4,down,False,True,True,True,down,3.0,-1.22276188246997,1.22276188246997,True,False,True,False,False
RRP36,-0.623423351398023,0.0020061404365812,-0.634650357738053,0.0017484283163921,1.01637832140187,True,True,True,-0.969821382509321,4.31482806867648e-07,-0.458716133927958,0.0006633018223294,0.472503121781574,True,True,False,-0.592019490825205,0.0053486351676866,-0.557510733811711,0.0087918646609991,0.94012210802029,True,True,True,-0.599408577135319,0.0002458456209713,-0.332778956680214,0.019776834866701,0.554254168499683,True,True,True,4,3,0.747188138259987,3_of_4,down,False,True,False,True,down,2.0,-0.76240325015355,0.76240325015355,True,False,True,False,False
FAM111B,-1.23487880711163,1.52924320460551e-05,-1.3699347623119,7.5600593787624e-06,1.10847014644872,True,True,True,-0.674300846022916,0.0013324974268444,0.271843872163343,0.1320675812138,0.402552245809149,False,True,False,-1.43232038167371,1.05114849617216e-05,-1.40974245977912,1.81635350509544e-05,0.983550138408652,True,True,True,-1.61417475158443,3.48681082059836e-07,-0.81984858248239,0.0002581614267204,0.507591257031567,True,True,True,4,3,0.74557069772011,3_of_4,down,False,True,False,True,down,2.0,-0.961918886326042,0.961918886326042,True,False,True,False,False
NREP,1.11339479680137,1.34573593052974e-05,1.31572359715513,3.39151637521957e-06,1.18066200679654,True,True,True,0.991428718831346,0.0102301312398684,0.671656576725009,0.104027313371418,0.67678067349354,True,True,False,2.14323033180282,0.0008053640454384,1.61060015014375,0.006947231541656,0.751132061819867,True,True,True,1.31956684798185,0.0002471910226843,0.977061654816076,0.0040344219455028,0.739880496249975,True,True,True,4,3,0.745506279034921,3_of_4,up,False,True,False,True,up,2.0,0.894676484406455,0.894676484406455,True,False,True,False,False
HNRNPA2B1,-0.760605951106156,0.0002821177982006,-0.89196549808586,6.83567509678562e-05,1.17116403409187,True,True,True,-1.43399636863286,3.09869836383521e-07,-0.619763794534956,0.0010842330841185,0.43189223895069,True,True,False,-0.925691015118394,5.14441769852943e-05,-0.896409811438833,7.97693512342772e-05,0.967323300662743,True,True,True,-0.926424387493165,1.26462751435893e-06,-0.485322737037711,0.000955817448624,0.523301676753985,True,True,True,4,3,0.745312488708364,3_of_4,down,False,True,True,True,down,3.0,-1.34223650176811,1.34223650176811,True,False,True,False,False
RTN4IP1,-0.774012880707813,0.0004084750718902,-0.68204483155845,0.0010050222908296,0.880043220617887,True,True,True,-0.962367719078954,2.87429263682987e-05,-0.328288189897357,0.0541785836311902,0.340771424447586,True,True,False,-0.737652067281843,0.0077649657094719,-0.932314212348562,0.0026878790054308,1.26218317614594,True,True,True,-0.996319202108026,0.0005540537065922,-0.606536487483161,0.01522060740485,0.608166859919201,True,True,True,4,3,0.744105040268544,3_of_4,down,False,True,False,True,down,2.0,-1.33944786002007,1.33944786002007,True,False,True,False,False
DUT,-0.974800750490087,1.45515253323721e-06,-1.09760386888676,7.63071940392792e-07,1.12482375970248,True,True,True,-0.872147440092125,6.36092484227588e-05,-0.253062245601243,0.14354514226501,0.289827621294455,True,True,False,-0.948795073669125,7.10547443018799e-05,-0.874638641319287,0.0001688766705779,0.920870896856199,True,True,True,-0.782076621576053,1.00195807013084e-05,-0.443970608679811,0.0020102063622542,0.566956791260422,True,True,True,4,3,0.743913844058311,3_of_4,down,False,True,True,True,down,3.0,-1.24476706749013,1.24476706749013,True,False,True,False,False
C1QBP,-0.514852102312373,0.0300106071095499,-0.557068369500728,0.0194120379782988,1.07989938783539,True,True,True,-1.94995313298301,2.96841462363468e-07,-0.938296937812837,0.0003805709041313,0.480942838630972,True,True,False,-0.586230877883906,0.0031311404860644,-0.494506780088777,0.0098336340392875,0.842099417303699,True,True,True,-1.05979852976613,2.39934125643241e-06,-0.684338965481753,0.0002139965964416,0.645116811797077,True,True,True,4,3,0.743608114550388,3_of_4,down,False,True,True,True,down,3.0,-1.18973195568257,1.18973195568257,True,False,True,False,False
PGP,-1.6152234592824,1.54746792388286e-06,-1.58136560724272,1.88906551954872e-06,0.978432529339008,True,True,True,-1.11478362245618,8.65736710586471e-05,-0.330624754678738,0.13465525461622,0.296316192516728,True,True,False,-0.957477175589759,9.49200022368387e-05,-1.11480681849626,4.84894245435321e-05,1.16310210288556,True,True,True,-1.04198906487577,3.29969076704344e-06,-0.529571585701575,0.0017459371206741,0.507744139929839,True,True,True,4,3,0.743088334634423,3_of_4,down,False,True,True,True,down,3.0,-1.05290323094923,1.05290323094923,True,False,True,False,False
HAS3,-3.75650694850627,1.2111533574158e-07,-3.66138707977759,1.41249622720782e-07,0.974419243917329,True,True,True,-1.58858487461121,0.0002623446885487,-2.10908549713433,0.0002515217298358,1.32681527788831,True,True,True,-1.34082707620708,0.0001840924132699,-0.68643996689501,0.0121580250476279,0.511571110068339,True,True,True,-3.10254266737752,5.31707172024463e-09,-1.1885066437943,1.67083994854835e-05,0.382951604399427,True,True,False,4,3,0.742995176992834,3_of_4,down,False,True,True,True,down,3.0,-1.60075452648317,1.60075452648317,True,False,True,False,False
MAST3,1.01218237479549,0.0003889527988028,0.974953308051383,0.0005220634243447,0.962268326320004,True,True,True,0.939881738034885,0.0001200695683382,0.490499822897204,0.0303078925651733,0.521319314711811,True,True,True,0.928589492660447,0.0001277165596716,1.07207659160006,4.77766098482373e-05,1.153279592836,True,True,True,0.741178853734584,0.0203994975289966,0.245230455278323,0.483363070082747,0.330419620613472,True,True,False,4,3,0.741793820515908,3_of_4,up,False,True,False,True,up,2.0,0.821319474466148,0.821319474466148,True,False,True,False,False
JMY,1.72270862117236,7.03023102266833e-07,1.75217581465787,6.94339406152371e-07,1.01651508447301,True,True,True,1.72346188740848,4.09626905195375e-06,0.843647789089657,0.0065496699258047,0.489223795115293,True,True,False,1.17536948417812,0.0003371342811841,1.11578646518059,0.0006256566331313,0.948500008022686,True,True,True,2.07784425184534,1.82273350438669e-06,1.11077029987806,0.0016099686400259,0.534321077152392,True,True,True,4,3,0.741410542587539,3_of_4,up,False,True,True,True,up,3.0,1.47595144843312,1.47595144843312,True,False,True,False,False
SOX4,1.81570290609368,0.0005162611470469,1.723949226985,0.0007206402017389,0.948943947412887,True,True,True,1.88037194296208,1.56498373904231e-06,1.17629751372184,0.0004690091502012,0.625233898125347,True,True,True,1.52684376465944,5.98624291754469e-05,1.30943576864617,0.0002382341690347,0.857048213262857,True,True,True,0.597171601863407,0.0020368775205099,-0.105072108929118,0.580309398421071,0.175655461746764,False,True,False,4,3,0.741141055694102,3_of_4,up,False,True,True,True,up,3.0,1.65782828801082,1.65782828801082,True,False,True,False,False
AURKAIP1,-0.611804523938062,0.0002391434734384,-0.579549647891725,0.0003509113427214,0.945733305242867,True,True,True,-0.78122272796293,2.17839811251816e-05,-0.316515379239367,0.030692966702738,0.404635876617442,True,True,False,-0.558752411723275,0.0017517953835668,-0.566181484970398,0.001848652487467,1.0114855659618,True,True,True,-0.80862578593526,3.41811843708668e-05,-0.433199919836422,0.0066051809697113,0.535061910529443,True,True,True,4,3,0.740397607886155,3_of_4,down,False,True,False,True,down,2.0,-0.679059284954104,0.679059284954104,True,False,True,False,False
TBCEL,0.868719598572622,5.22701339215885e-05,0.779994051553913,0.0001269732449481,0.896833936861989,True,True,True,1.11896004024189,1.42218092919016e-05,0.771012166793365,0.0014721704216846,0.688428282340182,True,True,True,0.56700958369916,0.0019819372631782,0.277410249689206,0.0978505992752343,0.488390086453424,True,True,False,1.05123350900325,1.84387135162644e-05,0.83054669382587,0.0003217497372754,0.789317852662403,True,True,True,4,3,0.738873067501292,3_of_4,up,False,True,False,True,up,2.0,0.735697391270755,0.735697391270755,True,False,True,False,False
FANCB,-1.04067114133299,0.0003527194435028,-1.31351240426659,7.84700912113728e-05,1.2609664913878,True,True,True,-1.5958133878461,2.39283791044374e-05,-0.890213517920186,0.0034593514146214,0.557493771467543,True,True,True,-1.44668490835207,0.0026897408117092,-1.33106472593767,0.004943342103476,0.919443670551798,True,True,True,-0.939222338057626,0.0090242963638399,0.229114536949729,0.45189963910364,0.243681231210746,False,True,False,4,3,0.738468721009671,3_of_4,down,False,True,False,True,down,2.0,-2.00918251358017,2.00918251358017,True,False,True,False,False
GGCT,-1.22502518092826,3.58740766648698e-06,-1.24671300607479,3.14371778544605e-06,1.0168738990588,True,True,True,-0.878933823944537,7.17634175811451e-06,-0.25360456184429,0.0718079940370931,0.288208675406339,True,True,False,-1.20315015982652,7.38715950078091e-07,-1.0605642024223,2.90902450380533e-06,0.880757431926176,True,True,True,-1.47569708337745,2.10171953722804e-08,-0.878229245522927,4.03842245843657e-06,0.594725387764884,True,True,True,4,3,0.73774140984553,3_of_4,down,False,True,True,True,down,3.0,-1.07893251232064,1.07893251232064,True,False,True,False,False
NUP107,-0.541877813719069,0.0001670791228394,-0.46435368756505,0.0005302038373813,0.85535580167464,True,True,True,-1.24064664642335,6.14316118917979e-07,-0.546896317468159,0.0015288844866382,0.440460511888412,True,True,False,-0.583815959291355,0.0025575236751231,-0.475810915975096,0.0101413700980684,0.813607953776869,True,True,True,-0.847607673428024,7.15098294503197e-06,-0.561446641648741,0.0004553445622202,0.661609197311083,True,True,True,4,3,0.737608575543976,3_of_4,down,False,True,False,True,down,2.0,-0.836606825708061,0.836606825708061,True,False,True,False,False
ULK1,1.43558881740841,4.06518613502746e-06,1.48393609353002,2.95050408348087e-06,1.0329581266037,True,True,True,1.45192504273536,4.77134628564386e-06,0.627353795167007,0.0117219894140062,0.431786758927298,True,True,False,1.19288973380162,0.0001110751349083,1.02914919127388,0.0004349808315944,0.862013603213449,True,True,True,1.32916390880389,1.03727267540097e-05,0.814204787054216,0.0016750664410733,0.612108614333376,True,True,True,4,3,0.737061108773412,3_of_4,up,False,True,False,True,up,2.0,1.40770566444943,1.40770566444943,True,False,True,False,False
TRA2B,-0.715225298649201,6.4490123005336e-05,-0.789613191430099,2.59278708371305e-05,1.10246481507887,True,True,True,-0.927685619017512,2.79057981377223e-06,-0.319951599219372,0.0226899209099681,0.344520893472928,True,True,False,-0.863841590330436,3.01753705839767e-05,-0.731757808630299,0.0001341638113506,0.846117736255852,True,True,True,-1.13505886436056,2.45764239993587e-07,-0.712137455868493,4.05646771809774e-05,0.626849081688496,True,True,True,4,3,0.736483408972174,3_of_4,down,False,True,True,True,down,3.0,-1.05978767924889,1.05978767924889,True,False,True,False,False
PTBP1,-0.501753018594679,0.0008992973005853,-0.498776162124734,0.0008673546822405,0.992089840691437,True,True,True,-0.762282956226134,2.07796755346414e-05,-0.350075077970789,0.0170162591244731,0.458643908022851,True,True,False,-0.777874802627995,3.73866339583201e-05,-0.689547463474092,0.0001153446545025,0.885312326380948,True,True,True,-0.838331688954065,1.03072734491397e-05,-0.490458848295901,0.0019636838278226,0.584344490682923,True,True,True,4,3,0.734828408531936,3_of_4,down,False,True,False,True,down,2.0,-0.77619394100709,0.77619394100709,True,False,True,False,False
MTFP1,-1.16866852337588,7.50550358595608e-06,-1.07794350389876,1.23617639318452e-05,0.921580330115763,True,True,True,-2.18795893119804,6.49037436186516e-07,-0.959441010750738,0.0007406242060661,0.438309278934542,True,True,False,-1.27776339564903,9.70795254129758e-05,-1.22611960066059,0.0001722313822782,0.958832263132054,True,True,True,-1.6216726751758,8.72832220739593e-05,-0.888914345419151,0.0055229430516884,0.547808784247166,True,True,True,4,3,0.734694557181464,3_of_4,down,False,True,False,True,down,2.0,-1.46012302152968,1.46012302152968,True,False,True,False,False
SRSF7,-0.664610092998765,0.0001466184526163,-0.660698318401416,0.0001407055900231,0.992620642852304,True,True,True,-1.31678457887528,3.30953082370751e-07,-0.535454901460533,0.0015791902381288,0.40632961566263,True,True,False,-0.955410198943017,0.0001450173862444,-0.86773890325442,0.0003533361254205,0.907287379634186,True,True,True,-1.35954499698953,6.8157875307042e-08,-0.759625710252849,2.9710765549196e-05,0.558324577234614,True,True,True,4,3,0.7328059784344,3_of_4,down,False,True,True,True,down,3.0,-1.43836839521873,1.43836839521873,True,False,True,False,False
PPIH,-0.920586127645995,4.12816407984185e-05,-0.975659611582247,2.71895129605579e-05,1.0586743683679,True,True,True,-1.32857900418369,1.05679865536988e-06,-0.555522198830221,0.0027755622007505,0.417818119180733,True,True,False,-0.930042638963646,5.80515269918206e-05,-0.775604619662041,0.0002810404069317,0.833049515890459,True,True,True,-0.614759392050432,0.0014881675130609,-0.388023233990864,0.0288859833839789,0.630153983845502,True,True,True,4,3,0.731601749867981,3_of_4,down,False,True,True,True,down,3.0,-1.22242729816381,1.22242729816381,True,False,True,False,False
SERINC1,0.685923765322837,9.93973320691824e-06,0.623370149345781,1.88224888042984e-05,0.90748083093735,True,True,True,1.06187500666533,2.74727020570012e-06,0.661555481485689,0.0007111658613778,0.622420771339103,True,True,True,0.72929701606413,8.33406225171837e-05,0.6136773608144,0.0003855187118172,0.840312020062411,True,True,True,0.87178139951252,4.26596587956944e-06,0.239430824719525,0.0806793677272877,0.274330805919163,True,True,False,4,3,0.731366395700757,3_of_4,up,False,True,False,True,up,2.0,0.882984340833596,0.882984340833596,True,False,True,False,False
RBM28,-1.05322780986974,3.74685505221439e-06,-1.03428455153942,4.06166310551684e-06,0.98108259131128,True,True,True,-1.30434710671061,1.06394541426825e-06,-0.616077618939783,0.0013977314169332,0.471964595296234,True,True,False,-0.797018017786032,0.000308567063354,-0.633587521464598,0.0018540976240552,0.793951398769643,True,True,True,-0.741317904968454,2.44773341092067e-05,-0.495298590688932,0.0011924521861104,0.667232444985926,True,True,True,4,3,0.730591921877785,3_of_4,down,False,True,False,True,down,2.0,-0.550438486131832,0.550438486131832,True,False,True,False,False
GPSM2,-1.24027888120914,2.10061740478519e-05,-1.0780382961108,5.48022339299954e-05,0.86849000045878,True,True,True,-1.54968448791278,3.1458837558692e-06,-0.366898407580745,0.0879646748060383,0.236604164445206,True,True,False,-1.27334330636213,0.0001329391858956,-1.20588661644884,0.0002444882751158,0.946280810224748,True,True,True,-2.02912266912391,5.62985911262424e-07,-1.20126218150656,6.20842454411659e-05,0.591719012735797,True,True,True,4,3,0.730104506597288,3_of_4,down,False,True,True,True,down,3.0,-2.11557428361211,2.11557428361211,True,False,True,False,False
GPI,-0.687912644681699,0.0003594849471587,-0.780071085537152,0.0001192402413799,1.13232220595627,True,True,True,-1.28604498964706,1.82144655730167e-06,-0.607615462008058,0.0029447643438252,0.472101182861278,True,True,False,-1.35614756853546,4.83166571938187e-06,-1.09904297119246,3.32033098435163e-05,0.809818325341342,True,True,True,-0.552985344750391,1.67246527004906e-05,-0.360064988235167,0.0012329044192004,0.649953995438997,True,True,True,4,3,0.72988616039017,3_of_4,down,False,True,True,True,down,3.0,-1.34304694660027,1.34304694660027,True,False,True,False,False
RRS1,-1.91810140732482,1.79805237955699e-07,-1.70843484088571,3.56143127920601e-07,0.890226454091984,True,True,True,-1.65913372420777,1.4733386407161e-06,-0.803625125720194,0.0011419741111341,0.484072526207906,True,True,False,-0.552141818905427,0.0206028720845531,-0.548872447464999,0.0233621921361639,0.992281597061534,True,True,True,-0.958300862939452,0.0001573989913398,-0.545328476858427,0.0102236893144581,0.568464491095581,True,True,True,4,3,0.729345472593782,3_of_4,down,False,True,True,True,down,3.0,-0.770555676775454,0.770555676775454,True,False,True,False,False
LATS2,1.1710161003404,1.39310797090403e-06,1.06261462177589,2.95050408348087e-06,0.906655310850478,True,True,True,1.09557412272969,2.22915010969014e-05,0.630962600502373,0.006052554118627,0.575394391882716,True,True,True,1.32306791038377,1.84072943150882e-05,1.16794112108213,6.90992806287916e-05,0.882085512323618,True,True,True,0.583556693572511,0.0074607837133388,0.0855894008772129,0.723769310234756,0.146417621794961,True,True,False,4,3,0.728739952103167,3_of_4,up,False,True,False,True,up,2.0,1.13811177016956,1.13811177016956,True,False,True,False,False
DKC1,-0.664752748448214,0.0001570819586531,-0.594292451144395,0.0003569898783758,0.89266240737213,True,True,True,-1.42606816758456,6.95074092965715e-07,-0.579703870203092,0.0032370611578874,0.40622016759318,True,True,False,-1.17249389477615,6.97864692702505e-05,-1.04392906625789,0.0002072580624931,0.889590538906915,True,True,True,-0.913039264040965,3.80941549998122e-06,-0.516416461073439,0.0009979742892881,0.564982798211932,True,True,True,4,3,0.727286668559423,3_of_4,down,False,True,True,True,down,3.0,-0.844684044084792,0.844684044084792,True,False,True,False,False
PPARG,-1.80949596178806,6.43688591069353e-07,-1.85135792568621,6.63967357181996e-07,1.02256948635102,True,True,True,-2.0879746178982,3.01974601538043e-07,-1.4949663903863,1.86238504465666e-05,0.715646029194191,True,True,True,-0.788499507299806,0.0021227592666905,-0.583004534771379,0.0138808664904655,0.738448256624418,True,True,True,-1.04727772990921,0.0043002410371501,-0.189563653291667,0.551646052611388,0.180833425993019,True,True,False,4,3,0.727047142909305,3_of_4,down,False,True,False,True,down,2.0,-1.49566870028472,1.49566870028472,True,False,True,False,False
JAK3,1.45465941903913,0.0003867483803389,1.76982712552322,6.45103528983561e-05,1.21582500849785,True,True,True,1.62396041412124,1.0643226049555e-05,0.797690465989177,0.0122632191050171,0.490898399159194,True,True,False,1.33446333546074,0.0030816351587436,1.08595013515166,0.0142077419416903,0.813163571261208,True,True,True,2.18025918477405,8.13824688340108e-05,1.3929455199678,0.0070385628654968,0.638596976320396,True,True,True,4,3,0.725880273790802,3_of_4,up,False,True,True,True,up,3.0,1.53837882153412,1.53837882153412,True,False,True,False,False
PHF5A,-0.988109904468442,6.6336995354432e-06,-0.944746506689802,8.69080743836622e-06,0.955148161414397,True,True,True,-1.03529064681591,7.49512596550562e-06,-0.629499219797969,0.0013779369161995,0.607454309977764,True,True,True,-0.849789673837281,0.0010135450216095,-0.717518940726463,0.0035432285702242,0.843356428493387,True,True,True,-0.57247510400902,0.0015613692249876,-0.321372527007353,0.0522220791546148,0.560394906005019,True,True,False,4,3,0.725405369235576,3_of_4,down,False,True,True,True,down,3.0,-0.777327026252498,0.777327026252498,True,False,True,False,False
LIG1,-1.4321036837116,4.94666117044076e-06,-1.67558160639881,2.00058043452862e-06,1.16919775271194,True,True,True,-0.630806936167961,0.0004496484001653,-0.112632754617565,0.489326254791775,0.178270842198577,True,True,False,-1.43476647282317,7.11514959888002e-06,-1.31572544484092,1.90232136826441e-05,0.916392372816582,True,True,True,-1.41735821250364,7.25564153668004e-08,-0.757946778302641,4.2955052817108e-05,0.534383184459967,True,True,True,4,3,0.725387778638275,3_of_4,down,False,True,True,True,down,3.0,-0.972808462542912,0.972808462542912,True,False,True,False,False
PROM2,-3.22362231954536,0.000524997773423,-2.5672978004136,0.0014804804661606,0.79615457129738,True,True,True,-1.34115892953329,9.4919975982872e-07,-1.20746897983812,1.627809427064e-05,0.899646795374669,True,True,True,-2.93567014242929,3.79240542864305e-06,-1.92048040907039,4.978808436878e-05,0.653965313067718,True,True,True,-1.22676052185244,0.0004739815910987,-0.131846990861574,0.656193986085174,0.107388198687676,True,True,False,4,3,0.725059942182549,3_of_4,down,False,True,False,True,down,2.0,-0.858283168492196,0.858283168492196,True,False,True,False,False
PCMTD1,1.08866120015537,0.0008349096965272,1.23928565191896,0.0002780332326019,1.1373128195647,True,True,True,1.59557717940027,1.74422652795904e-06,0.732636646753587,0.0055344746135245,0.458879568245358,True,True,False,0.707630857607344,0.0120187867055933,0.639845657275852,0.0233215313676071,0.902932253664846,True,True,True,1.86155961487982,3.4987997466043e-06,1.01773821876985,0.0021798577534902,0.546419137749596,True,True,True,4,3,0.724675695707221,3_of_4,up,False,True,True,True,up,3.0,0.969860007113549,0.969860007113549,True,False,True,False,False
NUDT21,-0.683518952361251,2.61823716375194e-05,-0.63076924806116,4.59243668534581e-05,0.921478135682465,True,True,True,-0.914541377002496,2.33840137999905e-06,-0.359026971712215,0.0105873584086752,0.392147182782364,True,True,False,-1.39090905770526,3.20553084746345e-06,-1.15563982710907,1.76943544425393e-05,0.830255267549081,True,True,True,-1.02557953477728,1.62093990724651e-06,-0.634030110989579,0.0002536077128153,0.617614212548211,True,True,True,4,3,0.723934740048646,3_of_4,down,False,True,False,True,down,2.0,-0.867958737912533,0.867958737912533,True,False,True,False,False
MRPL20,-0.727742261166595,6.79319757443391e-05,-0.691228521808017,9.91075227185035e-05,0.948522624036481,True,True,True,-0.986171816985745,6.33299853034393e-07,-0.483853383601349,0.0007826092576698,0.490141002078806,True,True,False,-0.668708068768801,0.0022379623287485,-0.542451885964117,0.0092493703000461,0.809982604751003,True,True,True,-0.66320735352293,0.0002442664384328,-0.423339309303166,0.008529776569714,0.637360166306185,True,True,True,4,3,0.723671385528594,3_of_4,down,False,True,False,True,down,2.0,-0.701891766046666,0.701891766046666,True,False,True,False,False
RAB11FIP1,1.21796915580402,1.84322368313701e-06,1.46859061029878,5.62111695570205e-07,1.20478077997807,True,True,True,0.969251131227214,1.00649463268202e-05,0.153538933135958,0.359823705636594,0.158246590180993,True,True,False,1.09330072657155,0.0001128243514522,1.01391249340679,0.0002367306729421,0.926539175920483,True,True,True,0.540413775174505,0.0002477875438663,0.279962108367503,0.0314152188984561,0.517094542482351,True,True,True,4,3,0.721816859201417,3_of_4,up,False,True,True,True,up,3.0,2.29797759129097,2.29797759129097,True,False,True,False,False
MVK,-0.708542189968686,0.0019674217031175,-0.471759518752857,0.0201795927731042,0.66487874212762,True,True,True,-0.979560534403367,0.0103476705133415,-0.44698393946584,0.227608710674504,0.455845329057438,True,True,False,-0.916467601140878,0.0011372454139056,-1.02296063475536,0.0007291296191189,1.11498284351764,True,True,True,-1.11426298660104,2.33581015106617e-05,-0.868494595924446,0.0002805884725296,0.7787352457301,True,True,True,4,3,0.72180699392886,3_of_4,down,False,True,False,True,down,2.0,-0.804936632165083,0.804936632165083,True,False,True,False,False
POLD2,-0.706105999856431,2.57137847790403e-06,-0.631559104427867,5.01733037433348e-06,0.893160437835483,True,True,True,-1.14109871951311,3.56514454835349e-06,-0.400398326107312,0.0234358090566805,0.350581188181357,True,True,False,-0.564544508781706,0.0036415610246284,-0.53612719019091,0.0055016686539154,0.947984078823139,True,True,True,-1.26490262432265,2.55117233199453e-07,-0.696610720178451,0.0001453743580014,0.550287760522804,True,True,True,4,3,0.721724099179144,3_of_4,down,False,True,True,True,down,3.0,-0.973595598742422,0.973595598742422,True,False,True,False,False
E2F4,-0.85691012116502,3.44765228739731e-06,-0.703511830239038,1.36018331789042e-05,0.820029759392146,True,True,True,-1.10135305076207,6.52201790309768e-07,-0.685446454790053,0.0001625108267785,0.621803018838834,True,True,True,-0.925239283714015,0.0002841918519415,-0.795897956946552,0.0009877992381039,0.859278990797256,True,True,True,-0.557636832239696,0.0006570320898816,-0.195991524273617,0.174072458588813,0.350838886666038,True,True,False,4,3,0.72091638911549,3_of_4,down,False,True,False,True,down,2.0,-0.785463247162572,0.785463247162572,True,False,True,False,False
ZFYVE1,0.895678650926012,8.72391364209017e-05,0.841261244583431,0.0001411607062731,0.938197027122982,True,True,True,2.3940150662914,2.02423091982471e-05,1.20284744831625,0.0162266199433784,0.502229595648773,True,True,True,0.968990022013426,0.0003581998970684,1.03255727217794,0.0002593875826808,1.06450298327259,True,True,True,1.08351203796913,7.65784895564506e-05,0.380140751405786,0.109392315404222,0.350517779514594,True,True,False,4,3,0.720213311385878,3_of_4,up,False,True,True,True,up,3.0,1.81321210142756,1.81321210142756,True,False,True,False,False
MXI1,1.5154811297896,2.95946756846964e-07,1.46357174910454,4.28065000857088e-07,0.965110425942194,True,True,True,1.39223345488159,3.92127900499517e-06,0.769994477606049,0.0027942399915335,0.552667232406855,True,True,True,0.704713987630606,0.0007753799621219,0.625915647500895,0.0022331557867775,0.886925381204885,True,True,True,0.71889702875791,0.0020497862283602,0.0670932175761134,0.794844252163749,0.093198353230981,True,True,False,4,3,0.71979630680587,3_of_4,up,False,True,True,True,up,3.0,1.39255967091326,1.39255967091326,True,False,True,False,False
SERINC3,0.531554864332358,5.77153981879074e-05,0.470567904239756,0.0001413440816099,0.88360455561642,True,True,True,0.896595380114723,8.7164626665066e-06,0.441606908506443,0.0075646089840247,0.49198883850093,True,True,False,0.696985565156973,2.33818735440406e-05,0.577118313383084,0.000129781214027,0.82683416705515,True,True,True,1.34069378141082,8.97122838763914e-09,0.819042178736087,2.3370900079087e-06,0.610453883057315,True,True,True,4,3,0.718644025056232,3_of_4,up,False,True,False,True,up,2.0,0.6278437402145,0.6278437402145,True,False,True,False,False
SLC25A5,-0.752593298229675,1.57763853723487e-05,-0.834612428378252,6.04463057585675e-06,1.10751041754074,True,True,True,-1.17110745459001,6.7769414535868e-07,-0.556130947830672,0.0012413840075999,0.474470958829624,True,True,False,-1.47563194439171,1.220800200156e-07,-1.30073709936353,4.69079790960326e-07,0.88088105116767,True,True,True,-1.4540351253325,3.68262240572182e-08,-0.805671324467566,2.35391531220086e-05,0.553712628953515,True,True,True,4,3,0.717296840060593,3_of_4,down,False,True,True,True,down,3.0,-1.20913868741294,1.20913868741294,True,False,True,False,False
ENO1,-0.586553357838641,0.0008511373635594,-0.547326822513384,0.001319335308032,0.931535519645002,True,True,True,-1.45786973243674,6.29384789767104e-07,-0.60124885428182,0.00298186727017,0.412133339196474,True,True,False,-1.15616786053643,4.1533575438367e-05,-0.97419634610465,0.0001920349367498,0.841879885648604,True,True,True,-1.33746422691604,1.93507997720375e-07,-0.791594653990281,7.14115954697829e-05,0.591420105275579,True,True,True,4,3,0.716649995462092,3_of_4,down,False,True,True,True,down,3.0,-1.28149647440801,1.28149647440801,True,False,True,False,False
NDUFB8,-0.513159641173473,0.0015737318693176,-0.500908216661427,0.0018206675038056,0.974227023183301,True,True,True,-0.874087654207552,3.68872105967695e-06,-0.401176500628378,0.0049480255531314,0.458441504344692,True,True,False,-0.636268402629431,0.0005876845874441,-0.488515309630619,0.0040921995298066,0.766577014669106,True,True,True,-0.832557555973739,1.7695823581829e-05,-0.555714902048612,0.000870598920263,0.666678501161736,True,True,True,4,3,0.716627757915421,3_of_4,down,False,True,False,True,down,2.0,-0.749883703161568,0.749883703161568,True,False,True,False,False
SNRPA,-0.775720251867507,0.0009329539175072,-0.728811259557766,0.0014155102279197,0.938318857793973,True,True,True,-0.691259150820802,0.0003167539663273,-0.194382672558749,0.243475717677875,0.280794659526381,True,True,False,-0.972061795938511,0.0011823492207586,-0.855118358561651,0.0031394265446906,0.87879142119324,True,True,True,-1.59815599862966,1.07482324647505e-07,-0.881834870733459,3.41828754319888e-05,0.551437678055872,True,True,True,4,3,0.715114549624556,3_of_4,down,False,True,True,True,down,3.0,-1.32755633570831,1.32755633570831,True,False,True,False,False
NUP93,-0.731159141326145,1.34573593052974e-05,-0.73720213917295,1.10225811823841e-05,1.00688784386093,True,True,True,-1.09896175506374,2.74848954955531e-06,-0.380170347142665,0.0194711438736239,0.345621423101783,True,True,False,-1.13161702412509,6.49452276635725e-05,-0.964625249930139,0.0002658783961059,0.851678219012539,True,True,True,-0.779015586287457,3.27402389623959e-05,-0.449544606537194,0.0043504021694845,0.576327722727741,True,True,True,4,3,0.71400297087014,3_of_4,down,False,True,True,True,down,3.0,-1.15884219101868,1.15884219101868,True,False,True,False,False
ANP32A,-0.747353031186482,2.50355939844399e-05,-0.818882167802688,1.05632432339013e-05,1.09424580869858,True,True,True,-1.4518169831602,5.78242259476412e-07,-0.784366742188131,0.0003726907411794,0.539893703941951,True,True,True,-0.914600460663731,2.69265753667328e-05,-0.807625716775905,8.92296295402717e-05,0.882072204496759,True,True,True,-1.09368296423468,5.51831232424101e-06,-0.46127376619583,0.0099366014193614,0.421376582322461,True,True,False,4,3,0.710982954219355,3_of_4,down,False,True,True,True,down,3.0,-1.06493061682308,1.06493061682308,True,False,True,False,False
HDAC5,0.849609793074203,5.7817703696358e-05,1.09874276768938,6.20352665048607e-06,1.29171187145447,True,True,True,2.88083473873618,3.42526363296065e-06,1.45375879900304,0.0045181523436891,0.504455990991552,True,True,True,1.44013388777672,8.33406225171837e-05,1.32052330206187,0.0002164916228436,0.916308549304243,True,True,True,1.15806801658327,3.40076604420552e-05,0.24153330480909,0.320291375343522,0.208385790439709,True,True,False,4,3,0.710382270147897,3_of_4,up,False,True,False,True,up,2.0,1.70313841147962,1.70313841147962,True,False,True,False,False
IFT140,0.717155877328151,0.0015329340699461,0.826311319964014,0.0004938007264644,1.1506016257059,True,True,True,1.44911651841983,9.15541456621458e-07,0.757447339703333,0.0013389695981119,0.522335502066215,True,True,True,0.544710064376158,0.0066258420613703,0.488051814489804,0.0146341748927294,0.89434270384537,True,True,True,1.10577434942326,0.0005630577903221,0.494739767553238,0.0986033731036294,0.447010511050466,True,True,False,4,3,0.708339102955792,3_of_4,up,False,True,False,True,up,2.0,1.11109116323812,1.11109116323812,True,False,True,False,False
EFHD2,-1.82736054570344,5.09679251201104e-07,-1.82328277303274,6.0546622151314e-07,0.997222772782626,True,True,True,-2.13946714797389,5.62229940841048e-07,-1.38401620274479,7.92738699941493e-05,0.646595395801736,True,True,True,-1.85186600017253,4.83873157069806e-05,-1.41804392863175,0.0003974633435897,0.765324599026432,True,True,True,-1.11034475552355,5.56871547749193e-05,-0.282277888519059,0.172185307333374,0.253996689250654,True,True,False,4,3,0.705959997414084,3_of_4,down,False,True,True,True,down,3.0,-0.94004611110438,0.94004611110438,True,False,True,False,False
SMC4,-1.69622183111864,3.50296183421834e-06,-1.81224424020134,2.01464352498231e-06,1.06777099314524,True,True,True,-1.25360143581079,3.53524632412061e-05,-0.384980962875716,0.105690482619185,0.306855190729892,True,True,False,-1.81711600779633,2.38105640465006e-06,-1.58419435580107,9.32023692102725e-06,0.871338434405631,True,True,True,-1.80950861373581,2.31388984135207e-07,-0.967222234249481,0.0001382747215022,0.534226806164546,True,True,True,4,3,0.702782620285088,3_of_4,down,False,True,True,True,down,3.0,-2.38436891509523,2.38436891509523,True,False,True,False,False
C2orf69,-0.875107980096928,9.42577368078343e-06,-0.833267079928458,1.28137501999682e-05,0.951100890367726,True,True,True,-1.20795949292079,3.5383089346123e-06,-0.519429926742339,0.005216994960005,0.429650397539309,True,True,False,-0.735315100658986,0.0024187881970007,-0.656643448696216,0.0056769609738757,0.891796797469636,True,True,True,-0.896114176704038,4.25881887860823e-05,-0.460020984942227,0.0083449084628799,0.512778637199031,True,True,True,4,3,0.702287717334334,3_of_4,down,False,True,False,True,down,2.0,-1.01126629518423,1.01126629518423,True,False,True,False,False
IL4R,-0.720521955426694,0.0031069426557729,-0.466098073027296,0.0334564288916301,0.645992917501249,True,True,True,-1.52152763105097,3.43797819051565e-06,-1.15080355034927,0.000168960887964,0.75585068335009,True,True,True,-0.573275120025718,0.0019752090223086,-0.461214965760521,0.0088179568890358,0.803125452727024,True,True,True,-1.06004918993592,3.97779105226715e-07,-0.3604913317689,0.007423427705751,0.339749876997382,True,True,False,4,3,0.700921800425669,3_of_4,down,False,True,False,True,down,2.0,-0.556139765356327,0.556139765356327,True,False,True,False,False
NOL12,-0.745122883334459,0.0011239467816406,-0.672861214742083,0.0022450837711987,0.901810184047746,True,True,True,-1.61367237683576,1.43422989107232e-06,-0.801083677359042,0.0010477685790652,0.496127690577645,True,True,False,-0.793117510646575,0.0039202133989793,-0.541653622231873,0.0308239781688375,0.682082456273827,True,True,True,-1.30507004381803,2.53405006729534e-06,-0.931266743203834,7.07634428204872e-05,0.713029708943837,True,True,True,4,3,0.697556082608832,3_of_4,down,False,True,False,True,down,2.0,-0.57251525788674,0.57251525788674,True,False,True,False,False
TTLL3,0.954320321746359,0.0056458635075168,1.01974249729863,0.0035478493205576,1.06743515665458,True,True,True,3.23413505699077,7.17860199681569e-06,1.76696775103929,0.0051193371496409,0.546180521032984,True,True,True,0.778764026631862,0.0296637511177711,0.656234024250069,0.0688859113002708,0.841580275361801,True,True,False,1.13171018762242,0.0001269776753492,0.623763141183119,0.0200716986514054,0.550682026169827,True,True,True,4,3,0.696131150765814,3_of_4,up,False,True,False,True,up,2.0,1.72668120617642,1.72668120617642,True,False,True,False,False
FANCD2,-1.12826067206612,0.0003164703555034,-1.27847510746666,0.0001255989893165,1.13213462497329,True,True,True,-0.978170097900661,0.0014687614295346,-0.386737293247573,0.165239964344239,0.394964362245883,True,True,False,-1.31843210272153,0.0013443723974171,-1.06464951247701,0.0054123034341062,0.806899809608246,True,True,True,-1.67208528171794,3.81260477200923e-06,-0.972699334798244,0.0004057074716883,0.581380605894439,True,True,True,4,3,0.694140207751343,3_of_4,down,False,True,False,True,down,2.0,-1.32807077327933,1.32807077327933,True,False,True,False,False
LBH,1.35650158870506,0.0003627093525269,0.881915344244335,0.0096233268159555,0.649660635083018,True,True,True,9.00568752906655,0.0020004053325054,6.62219221088367,0.025206890884332,0.735252798491388,True,True,True,3.24543930636074,0.0084975831257216,2.80349105082527,0.0226225252997077,0.863558744293293,True,True,True,1.41712679295248,1.25039314819841e-06,0.581076729271913,0.0052290913320587,0.409749489368391,True,True,False,4,3,0.692456716787203,3_of_4,up,False,True,True,True,up,3.0,3.16775075313028,3.16775075313028,True,False,True,False,False
HNRNPC,-0.765937202197033,0.0003030798313518,-0.832937384745817,0.000138027358259,1.08605682754692,True,True,True,-0.983571304549896,2.37319159573482e-07,-0.464322613388971,0.0004052171869921,0.471598767141847,True,True,False,-0.935086448521247,4.8552594319877e-06,-0.815025650680848,1.92463692138371e-05,0.870673485305079,True,True,True,-0.865803116330463,4.03298342277554e-07,-0.445402991540572,0.0004374996148033,0.513845627858547,True,True,True,4,3,0.692259556581813,3_of_4,down,False,True,False,True,down,2.0,-0.633464679980092,0.633464679980092,True,False,True,False,False
CDKN2AIPNL,-0.873048267091588,9.91220615815613e-06,-0.887748959359774,8.69080743836622e-06,1.01567498361821,True,True,True,-0.650712738263558,0.0001456626121545,-0.334991408063392,0.0249521130525632,0.514016971581609,True,True,True,-0.58856070632126,0.003429014231205,-0.513209103114225,0.009135338012648,0.870494077389496,True,True,True,-0.532414568008194,0.0040538995834502,-0.164345805377434,0.337381023110786,0.308101456604592,True,True,False,4,3,0.692255524485552,3_of_4,down,False,True,False,True,down,2.0,-0.745326418183222,0.745326418183222,True,False,True,False,False
SH3TC1,1.55592838039457,0.0002429238857286,0.925479704872198,0.0124816972683959,0.594426639353607,True,True,True,3.4829138430074,9.51539463956323e-06,1.40084016441944,0.0358697612257565,0.402088061744432,True,True,False,0.838609903813154,0.0186693124074513,0.831192607889092,0.0220328548893454,0.989974753887687,True,True,True,1.26868618363844,2.08800360261883e-06,0.999350762409159,4.97136621456942e-05,0.787084852373047,True,True,True,4,3,0.690755745863327,3_of_4,up,False,True,False,True,up,2.0,2.36490319816036,2.36490319816036,True,False,True,False,False
IFRD2,-0.575979771262721,0.0061651509476975,-0.41989116151145,0.0325379676832212,0.72773983148927,True,True,True,-1.29252754539713,4.10733508584208e-06,-0.509893980214658,0.0132673999567366,0.394188729903014,True,True,False,-0.654647777503707,0.0037749465169659,-0.638051858897092,0.0049974328794493,0.973162543654752,True,True,True,-0.984866987250828,4.71699615355802e-05,-0.642808920179831,0.0020790077662765,0.652023983450706,True,True,True,4,3,0.689881907469988,3_of_4,down,False,True,True,True,down,3.0,-0.935765170476647,0.935765170476647,True,False,True,False,False
MCM7,-1.41355527468865,3.05782819974115e-07,-1.44216002263076,3.17572056457865e-07,1.01951478916099,True,True,True,-0.685490005510032,0.0002637596532278,-0.314026124383529,0.0606703896421587,0.457437285121466,True,True,False,-0.895351354417246,0.0001471116989962,-0.754713550138204,0.0006311939759414,0.841984057277264,True,True,True,-1.6490314478525,2.53066079835709e-07,-0.879078249922919,0.0001958020694255,0.532764542801309,True,True,True,4,3,0.687374300039286,3_of_4,down,False,True,False,True,down,2.0,-1.29032381526733,1.29032381526733,True,False,True,False,False
SLC17A5,1.34238201054998,4.01703471388065e-05,1.11790632787064,0.0002064069464806,0.832158179200993,True,True,True,1.43258251064495,9.51654062316712e-06,0.768380190138684,0.0057432154100429,0.535986024127066,True,True,True,1.34089396203947,5.49451938398955e-05,1.1566320085495,0.0002576312143222,0.861939945531612,True,True,True,0.902256906451486,6.11211494785923e-06,0.312632420968558,0.0422492780270756,0.346116834242384,True,True,False,4,3,0.684072101664029,3_of_4,up,False,True,False,True,up,2.0,0.757329261745443,0.757329261745443,True,False,True,False,False
CHCHD4,-0.683170028055775,0.0003375415497816,-0.647314578123177,0.000511062163256,0.946131153921882,True,True,True,-1.21844267812726,2.98196085209103e-06,-0.651603086331893,0.001320061802069,0.534344990559607,True,True,True,-0.672282853093574,0.0026492022177885,-0.559286472355273,0.0092809177643779,0.830685750848228,True,True,True,-0.619725829404703,0.0102466252480199,-0.171142651972513,0.453619839769664,0.275713759384952,True,True,False,4,3,0.682515370703918,3_of_4,down,False,True,False,True,down,2.0,-0.650703297283707,0.650703297283707,True,False,True,False,False
TOMM40,-0.958356699604612,4.05097410958988e-05,-0.919779801314515,5.21558288906934e-05,0.958746420068356,True,True,True,-1.62266514193412,1.8161171610462e-06,-0.713349189518012,0.0043305348936934,0.439345017081703,True,True,False,-0.664333564896611,0.0033763095572141,-0.537268552809446,0.013202755861681,0.807517583894831,True,True,True,-1.10345288161591,3.45520678553236e-06,-0.604712669829501,0.0011437265265066,0.547522379537599,True,True,True,4,3,0.677519981716215,3_of_4,down,False,True,True,True,down,3.0,-1.25698637079729,1.25698637079729,True,False,True,False,False
STK38,0.773259555550335,2.22824638988796e-05,0.583145285062513,0.0002062014114091,0.753165112244588,True,True,True,1.28943337469769,1.60831899388466e-06,0.786263740265336,0.0005480548153246,0.609302080744412,True,True,True,0.74282547789643,0.0002934357036998,0.552115391073898,0.0030179330618951,0.742264694448627,True,True,True,0.997981014556325,7.71105031770494e-06,0.291727836116199,0.0776265017104751,0.292025405753845,True,True,False,4,3,0.675783387596519,3_of_4,up,False,True,False,True,up,2.0,0.604701795827139,0.604701795827139,True,False,True,False,False
MCM8,-0.833524808351843,0.0002196635617925,-0.925886722551641,9.50447927547132e-05,1.10947776900753,True,True,True,-1.09537266478941,1.48919142749645e-05,-0.296155633427241,0.0983655570585341,0.270123146023644,True,True,False,-0.622190558340895,0.0044230772195386,-0.523956434896756,0.0133589749415826,0.840764398439656,True,True,True,-1.59743100547721,1.06722367401225e-07,-0.815870697428693,5.06467005840546e-05,0.510419714478146,True,True,True,4,3,0.675592056458901,3_of_4,down,False,True,False,True,down,2.0,-1.39703109118478,1.39703109118478,True,False,True,False,False
PLXNA3,0.744274376041631,0.0087524927468583,0.831020841844115,0.0041262802989836,1.11505355417948,True,True,True,1.70699234681152,8.82446147821087e-07,0.886337660986625,0.0010774285661645,0.518935382023954,True,True,True,0.784487692395468,0.0118801835193455,0.649841489824781,0.0339402424984529,0.827309576096587,True,True,True,1.40225428535173,4.41108398579075e-06,0.59162396110891,0.0109179534191088,0.421608519057982,True,True,False,4,3,0.67312247906027,3_of_4,up,False,True,True,True,up,3.0,1.19171472899025,1.19171472899025,True,False,True,False,False
PSMB7,-0.654278720498517,8.30192848799246e-05,-0.701987762470832,4.32648612279225e-05,1.07128118235974,True,True,True,-0.972364809839592,2.38690522631843e-07,-0.491118002585716,0.0002515217298358,0.504556973522241,True,True,True,-0.51433100508865,0.0011921288729515,-0.431788604873408,0.0043093683690437,0.837885942451938,True,True,True,-0.737446565716223,2.64424904156189e-05,-0.368167281426443,0.0100534286863338,0.498569969066558,True,True,False,4,3,0.67122145798709,3_of_4,down,False,True,False,True,down,2.0,-0.585742764752865,0.585742764752865,True,False,True,False,False
CASZ1,1.02295500753063,0.0005117389384079,0.86508005555737,0.0019759794120867,0.844841862381822,True,True,True,1.27928108482037,6.24029865099185e-05,0.672897159981331,0.0210478831251488,0.525585488967637,True,True,True,0.520384521979121,0.0473430631489012,0.207546801131481,0.45693501010991,0.398068589270075,True,True,False,1.28362768174666,1.53599352083642e-06,1.03810387714233,2.80174187837879e-05,0.808097078937968,True,True,True,4,3,0.666841283952803,3_of_4,up,False,True,False,True,up,2.0,1.73595871736653,1.73595871736653,True,False,True,False,False
PHLDA1,-2.35257740320558,3.85461308427906e-07,-2.30627191555675,5.32580367595354e-07,0.979900602553203,True,True,True,-2.72439847636062,1.09722840686191e-05,-1.79935989602831,0.0006666041135395,0.660219014443384,True,True,True,-1.13402480861701,0.0013471175353002,-0.761847831499598,0.0168251426232021,0.671216898270166,True,True,True,-1.22373266229004,2.03175061226877e-05,-0.367720270481552,0.0763023829247513,0.300245336638592,True,True,False,4,3,0.665717956356775,3_of_4,down,False,True,True,True,down,3.0,-2.94662101354334,2.94662101354334,True,False,True,False,False
POP7,-1.21271935276089,4.53074531168019e-06,-1.32841519876001,2.5426614294298e-06,1.09449947859711,True,True,True,-1.00803036556647,1.04715873782882e-05,-0.350032907934539,0.0350097148383258,0.346900271666285,True,True,False,-0.69942367487007,0.0051927483111827,-0.568471412784856,0.0181801169042396,0.811610790983484,True,True,True,-0.728911441918929,8.74802274250591e-05,-0.377713285956542,0.0142262539511552,0.517478236761898,True,True,True,4,3,0.664544513872691,3_of_4,down,False,True,True,True,down,3.0,-0.812723623865894,0.812723623865894,True,False,True,False,False
SF3B3,-0.603659895405661,9.60917079308876e-06,-0.588368038146783,9.9348798522168e-06,0.973056163667101,True,True,True,-1.15094526780995,1.29032595555974e-06,-0.553712387537056,0.0019664569487775,0.480675951375503,True,True,False,-0.716525598516672,0.0012012139596429,-0.521889173989679,0.0104305177611646,0.727345721279591,True,True,True,-1.06331799471453,4.8827550957405e-08,-0.638402190557265,1.38428380975717e-05,0.599822791428511,True,True,True,4,3,0.663584256354051,3_of_4,down,False,True,False,True,down,2.0,-0.692576887987025,0.692576887987025,True,False,True,False,False
NUP205,-1.14121526399202,2.31657280613586e-06,-1.2145460483514,1.34528798386032e-06,1.06332500242256,True,True,True,-1.28611085425138,1.40421170100302e-06,-0.408273914455672,0.0218967697083651,0.317201826949968,True,True,False,-0.718759189294633,0.0002535599713953,-0.582444663858954,0.001365136761945,0.809221573717943,True,True,True,-1.03043069418488,2.66176338745368e-07,-0.529774941532004,0.0002999824420261,0.513631157690799,True,True,True,4,3,0.661426365704371,3_of_4,down,False,True,False,True,down,2.0,-1.04797869787109,1.04797869787109,True,False,True,False,False
PTPN21,0.579861932432014,0.0066392683062185,0.62951461190143,0.0037632962256192,1.08375945599622,True,True,True,1.72298394597658,1.48555887722832e-06,0.887272859894913,0.0023708544371961,0.514664224087251,True,True,True,2.18223388738407,2.07840238571698e-06,1.76410594736087,1.76943544425393e-05,0.808024260504038,True,True,True,1.15610829330449,6.00523979502151e-06,0.323214434584354,0.0910637774528518,0.279329459873901,True,True,False,4,3,0.661344242295644,3_of_4,up,False,True,True,True,up,3.0,1.89836243872756,1.89836243872756,True,False,True,False,False
TRIM29,1.68104728535701,0.0014730815876748,1.75933162086492,0.0009862453161488,1.04594658912428,True,True,True,1.26193826551844,4.92410342613208e-05,0.704115998853065,0.0111837715859577,0.55752210387261,True,True,True,3.22331156106605,7.6856485654095e-05,2.34344072517553,0.0015426051915826,0.726803437196597,True,True,True,-0.692476298603814,0.0214526610909468,-0.406638755469062,0.176221988157821,0.586377294058577,True,True,False,4,3,0.656590365627587,3_of_4,up,False,True,False,True,up,2.0,1.172320069286265,1.172320069286265,True,False,True,False,False
RND3,0.675549614359066,0.0006226067075684,0.310235718423672,0.0631566867425878,0.45855575384161,True,True,False,1.96515669944468,9.72406772934222e-06,1.06141589346626,0.0052366289922336,0.539842980860094,True,True,True,1.36838486579238,2.31494721800594e-05,1.09343690418914,0.0001704662838721,0.798487650552816,True,True,True,0.667103282394978,0.0020780924275437,0.513984371109898,0.0151082373369738,0.769318733575738,True,True,True,4,3,0.654580857217916,3_of_4,up,False,True,False,True,up,2.0,0.872676588422292,0.872676588422292,True,False,True,False,False
PJA2,0.829360649953061,2.81025722077929e-06,0.744449263922176,5.46130288290232e-06,0.896537262410326,True,True,True,1.49258627012784,1.0587847723748e-05,0.817532991038152,0.0050254687071417,0.54736241714928,True,True,True,0.719225494387087,0.0001926970448981,0.546913784939062,0.0017380856269831,0.759364656210186,True,True,True,0.645022140195885,1.9445452408819e-05,0.298413371037619,0.0144686063671545,0.46192437142655,True,True,False,4,3,0.653363536679733,3_of_4,up,False,True,False,True,up,2.0,0.716932286235058,0.716932286235058,True,False,True,False,False
LMNA,-0.806603667074221,0.0001704074340474,-0.531355938313174,0.0036780274180213,0.657941463091872,True,True,True,-0.545097912081809,4.09589212614491e-06,-0.379063907067406,0.0003960759122306,0.694131764068382,True,True,True,-0.697289040535325,0.0116699958141958,-0.448651958749018,0.0875435297368317,0.64250179038335,True,True,False,-1.0889962244319,6.06468931807938e-06,-0.545962777008299,0.0042108174377483,0.500885016636504,True,True,True,4,3,0.650221626737611,3_of_4,down,False,True,False,True,down,2.0,-0.573184212214427,0.573184212214427,True,False,True,False,False
ICA1,4.53070298855141,0.0003868872874459,4.51232106638833,0.0003872095602513,0.995723037848675,True,True,True,0.946202117070608,3.63119274504246e-05,0.42494008597721,0.0328066281108705,0.448626621835911,True,True,False,0.993960631041467,0.0020413673138537,0.7253869752374,0.017951890757289,0.729060982521597,True,True,True,1.08725735279563,0.0001064066341035,0.620411573269078,0.0134857580398966,0.570096376261828,True,True,True,4,3,0.649578679391712,3_of_4,up,False,True,False,True,up,2.0,0.65699926619059,0.65699926619059,True,False,True,False,False
ETV4,-3.95456745310879,1.89790168663742e-07,-3.74115665447397,2.25777176384796e-07,0.945795185854735,True,True,True,-3.336297268046,1.11856632142611e-05,-1.4220886611529,0.0048573350921349,0.426119864948542,True,True,False,-1.45823310054677,0.0002597170151981,-1.00222874386079,0.0028074459966574,0.686818811528644,True,True,True,-3.63183455169564,5.80933301562767e-08,-2.22117778365233,5.11749963774278e-07,0.611417269915468,True,True,True,4,3,0.649118040722056,3_of_4,down,False,True,True,True,down,3.0,-2.62534933799962,2.62534933799962,True,False,True,False,False
STOML2,-0.897436476178864,4.3921837052215e-06,-0.843976477284627,6.35993578956762e-06,0.939383584328788,True,True,True,-1.06544071611933,5.8735976506908e-06,-0.554368172644703,0.0033815893867361,0.519830276794,True,True,True,-0.531163949216247,0.0055871103200433,-0.398907033871349,0.0285190000961729,0.749594245267545,True,True,True,-0.695387743925271,0.0001127061230303,-0.198648493812059,0.167309430814193,0.285255585763692,True,True,False,4,3,0.634712261030772,3_of_4,down,False,True,True,True,down,3.0,-0.9106189017723,0.9106189017723,True,False,True,False,False
CAPN3,1.25194732865155,0.0175178877355729,1.45272410931373,0.0067998207558693,1.15944547395874,True,True,True,4.28690650752691,1.68826522754015e-05,2.17524244804805,0.0154029525770119,0.507297079409187,True,True,True,2.82529899707394,0.0005756514749951,2.10225247120427,0.0068900350762706,0.743818142871907,True,True,True,1.47132819505111,0.0005761121243867,0.583192688521859,0.162110697652869,0.396102370709279,True,True,False,4,3,0.625557611140547,3_of_4,up,False,True,True,True,up,3.0,3.52795499181794,3.52795499181794,True,False,True,False,False
NTMT1,-0.716516496808816,0.0003254852851598,-0.754023487839028,0.0002179553673476,1.05087965390702,True,True,True,-0.975921796250923,4.23549333202247e-06,-0.538496386163076,0.0016958661778115,0.551217495842178,True,True,True,-0.605722319737826,0.0025285585748647,-0.418432333202857,0.0233169003964706,0.68966035959196,True,True,True,-0.884312076928524,0.0002754352563595,-0.34919432897463,0.0789278689989888,0.394430775400822,True,True,False,4,3,0.620438927717069,3_of_4,down,False,True,False,True,down,2.0,-0.730942359407715,0.730942359407715,True,False,True,False,False
ATF3,2.15176627178228,0.0006578056720821,2.29364797572431,0.0003731329851077,1.06544217353675,True,True,True,3.79596690623493,0.0003419465144495,2.1390835618932,0.0394805623410488,0.563366396051714,True,True,True,1.93351467850017,0.0013241713015699,1.30534133323929,0.0205704995930061,0.674764243325009,True,True,True,1.67899108420475,0.0076312909903258,0.941744385383535,0.131709691867165,0.560565109087662,True,True,False,4,3,0.619065319688362,3_of_4,up,False,True,True,True,up,3.0,2.75455198254045,2.75455198254045,True,False,True,False,False
SS18L2,-0.564989888550116,0.0013218353822021,-0.669147030059483,0.0004264202622267,1.18225968978637,True,True,True,-0.744861188434986,0.0001298424640636,-0.402888363156197,0.0178856765631047,0.540165340955149,True,True,True,-0.911446791981689,0.0029096475235087,-0.632880668401135,0.0221777137486441,0.693608300190983,True,True,True,-0.938983805471996,0.0078414938908983,-0.380169695637063,0.228679299217529,0.404442814252707,True,True,False,4,3,0.616886820573066,3_of_4,down,False,True,False,True,down,2.0,-0.772676748836584,0.772676748836584,True,False,True,False,False
AK1,-0.923582308991887,6.17474061733956e-05,-0.812246774077775,0.000159196436143,0.87850131478657,True,True,True,-1.13124381007724,6.7084020306421e-05,-0.604339486274864,0.0109315888880523,0.533753844265783,True,True,True,-0.844807539617956,0.0020575359275008,-0.587301470720833,0.0180774362625963,0.694367741136609,True,True,True,-0.69334189790545,0.001511373776672,-0.327411916674879,0.0929411563294256,0.471542791328809,True,True,False,4,3,0.614060792701196,3_of_4,down,False,True,False,True,down,2.0,-0.916691821150353,0.916691821150353,True,False,True,False,False
PHLDA2,-2.23717392115192,2.98893509078307e-06,-1.88247678704236,6.71346208371466e-06,0.841077080405577,True,True,True,-2.07155484570068,3.34777599643468e-05,-1.13936320149768,0.0035050516474213,0.54973850456174,True,True,True,-1.15046138453513,0.001146856452777,-0.752117907757488,0.0141484003644669,0.653185523942806,True,True,True,-1.21220238189302,4.02541693461309e-05,-0.600708016408446,0.0091461616334151,0.495142463758711,True,True,False,4,3,0.601462014252273,3_of_4,down,False,True,True,True,down,3.0,-1.14227251348811,1.14227251348811,True,False,True,False,False
ETV5,-1.80436969908357,0.0001018983422943,-2.03241587759829,5.57281402159034e-05,1.12576159809815,True,True,True,-2.78612023820159,0.0001239521973415,-1.30794628663221,0.0148323152784643,0.469282332604413,True,True,False,-1.34610515879202,0.0053975695436493,-0.85022124678374,0.0463055855625969,0.631146901364518,True,True,True,-2.44003209911041,2.04638800548524e-07,-1.3774372507692,1.69981290612773e-05,0.564284775800852,True,True,True,4,3,0.597715838582685,3_of_4,down,False,True,True,True,down,3.0,-0.99684576131845,0.99684576131845,True,False,True,False,False
SLC43A2,2.64038057347854,2.57624754524617e-07,1.55734648021918,1.23708849479263e-05,0.589595643981075,True,True,True,2.46669729074985,8.93236996246725e-07,1.28829887636906,0.0014255932478365,0.522065198676613,True,True,True,2.6450869752655,3.03515351557098e-06,2.13334064845218,2.33886285413923e-05,0.806224688906202,True,True,True,2.07458109211252,1.21784161485305e-06,-0.390176573420132,0.269748597801298,0.187984258915662,False,True,False,4,3,0.555830421328844,3_of_4,up,False,True,False,True,up,2.0,0.777257225321317,0.777257225321317,True,False,True,False,False
DHX58,0.0721697213237436,0.816697653725938,0.195978991413317,0.501117500720299,2.67841653443228,True,False,False,2.69388936545357,1.10096217515338e-05,1.60293138737543,0.0042204156293439,0.594804153344397,True,True,True,0.95542574900571,0.0147923374570066,1.41073882883803,0.0010355024145989,1.47501134333179,True,True,True,0.738161837329517,0.0050425156029503,1.01580473862614,0.0005296200899016,1.37426567136649,True,True,True,3,3,1.42463850734914,3_of_4,up,False,True,False,True,up,2.0,0.833511120923464,0.833511120923464,True,False,True,False,False
DDO,2.23294755925003,4.26822026338905e-05,2.54413048164088,1.17876720634882e-05,1.13884968834944,True,True,True,,,,,,,,,1.82545233068622,0.016690721398049,2.46868537145024,0.0022356194412855,1.35162869020662,True,True,True,1.92029632826721,0.0123513239258077,2.56028280491758,0.0017885499892965,1.3325809076139,True,True,True,3,3,1.3325809076139,3_of_4,up,False,True,False,True,up,2.0,1.766233011896305,1.766233011896305,True,False,True,False,False
UBA6,-0.881184668840659,0.0003899738782808,-1.10294595910115,6.04091139718112e-05,1.25024385262851,True,True,True,-0.848365002686129,4.64427959625722e-07,-0.520387405707298,0.0001237306886128,0.612678182008401,True,True,True,-0.608073422673762,0.0008063924578763,-0.869699119721332,7.07854668526813e-05,1.42790522020063,True,True,True,0.316902206915364,0.0884516092415529,0.448429771748278,0.0236166482221448,1.41059030731317,True,False,False,3,3,1.33041707997084,3_of_4,down,False,True,False,True,down,2.0,-0.619720707917,0.619720707917,True,False,True,False,False
MARC1,-0.122887575757109,0.783361856726737,-0.242258457843143,0.574400812241829,1.95547016206136,True,False,False,-1.39506838728741,5.53628066113781e-07,-0.866496908277298,9.9859995004843e-05,0.620669385660197,True,True,True,-1.14390934400333,5.49424800934223e-05,-1.58651091855154,1.26255866184037e-05,1.38570876974773,True,True,True,-0.99333592617218,0.0008778762242465,-1.0725148772484,0.0007728688493015,1.07862428483016,True,True,True,3,3,1.23216652728894,3_of_4,down,False,True,False,True,down,2.0,-1.03187682533538,1.03187682533538,True,False,True,False,False
NFU1,-0.804306865525737,0.0003581559545127,-0.938518248545902,0.0001254120173841,1.1654169220738,True,True,True,-0.780531209196864,4.7572919588747e-05,-0.611476214063919,0.0011159695925294,0.782407928011345,True,True,True,-0.195261526292041,0.414723101500168,-0.360096642150423,0.140960930108584,1.83477958698126,True,False,False,-0.568426891013827,0.0008470323199008,-0.724986585893869,0.0001911854272282,1.27318642188302,True,True,True,3,3,1.21930167197841,3_of_4,down,False,True,False,True,down,2.0,-0.711685794856214,0.711685794856214,True,False,True,False,False
TUBGCP5,-0.556899212092766,0.0008583061871204,-0.490441091277015,0.0020942400128352,0.879085470361743,True,True,True,-0.768197107897575,0.0005484878506075,-0.422012343172614,0.0373866262887764,0.548640054466778,True,True,True,-0.694571774331351,0.0038408235679478,-1.0447934017323,0.0003813639047874,1.50206411514707,True,True,True,-0.0558324546641771,0.724412275737431,0.224176305575639,0.141246555188688,3.94451210844748,False,False,False,3,3,1.19057479275441,3_of_4,down,False,True,False,True,down,2.0,-0.763038245298154,0.763038245298154,True,False,True,False,False
POLR3G,-0.919693325245001,0.0015461647093715,-1.32727509471568,0.0001415103141933,1.44160390688451,True,True,True,-3.38696635705337,8.35843344995902e-07,-2.11070939871846,3.9720490371711e-05,0.623001876722948,True,True,True,-1.02631454236064,0.0038099342574243,-0.957489959300855,0.0066028557597407,0.932031933569891,True,True,True,-0.217669559174381,0.72400890926114,0.812907653578403,0.124094688245948,3.71751631387403,False,False,False,3,3,1.1868179202272,3_of_4,down,False,True,True,True,down,3.0,-2.09239553083406,2.09239553083406,True,False,True,False,False
ROBO3,1.06862026450207,0.0008810521318365,1.05496329328286,0.0009840644856394,0.98629703296989,True,True,True,0.122413811846303,0.849056977036443,-0.340616712852073,0.652437194055043,2.75995618121147,False,False,False,2.59543988601289,0.0018686612244932,2.62851125683094,0.0019153035409867,1.01235205597897,True,True,True,1.81395729246818,0.0016311652157216,2.46157930772951,0.0001354846562655,1.35627395638714,True,True,True,3,3,1.18431300618305,3_of_4,up,False,True,False,True,up,2.0,1.82274403371434,1.82274403371434,True,False,True,False,False
UACA,-1.35722080314501,3.05782819974115e-07,-1.68598645511494,1.41249622720782e-07,1.2413198584582,True,True,True,-0.929061771427832,1.10064170512909e-05,-0.749077485912802,0.0002830903799455,0.805406166477327,True,True,True,-1.01986652384065,4.7827650129451e-05,-1.15029754172991,2.55184745158832e-05,1.12678544635034,True,True,True,0.363013631867102,0.108896867963034,0.907489300104692,0.0006179844422052,2.49300910916437,True,False,False,3,3,1.18405265240427,3_of_4,down,False,True,False,True,down,2.0,-1.17580980297744,1.17580980297744,True,False,True,False,False
GPSM1,0.584770764091321,0.0004127768868891,0.808524393466191,2.56692993700123e-05,1.38027440601345,True,True,True,1.85403929202247,1.1861534293841e-06,1.08893120881275,0.0007439441776366,0.587012476498832,True,True,True,1.67632488235784,1.19332158005404e-07,1.65676527386374,1.98369495705412e-07,0.987742619983554,True,True,True,-0.0174104647137847,0.913426887566976,-0.190262534864333,0.209619994215083,10.3344775823,True,False,False,3,3,1.1840085129985,3_of_4,up,False,True,True,True,up,3.0,0.875857796809806,0.875857796809806,True,False,True,False,False
STAT5A,0.627109048486945,0.0018894771808693,0.834525423194207,0.0001803451802365,1.32863142985203,True,True,True,1.73528319703563,4.10402951960127e-05,0.995698792097861,0.0115456152530765,0.573465661476092,True,True,True,0.92182845685686,0.0050111344614873,0.930404785551092,0.0053900341473227,1.00820989929162,True,True,True,0.0901001565967579,0.769400994790895,0.358773381200907,0.21929732952112,3.93823012609042,True,False,False,3,3,1.16842066457182,3_of_4,up,False,True,True,True,up,3.0,1.93765015382932,1.93765015382932,True,False,True,False,False
THNSL2,0.620809253796791,0.0011220160683556,0.784819941344905,0.000161001542638,1.26215545451079,True,True,True,1.39576346816742,2.63175729235509e-06,1.03921338273421,0.0002073228478688,0.744015294227073,True,True,True,0.90775864792056,0.0197788574942617,0.975916275179565,0.0146402896876841,1.07390039964151,True,True,True,0.282087983916405,0.757954692471109,0.467546664918892,0.613287875529442,1.65159488032864,True,False,False,3,3,1.16802792707615,3_of_4,up,False,True,True,True,up,3.0,1.36140174996708,1.36140174996708,True,False,True,False,False
DNAJC4,0.882581419824555,0.0027836809632323,1.1885186303426,0.000248013147413,1.34511500997678,True,True,True,1.32021099157176,7.38142098218702e-07,0.718229713080382,0.0007987892977771,0.543614697169564,True,True,True,0.721557049296189,0.001790524980479,0.978811629791152,0.0001863145213212,1.35464961658677,True,True,True,0.0830381671103906,0.605136001661345,0.0830472605285415,0.629301326073476,0.988208850622034,True,False,False,3,3,1.16666193029941,3_of_4,up,False,True,False,True,up,2.0,0.968850718472859,0.968850718472859,True,False,True,False,False
MAOA,2.005209716826,9.67967725714522e-06,1.93053995808194,1.1822074834708e-05,0.962282228966682,True,True,True,0.502360251832355,0.0231428038735904,0.673431696162154,0.008006266748908,1.3378722171858,True,True,True,0.694212388511712,0.371538844583555,0.690573558030409,0.382664427932373,0.993327462861769,True,False,False,0.85013888890713,7.7139277801015e-05,1.41410972553016,6.96580945324503e-07,1.66143239835497,True,True,True,3,3,1.16559984002378,3_of_4,up,False,True,False,True,up,2.0,0.558612156421532,0.558612156421532,True,False,True,False,False
SCARF2,0.767821550559167,0.0339472369530089,1.02284644415861,0.0063313273809288,1.33040813361006,True,True,True,0.918791530787929,0.246821433468642,1.2212808836874,0.157457242877857,1.32778009234462,True,False,False,4.76741895078261,0.0034975039406741,4.62263247186905,0.0047742024978339,0.96942666313126,True,True,True,2.22873798916645,0.0001545468344456,1.90405181244458,0.0010887230951734,0.853935225437128,True,True,True,3,3,1.14860337773794,3_of_4,up,False,True,False,True,up,2.0,1.33570323666214,1.33570323666214,True,False,True,False,False
PSG4,2.01274809328853,1.62696357005059e-05,2.28944073589771,5.26311475051074e-06,1.13690522837887,True,True,True,6.73591538049839,0.0003438191062183,5.99059840931073,0.0024824205840759,0.889219779522828,True,True,True,,,,,,,,,1.2155305576709,0.0254888989241761,1.6235770684775,0.0047472581880527,1.33459620741949,True,True,True,3,3,1.13690522837887,3_of_4,up,False,True,False,True,up,2.0,2.4078048868038,2.4078048868038,True,False,True,False,False
ULK2,1.11029809316502,0.000138854560714,1.22007461486083,5.80440254161496e-05,1.09788239749968,True,True,True,0.810379117786348,0.0490993178860285,1.10280170871787,0.0168833000055236,1.35916944932795,True,True,True,1.32144337163309,0.0003350688997205,1.54704128158031,0.0001079347407934,1.16983555951425,True,True,True,0.524464927146067,0.204579100064719,0.282340667304392,0.539300564527363,0.537315913429,True,False,False,3,3,1.13385897850697,3_of_4,up,False,True,False,True,up,2.0,0.714438804362787,0.714438804362787,True,False,True,False,False
CAMK1D,0.711930848785827,0.0004495615561066,0.702946749937063,0.0004903579263951,0.985995698088016,True,True,True,1.26464257786231,3.35557108083203e-05,0.939272022998804,0.001503034349732,0.742130550463346,True,True,True,0.428543659676396,0.179242011340377,0.550087886340707,0.0884193951853738,1.28063323471036,True,False,False,0.752889633242778,0.0247758574199785,1.06442729305966,0.0033711930453877,1.41191395414357,True,True,True,3,3,1.13331446639919,3_of_4,up,False,True,False,True,up,2.0,0.944002283769897,0.944002283769897,True,False,True,False,False
SECTM1,2.49758742706263,0.0003629934342375,2.89674573245014,9.17110574029389e-05,1.15935336145335,True,True,True,3.4714064274111,9.57566373934973e-07,2.80177068348,4.66013959413989e-05,0.806867151656812,True,True,True,1.98218569520842,0.0003657081137202,2.16721610063793,0.0002072580624931,1.09279534734148,True,True,True,-0.138035975929824,0.479548595109806,-0.376460118667137,0.0662792915324821,2.7076453856601,True,False,False,3,3,1.12607435439741,3_of_4,up,False,True,False,True,up,2.0,1.3397218950415,1.3397218950415,True,False,True,False,False
FLVCR2,0.699603123448516,0.0029426072756841,0.979346092757631,0.0001916232138311,1.39786144249127,True,True,True,2.48180491258276,4.34062850189202e-07,1.73441542599707,6.80923305979887e-05,0.698570965929348,True,True,True,2.76070844766278,0.0066243655235912,2.3264313406385,0.0218344693106602,0.842388465229683,True,True,True,0.227896198180571,0.184642022708872,-0.430259682657792,0.0290948918442343,1.87971528613319,False,False,False,3,3,1.12012495386048,3_of_4,up,False,True,True,True,up,3.0,1.34714676601416,1.34714676601416,True,False,True,False,False
ATG16L2,0.750585129116898,0.0248615790661106,1.00184806071208,0.0042946437348114,1.33298015341155,True,True,True,1.04164890818228,5.32542793213321e-05,0.530506334163649,0.0225014456955062,0.508806300951791,True,True,True,1.2379315330079,0.0080544470998199,1.11230261151413,0.0170704179294248,0.89779183262344,True,True,True,-0.289450394652232,0.37555861672427,-0.472286713849789,0.169931468773337,1.62604948227141,True,False,False,3,3,1.11538599301749,3_of_4,up,False,True,False,True,up,2.0,0.604315550553571,0.604315550553571,True,False,True,False,False
HSP90AA1,-1.77486351298336,7.03023102266833e-07,-1.98980312201089,3.53394331056832e-07,1.12047074984278,True,True,True,-1.49465892232559,2.2842143764298e-07,-0.840364032230406,0.0001048530090118,0.56186876545605,True,True,True,-0.816980930961437,7.67108347448178e-05,-0.970779092284214,2.33886285413923e-05,1.1867991728648,True,True,True,-0.430592723806475,0.0007469146069495,-0.47907453886015,0.0004525812154738,1.11001532795758,True,False,False,3,3,1.11524303890018,3_of_4,down,False,True,False,True,down,2.0,-0.621846755252676,0.621846755252676,True,False,True,False,False
PKIB,-2.24931093395874,0.00269263936776,-2.65021079741981,0.0014591917205735,1.17770871457198,True,True,True,-0.483335382833455,0.201203239400797,-1.25041745069794,0.0143764276799186,2.58171815443827,True,False,False,-1.92497143137622,0.0001641868947013,-1.79010464900657,0.0003297962920023,0.929455452891861,True,True,True,-0.685723514086879,0.04277276851801,-0.71407265011189,0.0442558125345401,1.03982554181413,True,True,True,3,3,1.10876712819306,3_of_4,down,False,True,True,True,down,3.0,-1.72241957959041,1.72241957959041,True,False,True,False,False
SUGCT,0.899897534050565,0.0043541900223085,0.990268030918887,0.0021664378216778,1.09920162226052,True,True,True,0.0796269324366652,0.723158257286592,-0.19747442449683,0.445163623331685,2.44923648375128,False,False,False,4.00409516866729,0.0001621095396758,4.4645992541708,7.47206878439569e-05,1.11472987935426,True,True,True,2.94119444760125,2.70770994442664e-05,1.48866358170605,0.0121985749093518,0.505970495226699,True,True,True,3,3,1.10696575080739,3_of_4,up,False,True,False,True,up,2.0,1.25852865118084,1.25852865118084,True,False,True,False,False
FBXW8,0.512706340157988,0.0033302683862515,0.680223001334944,0.0003788664125069,1.32414756867853,True,True,True,1.00745833286314,5.15686246887096e-07,0.69197954506897,7.90942175238917e-05,0.686175643077244,True,True,True,0.70105146578528,0.0010987424870844,0.620570862471649,0.0032320839424191,0.883939273280356,True,True,True,0.0295908337043143,0.863590137764868,0.141613365060443,0.397132953665738,4.62927445617381,True,False,False,3,3,1.10404342097944,3_of_4,up,False,True,False,True,up,2.0,1.02263035595373,1.02263035595373,True,False,True,False,False
PRDM11,0.794725905863162,0.0070667924720936,0.894077661447538,0.0031026798979498,1.12360004225034,True,True,True,0.786641529897508,0.0038088467118722,0.854122110911459,0.0048745011841007,1.08440461617432,True,True,True,1.48836062497769,0.0007741287378648,1.57167232855676,0.0006016812840182,1.05526646951628,True,True,True,0.139631762528447,0.518070891517453,0.314471089130186,0.142027741908548,2.23613132251382,True,False,False,3,3,1.10400232921233,3_of_4,up,False,True,True,True,up,3.0,0.712927358038998,0.712927358038998,True,False,True,False,False
IGFLR1,-1.13621148365955,0.0038085978493999,-1.0854948369277,0.0050869240308104,0.954523281311383,True,True,True,0.0468465899771733,0.905426331509451,0.278935953448185,0.495310979575639,5.82979797685185,True,False,False,-1.515527158739,0.0237595957447942,-1.88462237380856,0.0131223950768048,1.24272246820534,True,True,True,-1.57682745519357,0.0006018435181105,-1.0734777875049,0.0069903145519134,0.680351824257745,True,True,True,3,3,1.09862287475836,3_of_4,down,False,True,False,True,down,2.0,-1.32745498214405,1.32745498214405,True,False,True,False,False
CREB5,1.40870943183837,0.0001478114600067,1.53397140806063,6.71429171154943e-05,1.08814722624095,True,True,True,0.35593948433993,0.362173302697191,0.738423459175861,0.0808589589196426,2.0687637304721,True,False,False,1.86084197701807,5.43489442755287e-05,1.75017721543026,0.0001139547353085,0.940024576217444,True,True,True,2.22205732392797,0.0023453235081434,2.45852885138363,0.0013746845608115,1.10592238217213,True,True,True,3,3,1.09703480420654,3_of_4,up,False,True,False,True,up,2.0,1.94407009491661,1.94407009491661,True,False,True,False,False
NUMA1,0.65947600214757,6.37770838623043e-05,0.757876131536078,1.82216086692414e-05,1.14746959627875,True,True,True,0.761696324112645,3.31210308703749e-07,0.405806195854339,0.0002905688871537,0.532067853252698,True,True,True,0.624701200138418,0.0002208658219015,0.654410762590874,0.0001753164902291,1.04588382193626,True,True,True,-0.3244841979452,0.0092545046728805,-0.402167878640943,0.0029129791912407,1.23559878230603,True,False,False,3,3,1.09667670910751,3_of_4,up,False,True,False,True,up,2.0,0.590231360644397,0.590231360644397,True,False,True,False,False
COL16A1,0.366768264599569,0.207928102923589,0.589274812462549,0.0445473630194092,1.6022992443466,True,False,False,4.28983012536822,3.91499645263002e-06,2.47804611851264,0.0018090694546402,0.57752137607638,True,True,True,2.13776854255037,0.0148590047941731,2.22255865970333,0.0128795290688787,1.03917680454241,True,True,True,4.33884245621785,8.49807370512658e-07,4.99961434191997,2.93205461982998e-07,1.15202669045206,True,True,True,3,3,1.09560174749724,3_of_4,up,False,True,False,True,up,2.0,1.56151507260232,1.56151507260232,True,False,True,False,False
GNPNAT1,-0.362464999717332,0.0581266133856513,-0.505994625358566,0.0117848943584755,1.39214126739048,True,False,False,-1.21443836739458,3.11387263165909e-06,-0.6272519023485,0.0020021578681662,0.516070513466742,True,True,True,-0.966053322776015,1.04153200216131e-05,-1.18510604744858,3.25129324994013e-06,1.22548159396901,True,True,True,-1.13704172453559,2.00942211396184e-06,-1.08793639282989,5.2077615886325e-06,0.955972324541838,True,True,True,3,3,1.09072695925542,3_of_4,down,False,True,False,True,down,2.0,-0.977589334068902,0.977589334068902,True,False,True,False,False
GYG1,-0.371213760547138,0.0235541927440781,-0.474980105584465,0.0062688442279452,1.27609496458773,True,False,False,-0.673578247384019,4.4948213558034e-05,-0.345080559614956,0.0133551953869721,0.511550084742817,True,True,True,-0.718796747737112,7.42010780645464e-05,-0.864181265079865,2.66193939734705e-05,1.20059067757206,True,True,True,-0.516888926200308,0.000517396401354,-0.506885185899772,0.0008926047884047,0.978752702087552,True,True,True,3,3,1.08967168982981,3_of_4,down,False,True,False,True,down,2.0,-0.528767329336911,0.528767329336911,True,False,True,False,False
SNPH,0.597030534579789,0.0034800741916926,0.808468584253503,0.0003261719737437,1.35188512543357,True,True,True,0.271050591636328,0.223877594320456,-0.0071547663687385,0.981234135436068,0.0262993964677824,False,False,False,2.06865452191,0.0001277165596716,2.4059008233619,4.05872494131545e-05,1.16246494180178,True,True,True,1.63962254184569,3.03631295456296e-05,1.66049399114969,4.6244723031555e-05,1.0121121396282,True,True,True,3,3,1.08728854071499,3_of_4,up,False,True,False,True,up,2.0,0.610260923520686,0.610260923520686,True,False,True,False,False
ITGA6,-2.69893970522383,1.21039380532693e-07,-2.89038349761308,1.16713506477794e-07,1.07053631309647,True,True,True,-2.22354489956471,3.81686707231219e-07,-1.67942199149932,2.25340601196755e-05,0.754950817952896,True,True,True,-1.05801194017919,8.02914927630576e-06,-1.16227998420351,5.52485931535687e-06,1.0975135785597,True,True,True,-0.0815930737089854,0.643411681582742,0.578528128358306,0.002941624685291,7.00455985445868,False,False,False,3,3,1.08402494582809,3_of_4,down,False,True,False,True,down,2.0,-1.42207300307166,1.42207300307166,True,False,True,False,False
TMOD2,1.13605516017245,0.0001396107728716,1.26763173223067,5.11844180931266e-05,1.11483750008963,True,True,True,0.0198234973578635,0.924368244165706,0.160606934668325,0.463273266102558,7.71277427168955,True,False,False,1.52251151110158,2.4170005279065e-05,1.55820578461514,2.61233201899107e-05,1.02277257064403,True,True,True,2.83933915166203,1.52719301747882e-06,2.34074580439498,2.43308519174618e-05,0.82410785452339,True,True,True,3,3,1.06880503536683,3_of_4,up,False,True,False,True,up,2.0,1.0893878041184,1.0893878041184,True,False,True,False,False
GSTM4,1.07435623482207,6.43110796762071e-05,0.97993089302715,0.0001404551802899,0.911261646415516,True,True,True,0.217465066679774,0.313783237148333,0.913646972048111,0.0011421821851914,4.18211930142284,True,False,False,1.48527009461074,0.0063734304863384,1.12121034216177,0.0385186391968618,0.754378592577024,True,True,True,2.53319243012463,5.11028250361478e-08,3.10402118394568,6.87031321199341e-09,1.22485615024626,True,True,True,3,3,1.06805889833089,3_of_4,up,False,True,False,True,up,2.0,1.10780147964168,1.10780147964168,True,False,True,False,False
C1QTNF3,0.915038365853008,0.0340971476375875,1.13797972652545,0.0099285494614469,1.24228391402119,True,True,True,2.40577431776579,0.0001047310676749,1.51285749533702,0.0123788126682984,0.628583030893153,True,True,True,2.30089767706405,0.0322208043030392,2.31704403390789,0.0334771696174535,1.00657994358079,True,True,True,0.68738427622926,0.328167746956861,0.774137986979341,0.285749472749325,1.12457244261855,True,False,False,3,3,1.06557619309967,3_of_4,up,False,True,False,True,up,2.0,1.35638916333686,1.35638916333686,True,False,True,False,False
CCT2,-0.515281814447829,0.0019573048081421,-0.618210255757611,0.0004742757365031,1.19742791331668,True,True,True,-1.26513523943068,2.56836136944509e-07,-0.684978738514458,0.0001615664832363,0.540999663529198,True,True,True,-0.287636553133845,0.0306375620642187,-0.425066695600126,0.0035426247270915,1.47267104940453,True,False,False,-0.607570015767538,1.01199484786957e-05,-0.565957736149389,3.59319703823307e-05,0.929979659670867,True,True,True,3,3,1.06370378649377,3_of_4,down,False,True,True,True,down,3.0,-0.832531062152896,0.832531062152896,True,False,True,False,False
SH3BGRL,1.31135495864604,1.06753107540807e-05,1.41356279943059,5.2847076976046e-06,1.07711925810755,True,True,True,2.13044746535165,6.72677269968785e-06,1.78383496665381,0.0001820917116225,0.836912471759894,True,True,True,0.0222224218741021,0.927986975159073,-0.0583832263273916,0.805323808212969,2.51408860987498,False,False,False,2.26672181460829,1.63030671232566e-08,2.37413188480179,1.13298881447046e-08,1.04692377588293,True,True,True,3,3,1.06202151699524,3_of_4,up,False,True,False,True,up,2.0,0.762404605217601,0.762404605217601,True,False,True,False,False
CHPF2,0.229744260173041,0.0832117247869075,0.286089897682006,0.0335411460398404,1.23985704982416,True,False,False,1.13222079814981,1.41110486365607e-06,0.596936549773028,0.0013538090179755,0.526761025519154,True,True,True,0.809404583058984,0.0001870420065568,0.872184992373335,0.0001208825930092,1.07623403248924,True,True,True,0.679377072634371,0.0001155320633623,0.705881572540723,0.0001341800667678,1.03748583091961,True,True,True,3,3,1.05685993170442,3_of_4,up,False,True,True,True,up,3.0,1.04155673175009,1.04155673175009,True,False,True,False,False
MAP6,1.46560737515465,6.01299203864033e-05,1.68457228490607,1.59040357032364e-05,1.14861844652079,True,True,True,0.421523566055932,0.681885355352324,-0.739729258771433,0.572753960346997,1.75074083009493,False,False,False,4.50234449039595,0.0016903066202171,4.32445861511317,0.002540432781342,0.960277106123176,True,True,True,2.30188597740138,0.0002419338710207,1.82500983952757,0.0029684677869401,0.792488146367953,True,True,True,3,3,1.05444777632198,3_of_4,up,False,True,False,True,up,2.0,2.082677848664205,2.082677848664205,True,False,True,False,False
LRRC32,-0.295399969817209,0.678214315444793,-0.677528753156865,0.341001117914955,2.28585972385456,True,False,False,8.81616952270172,7.95962005282043e-05,6.91328532796042,0.0020016845338858,0.784070818890423,True,True,True,5.60695630393271,0.0009124353984024,5.59849298990251,0.001041738602686,0.998312520013117,True,True,True,2.69655294691655,0.0279014576731594,2.96968957569764,0.0192731236858081,1.10088277566235,True,True,True,3,3,1.04959764783773,3_of_4,up,False,True,True,True,up,3.0,4.70631799047056,4.70631799047056,True,False,True,False,False
WNT10A,1.46968526214097,0.0063162823004406,1.66511485123445,0.0025127987416962,1.13220339803395,True,True,True,3.50918578559275,9.3330653805453e-06,2.01055813360604,0.0046002291584641,0.572778267708279,True,True,True,-0.781631278821993,0.416131885588016,-0.848744068881119,0.388735042551534,1.08447501633034,True,False,False,2.4377768554908,2.06572067609125e-10,2.46864893698983,1.59982482821743e-10,1.01224879653576,True,True,True,3,3,1.04836190643305,3_of_4,up,False,True,True,True,up,3.0,2.54647665178183,2.54647665178183,True,False,True,False,False
PLSCR3,1.05378297384564,0.0001440970311449,1.15792489998947,6.02713889040143e-05,1.09778497444625,True,True,True,0.144549848273041,0.149628573147734,0.147958249452307,0.184447810092283,1.016546916454,True,False,False,0.663545033785399,0.0005255635129441,0.715789009444611,0.0003396717060934,1.07711136650486,True,True,True,1.53629954566342,1.73108520131734e-07,1.46060705119383,4.94075240643598e-07,0.950112198571884,True,True,True,3,3,1.04682914147943,3_of_4,up,False,True,False,True,up,2.0,0.648942079158847,0.648942079158847,True,False,True,False,False
CTSH,-0.015229748956413,0.980750007517901,0.179852978649079,0.734742631587122,11.0816858062375,False,False,False,2.87191290007602,3.39361590407598e-07,1.50161165430125,0.0003805709041313,0.522679143618143,True,True,True,2.42214435023975,4.13743016629349e-07,2.48413850270739,4.69079790960326e-07,1.02517148945815,True,True,True,2.06999038294811,7.73177427134374e-06,2.2052205064822,7.49147975303969e-06,1.06481446009566,True,True,True,3,3,1.04499297477691,3_of_4,up,False,True,False,True,up,2.0,2.12065760706012,2.12065760706012,True,False,True,False,False
KCNK2,,,,,,,,,-2.69035009043943,0.0057725107530638,-1.84781361453129,0.0393606982095998,0.686574972574299,True,True,True,-1.88157318096829,0.0032349164946462,-2.188031691734,0.0022312972407234,1.16225584952219,True,True,True,-2.68270550096257,0.0006524747036516,-2.80282455380943,0.000830925384225,1.04438603744119,True,True,True,3,3,1.04438603744119,3_of_4,down,False,True,True,True,down,3.0,-2.42748273980443,2.42748273980443,True,False,True,False,False
LZTS3,1.63697795537754,9.89820085574767e-06,1.70656347517515,6.41629569785956e-06,1.04187206523289,True,True,True,2.50053621531636,3.27455877009056e-07,2.27497150006389,6.20547867619937e-06,0.909429768050023,True,True,True,1.75422155914892,4.18034802708965e-05,1.83531859880644,3.55506522888582e-05,1.04563357784664,True,True,True,-0.115625604995631,0.446315354942013,-0.618955599422057,0.0009553595165126,5.30720161704837,True,False,False,3,3,1.04375282153977,3_of_4,up,False,True,True,True,up,3.0,1.9215504197829,1.9215504197829,True,False,True,False,False
RGS20,-1.22081504052143,4.16356048222118e-05,-1.18639590442214,5.17440033726235e-05,0.971011049197615,True,True,True,-1.32072824886112,5.94420700923667e-05,-1.12304082395908,0.0006982636009684,0.849676039629749,True,True,True,-0.781092429973202,0.0171156710747768,-0.869773398749661,0.0122282927707681,1.1121107498502,True,True,True,0.298493649135429,0.646371931204965,0.560067455409006,0.379094198971677,1.87004785251973,True,False,False,3,3,1.04156089952391,3_of_4,down,False,True,False,True,down,2.0,-0.965853982684512,0.965853982684512,True,False,True,False,False
PRR16,1.55928764917417,0.0171723477223,2.00800534414628,0.0029775638236496,1.28694561237415,True,True,True,5.83783800313053,4.01423719926084e-06,4.55788170654718,0.0002092135304484,0.78061451681027,True,True,True,0.659645584582035,0.0777757438100547,0.698907982042217,0.066289633076685,1.0579166777969,True,False,False,3.68253482678049,0.0040232712650715,3.75359032735075,0.0046946656646504,1.01901855252214,True,True,True,3,3,1.03846761515952,3_of_4,up,False,True,True,True,up,3.0,3.94283020032741,3.94283020032741,True,False,True,False,False
ATAD3B,-1.12773636973099,2.74679087326112e-06,-1.01596550898375,5.25177617391855e-06,0.900091054234288,True,True,True,-1.07782385156813,4.73262745566879e-06,-0.797053941549856,0.0002602331128093,0.738817500550525,True,True,True,-0.568816438366311,0.0354353456365189,-0.668916443718113,0.0187337518007014,1.17391566595714,True,True,True,-0.0597436712903985,0.778472008196678,-0.295178533343733,0.164242823590667,4.85941213418871,True,False,False,3,3,1.03700336009571,3_of_4,down,False,True,True,True,down,3.0,-1.43968747011617,1.43968747011617,True,False,True,False,False
GLRX3,-0.707208516871928,0.0001775795826692,-0.806452348742337,5.66982181048339e-05,1.13872161874633,True,True,True,-1.33782758765064,7.41910693720499e-07,-0.716586776960915,0.0003831833286231,0.535234546681529,True,True,True,-0.395863091571735,0.0121788227957614,-0.457978407354744,0.0058095984809434,1.15399596757907,True,False,False,-0.80362802021205,8.30566528269426e-06,-0.751643697630963,2.79149092668086e-05,0.934150537577446,True,True,True,3,3,1.03643607816189,3_of_4,down,False,True,True,True,down,3.0,-1.11369710986339,1.11369710986339,True,False,True,False,False
C16orf74,-1.74017667003129,7.61470062192102e-05,-1.87454881715808,5.21344187893568e-05,1.07659885950826,True,True,True,-1.29331510209929,1.2970358614264e-05,-0.682497265950677,0.0040713465703773,0.527303795531485,True,True,True,-1.08639402784584,0.0001316835628812,-1.08231510630606,0.0001863459872976,0.995329272177592,True,True,True,0.629162641597027,0.0734234318811717,1.164350249355,0.0023645053355363,1.84769799492426,True,False,False,3,3,1.03596406584293,3_of_4,down,False,True,False,True,down,2.0,-1.14743307487568,1.14743307487568,True,False,True,False,False
CTSB,0.743261959027475,0.0001284919534766,0.745399719869623,0.000113999253696,1.00152871019182,True,True,True,0.6210546962346,1.99641160029945e-05,0.478293565187613,0.0007322554666382,0.768893102299208,True,True,True,1.45335315902649,1.55515630778045e-07,1.55444416041183,1.26513263776559e-07,1.06882166189424,True,True,True,0.280124239350533,0.0272103122232972,0.481745711938359,0.0010687784712888,1.71363989477148,True,False,False,3,3,1.03517518604303,3_of_4,up,False,True,False,True,up,2.0,1.04405573891092,1.04405573891092,True,False,True,False,False
BBS1,0.624763017669512,0.0033463500358443,0.718504395028081,0.001162083852397,1.14820527058943,True,True,True,0.615028898150483,0.0003717532860131,0.457386475961836,0.0081915589017591,0.742475681473803,True,True,True,0.342257511210441,0.1195323957874,0.508546891341742,0.025806726004241,1.48153172103484,True,False,False,0.762905738490142,0.0002233765151306,0.701983093806947,0.0007216887318383,0.918939416785132,True,True,True,3,3,1.03357234368728,3_of_4,up,False,True,False,True,up,2.0,0.739799117546379,0.739799117546379,True,False,True,False,False
PCDHGB2,1.65381777480831,3.40488232512758e-05,1.73077533287651,2.0951518216584e-05,1.04590085943269,True,True,True,2.77167655473646,0.0001759657477958,1.83322912506952,0.0125699555657427,0.661176696552608,True,True,True,-0.0668274595716505,0.904129420275996,0.159230595767913,0.760577686774883,2.34758306994688,False,False,False,1.89561778877951,0.0001616497133673,1.92613632603965,0.0002159653786627,1.01556377749633,True,True,True,3,3,1.03073231846451,3_of_4,up,False,True,True,True,up,3.0,1.576393505251,1.576393505251,True,False,True,False,False
FABP5,-1.248812292869,2.08858977376784e-05,-1.26153606420704,1.79227619312733e-05,1.00938042568867,True,True,True,-2.93921362264508,2.19145037802266e-07,-1.5400903854059,4.31717545631409e-05,0.523802207276491,True,True,True,-1.4569896197008,4.40433310525448e-05,-1.52678419386477,4.21386253605783e-05,1.04718454317808,True,True,True,0.950935235564815,0.120094767019139,1.95530740116602,0.0025091283561738,2.05403406462402,True,False,False,3,3,1.02828248443338,3_of_4,down,False,True,True,True,down,3.0,-2.25848959209116,2.25848959209116,True,False,True,False,False
VWA5A,1.40229876117508,5.65837686570283e-06,1.49571680941375,3.15807510418527e-06,1.06585771383514,True,True,True,,,,,,,,,2.85441119412825,0.0001728475214578,2.89273994933585,0.0001863145213212,1.01307298762587,True,True,True,1.17981858176592,5.44107723661675e-05,1.21276720893939,7.08707681944327e-05,1.02705633843066,True,True,True,3,3,1.02705633843066,3_of_4,up,False,True,False,True,up,2.0,2.46524684799548,2.46524684799548,True,False,True,False,False
EIF4EBP1,-0.703699455849717,5.48485548102777e-05,-0.79657946863405,1.99299173790621e-05,1.13038184153775,True,True,True,-1.06163049040009,1.08044099760554e-06,-0.60265916736257,0.000422475937575,0.567138975219564,True,True,True,-0.953593753819924,9.49877233735596e-06,-0.881519334151332,2.38383312667557e-05,0.923449719447487,True,True,True,0.018631763103623,0.91755634673892,0.116218074772799,0.500126255965334,5.91990001913538,True,False,False,3,3,1.02691578049262,3_of_4,down,False,True,False,True,down,2.0,-0.806104585000332,0.806104585000332,True,False,True,False,False
HOOK1,-2.20798056330829,0.0073259046481942,-2.1342189455575,0.0090610064917807,0.966155601822579,True,True,True,-0.609329190875608,0.0018887721312071,-0.427466610726968,0.0279805490674608,0.700386966767399,True,True,True,-1.20678843985655,0.0047768133568178,-1.31097510089336,0.0033743693441168,1.0854343837312,True,True,True,-0.629067930763846,0.126343976654841,-0.917688257034385,0.0419411970812488,1.45649097855504,True,False,False,3,3,1.02579499277689,3_of_4,down,False,True,False,True,down,2.0,-0.68814807874186,0.68814807874186,True,False,True,False,False
TPRKB,-0.79314887450421,6.48463854662522e-05,-0.967462016736137,1.59040357032364e-05,1.21823759725168,True,True,True,-1.00831337423139,3.66579162822817e-06,-0.562119015145618,0.001306671227888,0.55693209809459,True,True,True,-0.393403124141802,0.0193849996226779,-0.535715997491061,0.0042135086117931,1.35829552226988,True,False,False,-0.710861883874199,9.91859941058996e-05,-0.591794506641689,0.0006847436027325,0.831333324690652,True,True,True,3,3,1.02478546097117,3_of_4,down,False,True,False,True,down,2.0,-0.517046100081551,0.517046100081551,True,False,True,False,False
MEIS3,1.92047175039953,6.13333271426919e-05,1.92897195703884,5.68517183428179e-05,1.00390336555182,True,True,True,2.21588577364879,5.97627859160191e-05,1.26781000376509,0.0152560226785441,0.571887834201936,True,True,True,1.46208959596536,0.0035933263576128,1.51729822037772,0.0031666079081126,1.03705078934458,True,True,True,0.259937279775035,0.449362404885367,1.04821664075497,0.002941624685291,4.01712105552216,True,False,False,3,3,1.0204770774482,3_of_4,up,False,True,False,True,up,2.0,1.63856649678608,1.63856649678608,True,False,True,False,False
GBP2,2.8534858742142,8.91710706325164e-07,3.18255148609938,4.93454033328022e-07,1.11492984248013,True,True,True,4.01402206864908,2.27339076005964e-06,2.85355702479607,0.0002826757248029,0.710720134536196,True,True,True,1.36038571495188,0.0004616324338457,1.35458905640071,0.0005665894340188,0.995007543801493,True,True,True,-0.0748379473423126,0.774966479015832,0.0791154802601448,0.772412905390932,1.04321758476714,False,False,False,3,3,1.01911256428432,3_of_4,up,False,True,True,True,up,3.0,2.39662618919965,2.39662618919965,True,False,True,False,False
VASN,1.74924836136263,2.7194321364981e-06,1.78913769776078,2.03881484819487e-06,1.02221932455796,True,True,True,2.86422930709208,7.70937962642904e-08,1.94043382192865,6.42085455173591e-06,0.677235087999988,True,True,True,1.04654511484913,0.0325671485918168,1.06352132848646,0.0324939670620662,1.01525109841177,True,True,True,0.190324047312016,0.208827853274844,0.314946761020193,0.0480539008219812,1.64614310351991,True,False,False,3,3,1.01873521148487,3_of_4,up,False,True,False,True,up,2.0,1.59971442059955,1.59971442059955,True,False,True,False,False
HIVEP1,1.02303222217338,3.1489651363647e-06,1.09342014539598,1.8774884851105e-06,1.06775951158581,True,True,True,1.60074596665336,3.95688695300339e-05,1.00444767056421,0.0050511627117679,0.627095489219725,True,True,True,0.689028480033892,0.0074412915417883,0.911147666763251,0.0011808260178578,1.32044936278355,True,True,True,0.452582184970322,0.0566877237025736,0.438342548560426,0.0750711105344642,0.96640159839855,True,False,False,3,3,1.01708055499218,3_of_4,up,False,True,True,True,up,3.0,1.59685144122916,1.59685144122916,True,False,True,False,False
SIK2,0.744559404884503,0.0001203944866766,0.743840608507417,0.0001144192182122,0.997694621829159,True,True,True,-0.0534809110142307,0.66284991096112,-0.247675061339053,0.0709046057745761,4.54608883603945,True,False,False,0.606760805613753,0.0068350679530935,0.624020077403791,0.0063152877486807,1.02675274818622,True,True,True,0.851628674136373,3.63303105408168e-05,0.631796183459628,0.0009007171852701,0.740998048299952,True,True,True,3,3,1.01222368500769,3_of_4,up,False,True,False,True,up,2.0,0.550059083110074,0.550059083110074,True,False,True,False,False
NCOA1,0.772856037548087,4.64428861924329e-05,0.787787072720699,3.65684383615211e-05,1.01800210180792,True,True,True,0.775389102537289,1.48555887722832e-06,0.645415073811644,4.90057483589633e-05,0.831303623018904,True,True,True,0.768413841499262,4.9177337245422e-05,0.769185133185035,6.25435705960965e-05,0.999702749935222,True,True,True,-0.202211429269298,0.0837131195714442,-0.341347180761999,0.0087197554502536,1.67976369237402,True,False,False,3,3,1.00885242587157,3_of_4,up,False,True,False,True,up,2.0,0.725979500354844,0.725979500354844,True,False,True,False,False
STX11,0.0911702249752813,0.813269150254276,0.232935956150484,0.516388471730401,2.52723649327051,True,False,False,4.40811590774869,3.21967701088399e-06,3.05175864077961,0.0005175838064161,0.69214751996344,True,True,True,1.6201952683759,0.0025449224361888,1.537244822791,0.0043093683690437,0.948216943866977,True,True,True,3.84772193604856,0.0002972394821386,4.10704434976254,0.0002396303054511,1.06711901197497,True,True,True,3,3,1.00766797792097,3_of_4,up,False,True,True,True,up,3.0,2.71295373775014,2.71295373775014,True,False,True,False,False
BEAN1,1.0983564002549,0.0019248300368108,1.56892315623477,8.70823339578723e-05,1.42712877813873,True,True,True,1.57589837085617,0.0064670296790485,1.63790651993859,0.0101095024194807,1.03868870068608,True,True,True,3.23290225070361,0.0001810293271719,3.15351118029296,0.0002687089544542,0.975141156355867,True,True,True,0.274168735377855,0.0871283540904624,0.191288077264101,0.255448668730476,0.695166465773914,True,False,False,3,3,1.00691492852097,3_of_4,up,False,True,True,True,up,3.0,2.02173268434278,2.02173268434278,True,False,True,False,False
TBC1D8,-0.22162066652078,0.113980172617643,-0.33020556038942,0.0259451824390374,1.48326552763509,True,False,False,-1.78888986441289,6.20481813920038e-06,-1.59471798378918,7.95492026501585e-05,0.890958720698869,True,True,True,-0.968432444689131,0.0006076722267114,-0.819858687794063,0.002176240384186,0.845709974207608,True,True,True,-0.952806506956966,9.084383141275e-05,-1.06389439216524,6.43876958881286e-05,1.11541951580882,True,True,True,3,3,1.00318911825384,3_of_4,down,False,True,True,True,down,3.0,-1.0993749962395,1.0993749962395,True,False,True,False,False
RAB11FIP3,0.958122289685624,1.11938588423079e-05,0.928754951726417,1.29385144507011e-05,0.968338408682838,True,True,True,0.0384227298775341,0.712277888043168,0.124326269070578,0.272327995723558,3.15366970924629,True,False,False,1.67386904251404,2.32191598734463e-06,1.71968433592187,2.60106074054852e-06,1.02675749104572,True,True,True,1.03914182442299,5.97403077517975e-06,0.821379852804685,0.0001159361723838,0.789680631543048,True,True,True,3,3,0.997547949864279,3_of_4,up,False,True,False,True,up,2.0,0.597925494187354,0.597925494187354,True,False,True,False,False
C11orf71,0.989491351066365,6.03713567794951e-05,1.12997431665675,1.76227764984395e-05,1.140821992479,True,True,True,1.08110631954,0.0004313647876199,0.917601846449402,0.0043288471345546,0.847977532225735,True,True,True,0.0423398178188519,0.91023121797541,0.17815330894824,0.605207827706878,4.11061508594406,True,False,False,1.039045698986,0.005276200184076,0.859716740740271,0.0229193136166204,0.826614389712354,True,True,True,3,3,0.994399762352367,3_of_4,up,False,True,False,True,up,2.0,0.855953908543284,0.855953908543284,True,False,True,False,False
PHLDB2,1.66057149634151,2.04903528022228e-07,1.72159753253153,1.61306601023038e-07,1.03612606277984,True,True,True,-0.185028234953629,0.309424298112755,-0.435989108234595,0.0380286439218471,2.34367169232817,True,False,False,0.797553095860978,0.0012780118998748,0.464578462524497,0.0340148088027392,0.581775294507626,True,True,True,0.894301845505217,4.26840987499656e-05,0.852160243919799,0.0001138010592997,0.951813344513913,True,True,True,3,3,0.993969703646877,3_of_4,up,False,True,False,True,up,2.0,0.908058842712468,0.908058842712468,True,False,True,False,False
HSD17B7,-0.687022335272345,0.0053607784398156,-0.670015994097461,0.0063663086532404,0.973828842100371,True,True,True,-1.39846312251085,0.0009020367993343,-0.773172939428141,0.0390877702128405,0.552478251831996,True,True,True,-1.08578452580959,8.20771515538581e-05,-1.10190098514338,0.0001058008279293,1.01390934354952,True,True,True,-0.261360437992637,0.114946133729683,-0.509752645624676,0.007627004927877,1.94294783742884,True,False,False,3,3,0.993869092824945,3_of_4,down,False,True,False,True,down,2.0,-0.665287964717817,0.665287964717817,True,False,True,False,False
VRK2,-0.831083221684045,2.88878930285322e-05,-0.867800809495708,2.00667897924977e-05,1.04292549937418,True,True,True,-1.11207149956909,4.96410522769314e-07,-0.753874408370952,5.45248260878738e-05,0.677291987678064,True,True,True,-0.144097762522606,0.300803339714762,-0.255007538909251,0.0756999173090422,1.75748774120153,True,False,False,-0.62529636173337,0.0012927149012902,-0.591505346135761,0.0027066004761912,0.944449596511595,True,True,True,3,3,0.993687547942887,3_of_4,down,False,True,False,True,down,2.0,-0.755700596694965,0.755700596694965,True,False,True,False,False
ACSS1,0.611073858111093,0.216098944762866,1.55095518924477,0.002849936553158,2.53393470198374,True,False,False,0.567761894833662,0.0011317699249508,0.565918933791711,0.0029656563892306,0.995001491717756,True,True,True,4.296797586021,0.0018541106994277,4.2585753418356,0.0021852862902323,0.99087387355957,True,True,True,2.60306821002804,1.75050510331586e-06,1.37934572980346,0.0021727085595079,0.52968878637346,True,True,True,3,3,0.992937682638663,3_of_4,up,False,True,False,True,up,2.0,0.795681757577359,0.795681757577359,True,False,True,False,False
EFNA4,0.666779507237108,0.0011945018029472,0.720656993850445,0.0006414743514637,1.07918405108314,True,True,True,1.00208522309544,5.12707044471685e-05,0.608118865750694,0.0083155125794341,0.60624845401878,True,True,True,0.747652883112185,0.0026248661946685,0.67686605445093,0.0061652705812004,0.904111998657063,True,True,True,0.0700670477114667,0.681503590528274,-0.19976013144921,0.256132404317135,2.81086857948904,False,False,False,3,3,0.991648024870102,3_of_4,up,False,True,False,True,up,2.0,0.507258117334561,0.507258117334561,True,False,True,False,False
INPP5K,0.986047371517347,2.7944534325842e-06,1.03082554032392,1.92008533134646e-06,1.04435265223317,True,True,True,1.85232920429045,1.05679865536988e-06,1.04894416046151,0.0007548325960257,0.565978325940803,True,True,True,1.05670095634431,0.000262108481896,1.02685496739348,0.0003916010210598,0.970836758002525,True,True,True,0.331232316003145,0.0331022230050705,-0.335891810597419,0.0482541983981426,1.01101486645941,False,False,False,3,3,0.990925812230968,3_of_4,up,False,True,False,True,up,2.0,1.43850265725414,1.43850265725414,True,False,True,False,False
DISP1,0.96822905955233,0.0009612487667365,0.927745409401726,0.0013800042697281,0.957199333076368,True,True,True,-0.279728758036045,0.136250440328202,-0.494881930413488,0.0282726559512221,1.76284729030129,True,False,False,1.49056414202531,0.0018541952767191,1.519240050446,0.0018614866566854,1.01855495693475,True,True,True,1.23301670507359,3.42900853070497e-05,0.755278321249395,0.0045805019820164,0.612048700916374,True,True,True,3,3,0.987877145005559,3_of_4,up,False,True,False,True,up,2.0,1.10993770207539,1.10993770207539,True,False,True,False,False
DUSP6,-2.95024919297091,6.113953345898e-05,-3.51354232504834,3.48628148321698e-05,1.19052716165638,True,True,True,-4.84663382438,3.6594924284775e-06,-3.71220356807427,3.19806936107298e-05,0.765776397838599,True,True,True,-0.496168571034373,0.318866664541128,0.570877833288241,0.199414573008758,1.14825808900292,False,False,False,-3.72436173304197,2.50178936966935e-09,-3.0709797611356,5.13915000609101e-09,0.824344045276905,True,True,True,3,3,0.986301067139912,3_of_4,down,False,True,True,True,down,3.0,-2.75365657205384,2.75365657205384,True,False,True,False,False
GTF2A2,-0.524139817164689,0.0173398361799789,-0.534051556713742,0.0159787335525981,1.01697022251554,True,True,True,-1.03177361989316,7.3076130512458e-06,-0.617876088452381,0.001420694458434,0.598268658833772,True,True,True,-0.619906285469182,0.0258208251907323,-0.593321254401863,0.0352634411551883,0.955572955673215,True,True,True,0.0904230682117868,0.652090829673795,0.344915749072599,0.0786729750170991,3.77274309229681,True,False,False,3,3,0.986271589094377,3_of_4,down,False,True,True,True,down,3.0,-0.934833157689448,0.934833157689448,True,False,True,False,False
NGF,0.458969022397668,0.426535574747681,0.410399577997067,0.484815047502339,0.892233080953557,True,False,False,1.11704869004293,0.0002247639869475,1.18732701548816,0.0004673924300991,1.0619636032511,True,True,True,2.65427796836859,7.5494344081963e-06,2.41714799988045,2.45786732528775e-05,0.910318252429727,True,True,True,0.541889107363315,0.0456849741331189,0.883027362909095,0.0028716678040548,1.62653357920138,True,True,True,3,3,0.986140927840413,3_of_4,up,False,True,False,True,up,2.0,1.31560229041959,1.31560229041959,True,False,True,False,False
PSMD6,-0.566782862100577,0.0019781247327971,-0.744061054245476,0.0002559921815015,1.31046761695613,True,True,True,-0.871067045370991,6.20481813920038e-06,-0.484700722260974,0.0022648179576708,0.55580671788231,True,True,True,-0.361264227360581,0.0063400258252527,-0.405038707931611,0.0035331976848031,1.11807536416908,True,False,False,-0.681772872976858,4.88919891702934e-05,-0.583013156995893,0.000303367785924,0.853890334649622,True,True,True,3,3,0.985982849409351,3_of_4,down,False,True,False,True,down,2.0,-0.714739862093379,0.714739862093379,True,False,True,False,False
XPO4,-0.683361108173297,4.94478986768168e-05,-0.741589980010695,2.40231308225187e-05,1.08362379327802,True,True,True,-1.09612515503268,1.29728872901469e-06,-0.589121893050773,0.0007921816316594,0.536968722618729,True,True,True,-0.525804834256908,0.0053935778007745,-0.467535972564169,0.0119136968513151,0.887493701958256,True,True,True,-0.12479962256165,0.325753843023628,-0.26195590204529,0.0508155307343413,2.08232661363443,True,False,False,3,3,0.985558747618138,3_of_4,down,False,True,False,True,down,2.0,-0.628186323321128,0.628186323321128,True,False,True,False,False
SERPINE1,1.01259099666372,0.0002399406849745,0.857415796931207,0.0007805786222966,0.84591891576921,True,True,True,0.606858121491832,0.180041759544958,0.590072913256841,0.242987916593066,0.970741185144747,True,False,False,4.61908117270693,0.0143275659316993,4.60305076452865,0.0154687934476726,0.996313829229043,True,True,True,3.0828111739451,7.68189951498849e-06,4.04959963169286,1.249201571873e-06,1.31318015380048,True,True,True,3,3,0.983527507186895,3_of_4,up,False,True,True,True,up,3.0,1.38815341700674,1.38815341700674,True,False,True,False,False
RHOU,0.839869929638207,0.0075021600186348,1.08554275195439,0.0011331487254336,1.29097582597758,True,True,True,,,,,,,,,5.47840224647584,0.0001475439117314,5.38490978765341,0.0002020186192702,0.982754969507266,True,True,True,3.55439273104544,3.46216624431514e-08,2.43918800109724,3.01733847167857e-06,0.686053042691577,True,True,True,3,3,0.982754969507266,3_of_4,up,False,True,False,True,up,2.0,3.36978047985405,3.36978047985405,True,False,True,False,False
B2M,0.626853626366037,1.42795533030028e-05,0.624096972337725,1.27656170438153e-05,0.994016672245639,True,True,True,1.65431266761301,3.53229639329962e-06,1.10865112669687,0.0004999229300338,0.669753303039458,True,True,True,0.314038938981751,0.0067246063491742,0.305427540152897,0.0085423738843703,0.969491394111727,True,False,False,0.651490121621345,2.11697687243213e-05,0.769900372242658,6.81303281705416e-06,1.17994180560093,True,True,True,3,3,0.981754033178683,3_of_4,up,False,True,False,True,up,2.0,1.01720544323197,1.01720544323197,True,False,True,False,False
KLF13,0.846036941782949,0.000262746549246,1.00191677249209,5.864528425746e-05,1.18284896805461,True,True,True,,,,,,,,,2.06706460767166,2.25530169719067e-06,2.0270609571305,3.46167933753066e-06,0.980172935415531,True,True,True,1.51874236807011,5.67461964753368e-06,0.985871482951171,0.0006611859121597,0.648709612671462,True,True,True,3,3,0.980172935415531,3_of_4,up,False,True,False,True,up,2.0,0.880885351106722,0.880885351106722,True,False,True,False,False
HCN4,2.32759008664838,8.27338771470367e-05,2.46973344185625,4.63363946445302e-05,1.06061322515163,True,True,True,,,,,,,,,4.69593528268498,0.0173353984638467,4.59164809676421,0.0215946028624424,0.977583854240252,True,True,True,2.23095240944384,1.32108788429074e-05,1.7153855168177,0.0003672454847408,0.768558285364669,True,True,True,3,3,0.977583854240252,3_of_4,up,False,True,False,True,up,2.0,2.73867066504665,2.73867066504665,True,False,True,False,False
SLC2A3,0.443280011103042,0.0496286973477671,0.456856131456296,0.0428791847791187,1.02830674358279,True,False,False,3.24443146722337,4.30678590433226e-07,2.21588664882823,6.40691141252408e-05,0.6827710494605,True,True,True,3.53959846465045,0.014756664506409,3.84899883639363,0.0095667873064013,1.08710402346447,True,True,True,2.90543077058222,3.93269470700186e-06,2.69098726131627,1.56302827878189e-05,0.925873510751886,True,True,True,3,3,0.977090127167338,3_of_4,up,False,True,False,True,up,2.0,1.51546249307749,1.51546249307749,True,False,True,False,False
BTN3A2,0.653871969410024,0.0005341624025476,0.71434778514483,0.0002501793734315,1.09082052448876,True,True,True,1.60919301659196,0.0003336647581536,0.885538123490845,0.043004827213816,0.549957746907339,True,True,True,0.123124481155472,0.547407392318124,0.304277737134616,0.122043477025145,2.45139181491114,True,False,False,0.806239093434418,0.0002578217541274,0.694872572986603,0.0013898765164383,0.860801438679402,True,True,True,3,3,0.975810981584081,3_of_4,up,False,True,False,True,up,2.0,0.93988246510913,0.93988246510913,True,False,True,False,False
SCARA3,,,,,,,,,3.84740192739887,3.6402324106629e-08,3.71798827403147,1.26702609258968e-07,0.966112257548019,True,True,True,5.85650402259738,0.0001768392431566,5.71494126181652,0.0002528678352302,0.975661517221179,True,True,True,4.42800009078787,3.07387986388115e-06,4.91576365674792,1.68904159570464e-06,1.10990371550737,True,True,True,3,3,0.975661517221179,3_of_4,up,False,True,False,True,up,2.0,1.821389280445,1.821389280445,True,False,True,False,False
UCHL3,-0.473540483580981,0.0055525940823826,-0.689987230712521,0.0004560477541186,1.45401131112299,True,False,False,-1.31532486639201,2.05790136414401e-07,-0.720222293505352,7.19571771911324e-05,0.547146310074238,True,True,True,-1.12087604610601,3.76683586007652e-06,-1.26580084238472,2.52920636724824e-06,1.1282893923783,True,True,True,-1.03840911373069,9.74663096209725e-07,-0.852542036477935,9.719127645252e-06,0.820217973092382,True,True,True,3,3,0.974253682735341,3_of_4,down,False,True,True,True,down,3.0,-0.902628471168081,0.902628471168081,True,False,True,False,False
BRCC3,-0.60650587819397,0.0007473555519674,-0.617465145639922,0.0006414743514637,1.01639369725205,True,True,True,-0.377773153860327,0.0010359199142108,-0.0172902780998472,0.88243027159318,0.0456481086994434,True,False,False,-1.14384870058967,6.09417872524254e-06,-1.11414869739026,1.11586939894211e-05,0.973184226716074,True,True,True,-0.536701295429244,0.0002012938012238,-0.523911329824573,0.0003841991831149,0.974353854599397,True,True,True,3,3,0.973769040657736,3_of_4,down,False,True,False,True,down,2.0,-0.53120320004856,0.53120320004856,True,False,True,False,False
THOC3,-0.524832938020396,0.0012674318382011,-0.536732876747917,0.0010937933764379,1.02072890064391,True,True,True,-0.975619761901402,2.24855855566264e-06,-0.565208546194135,0.0007284245675184,0.578739616218413,True,True,True,-0.925777465352163,0.0001757919929063,-0.85366487741334,0.0003855187118172,0.921110956327535,True,True,True,0.014172553557712,0.949572457588474,-0.0888870839375007,0.705034831445505,5.85841292959685,False,False,False,3,3,0.970919928485723,3_of_4,down,False,True,True,True,down,3.0,-0.851490011903405,0.851490011903405,True,False,True,False,False
TP53I11,2.00314599374236,6.15810332330991e-06,2.04507751392492,4.70415288244304e-06,1.02042342240055,True,True,True,3.93818182573834,0.0014310929118691,3.71757284354612,0.0052438932709315,0.943742383064361,True,True,True,3.0629751784842,7.26244706381453e-06,3.04958954478949,1.10339854749707e-05,0.995304911803552,True,True,True,0.409433059340898,0.0003587638440621,0.116013232703493,0.248788356297257,0.282660546130945,True,False,False,3,3,0.969523647433956,3_of_4,up,False,True,True,True,up,3.0,1.31624288902459,1.31624288902459,True,False,True,False,False
BCAS3,1.00134339196369,6.37770838623043e-05,1.03753002759222,4.57410275390498e-05,1.03510437232453,True,True,True,1.31164841920407,1.77317687870502e-05,0.750020976672789,0.0063130345187511,0.571379941269855,True,True,True,1.00573247074736,9.70795254129758e-05,0.908628436850196,0.0002776433980645,0.902552031698813,True,True,True,0.419396699495137,0.0467688423231841,0.622331532983606,0.0064934334233262,1.48034352727073,True,False,False,3,3,0.968828202011671,3_of_4,up,False,True,True,True,up,3.0,1.29421833241294,1.29421833241294,True,False,True,False,False
SLC25A32,-0.725369568993123,0.0006506076654997,-0.653155112751667,0.0013555121597515,0.899204951078906,True,True,True,-1.43359667811747,2.64055795349774e-06,-0.772070692669349,0.0011510276521758,0.538179618317873,True,True,True,-0.570118322818511,0.0119970828884722,-0.592572211512509,0.0114910134399886,1.03756470040765,True,True,True,0.150457443630433,0.455803082408885,0.318629736252832,0.11384468150063,2.10375752168584,True,False,False,3,3,0.968384825743278,3_of_4,down,False,True,True,True,down,3.0,-0.872690067682274,0.872690067682274,True,False,True,False,False
CACNB3,0.638319314408939,0.0075444830703072,0.59919046319003,0.0112077817140875,0.937231911637131,True,True,True,1.30929756321597,1.71223644061058e-06,0.810248074184313,0.0006290603203673,0.618369519207267,True,True,True,1.4437099021403,0.0001363632281501,1.44132747351699,0.0001696046926183,0.99765874891679,True,True,True,-0.488125508905021,0.0292620600963036,-0.902134523592245,0.0009950826828392,1.84438248909121,True,False,False,3,3,0.967445330276961,3_of_4,up,False,True,False,True,up,2.0,0.735070855392375,0.735070855392375,True,False,True,False,False
ZNF641,0.930848377460129,0.0007189732928701,0.831289810503701,0.0018163436772991,0.892086986049691,True,True,True,1.30016524698386,6.36882419807869e-05,0.83584278712615,0.0070438491218898,0.642380196568928,True,True,True,0.797331338349786,0.0403701209872226,0.831296610860597,0.0365372163154649,1.04129272011162,True,True,True,-0.043014404914131,0.79496944113246,-0.246177566570618,0.137009940524905,5.59311359658033,True,False,False,3,3,0.966689853080656,3_of_4,up,False,True,False,True,up,2.0,1.30392534855546,1.30392534855546,True,False,True,False,False
MRPS17,-0.75206136795281,0.0001740663174013,-0.779976295964342,0.0001313573451765,1.03574068350459,True,True,True,-1.52436599857297,1.87561226726699e-07,-1.02087690749354,1.69081955227584e-05,0.669266856904247,True,True,True,-0.534420108541696,0.0017187730912258,-0.606276897046884,0.0008098089097187,1.13233867644265,True,True,True,-0.398627882035174,0.0166955418135206,-0.357947071079076,0.0340390113053113,0.895700943728372,True,False,False,3,3,0.965720813616481,3_of_4,down,False,True,False,True,down,2.0,-0.885177532408956,0.885177532408956,True,False,True,False,False
NUP88,-0.290897800727526,0.0617934745539971,-0.283500805227172,0.0667407230625162,0.971233097750564,True,False,False,-0.703259197311018,5.11189534893556e-05,-0.430797649603416,0.005707116017228,0.611703263866876,True,True,True,-0.64081688039172,0.0002337244637925,-0.61395708403318,0.0003798591651998,0.95659229725847,True,True,True,-0.930251645507184,0.0001240610137824,-1.04333238663526,8.12514548824518e-05,1.12035494559264,True,True,True,3,3,0.963912697504517,3_of_4,down,False,True,True,True,down,3.0,-0.680939329775025,0.680939329775025,True,False,True,False,False
ABAT,1.37399520358743,0.0007877056202212,1.50137408654082,0.0003677708442224,1.09191223549265,True,True,True,0.750163949666102,0.0009747216449902,0.931665076763768,0.0005175838064161,1.2402952473663,True,True,True,1.60499894155802,0.0008615010499871,1.33876155008136,0.004309578000985,0.833600518305818,True,True,True,-0.358689573656259,0.0113152601717845,0.112799890508239,0.424655101218163,0.313603447999962,False,False,False,3,3,0.962756376899234,3_of_4,up,False,True,False,True,up,2.0,0.767962802503523,0.767962802503523,True,False,True,False,False
DGCR2,0.756669953783477,0.0002146488292644,0.854533975838281,7.21251080069323e-05,1.12784461304174,True,True,True,0.434631168550427,0.0012722062572541,0.571276258175784,0.0004546961755941,1.31137599744463,True,False,False,0.738144393174546,0.000514138145045,0.536528294383769,0.005620928923738,0.725877513701264,True,True,True,0.523933151037099,0.0007021487866006,0.416286002164691,0.0054008990693928,0.793026695574939,True,True,True,3,3,0.96043565430834,3_of_4,up,False,True,False,True,up,2.0,0.731043374283715,0.731043374283715,True,False,True,False,False
KALRN,-2.2457806344583,0.0014268294948413,-2.11628126595919,0.0019932509491322,0.941917174067786,True,True,True,-0.604929000736428,0.203675562033181,-1.09681142740237,0.0589159102201064,1.81013192316152,True,False,False,-2.23969532472337,5.56138400339213e-06,-1.56181506970447,4.85927993950145e-05,0.697022505680145,True,True,True,-1.37804801838683,0.0009758694912394,-1.34269969266702,0.0017088616440739,0.973642450998676,True,True,True,3,3,0.957779812533231,3_of_4,down,False,True,False,True,down,2.0,-1.28394265413755,1.28394265413755,True,False,True,False,False
TCHH,1.39376360745588,0.0013962264330361,1.33477189705413,0.0019719978449385,0.956987900974003,True,True,True,3.39624770559641,4.25925932834156e-05,2.50042385937302,0.0023114391881562,0.736014584763419,True,True,True,,,,,,,,,2.31275018434182,0.0034835778125098,2.90568973096056,0.0007462422092715,1.2558355481178,True,True,True,3,3,0.956987900974003,3_of_4,up,False,True,False,True,up,2.0,1.07949647786825,1.07949647786825,True,False,True,False,False
DUSP8,2.79840157384119,1.00211518285427e-05,3.11006069723972,3.9057552661863e-06,1.1109734045667,True,True,True,2.98636686451654,2.71153741571273e-05,2.51717016767817,0.0005531019059823,0.842604970141669,True,True,True,1.80538934959098,0.0006328488105108,1.70212853070634,0.0011960147307097,0.942282200175589,True,True,True,0.274644365520333,0.188682479141239,0.267604914168804,0.220227463052197,0.970833971750691,True,False,False,3,3,0.95655808596314,3_of_4,up,False,True,True,True,up,3.0,1.59872905694512,1.59872905694512,True,False,True,False,False
VSTM2L,1.90961103361069,8.03131038692386e-05,2.31569829179482,1.44602188667502e-05,1.21201974188257,True,True,True,5.3402842751501,5.34723782741518e-05,3.23068995200743,0.0090990016115868,0.604852650707613,True,True,True,2.16670429928103,0.0001358116203605,2.32361093136728,9.00781011648447e-05,1.07192246291986,True,True,True,-0.416961045391667,0.0575345648388528,-0.351483386182182,0.118241964897947,0.840947715241765,True,False,False,3,3,0.956435089080813,3_of_4,up,False,True,False,True,up,2.0,2.80470090734441,2.80470090734441,True,False,True,False,False
AMOT,7.30697484321113,0.0010794297419453,7.01828012170036,0.0013958825066295,0.960359097051369,True,True,True,1.78962111918523,5.68311833538979e-07,1.31081795669285,4.90057483589633e-05,0.732046518746132,True,True,True,1.6763771490074,0.0240928181048438,1.59640660736213,0.0340148088027392,0.9517278855902,True,True,True,-0.335462643744102,0.156376453298771,-1.11549360338402,0.0003854427831828,3.31535647158623,True,False,False,3,3,0.956043491320784,3_of_4,up,False,True,False,True,up,2.0,2.972112087745315,2.972112087745315,True,False,True,False,False
SARM1,2.53350906985621,2.01450569335088e-05,2.83186795097925,6.93716421368991e-06,1.1173240548474,True,True,True,1.35311344121234,8.86716601022522e-06,1.07197049598369,0.0003486720388292,0.791640097024628,True,True,True,0.11542771270033,0.876388338817781,0.458901253170571,0.48997408827771,3.94151222700496,True,False,False,2.3179439642281,4.59881810441947e-06,1.49193796166388,0.0007987621976264,0.643369561610126,True,True,True,3,3,0.954482075936014,3_of_4,up,False,True,True,True,up,3.0,0.847209092043101,0.847209092043101,True,False,True,False,False
FAM171A1,0.61638182729549,0.0338711538172745,0.690809479472522,0.0187862243767627,1.11893393833552,True,True,True,,,,,,,,,1.09641453125567,0.0001938317208881,0.941333817604178,0.0008098089097187,0.857774150782473,True,True,True,2.12377156028941,4.92390223227006e-07,2.02635595704344,1.4323540402503e-06,0.953681795687926,True,True,True,3,3,0.953681795687926,3_of_4,up,False,True,True,True,up,3.0,1.98734168803588,1.98734168803588,True,False,True,False,False
NXPH3,-0.709303769611534,0.366811198638317,-0.10623129626612,0.895173711401983,0.149557556655258,True,False,False,3.37647967483663,0.0004592222223852,2.79037333521894,0.0055817687383219,0.826170281943713,True,True,True,2.11144737853539,0.0160745132704809,2.35553701886145,0.008889618525146,1.11507488555507,True,True,True,2.30427472778764,6.64423563214232e-05,2.48995469526834,4.97826949429013e-05,1.08011191258663,True,True,True,3,3,0.953141097265171,3_of_4,up,False,True,False,True,up,2.0,2.00515283120676,2.00515283120676,True,False,True,False,False
STAG1,-0.658541411284666,3.59607620991885e-05,-0.674959649552268,2.78925788630633e-05,1.02337721029157,True,True,True,-0.588901187161884,1.07729668861761e-05,-0.386071206574591,0.0012565425004011,0.654467587075127,True,True,True,-0.269610635051531,0.0689182033695357,-0.299222053468786,0.0497589503325991,1.10572909823668,True,False,False,-0.92275882284774,2.92882999058887e-06,-0.812179667820506,1.68592150119328e-05,0.879211811278554,True,True,True,3,3,0.951294510785062,3_of_4,down,False,True,False,True,down,2.0,-0.680209743050962,0.680209743050962,True,False,True,False,False
DMTN,0.876549871021083,0.0001131125702807,0.885365786165332,0.0001028610934189,1.00890651962054,True,True,True,0.741479945990449,0.0002576099880673,0.662246567996546,0.0019708897605779,0.891938659855825,True,True,True,0.660659584665247,0.0008860856757887,0.786270999404824,0.0002666423120323,1.18833160983018,True,True,True,0.348609170850188,0.0627914494167149,0.0245033916504749,0.916084011294519,0.0700879544746694,True,False,False,3,3,0.950422589738182,3_of_4,up,False,True,False,True,up,2.0,0.883398540914793,0.883398540914793,True,False,True,False,False
LRRC27,0.686215375055538,0.0332175922512193,0.996545092162992,0.0033840663746075,1.45012048381842,True,True,True,0.762421475361678,0.0119168150540929,0.788613810812571,0.0181224878391512,1.03299924912246,True,True,True,1.29537336565403,0.0073940672070941,1.12259018917022,0.0205860368539715,0.865946662367492,True,True,True,0.307109210568946,0.369207201553974,0.0011314401128141,0.997688724642032,0.003672204770266,True,False,False,3,3,0.949472955744976,3_of_4,up,False,True,True,True,up,3.0,1.50773717611691,1.50773717611691,True,False,True,False,False
WTIP,2.37660223855562,0.0004360329811762,2.35007854365153,0.000485093364297,0.988423759677813,True,True,True,-0.525033509225683,0.222006743222755,-0.792159004230099,0.118738129894236,1.50590977634894,True,False,False,2.18266233144403,0.0007959983654224,1.98402701413655,0.0019948507334971,0.90857775287287,True,True,True,1.98654626898188,9.38687630778576e-05,1.2119718303362,0.0094512386531472,0.609782951597415,True,True,True,3,3,0.948500756275342,3_of_4,up,False,True,False,True,up,2.0,1.13719548550613,1.13719548550613,True,False,True,False,False
PNPLA2,1.40979403378418,2.71922292843047e-06,1.53562028594725,1.31457435883763e-06,1.08847943014633,True,True,True,1.68230697744398,2.36499327758176e-07,0.952952521237552,0.0001288399876532,0.566119272365023,True,True,True,0.472343284643644,0.0473954423027797,0.542698324526814,0.0267020508814535,1.14652165169172,True,False,False,1.01987625871741,5.53307297010232e-07,0.818401734102342,9.52724957066671e-06,0.801665948359452,True,True,True,3,3,0.945072689252891,3_of_4,up,False,True,False,True,up,2.0,0.809423140647482,0.809423140647482,True,False,True,False,False
C22orf23,0.401628846684629,0.410214509676421,0.404071720863804,0.4101601379415,1.00358363339104,True,False,False,1.75481124718552,1.6732674366724e-05,0.970774625418412,0.0080221532202357,0.552892360710479,True,True,True,1.17197190209798,0.0192238866418062,1.03544748497395,0.0413415589636307,0.882755574214477,True,True,True,1.66952244539476,0.0001179625616444,1.83723563035591,7.40725791207965e-05,1.09979703380864,True,True,True,3,3,0.943169603802758,3_of_4,up,False,True,True,True,up,3.0,1.03008106817404,1.03008106817404,True,False,True,False,False
HIGD1A,-0.559497179172805,0.0018574870695073,-0.790398593966536,0.0001346502995101,1.41017407997133,True,True,True,-1.27400316402401,3.04637083450222e-07,-0.657388920827065,0.0002392891292677,0.515597874088637,True,True,True,-0.597234206122661,0.0014481735480891,-0.705079524776163,0.000548608226162,1.17860115245833,True,True,True,-0.293299515928243,0.0660613764414289,-0.207798487209918,0.205022958476702,0.706078250093296,True,False,False,3,3,0.942339701275813,3_of_4,down,False,True,True,True,down,3.0,-1.17087850895183,1.17087850895183,True,False,True,False,False
PSG1,2.12531351950383,0.0003871480025503,2.20805853598688,0.0002720595427994,1.03844447948679,True,True,True,7.51948986851986,0.0001814419263616,6.31342136277821,0.0021794478837936,0.839496026609339,True,True,True,3.3999712967301,0.0028233039785993,2.84504933301796,0.0115246853594253,0.836540236535769,True,True,True,0.456742526592646,0.147175107198561,0.506136595156385,0.120461054347807,1.10572333954631,True,False,False,3,3,0.938970253048064,3_of_4,up,False,True,False,True,up,2.0,2.514348729593475,2.514348729593475,True,False,True,False,False
FBXO44,0.354031072297897,0.0058154304042462,0.311632547108099,0.0129120713767838,0.877761332525331,True,False,False,0.571615195587139,0.0001122109560907,0.399685617976022,0.0054675231730531,0.698000369281501,True,True,True,0.790182839873951,0.0007801442967051,0.85898865199872,0.0004892339758958,1.08570182353244,True,True,True,1.18898362795513,5.05955324389216e-06,1.1899406338611,8.83904409995642e-06,0.999963870012141,True,True,True,3,3,0.938862601268736,3_of_4,up,False,True,False,True,up,2.0,0.84318881985685,0.84318881985685,True,False,True,False,False
USP11,0.504066699703571,0.0002784526389432,0.534421664784573,0.000159196436143,1.05812096718756,True,True,True,1.35139370660581,1.84251216783664e-06,0.773794276880739,0.0010989126936942,0.572166428386288,True,True,True,0.914388341315168,0.0012627838527703,0.750060726786717,0.0058745792580429,0.819390736077194,True,True,True,0.157182906743225,0.188441155117279,0.221522197079876,0.0757187305244894,1.40041804541794,True,False,False,3,3,0.938755851632377,3_of_4,up,False,True,False,True,up,2.0,0.635691817882701,0.635691817882701,True,False,True,False,False
ANO6,0.821454541976083,9.48626336855734e-07,0.740741623408294,1.98242134069727e-06,0.900647495518159,True,True,True,1.20489605548608,3.27455877009056e-07,0.908148350319125,2.10708379289651e-05,0.753090074544661,True,True,True,0.251385114966056,0.0166218395392328,0.247666683903271,0.0190795185362742,0.981304638098726,True,False,False,0.882153282605495,1.32252951401325e-06,0.859569114841168,3.04128504911323e-06,0.973295498948101,True,True,True,3,3,0.93697149723313,3_of_4,up,False,True,False,True,up,2.0,0.586164391955648,0.586164391955648,True,False,True,False,False
BIRC7,0.0546499360532613,0.951460632437305,0.899398221542714,0.207608793306057,16.1617116807092,True,False,False,5.60972381256735,7.51088499853198e-05,3.72667553025094,0.0065749843080264,0.664205841304046,True,True,True,4.89274270429457,0.0003298712009148,4.38227352569299,0.0009763723157778,0.895485069504628,True,True,True,3.17585498429815,0.0018065612398446,3.09858952673236,0.0031028125429902,0.975363855777924,True,True,True,3,3,0.935424462641276,3_of_4,up,False,True,False,True,up,2.0,3.34348898913984,3.34348898913984,True,False,True,False,False
SCN1B,0.386318559980758,0.100297991094474,0.402620463630222,0.0881177657278916,1.03950728219744,True,False,False,1.76510113164982,0.00193442973786,1.19841929608736,0.043625129438933,0.678567764105244,True,True,True,5.13684019510002,0.0001831472486408,5.13606903590728,0.0002154662971816,0.999655271646162,True,True,True,2.461297507591,9.66505708405459e-07,2.1424399992706,8.2939368476124e-06,0.870097944162185,True,True,True,3,3,0.934876607904173,3_of_4,up,False,True,False,True,up,2.0,1.14834394769547,1.14834394769547,True,False,True,False,False
NDUFAF4,-0.7336080225928,0.0181749073033876,-0.651196015774076,0.0317249265635042,0.886453721912373,True,True,True,-1.79363608124316,2.24426693970733e-07,-0.977485978687334,6.13210120753087e-05,0.544670860517984,True,True,True,-0.259897678822127,0.303164009359049,-0.270130047293172,0.297247693145364,1.03538693219781,True,False,False,-0.643379864358648,0.0137670722437286,-0.631759808875183,0.0188386380973541,0.980415192681376,True,True,True,3,3,0.933434457296874,3_of_4,down,False,True,True,True,down,3.0,-0.761417818106509,0.761417818106509,True,False,True,False,False
NOP16,-0.631796044137298,0.0010745813441871,-0.621069690436426,0.0011961965627983,0.981468983870058,True,True,True,-1.85246683333066,8.1501967657371e-07,-0.961503013868396,0.000433364771744,0.518759222759107,True,True,True,-0.41443673447429,0.0344847892159306,-0.484330790264777,0.0185874321583292,1.16583525257502,True,False,False,-0.610472129337014,0.001818545728767,-0.54078397453704,0.0054291101534635,0.884396767393769,True,True,True,3,3,0.932932875631914,3_of_4,down,False,True,False,True,down,2.0,-0.973794551422598,0.973794551422598,True,False,True,False,False
H6PD,1.43597242788643,2.74870155743558e-06,1.65032632590267,9.357587272362e-07,1.14847459413682,True,True,True,0.729707895822627,1.48107254902017e-05,0.518382169227114,0.0010524898863464,0.709424617129013,True,True,True,1.19121281169139,0.0001508612670246,1.16011439656512,0.0002237348051616,0.973076606113021,True,True,True,0.476259485374686,0.0034582094667345,0.424060377684743,0.0098616766927365,0.888532110266645,True,False,False,3,3,0.930804358189833,3_of_4,up,False,True,True,True,up,3.0,1.22209576044903,1.22209576044903,True,False,True,False,False
SLC26A2,1.24035738164215,5.19034119508745e-06,1.30952688294743,3.15807510418527e-06,1.0549152905629,True,True,True,0.221172025292172,0.0889108763315963,0.211476277049814,0.138890508793439,0.951858258355019,True,False,False,1.5576184863432,2.33818735440406e-05,1.15431479100736,0.0003649549223135,0.740601244705874,True,True,True,2.63441048027488,1.81117035216007e-08,2.36468751458421,8.4801985635629e-08,0.89727483907462,True,True,True,3,3,0.92456654871482,3_of_4,up,False,True,False,True,up,2.0,1.20469263404655,1.20469263404655,True,False,True,False,False
ZNF250,0.436164861706621,0.0402634901277077,0.82784441805514,0.0006164437767409,1.893666418713,True,False,False,0.582334746375821,0.0012848262655292,0.387895132381023,0.0331155418217701,0.664961473306643,True,True,True,0.525677936907131,0.0388873238621373,0.55376506022004,0.0339402424984529,1.05143014623315,True,True,True,1.05027062216902,3.61321549384693e-05,0.836940989659558,0.000547623432959,0.796123255049923,True,True,True,3,3,0.923776700641536,3_of_4,up,False,True,False,True,up,2.0,0.943706811947386,0.943706811947386,True,False,True,False,False
PTPRM,0.684295830952069,0.0027988121385487,0.849835611253553,0.0005131643226111,1.2401003666882,True,True,True,0.198407435168656,0.0405631823511069,0.064125555274992,0.550596287484139,0.321580563035453,True,False,False,1.17047959806507,0.0004377236183107,1.05174011833104,0.0011998011600915,0.897787823252062,True,True,True,1.82726581425953,4.0078881704242e-09,1.73158550468597,7.649494752813851e-09,0.947119117570594,True,True,True,3,3,0.922453470411328,3_of_4,up,False,True,True,True,up,3.0,1.15929213579303,1.15929213579303,True,False,True,False,False
SYNGR3,-0.0395706306333308,0.882535421847585,0.217832212877914,0.362472704528426,5.36920943740406,False,False,False,1.74008470340071,4.46788098441691e-05,1.4524815240078,0.0009101432123632,0.834239437731429,True,True,True,2.39418401391919,0.0006927775923626,2.39831962304287,0.0008168705373581,1.00130913078305,True,True,True,1.77560561671659,0.0003694774382338,1.49285062925625,0.0025810827250841,0.84028251132924,True,True,True,3,3,0.920795821056145,3_of_4,up,False,True,False,True,up,2.0,0.756142651304702,0.756142651304702,True,False,True,False,False
NQO1,-0.80868141136128,0.0017308249931166,-0.80726430858134,0.0016439777517328,0.997014748336786,True,True,True,-0.317076499926246,0.0372340230930162,0.290381753125677,0.0748450285918814,0.912930547189149,False,False,False,-0.885043760461987,0.0007092343246607,-0.77534563288899,0.0020599558655512,0.875064717440955,True,True,True,-1.13814875428903,4.68689341015509e-05,-1.05692618842322,0.0001550567835302,0.927821045709586,True,True,True,3,3,0.920375796449368,3_of_4,down,False,True,True,True,down,3.0,-0.760049298613919,0.760049298613919,True,False,True,False,False
FAM53A,1.10944232986828,0.0008992973005853,1.12995633854024,0.0007702255187517,1.01757318515971,True,True,True,0.702738603077829,0.0684402141075212,1.08464382674262,0.0133904203319273,1.54125952732859,True,False,False,1.54780791114246,0.0110249162412679,1.27475750637791,0.0372918199094951,0.823057202385801,True,True,True,1.76768173856753,0.0001850950237456,1.35077042164853,0.0031423221743548,0.763715931585594,True,True,True,3,3,0.920315193772756,3_of_4,up,False,True,False,True,up,2.0,2.04813739968261,2.04813739968261,True,False,True,False,False
ADK,-0.211232275459023,0.113504785168616,-0.278290236520331,0.0409591294290521,1.31125313488929,True,False,False,-0.820976385722686,5.97704638266687e-07,-0.453680388901896,0.0003446927079002,0.551938470231134,True,True,True,-0.562308901628472,0.0006875318523291,-0.592649202905785,0.0005790965399436,1.05208563399672,True,True,True,-0.859661158742105,5.27715593209151e-06,-0.677289148172497,8.31570601660126e-05,0.78694052972297,True,True,True,3,3,0.919513081859845,3_of_4,down,False,True,True,True,down,3.0,-0.810718130689765,0.810718130689765,True,False,True,False,False
CHST6,-1.36935326358781,0.002557894835783,-0.942884042239043,0.017140125409664,0.688059106576955,True,True,True,-2.08093323202788,6.80736884318752e-05,-1.98115463154953,0.0003845748474681,0.951593740410115,True,True,True,0.099942388704835,0.79005780543933,0.202108110799093,0.573290916693775,2.00221248369777,True,False,False,-4.05842418428591,1.67945125682203e-06,-3.57730989365388,3.22374110407686e-06,0.88123579386005,True,True,True,3,3,0.916414767135083,3_of_4,down,False,True,False,True,down,2.0,-2.65678975860918,2.65678975860918,True,False,True,False,False
MRPL21,-0.429525448550385,0.0094561390127365,-0.53058249124657,0.002506445549924,1.23240680204407,True,False,False,-0.784307671871518,6.773044601718e-06,-0.420715721791419,0.0030441526318553,0.535733619905666,True,True,True,-0.520601863937618,0.0018986477795993,-0.561100757117898,0.0013884307969972,1.07572613502969,True,True,True,-0.664532371940143,0.0004198588083175,-0.501122425361569,0.0045035250794351,0.752964763983921,True,True,True,3,3,0.914345449506806,3_of_4,down,False,True,False,True,down,2.0,-0.747203046787184,0.747203046787184,True,False,True,False,False
LSM6,-0.994316561623803,9.1073337036777e-05,-1.03375861165916,7.17663745790418e-05,1.03862293818626,True,True,True,-1.21817188179444,1.08238385537911e-06,-0.641375544505169,0.0006013304647563,0.526074751298529,True,True,True,-0.879076954551418,0.0020684050151635,-0.691447349277884,0.0096814521567964,0.785666918900655,True,True,True,-0.131215640631745,0.624041756929916,0.221642963559206,0.391895017500168,1.67637476549797,False,False,False,3,3,0.912144928543458,3_of_4,down,False,True,True,True,down,3.0,-1.45614235881847,1.45614235881847,True,False,True,False,False
ADAMTSL4,1.91279431807001,1.48652290754069e-05,1.6266980149761,5.80840840960476e-05,0.849985810709567,True,True,True,2.50257659268978,1.93272407765835e-07,1.47233462740766,8.11433731526223e-05,0.588092504022743,True,True,True,3.49714604803574,0.0018028356470384,3.40515872574203,0.0024151802237708,0.973418113190007,True,True,True,-0.328472822370703,0.182957662994202,-0.396938755134597,0.12496774285901,1.20476934115065,True,False,False,3,3,0.911701961949787,3_of_4,up,False,True,False,True,up,2.0,0.792477503423815,0.792477503423815,True,False,True,False,False
SLC27A4,-0.971859635591263,1.16658496990019e-05,-1.04098767172423,6.57516765352121e-06,1.07002863891209,True,True,True,-1.29942338253263,3.57603005981135e-07,-0.746675775427884,0.0001171243741607,0.574178983135247,True,True,True,0.0298711342966342,0.91930265257883,0.0231163446171703,0.937796709131355,0.748801271603765,True,False,False,-0.535748113984182,0.0005497979349366,-0.720953734217323,7.21183396175184e-05,1.34318820212672,True,True,True,3,3,0.909414955257928,3_of_4,down,False,True,False,True,down,2.0,-0.530190148377648,0.530190148377648,True,False,True,False,False
TTC3,0.970008628873387,2.95183915653648e-05,1.06856268982745,1.17876720634882e-05,1.10046672918576,True,True,True,1.4620145119539,4.98778020830159e-07,0.857299623411727,0.000228957172877,0.585981626571002,True,True,True,0.405726349310727,0.0082765584578909,0.442924324615935,0.0051086333799402,1.08899835323321,True,False,False,0.802830824218625,2.31576246160311e-05,0.586502088111899,0.0006631793965035,0.72963373690231,True,True,True,3,3,0.90931604506776,3_of_4,up,False,True,False,True,up,2.0,0.665059982570977,0.665059982570977,True,False,True,False,False
CRY2,0.845972613723158,0.0036588384899141,0.966249604094179,0.0013461002409335,1.1408274464114,True,True,True,1.29067423781282,3.1458837558692e-06,0.700018089388293,0.0027398555756912,0.541946311922755,True,True,True,0.386254671807314,0.162600020966118,0.393953014668189,0.162506695951815,1.01729699690804,True,False,False,0.687138864826026,1.71235981097401e-05,0.544655187628057,0.0002792218227262,0.791490228888257,True,True,True,3,3,0.904393612898149,3_of_4,up,False,True,True,True,up,3.0,1.01442450886165,1.01442450886165,True,False,True,False,False
PTCH1,1.09013139612866,6.17075537994322e-05,1.23369652064114,1.96082537406413e-05,1.13065807199601,True,True,True,1.32753236244872,8.37732923433934e-06,0.72791181524669,0.0045860997104946,0.547906724609267,True,True,True,0.180951612452993,0.437380069080689,0.39847186643619,0.0801855218869027,2.18998810213421,True,False,False,1.51903535184612,0.0007357891224884,1.0296031692257,0.0177979900540922,0.677354752292584,True,True,True,3,3,0.904006412144297,3_of_4,up,False,True,True,True,up,3.0,1.99441238335209,1.99441238335209,True,False,True,False,False
ZNFX1,0.276852471794177,0.0370334761751785,0.318856534468825,0.0178678591102097,1.14757494295398,True,False,False,0.961591550433039,9.88529615189328e-05,0.532680704811545,0.0174352937681745,0.553381862298614,True,True,True,0.942030851322249,1.14918303266089e-06,0.928600540775999,1.79814285606722e-06,0.984697944371579,True,True,True,0.552338168662851,5.20149024840973e-05,0.454788281406056,0.0004842855938672,0.82189935045518,True,True,True,3,3,0.90329864741338,3_of_4,up,False,True,True,True,up,3.0,1.09659950727842,1.09659950727842,True,False,True,False,False
SLC26A11,0.203256206309157,0.297664026660233,0.435156723674318,0.0279679427360797,2.13044553963602,True,False,False,1.87391089059021,1.81746311227713e-06,1.19944019280822,0.0005531019059823,0.639731839431923,True,True,True,1.93989087931927,0.0016272621481921,1.85517190564167,0.002583141200411,0.955835243191176,True,True,True,0.815531839224618,0.0001966937185426,0.69081639805071,0.0013059543496961,0.846037306648951,True,True,True,3,3,0.900936274920064,3_of_4,up,False,True,True,True,up,3.0,0.682139122884412,0.682139122884412,True,False,True,False,False
HRK,2.17864004569881,0.0001919872459153,1.99163957031415,0.0004270440638254,0.913747008018296,True,True,True,3.20716665477035,2.24809043954061e-07,1.99532559318293,7.67167961657002e-05,0.621951976907434,True,True,True,4.24252482465844,6.93806901258575e-05,3.81896528993649,0.0002164916228436,0.899951207483245,True,True,True,,,,,,,,,3,3,0.899951207483245,3_of_4,up,False,True,True,True,up,3.0,2.017045674771,2.017045674771,True,False,True,False,False
ICAM1,2.26611073815525,9.53563377027006e-07,2.0639483589856,1.8774884851105e-06,0.910387095014616,True,True,True,3.12335342746691,1.1746226754728301e-09,2.77888603150077,6.800604008418461e-09,0.889427555497065,True,True,True,0.497212582937784,0.0153994542116394,0.650589245397298,0.0032230916727271,1.30584667605343,True,False,False,1.68138600033238,4.20308012752038e-06,1.15209379574382,0.0002699826065376,0.684797540823691,True,True,True,3,3,0.89990732525584,3_of_4,up,False,True,True,True,up,3.0,2.82441582517107,2.82441582517107,True,False,True,False,False
SLC4A4,2.11845859874545,6.53888097580396e-05,2.22202674145842,4.020054972146e-05,1.04839355804057,True,True,True,2.54424492042802,1.10882014714203e-05,1.35109743428621,0.0088985450173728,0.53083199319734,True,True,True,2.46168234069952,2.4170005279065e-05,2.15661710366228,9.68030641316844e-05,0.875718751062996,True,True,True,2.01041398324633,0.0548574128924954,1.84880440488503,0.0919514378411153,0.91915658351999,True,False,False,3,3,0.897437667291493,3_of_4,up,False,True,False,True,up,2.0,2.68176053613006,2.68176053613006,True,False,True,False,False
RUSC1,-0.808105158935172,2.09801442741591e-05,-0.97454986559861,5.07132127357003e-06,1.20447862040723,True,True,True,-0.447348744868376,0.0001301213497192,-0.251729085949256,0.0166485728352573,0.56145821490625,True,False,False,-0.637097688317167,0.0011778377371858,-0.726779300990972,0.0005889718440607,1.13897811306554,True,True,True,-0.755778164976369,8.54139545206659e-05,-0.496135328698773,0.0034666714878645,0.65558885240071,True,True,True,3,3,0.897283482733125,3_of_4,down,False,True,False,True,down,2.0,-0.718896344185208,0.718896344185208,True,False,True,False,False
TCHHL1,3.79300659658562,0.0001239885297093,3.509464358365,0.0002453627668646,0.92500217620162,True,True,True,6.99439684360019,2.47098140434002e-06,4.84570689676312,0.0004511935109312,0.692699357177465,True,True,True,,,,,,,,,7.65665908099058,0.0031758815843922,6.87092403604764,0.0089182071355988,0.89726167793289,True,True,True,3,3,0.89726167793289,3_of_4,up,False,True,False,True,up,2.0,3.00170212295274,3.00170212295274,True,False,True,False,False
JUND,1.10568854305287,0.0001215786003405,1.0414840625906,0.0001819728074977,0.941081453430069,True,True,True,1.73992615485824,1.42423799221098e-07,1.35356594188813,5.97464365702729e-06,0.777497619936871,True,True,True,1.17234230937881,5.21049739425109e-06,1.00036226288917,2.66193939734705e-05,0.852574951821844,True,True,True,-0.189357356105988,0.221768997588526,-0.560009358785793,0.0023905312235454,2.94188451784332,True,False,False,3,3,0.896828202625956,3_of_4,up,False,True,False,True,up,2.0,1.17041614873396,1.17041614873396,True,False,True,False,False
CHPF,-0.0457353307568598,0.770259592076437,-0.102151978443382,0.485489817868674,2.18575490510224,True,False,False,1.10602810231551,2.55339525031738e-06,0.688397232231729,0.0006666520219267,0.621842598929373,True,True,True,0.862787320335922,0.0010657071856919,0.784611885278495,0.0023537586735434,0.908339202031079,True,True,True,1.48618980650049,2.08680661674358e-06,1.3111672148302,1.24861194372257e-05,0.881640802740244,True,True,True,3,3,0.894990002385662,3_of_4,up,False,True,True,True,up,3.0,1.89776151339494,1.89776151339494,True,False,True,False,False
GAB2,1.56241624265335,3.95363531765203e-05,1.53234201294024,4.61491870833658e-05,0.980124148089716,True,True,True,3.0482890449726,1.30000704912286e-07,2.46621163127146,4.14585285260756e-06,0.808782504675158,True,True,True,1.09943870999636,0.0001433218686132,1.12410217660276,0.0001459669455514,1.02150366612101,True,True,True,0.396230136909899,0.127203279549161,-0.0469482047947016,0.883531374941786,0.118188929873039,False,False,False,3,3,0.894453326382437,3_of_4,up,False,True,True,True,up,3.0,1.75871522836511,1.75871522836511,True,False,True,False,False
PCDHGB7,1.47875931648747,0.0003172292729855,1.9882363156642,2.02895712042298e-05,1.34362142107252,True,True,True,0.800686066517804,0.0867402902513452,0.547577781489384,0.301290200538775,0.683032678699079,True,False,False,2.7086295712761,8.78982424590179e-05,2.49500544204943,0.0002271008293285,0.920792077447844,True,True,True,3.14265402695138,0.0004553624759542,2.70657702856925,0.002520421767165,0.860965298778125,True,True,True,3,3,0.890878688112984,3_of_4,up,False,True,False,True,up,2.0,1.41365765632131,1.41365765632131,True,False,True,False,False
SLAMF7,3.23653260608798,1.86208213376185e-06,3.1499623366578,2.17354827737564e-06,0.972951540544948,True,True,True,5.77866583265135,0.000336737404096,4.66406219226189,0.0049937121016306,0.806977830087161,True,True,True,0.303511903447783,0.494417989591314,0.0875114337341669,0.857125770552101,0.287382636748626,True,False,False,0.52705772096308,0.037803212842693,0.749814906658244,0.0064645519743282,1.41994876107619,True,True,True,3,3,0.889964685316055,3_of_4,up,False,True,True,True,up,3.0,2.31206162484745,2.31206162484745,True,False,True,False,False
IDI1,-0.799706940146239,0.002721506480671,-0.751772660649745,0.003986162056916,0.938886155417166,True,True,True,-0.620554869423795,0.100131085402576,-0.29967849979105,0.466430174905257,0.482143274122948,True,False,False,-1.13578986444882,0.0004071988020136,-1.31284442794648,0.0002197759142537,1.15486992715494,True,True,True,-1.16470568442716,1.43248697087496e-06,-0.975098629559684,1.27050889756143e-05,0.836487839586077,True,True,True,3,3,0.887686997501621,3_of_4,down,False,True,False,True,down,2.0,-0.62714212649514,0.62714212649514,True,False,True,False,False
PCDHB14,1.24488149941336,4.13855059036873e-05,1.29538322305457,2.7396612390121e-05,1.03973228887701,True,True,True,3.47492854994745,4.44225250639903e-05,2.20504772596687,0.0069052074254001,0.634376597298068,True,True,True,0.777219347522705,0.159619660839127,0.609839744640068,0.29285164641108,0.783634776726334,True,False,False,1.44199577073578,0.0302011233735548,1.42700000653235,0.0389754743119234,0.988914891832792,True,True,True,3,3,0.886274834279563,3_of_4,up,False,True,False,True,up,2.0,0.617505844989131,0.617505844989131,True,False,True,False,False
GNG7,1.42115505788206,4.31227902455494e-06,1.42942128616946,4.02822100429887e-06,1.00510930805128,True,True,True,2.56302785318122,0.0004822421611572,1.90204164822628,0.0117187482594567,0.74181785734753,True,True,True,1.87845190644205,0.0004309068481694,1.8071520395797,0.0007360493196593,0.961531408909942,True,True,True,0.743000554451843,0.0777824123518885,0.602420327869265,0.175487257256386,0.809704138343163,True,False,False,3,3,0.885617773626552,3_of_4,up,False,True,False,True,up,2.0,1.26884211595901,1.26884211595901,True,False,True,False,False
POMT1,0.59629994162392,0.0031425761901367,0.68370966905769,0.0011198142299199,1.14466722899527,True,True,True,0.60079130869983,0.000178707507476,0.426904073060081,0.006769164350339,0.709388897593764,True,True,True,0.416289110858243,0.0435899654547221,0.414570761773549,0.0476494497011043,0.993485693697822,True,False,False,0.798105457902881,1.86189969977805e-05,0.621115856330951,0.0003596583015004,0.777263939556821,True,True,True,3,3,0.885374816627322,3_of_4,up,False,True,False,True,up,2.0,0.54761638879479,0.54761638879479,True,False,True,False,False
CDK14,0.578380421660586,0.0021818597205021,0.552830481322757,0.0029938703470398,0.954175289075642,True,True,True,1.90927596289433,3.1458837558692e-06,1.55093686859322,0.0001238849009921,0.81189152704583,True,True,True,0.491580702432298,0.130319506800284,0.31107755940242,0.358904994142267,0.631526078602674,True,False,False,1.95167028630033,5.31707172024463e-09,1.94563646407501,6.57253510550648e-09,0.99639784439049,True,True,True,3,3,0.883033408060736,3_of_4,up,False,True,False,True,up,2.0,1.70495166846862,1.70495166846862,True,False,True,False,False
PRPF38A,-0.439453864701003,0.0009612487667365,-0.468292875907657,0.0006002410199729,1.06320528309032,True,False,False,-0.982988362379396,9.80407284335598e-07,-0.537794068023648,0.0005396850191467,0.546545150923534,True,True,True,-0.636528065326408,0.0002099363333754,-0.539599758006857,0.0008499663772492,0.846393731279245,True,True,True,-0.822487470847237,0.0002857164064231,-0.757116680500192,0.000810455714048,0.919402792760453,True,True,True,3,3,0.882898262019849,3_of_4,down,False,True,False,True,down,2.0,-0.519877283687577,0.519877283687577,True,False,True,False,False
PLBD2,0.79978381386407,6.53210776942474e-06,0.750237645719815,9.24244800336351e-06,0.936879133582444,True,True,True,0.134255754884288,0.220216293157706,0.170961496984871,0.161063326451095,1.26398686053048,True,False,False,0.894746679546764,2.33818735440406e-05,0.741212719771557,0.0001297870412844,0.827480287335925,True,True,True,0.913712783104558,7.03511082904002e-07,0.580336963727694,0.0001176136144129,0.634447199653224,True,True,True,3,3,0.882179710459185,3_of_4,up,False,True,False,True,up,2.0,0.570282774367481,0.570282774367481,True,False,True,False,False
HSP90AB1,-0.502454587083269,0.0003780936589915,-0.551774232116664,0.000161001542638,1.09597617396503,True,True,True,-0.914640721205533,7.71233385659421e-07,-0.526759349501855,0.0003718105739096,0.575290435759916,True,True,True,-0.488976728997496,0.0002091115873825,-0.494739904601804,0.0002164916228436,1.00972122821844,True,False,False,-0.69407517092659,2.65147201213107e-06,-0.519757999122147,8.29060899185982e-05,0.74777235738297,True,True,True,3,3,0.878746792800705,3_of_4,down,False,True,False,True,down,2.0,-0.538135696373566,0.538135696373566,True,False,True,False,False
FAT4,2.55328636780026,6.82246186589212e-05,2.7319548983318,3.5156770162331e-05,1.06955701317255,True,True,True,5.69358760698223,0.0007896848965421,4.37369531984059,0.0119705733405698,0.768044259162495,True,True,True,0.464445163115168,0.104914265525553,0.320138098292404,0.27328554927945,0.687810560001867,True,False,False,4.98428210145228,5.93778192890884e-05,4.92778272614208,0.0001125508119382,0.988466174202369,True,True,True,3,3,0.878255216682432,3_of_4,up,False,True,False,True,up,2.0,2.189316584773505,2.189316584773505,True,False,True,False,False
PDIA6,0.150671446251639,0.102049346172247,0.151777406195437,0.0970231490095961,1.0006986149761,True,False,False,-0.859038001794792,1.56718946121889e-07,-0.649252897321221,7.09492862715324e-06,0.754911871296747,True,True,True,-0.694635267398896,2.09688011861099e-05,-0.741734125010213,1.55404438754823e-05,1.06626871835249,True,True,True,-0.505912777871812,7.56446537182711e-05,-0.374126345927593,0.0015608065436558,0.738048757615264,True,True,True,3,3,0.877805243136423,3_of_4,down,False,True,False,True,down,2.0,-0.538386299125378,0.538386299125378,True,False,True,False,False
SSBP1,-0.868877636638907,2.50591344308567e-05,-0.980939672696088,8.82285088373523e-06,1.12767546995036,True,True,True,-1.06540890071236,2.31697641483471e-07,-0.568918099816071,0.0001432102883729,0.533489639326936,True,True,True,-0.515334339069076,0.0008660806417626,-0.540885914714445,0.0007256060025762,1.04754976337548,True,True,True,-0.384471613012639,0.0026768349019702,-0.272817428552755,0.0270277791077866,0.707749726161573,True,False,False,3,3,0.877649744768527,3_of_4,down,False,True,True,True,down,3.0,-0.764131032955071,0.764131032955071,True,False,True,False,False
XKRX,-2.25177851056238,0.0009017234298723,-1.73056531209639,0.0036914741304396,0.768191503950548,True,True,True,-1.70147885845257,1.91068388328808e-05,-1.52086382427261,0.0001974785816894,0.893323177977649,True,True,True,,,,,,,,,-1.48893191568738,0.0001688869774205,-1.30725486590719,0.0006011300424579,0.877392350712944,True,True,True,3,3,0.877392350712944,3_of_4,down,False,True,False,True,down,2.0,-1.09660125802156,1.09660125802156,True,False,True,False,False
CLIC3,1.49243701990467,0.0004335222436301,1.71550969386751,0.0001259548027829,1.14869905526851,True,True,True,6.85618820184147,3.85847596942542e-05,5.10527203921471,0.0016221520903858,0.74451391575394,True,True,True,-0.408113465041969,0.48599666971581,0.176332303692432,0.761590062054094,0.431010755596477,False,False,False,2.69333970854129,1.19472842653784e-07,2.71077034662528,1.74101204067217e-07,1.00609820581714,True,True,True,3,3,0.87530606078554,3_of_4,up,False,True,True,True,up,3.0,2.14678195014419,2.14678195014419,True,False,True,False,False
MSH2,-0.667938435345463,0.0004476273314672,-0.683523637521578,0.000371680646833,1.0218035044863,True,True,True,-1.1627967794333,1.24694489444701e-05,-0.848134621916556,0.0005831930518496,0.728765225084698,True,True,True,-0.488496829250416,0.0284381786030922,-0.607455503900622,0.0103293619076639,1.24097944583388,True,False,False,-0.665712846043484,0.0004359383017375,-0.450835321064941,0.009449090749007,0.676206141430094,True,True,True,3,3,0.875284364785499,3_of_4,down,False,True,False,True,down,2.0,-0.825635450571507,0.825635450571507,True,False,True,False,False
ALKBH8,-0.591482817850735,0.0012065004639447,-0.533406745123026,0.002435768535158,0.900290656626954,True,True,True,-1.21407073348998,1.68276227363503e-05,-0.783873031528389,0.0014451306894986,0.645125431732615,True,True,True,-0.731765533954174,0.0012641110428756,-0.612158129020313,0.0045829712969609,0.83540791788741,True,True,True,0.271539121171573,0.168699521961608,0.384997162150141,0.0601538009821247,1.41263081973385,True,False,False,3,3,0.867849287257182,3_of_4,down,False,True,False,True,down,2.0,-0.54605858819406,0.54605858819406,True,False,True,False,False
SMC6,-0.55191974179508,0.0001572663171756,-0.636253627520337,4.86465942002163e-05,1.15071606134863,True,True,True,-1.14679253335597,1.87561226726699e-07,-0.760154114509074,1.86238504465666e-05,0.662274838368655,True,True,True,-0.312043716776337,0.0540947318329252,-0.332618639597494,0.0446176783738851,1.06253095581261,True,False,False,-0.583564425993672,4.65044846672017e-05,-0.392823185739018,0.0019975486965017,0.671992971640854,True,True,True,3,3,0.867261963726732,3_of_4,down,False,True,False,True,down,2.0,-0.689410747433891,0.689410747433891,True,False,True,False,False
BANK1,5.07844310662647,9.37678330981792e-06,5.17786448641605,7.06097356780907e-06,1.01937641149306,True,True,True,1.8085219966606,0.0001711822595241,1.29024694192341,0.007354226370896,0.713031919094937,True,True,True,2.13500567302898,0.0025497998193952,2.19151953881316,0.0023704425828111,1.02598956851339,True,True,True,-0.257903747464149,0.241607331479906,-0.0151779856605194,0.953251151500946,0.0586240477752109,True,False,False,3,3,0.866204165293998,3_of_4,up,False,True,False,True,up,2.0,0.50676001125484,0.50676001125484,True,False,True,False,False
SPATS2L,-1.62368469017677,6.10140636161263e-06,-1.59976135592821,6.07340405875675e-06,0.984659586934467,True,True,True,-1.14439601620438,1.50676822565857e-07,-0.85478055120112,7.09492862715324e-06,0.746275121537175,True,True,True,-0.687007940793233,0.0003746729705139,-0.431754667683769,0.0100432381031054,0.62754314606599,True,True,True,0.352554325907329,0.0210437816339401,0.432977129979378,0.0081549851279032,1.22464101908024,True,False,False,3,3,0.865467354235821,3_of_4,down,False,True,False,True,down,2.0,-0.849308935479979,0.849308935479979,True,False,True,False,False
IFT172,1.02040469648299,0.0001947948529933,1.06626303621406,0.0001269732449481,1.04391828222988,True,True,True,0.278823740444789,0.122816977855784,-0.0915328500257226,0.673991906441077,0.327108950370787,False,False,False,0.674345207659329,0.0294486430736318,0.671926200712104,0.0326010649782826,0.994937393634472,True,True,True,1.1418990643475,7.08260415615077e-05,0.837687047565991,0.001879449095587,0.7329492810848,True,True,True,3,3,0.863943337359636,3_of_4,up,False,True,False,True,up,2.0,0.569170772703838,0.569170772703838,True,False,True,False,False
MRPS5,-0.798237679624553,1.03252611491826e-05,-0.783255896949873,1.11183215828329e-05,0.980003717189375,True,True,True,-0.974600187762931,2.1787164021763e-06,-0.544985670856247,0.0010016191229272,0.558615791276044,True,True,True,-0.415901079150879,0.0077858425384437,-0.435599835755851,0.0066050208732299,1.04485178268921,True,False,False,-0.571364845811646,6.38213170847135e-05,-0.427810146027209,0.0011198148840793,0.747443084874561,True,True,True,3,3,0.863723401031968,3_of_4,down,False,True,False,True,down,2.0,-0.987744948404552,0.987744948404552,True,False,True,False,False
TOR2A,-0.706973502919441,0.0020260577877339,-0.613272145885232,0.0050178056041096,0.86623601498687,True,True,True,-0.660330298780655,9.31053837639483e-05,-0.33285877020894,0.021343119947527,0.503316982183724,True,True,True,-0.134850812912233,0.538113715557766,-0.269446153028196,0.22059425645893,1.98339742878295,True,False,False,-1.19116741504421,4.49379212571866e-05,-1.02334223433351,0.0002352974943905,0.858388026228313,True,True,True,3,3,0.862312020607591,3_of_4,down,False,True,False,True,down,2.0,-0.555935556276623,0.555935556276623,True,False,True,False,False
ZNF233,1.12005350581531,0.0043468351934198,1.29830108965711,0.0014045556832306,1.15810805008178,True,True,True,2.01963985194126,0.0005680402636786,1.62006221762926,0.0077918484998,0.801757035561207,True,True,True,0.906693578340646,0.149648361157733,0.837154123050089,0.195292110737151,0.92228714956923,True,False,False,1.77792770419317,0.0029686899594872,1.28298802490372,0.0335319887512618,0.721214258386974,True,True,True,3,3,0.862022092565218,3_of_4,up,False,True,False,True,up,2.0,1.440551427245065,1.440551427245065,True,False,True,False,False
CSTB,-1.24022916344074,3.1858246743596e-05,-1.18730618045549,4.18134423545479e-05,0.956556786954817,True,True,True,-1.6239542047064,2.5088294019917e-07,-1.2181727408816,1.40440262058488e-05,0.74966589049302,True,True,True,-0.502689093695518,0.0092798134115805,-0.385494941643025,0.0379891815560216,0.765343038926426,True,True,True,-0.424319149746681,0.0017973892906729,-0.4721669476658,0.0011583562927221,1.11014739859943,True,False,False,3,3,0.860949912940622,3_of_4,down,False,True,False,True,down,2.0,-0.844225744470781,0.844225744470781,True,False,True,False,False
IL32,2.66114979131752,7.95198013004417e-06,2.45872120790417,1.41920604251761e-05,0.923584847074788,True,True,True,3.98348052696344,0.0003924425615924,3.17956694961361,0.0059727174365896,0.797987825036943,True,True,True,2.74744684509738,0.0015351134053223,1.73746841353104,0.0339156422604601,0.632163731538159,True,True,True,0.132802714822864,0.614133736221975,0.443368791178668,0.0862402245381104,3.31360086202755,True,False,False,3,3,0.860786336055866,3_of_4,up,False,True,True,True,up,3.0,4.23784797245374,4.23784797245374,True,False,True,False,False
SHROOM2,-2.77293370815093,0.0055057850029667,-2.3234577309837,0.0107052346318081,0.837603913949511,True,True,True,-3.81548655246789,2.76672836861711e-06,-3.36343398840751,2.74055490520592e-05,0.881290669354666,True,True,True,-0.612844628538764,0.0495784085544231,-0.813703411691879,0.0183506453174842,1.32558529285965,True,True,True,0.46846494148115,0.0103103386250955,0.319345610070068,0.0824651759878342,0.680233137457593,True,False,False,3,3,0.859447291652089,3_of_4,down,False,True,False,True,down,2.0,-1.34131357913404,1.34131357913404,True,False,True,False,False
CYB5R1,0.284556470164522,0.024820186209509,0.272732516114194,0.0307892226837697,0.955091355335288,True,False,False,1.03313042180631,2.56997873795773e-05,0.605912489739094,0.0061940687481357,0.585914964846262,True,True,True,0.735051703121762,0.0002071419658375,0.561963012933997,0.0020273416241453,0.763483068581439,True,True,True,0.813811967084545,2.23939098226947e-07,0.936187625345322,8.34770138955127e-08,1.14896155575018,True,True,True,3,3,0.859287211958363,3_of_4,up,False,True,False,True,up,2.0,0.576836689851059,0.576836689851059,True,False,True,False,False
FBLIM1,0.602633285850886,0.0158195446005237,0.528780445024711,0.0320331677705407,0.875996167572731,True,True,True,0.308084963332602,0.0560674160726554,0.0026256565650983,0.989784491599637,0.0084949346509391,True,False,False,1.20774878478852,0.0001428803093518,1.01775943792967,0.0006822360479215,0.841994176736844,True,True,True,1.14593070057841,5.13767539823758e-07,1.11449240023632,1.15634000246596e-06,0.971717297020883,True,True,True,3,3,0.858995172154787,3_of_4,up,False,True,False,True,up,2.0,1.26673270266496,1.26673270266496,True,False,True,False,False
CIB1,-0.667196181754635,0.0001445008059564,-0.678551175241683,0.0001209015614026,1.01549693603435,True,True,True,-0.881280688452392,7.26204968283235e-07,-0.750942720333789,1.8607972326957e-05,0.851138113031826,True,True,True,-1.24782819109693,6.78352563939786e-06,-1.0797502496819,2.74001986434519e-05,0.8646107265832,True,True,True,-0.4552262087988,0.0017709492886593,-0.18369222380559,0.168880446800168,0.402634088666747,True,False,False,3,3,0.857874419807513,3_of_4,down,False,True,False,True,down,2.0,-0.755969457384015,0.755969457384015,True,False,True,False,False
HMGA2,-3.44481383061385,2.61642335882872e-08,-3.274813789994,4.20858350577639e-08,0.950374556193192,True,True,True,-5.51683853569982,4.14195822540464e-08,-4.88336741833252,1.17828696721393e-07,0.885014555380274,True,True,True,-0.548211237443072,0.054757268888406,-0.454228594246971,0.110082833086278,0.827056264110134,True,False,False,-2.9622634113303,1.89118789474788e-07,-2.46008352354178,6.9623370184009e-07,0.830194006423942,True,True,True,3,3,0.857604280902108,3_of_4,down,False,True,True,True,down,3.0,-2.97649584446973,2.97649584446973,True,False,True,False,False
CACNG4,-0.757631058937499,0.0641503505801128,-0.424280725278297,0.271667790307837,0.55927149340883,True,False,False,1.6372999127591,2.7078769309837e-08,1.631438068075,4.99179886682431e-08,0.995811606513154,True,True,True,2.5377149014118,0.0116724967321796,2.15491097111307,0.0335641494208525,0.848819601568773,True,True,True,2.69485550438633,1.97452667578256e-06,2.33452781864999,1.39506973676836e-05,0.865969194139509,True,True,True,3,3,0.857394397854141,3_of_4,up,False,True,False,True,up,2.0,1.453485225754863,1.453485225754863,True,False,True,False,False
DHX15,-0.546539750360572,0.0002435952884883,-0.603297675258742,0.0001006713755098,1.10183356525522,True,True,True,-0.867711278437892,7.40679319302746e-07,-0.56504176945431,0.0001432157723637,0.650436783174224,True,True,True,-0.789021488686518,4.83752036642539e-05,-0.839627216395918,3.57320714071589e-05,1.06279035243949,True,True,True,-0.20526249560655,0.0666759206316096,-0.119021433703232,0.308628425422548,0.577038658207006,True,False,False,3,3,0.856613567806857,3_of_4,down,False,True,False,True,down,2.0,-0.781741099222319,0.781741099222319,True,False,True,False,False
ZC3H15,-0.655536421860864,3.34768705965322e-05,-0.647100829527544,3.38586491231973e-05,0.985628227133879,True,True,True,-1.11958117744723,1.05420213477837e-06,-0.666057503756547,0.0003234496083494,0.594385767993959,True,True,True,-0.755738999324076,7.10547443018799e-05,-0.724860782499166,0.0001231756361366,0.957874224992522,True,True,True,-0.288191810218044,0.0129377562864611,-0.21819544407847,0.059163444725095,0.754500772044532,True,False,False,3,3,0.856187498518527,3_of_4,down,False,True,True,True,down,3.0,-0.58217581012201,0.58217581012201,True,False,True,False,False
PLA2G15,0.401078422088021,0.003731751388466,0.377193209921116,0.0056266134313437,0.938108560917857,True,False,False,1.39313589007838,1.67537145148001e-06,0.943222637131025,0.0003022405274354,0.676564346304861,True,True,True,0.825158652170293,0.0018365295502182,0.780769078153165,0.0031659458132468,0.945059494447112,True,True,True,0.952277619970777,3.44273970053579e-06,0.736061630383411,8.92215265252616e-05,0.77213774346866,True,True,True,3,3,0.855123152193259,3_of_4,up,False,True,False,True,up,2.0,0.734333557686985,0.734333557686985,True,False,True,False,False
NTHL1,-0.831833249616466,0.0001164380611955,-0.689044916278328,0.0004714721276009,0.827350392885545,True,True,True,-1.45160205778144,4.25608324337308e-06,-0.882050868559529,0.0006472540715496,0.607221271534398,True,True,True,-0.113931801428119,0.737847069270741,0.258969477715682,0.399097471650862,2.25324474599528,False,False,False,-1.81913958308242,7.40520334845722e-06,-1.59186126390541,3.42592984811464e-05,0.874581970911034,True,True,True,3,3,0.850966181898289,3_of_4,down,False,True,False,True,down,2.0,-1.08289007797432,1.08289007797432,True,False,True,False,False
PNO1,-1.00982832634925,1.52877807022529e-05,-0.979963424073177,1.80087414628551e-05,0.969465732734711,True,True,True,-1.58939855372583,2.31697641483471e-07,-0.90986202774303,6.1993864286525e-05,0.572096865663952,True,True,True,-0.495768283904392,0.045135684153169,-0.534952239646005,0.036100065313501,1.07686472139788,True,False,False,-0.636115081249545,7.21344032377938e-05,-0.465120150089853,0.001435473962787,0.730041029915088,True,True,True,3,3,0.8497533813249,3_of_4,down,False,True,True,True,down,3.0,-0.735552167737048,0.735552167737048,True,False,True,False,False
F12,-1.6175395153224,1.01606953687125e-05,-1.40994141159888,2.36168204478357e-05,0.871119548365201,True,True,True,-2.36309232486731,3.91499645263002e-06,-1.45232479615486,0.0003116817222855,0.61432659836429,True,True,True,-0.526279162750078,0.171543677903299,-0.747888118399076,0.0700702625920807,1.41839118864169,True,False,False,-1.77016400333072,7.68581236352052e-05,-1.46561329261225,0.0003765802818552,0.827485930075434,True,True,True,3,3,0.849302739220318,3_of_4,down,False,True,True,True,down,3.0,-1.71642993745211,1.71642993745211,True,False,True,False,False
TCN2,0.687853858199547,0.0004495130433666,0.781471977427523,0.000150123191624,1.1344524939877,True,True,True,3.72029876380045,4.44278555025347e-06,2.54011908033529,0.0006802740882395,0.682589397294493,True,True,True,1.22341040734493,0.004704060994504,1.2421602577066,0.0047877164882937,1.01449665100459,True,True,True,0.13832362931866,0.391848898382549,-0.0315777689852563,0.869538136580503,0.22665049094459,False,False,False,3,3,0.848543024149542,3_of_4,up,False,True,False,True,up,2.0,1.399436020645185,1.399436020645185,True,False,True,False,False
TMEM106B,0.564649818393423,0.0002110740446481,0.714542004317736,2.73079109304415e-05,1.26322325418083,True,True,True,0.468550039466398,0.0005085294901694,0.256432233048162,0.0443267891764453,0.54612333403182,True,False,False,0.727645317123781,0.0070624226065559,0.83581495303455,0.0031347902497639,1.14708066241859,True,True,True,0.896060977446235,1.4279127587908e-05,0.455081067607407,0.0069479284305376,0.507302267124513,True,True,True,3,3,0.846601998225205,3_of_4,up,False,True,True,True,up,3.0,0.957157387508387,0.957157387508387,True,False,True,False,False
TMEM45A,1.71473242380927,8.1696929964156e-06,1.47874249796691,2.83453583004609e-05,0.861872444354584,True,True,True,2.32742419699175,1.99632007018924e-06,1.93532247557927,6.79714746045892e-05,0.831172635157994,True,True,True,0.397717266693447,0.459163059626481,0.318751685774473,0.571855715194168,0.799442894504854,True,False,False,2.7644891401406,6.84827974435859e-07,2.52566050021739,3.33552212286021e-06,0.913278039518529,True,True,True,3,3,0.846522539756289,3_of_4,up,False,True,True,True,up,3.0,1.55989124899595,1.55989124899595,True,False,True,False,False
PSMD2,-1.04988096582263,4.6456470559487e-05,-1.18779116235159,1.45434669633447e-05,1.13028135534055,True,True,True,-1.49093049021963,1.40295060331357e-07,-0.86143550143152,4.20767652202488e-05,0.577396538966575,True,True,True,-0.839580783881049,0.0002229595418596,-0.934065645017194,0.0001117944917467,1.11121460653016,True,True,True,-0.346028280151897,0.0035050278851165,-0.13020115033436,0.251037830051024,0.375188875896137,True,False,False,3,3,0.844305572748367,3_of_4,down,False,True,False,True,down,2.0,-0.730600596393797,0.730600596393797,True,False,True,False,False
GRPEL1,-0.519801995122233,0.0035916228136786,-0.549802900288243,0.0024347671216862,1.05568508845517,True,True,True,-1.39613724294611,3.70386144751327e-07,-0.727029702861947,0.0002681797988212,0.520370999007139,True,True,True,-1.00860422035823,6.39729043829693e-05,-0.888087856310719,0.0002083243902976,0.879639603720759,True,True,True,-0.173310706727208,0.196664334312657,0.140875531904634,0.304835006743521,0.808186338921227,False,False,False,3,3,0.843912971320993,3_of_4,down,False,True,True,True,down,3.0,-0.759603711825648,0.759603711825648,True,False,True,False,False
PTEN,-0.116377715793354,0.345939324767261,-0.0744343047408096,0.550396163501759,0.634143408207507,True,False,False,-0.539695089285535,7.29374634095819e-05,-0.439827851219481,0.0012566819533952,0.813448947355268,True,True,True,-0.825464749310494,0.0001426649105638,-0.722327617259353,0.0004608655280057,0.873996885967586,True,True,True,-0.598733625505877,0.0010123235751398,-0.55942826255552,0.0023657233182206,0.932794558723701,True,True,True,3,3,0.843722916661427,3_of_4,down,False,True,True,True,down,3.0,-0.61230731753578,0.61230731753578,True,False,True,False,False
TMEM44,0.869073300658195,0.0003254416322954,0.929238810003779,0.0001806480198016,1.06800060328345,True,True,True,1.77778567380909,3.59092043423605e-06,1.22430528739367,0.0005376486400841,0.688281508795798,True,True,True,0.770065552300507,0.0004759983063817,0.76701154742343,0.0006081267483264,0.994742334338525,True,True,True,-0.271596647235968,0.213814502465004,0.064798626997836,0.785646711860216,0.237708818706579,False,False,False,3,3,0.841511921567161,3_of_4,up,False,True,False,True,up,2.0,0.820978282797651,0.820978282797651,True,False,True,False,False
CD59,0.806714628163582,6.4490123005336e-05,0.788947783913978,7.00136167333737e-05,0.976765501582815,True,True,True,0.0955866303189907,0.306170352472149,0.0431481688799735,0.692642308676915,0.446730243486813,True,False,False,0.512658841217579,0.0014563770216048,0.361062252363815,0.0146073064698767,0.702922296651123,True,True,True,0.594429105162037,0.0002437894518491,0.830581348905163,1.68322727766356e-05,1.39492903807437,True,True,True,3,3,0.839843899116969,3_of_4,up,False,True,True,True,up,3.0,0.821282089112786,0.821282089112786,True,False,True,False,False
SKIL,0.0396710265703568,0.878494977864194,-0.214362184094026,0.380675468673923,5.27063617937455,False,False,False,1.41378520718426,6.43483122652309e-07,0.8039941782697,0.0003855306323703,0.56828002878955,True,True,True,0.93266523389912,0.0110773442863412,0.71747532338985,0.0464007963575245,0.768450293895565,True,True,True,2.1808099869119,2.6977296380321803e-09,1.97333890625548,7.9386060608102e-09,0.90445039581495,True,True,True,3,3,0.836450344855257,3_of_4,up,False,True,False,True,up,2.0,0.924174421644734,0.924174421644734,True,False,True,False,False
CYTH3,0.126683029316248,0.324635637239003,0.16222116989612,0.202512824801894,1.270499069178,True,False,False,0.886162240028463,3.4001984281001e-05,0.791833074634885,0.0003660032099381,0.892545961615184,True,True,True,0.716514569675494,0.0005738644956799,0.55943267411364,0.0037723667624473,0.779681274439697,True,True,True,0.915397888214008,2.25023904431277e-06,0.61119630081064,0.0002033794238623,0.666955160712795,True,True,True,3,3,0.83611361802744,3_of_4,up,False,True,False,True,up,2.0,0.598474414316999,0.598474414316999,True,False,True,False,False
BACE1,0.229844094569274,0.123452643837298,0.254803028835597,0.0876590279449285,1.10378837852026,True,False,False,0.920171146403127,2.01472852078881e-06,0.65134471374691,0.0002409986531711,0.707083277944819,True,True,True,0.704537131608522,0.0029130241607443,0.680543993597143,0.0041036728791079,0.964575729764359,True,True,True,1.00277401873732,6.10219861713998e-06,0.691811993565624,0.0004112702751189,0.68921089871989,True,True,True,3,3,0.835829503854589,3_of_4,up,False,True,False,True,up,2.0,0.78096006390038,0.78096006390038,True,False,True,False,False
MAF,3.30471255336707,0.002774252532086,2.75948557779973,0.0100801904884525,0.834762712501735,True,True,True,,,,,,,,,3.24319057032816,0.000437980486605,2.98963997033378,0.0010162889286066,0.921536483607795,True,True,True,5.81143744384051,0.0001650641859384,4.25918604012115,0.0047088696751438,0.732771076037067,True,True,True,3,3,0.834762712501735,3_of_4,up,False,True,True,True,up,3.0,2.95288919808584,2.95288919808584,True,False,True,False,False
KRT80,0.627043520408162,0.0076445903905112,0.587707913501365,0.0105765332938287,0.935775777321,True,True,True,0.702952790143125,0.0001540508578627,0.519202325374395,0.0043198359644928,0.73755276297553,True,True,True,0.461969974767355,0.266681713737674,0.268178445461199,0.533888502303433,0.579256669065764,True,False,False,0.571673717432368,0.0153931760993228,0.533534586135335,0.0270433226354843,0.931655443395383,True,True,True,3,3,0.834604103185457,3_of_4,up,False,True,False,True,up,2.0,0.855662890410045,0.855662890410045,True,False,True,False,False
ARHGEF17,1.35318075818442,2.58865340680033e-06,1.47053446608996,1.31438325534807e-06,1.08592184403915,True,True,True,1.2782968155874,3.39361590407598e-07,0.897414003701964,3.97634087893278e-05,0.701490062952989,True,True,True,1.02630720641308,9.47662657723741e-05,0.992058686130636,0.0001507994397533,0.965688432766361,True,True,True,0.35957835442618,0.0150536041871787,-0.101894477201023,0.513112646045431,0.282586228347447,False,False,False,3,3,0.833589247859675,3_of_4,up,False,True,True,True,up,3.0,0.552855348552395,0.552855348552395,True,False,True,False,False
TARDBP,-0.48814772566133,0.0008024396092485,-0.595173276089038,0.0001555479479106,1.2167556851754,True,False,False,-1.03276263409904,1.07647146933142e-06,-0.520945983001426,0.001220796456945,0.503931914172395,True,True,True,-0.541441570216588,0.0001460010845785,-0.590060823443292,8.9589623390582e-05,1.08778688035965,True,True,True,-0.57861979921111,3.95933962067911e-05,-0.332929308453549,0.0055191331119249,0.574392574074732,True,True,True,3,3,0.831089727217191,3_of_4,down,False,True,False,True,down,2.0,-0.547738542092322,0.547738542092322,True,False,True,False,False
SNRPE,-0.835579165167109,2.43925892398425e-05,-0.989418762830992,6.65861346134873e-06,1.18269591692898,True,True,True,-1.29581100519892,2.10601777512487e-06,-0.817861481450155,0.0003613536614436,0.630671299188043,True,True,True,-0.443101725615771,0.0132248628791914,-0.433513535118096,0.0163638690805439,0.976158186543874,True,False,False,-0.692403803526631,0.0002012068235315,-0.475271096555212,0.0047779171800225,0.685417492863462,True,True,True,3,3,0.830787839703668,3_of_4,down,False,True,True,True,down,3.0,-0.879994754616392,0.879994754616392,True,False,True,False,False
ASS1,1.47312666617753,7.57096027661397e-07,1.40296735207162,1.02188190511543e-06,0.951727815703634,True,True,True,2.95538923211209,3.04637083450222e-07,2.08767508764539,3.42681584688636e-05,0.706157046226935,True,True,True,1.0790453914883,0.0078035794633254,1.29666271467135,0.0024622653766277,1.2005631660393,True,True,True,-0.499038812820312,0.0013011834082038,-0.348636437668544,0.0183101639434294,0.697218753284709,True,False,False,3,3,0.828942430965284,3_of_4,up,False,True,False,True,up,2.0,1.37726340292674,1.37726340292674,True,False,True,False,False
FANCL,-0.528273534550707,0.0062468092366362,-0.53309664569187,0.0060982603095076,1.00722331817405,True,True,True,-0.32709277956829,0.0203278321804114,-0.0297444169610284,0.850280028911164,0.0906585539619817,True,False,False,-0.54320192114504,0.0019819372631782,-0.503027262460881,0.0038051663275407,0.924339372787357,True,True,True,-0.785017920105601,3.69803563496004e-06,-0.576232771716867,0.0001095876706704,0.733103860583039,True,True,True,3,3,0.828721616685198,3_of_4,down,False,True,False,True,down,2.0,-0.615140966472815,0.615140966472815,True,False,True,False,False
ZNF251,0.564663908325011,0.0026368591550101,0.548120782337005,0.0032920913324767,0.968986661991653,True,True,True,1.22073292205566,3.1458837558692e-06,0.744472425367481,0.0011735598543227,0.609357750722514,True,True,True,0.271346092493538,0.286407654410885,0.300567212625899,0.244837602075271,1.10362226927501,True,False,False,1.09335943278398,0.0010993012348905,0.751674713603637,0.0211625470091192,0.686862735483008,True,True,True,3,3,0.827924698737331,3_of_4,up,False,True,False,True,up,2.0,1.23242967094172,1.23242967094172,True,False,True,False,False
CCP110,-0.895170977467762,4.18080325628718e-06,-0.982458876591689,2.18364234895996e-06,1.09628508542839,True,True,True,-0.455960981250162,0.0005821091605525,0.0282591776983736,0.821081562676935,0.0618415550952767,False,False,False,-0.707604546823239,0.0003021623130224,-0.788674803687193,0.0001909923318549,1.1129970972144,True,True,True,-0.835028960196706,3.11372251457444e-06,-0.467296517064527,0.000870598920263,0.558947762951392,True,True,True,3,3,0.827616424189891,3_of_4,down,False,True,False,True,down,2.0,-0.718580331084032,0.718580331084032,True,False,True,False,False
DDAH2,1.63634718436,3.06137969242141e-06,1.59054863170529,3.70957648598642e-06,0.971418063864688,True,True,True,1.94540184704867,1.05896074554883e-07,1.39405967631721,7.61272084453156e-06,0.716223979355046,True,True,True,1.74171243748215,0.0001447074052527,1.63234660502129,0.0003085634287217,0.936670083895014,True,True,True,0.166519510353304,0.177170480903314,-0.0158525845488251,0.916275483831346,0.0946312731895616,False,False,False,3,3,0.82644703162503,3_of_4,up,False,True,False,True,up,2.0,0.955890194086249,0.955890194086249,True,False,True,False,False
NUCB1,0.70600134044808,0.0007133395114075,0.973923636487406,5.05490509896737e-05,1.37754142852142,True,True,True,1.37868478885969,1.14126537433471e-07,0.99625650060632,6.79281082968938e-06,0.722089935795934,True,True,True,0.610450298894606,0.0003686934642296,0.54444939079624,0.0010439185591193,0.890422969422876,True,True,True,0.442096055687943,0.0051863870487626,0.337182178734832,0.0311749395570823,0.760968585494017,True,False,False,3,3,0.825695777458447,3_of_4,up,False,True,False,True,up,2.0,0.535265885562535,0.535265885562535,True,False,True,False,False
MAN2B1,1.1501595023895,2.5587463421676e-05,1.35982680500788,6.0425953379738e-06,1.1812670635001,True,True,True,0.907748698897672,4.84503998154885e-06,0.72307621104949,0.0001870132740859,0.795683352203523,True,True,True,0.726169418244953,5.17287823467147e-05,0.621715403707174,0.0002223190238986,0.854980129950603,True,True,True,0.3919970441453,0.0019149627273822,0.191842923469005,0.105708550531139,0.488153604020686,True,False,False,3,3,0.825331741077063,3_of_4,up,False,True,False,True,up,2.0,0.73436159968631,0.73436159968631,True,False,True,False,False
PRTFDC1,-1.36994257144462,2.82555823837055e-06,-1.69865539849296,9.357587272362e-07,1.23904198022169,True,True,True,-0.451743209730278,0.062143950636018,0.0433875579988738,0.874411099451958,0.0958325979636933,False,False,False,-0.944137562813656,4.18034802708965e-05,-0.938527767393255,5.90487259623888e-05,0.993006525525529,True,True,True,-1.66153526204209,9.02557595061659e-07,-1.08001892067267,4.05646771809774e-05,0.649621662367681,True,True,True,3,3,0.821314093946605,3_of_4,down,False,True,True,True,down,3.0,-1.00425172366407,1.00425172366407,True,False,True,False,False
MYEOV,-6.55713259276702,3.06728653805025e-07,-6.22500444020818,3.56143127920601e-07,0.949203809492012,True,True,True,-1.01253262385604,3.58021422613175e-05,-0.600501547207051,0.005471331393708,0.592483688312282,True,True,True,-1.03297089020658,0.0723284829020586,-0.889146308951412,0.11968436157519,0.859933599072375,True,False,False,-3.89418542398228,6.01227981430473e-06,-3.02489234707588,1.25897701822036e-05,0.776572105772401,True,True,True,3,3,0.818252852422388,3_of_4,down,False,True,True,True,down,3.0,-2.29106850185002,2.29106850185002,True,False,True,False,False
MRPL3,-0.642386949661435,0.0001158805176274,-0.691005572770051,5.8759364011609e-05,1.07401241684133,True,True,True,-1.33219511680657,2.81747639075977e-07,-0.707173577273999,0.0001914256060676,0.530435169135563,True,True,True,-0.880489717378181,5.30078755961183e-05,-0.851777168985727,8.70303534731e-05,0.966292802052384,True,True,True,-0.469029879030473,0.0001609844011641,-0.31386311890806,0.0053113929272778,0.667751419453297,True,False,False,3,3,0.81702211075284,3_of_4,down,False,True,True,True,down,3.0,-0.880198607775315,0.880198607775315,True,False,True,False,False
DOK4,1.12154218956333,6.18903102673695e-05,0.870567761675146,0.0005733756234726,0.775532331674588,True,True,True,2.55673425176027,2.01703539370269e-06,1.78539895464732,0.0003020667792328,0.698039271835447,True,True,True,-0.0070548448424787,0.974077834294458,0.176823516646508,0.343588409343814,21.952442300812,False,False,False,1.20220800853239,5.16967544161873e-05,1.03218978327046,0.0003823922515186,0.857864788092186,True,True,True,3,3,0.816698559883387,3_of_4,up,False,True,True,True,up,3.0,1.66534875256729,1.66534875256729,True,False,True,False,False
MGAT3,2.64931012113213,0.0018619509111404,2.3771589685551,0.0043148495210786,0.896936154603542,True,True,True,7.61586313473344,0.0009346211812657,4.83087274143464,0.0345339357666602,0.634233890773948,True,True,True,,,,,,,,,4.82079206132848,1.46490201681225e-05,3.9186989719842,0.0002206584870561,0.812705923885182,True,True,True,3,3,0.812705923885182,3_of_4,up,False,True,False,True,up,2.0,3.9881620848644745,3.9881620848644745,True,False,True,False,False
DEK,-0.641869257615174,0.002774252532086,-0.843786993995798,0.0004451016270526,1.3125328112997,True,True,True,-0.435097588848413,0.0008209077780377,0.277942227472712,0.0241637944527512,0.637339518905995,False,False,False,-0.974702913209819,0.0003095612639813,-0.963071888336331,0.0004386986036614,0.987054435625353,True,True,True,-1.72788736248517,1.73108520131734e-07,-0.880352873937234,0.0001026013740066,0.509201983333247,True,True,True,3,3,0.812196977265674,3_of_4,down,False,True,True,True,down,3.0,-1.03637196494261,1.03637196494261,True,False,True,False,False
CD24,1.40965300285623,1.42218667928447e-06,1.33667014058452,1.98242134069727e-06,0.947554173760725,True,True,True,2.99496952923355,3.50179985026978e-07,2.01327237328398,5.79461624007274e-05,0.6719936079587,True,True,True,0.50563194169154,0.0027310053970068,0.571697765719474,0.0012533055469387,1.1284281915007,True,True,True,0.166699770673805,0.369320620610447,0.0548984860966932,0.792936950049623,0.327361724325056,True,False,False,3,3,0.809773890859713,3_of_4,up,False,True,False,True,up,2.0,1.30545023865553,1.30545023865553,True,False,True,False,False
ADPRH,-0.386503475945403,0.0757073603269354,-0.299044079271712,0.161913561789029,0.771719733718842,True,False,False,2.47036619779838,0.0003539878760192,1.85324341658759,0.0087271342227883,0.749886203929856,True,True,True,1.6269806985152,0.0035933263576128,1.37966516432749,0.0129371881238901,0.847470222211979,True,True,True,2.5730244141551,1.63000178648087e-05,2.42719629408107,5.43646987089494e-05,0.942957759348905,True,True,True,3,3,0.80959497796541,3_of_4,up,False,True,False,True,up,2.0,1.72880816637412,1.72880816637412,True,False,True,False,False
UBA5,-0.269142443052965,0.0569321308964278,-0.311060932277695,0.0304148386971874,1.15147004951276,True,False,False,-0.502339471304146,0.0014001160932227,-0.307440286082742,0.042855708639571,0.610801066894611,True,True,True,-0.668283015822043,0.002613361110794,-0.64140736506117,0.0039701697264809,0.958349980349292,True,True,True,-0.543270977417992,0.0007781223685101,-0.356999412521937,0.0164408469134389,0.655922191948454,True,True,True,3,3,0.807136086148873,3_of_4,down,False,True,True,True,down,3.0,-0.624962039574618,0.624962039574618,True,False,True,False,False
LRRC59,-0.693290503497163,0.0010853969490183,-0.777822114649988,0.0004168473187332,1.12031219026052,True,True,True,-1.27106471751065,3.41006232412637e-07,-0.643075887167136,0.0003831833286231,0.505537083384873,True,True,True,-0.63547228113386,0.0046986669277869,-0.705413199317731,0.0025564771706913,1.1083172358442,True,True,True,-0.396284072288763,0.0031914734544836,-0.134160090783887,0.297568721539809,0.337693102094397,True,False,False,3,3,0.806927159614536,3_of_4,down,False,True,False,True,down,2.0,-0.554015329866074,0.554015329866074,True,False,True,False,False
DHRS12,0.873351129745856,0.0131203647392496,1.30829994645968,0.0006724915788276,1.49630955110673,True,True,True,1.33641076827389,4.99197421144159e-05,0.84630237249882,0.0066920995020372,0.632791654273196,True,True,True,1.36808700480525,0.0148932959190527,1.34249687466771,0.0186888998708673,0.980578202813836,True,True,True,0.108227688941574,0.676731346617487,-0.0316398737036212,0.917418855053233,0.289668984212835,False,False,False,3,3,0.806684928543516,3_of_4,up,False,True,False,True,up,2.0,1.15867036592307,1.15867036592307,True,False,True,False,False
GPR161,0.334664488517537,0.259691906769529,0.413985583601485,0.160637693111687,1.23333148951756,True,False,False,1.02366607718755,2.5463904681001e-05,0.754303130708622,0.001348153395009,0.736145313582542,True,True,True,2.63992446439442,7.7124483671457e-05,2.23068173617565,0.0004049043852691,0.84465942371705,True,True,True,2.4053061320682,3.48454331777607e-08,1.84970012870398,9.13461617645138e-07,0.768688615323512,True,True,True,3,3,0.806674019520281,3_of_4,up,False,True,False,True,up,2.0,0.845447784423628,0.845447784423628,True,False,True,False,False
EIF3I,-0.478711399637558,0.0031803392897012,-0.526597650583375,0.0015219163212601,1.0977384547902,True,False,False,-1.06386886982403,2.22703985921481e-07,-0.656846904938937,4.90057483589633e-05,0.616833606045298,True,True,True,-0.60658583294538,0.0004759333214468,-0.604790266759735,0.0005609844890651,0.995398895046494,True,True,True,-0.695444121299671,5.23293812428183e-05,-0.366030532032385,0.0108560568959547,0.525570567455313,True,True,True,3,3,0.806116250545896,3_of_4,down,False,True,True,True,down,3.0,-0.883600071313769,0.883600071313769,True,False,True,False,False
PSMD12,-0.538009079823707,0.001200412030661,-0.673633426072795,0.0002103787169702,1.24976266873486,True,True,True,-1.30281145085611,1.85288094916277e-07,-0.717973336037976,7.50640966514811e-05,0.550672672468507,True,True,True,-0.815889683581654,0.000122520737617,-0.865207008668038,9.73855170087163e-05,1.05914791930599,True,True,True,-0.211040282908915,0.0836197386842931,-0.0296949813379763,0.831752317203046,0.140044056396266,True,False,False,3,3,0.804910295887248,3_of_4,down,False,True,True,True,down,3.0,-0.910734020819801,0.910734020819801,True,False,True,False,False
NPM1,-0.581102089939524,0.0003531473539874,-0.702323620784085,6.78935050112733e-05,1.20652997630888,True,True,True,-1.18541555319009,4.46453994679994e-07,-0.724992754727158,0.0001316806096644,0.611078262399514,True,True,True,-0.677514266423588,0.0002992972727525,-0.677312674856491,0.0003421660777576,0.99822908429998,True,True,True,-0.421621753887814,0.001338175964444,-0.155991566348312,0.198127080845697,0.369104441296035,True,False,False,3,3,0.804653673349747,3_of_4,down,False,True,False,True,down,2.0,-0.960892113784876,0.960892113784876,True,False,True,False,False
NUP188,-0.529322351865434,0.0006470956891188,-0.546548318468641,0.0004761967111578,1.03059642224419,True,True,True,-1.06758167422874,8.29640033594172e-07,-0.536997986231995,0.0009788449219066,0.502533404027894,True,True,True,-0.17630603689708,0.184395196140841,-0.278060684220005,0.042522556762725,1.56825277405196,True,False,False,-1.2839307340911,2.2670260238486e-07,-0.741487021024796,8.6444165924091e-05,0.577063806905739,True,True,True,3,3,0.803830114574964,3_of_4,down,False,True,True,True,down,3.0,-0.739166390214092,0.739166390214092,True,False,True,False,False
CLDN1,4.33941752053722,2.42833297167443e-06,4.15516359739401,3.01318981840301e-06,0.957318870300689,True,True,True,1.34464218170636,8.57001494919396e-07,1.50761164483066,3.50780491119468e-06,1.12036592292233,True,True,True,2.21708385850223,0.0018364291876202,1.44142418989224,0.0283645620454771,0.649851079510388,True,True,True,0.393455291138778,0.0891022115678762,0.107365595194104,0.679800000839718,0.272186981911546,True,False,False,3,3,0.803584974905538,3_of_4,up,False,True,True,True,up,3.0,1.57986127841874,1.57986127841874,True,False,True,False,False
PRSS3,-3.19119166076441,0.0002375872205465,-2.92050022826109,0.0003555107245687,0.914888746862317,True,True,True,-2.51564882956343,0.0003924627489703,-1.65427879498359,0.0078313473399255,0.657333981424243,True,True,True,-1.24574636825583,0.0006288540397005,-0.862486270882773,0.0060582444681491,0.691789679796198,True,True,True,-0.453699628621495,0.594100358227685,-0.469275154883285,0.603301129951064,1.0320552851692,True,False,False,3,3,0.803339213329258,3_of_4,down,False,True,False,True,down,2.0,-1.9847786749436551,1.9847786749436551,True,False,True,False,False
LARP4,-1.07493629757005,2.50591344308567e-05,-1.22642473264591,8.32899772768215e-06,1.13986742097625,True,True,True,-0.674159269278304,6.75974714753876e-06,-0.379553019187665,0.0024648783809764,0.562168123076173,True,True,True,-0.678703627367815,0.0007092551296983,-0.527075241821557,0.0045033526502096,0.775448622898603,True,True,True,-0.293960976131033,0.0178549184686129,-0.24507710167074,0.0505649561503671,0.830879748519232,True,False,False,3,3,0.803164185708917,3_of_4,down,False,True,False,True,down,2.0,-0.528110598471987,0.528110598471987,True,False,True,False,False
HEATR3,-0.172373560901934,0.334678312326838,-0.14762758928912,0.409406905316689,0.851500012580483,True,False,False,-1.0742911615862,8.20054146265499e-07,-0.609100465881887,0.0003182195757443,0.566451662248745,True,True,True,-0.731635204702066,0.0024092422266226,-0.715398539108969,0.0032538354372265,0.976473058511969,True,True,True,-0.613512505535055,0.0006965619618665,-0.45959600189177,0.0069995689676191,0.7479034157191,True,True,True,3,3,0.799701714149792,3_of_4,down,False,True,False,True,down,2.0,-1.29459329601886,1.29459329601886,True,False,True,False,False
SLC35E2B,1.01158028000998,5.50342309103061e-06,1.10207127158559,2.62725111629754e-06,1.08837915703309,True,True,True,0.879553588449192,6.37008653545712e-07,0.479840586227925,0.0005118556716499,0.544930589713464,True,True,True,0.8859784422641,2.33818735440406e-05,0.93508736489456,1.92463692138371e-05,1.05423911150271,True,True,True,0.388264038670897,0.0006470141270832,-0.0782749516933938,0.46867519491033,0.201084466884369,False,False,False,3,3,0.799584850608087,3_of_4,up,False,True,True,True,up,3.0,0.757497169650454,0.757497169650454,True,False,True,False,False
EXT1,-0.0133480349069135,0.926800708531676,-0.0511599553233566,0.70280109094094,3.5656419610957,True,False,False,1.50488637560432,5.25510678122758e-07,0.997310715317314,9.52043175242773e-05,0.662274877755693,True,True,True,0.649090818795885,0.0006271942427813,0.448244657808202,0.0087963157931379,0.689510826561821,True,True,True,2.2279356732041,2.50178936966935e-09,2.0263604079756,6.87031321199341e-09,0.909115696938307,True,True,True,3,3,0.799313261750064,3_of_4,up,False,True,False,True,up,2.0,0.844496188562074,0.844496188562074,True,False,True,False,False
EXD2,0.621968531707669,3.8209598609606e-05,0.60456086033387,4.53968460881558e-05,0.97045168345287,True,True,True,0.250817783175673,0.0305479867005272,0.169314639486499,0.175885693829653,0.672369668858461,True,False,False,1.01307796432914,0.0001065776127655,0.937693987239903,0.0002513135272385,0.924676425505638,True,True,True,0.816613154046299,1.24498254563312e-05,0.41182744530651,0.0074401503059295,0.503694740316261,True,True,True,3,3,0.798523047182049,3_of_4,up,False,True,False,True,up,2.0,0.74455699719491,0.74455699719491,True,False,True,False,False
TRIB2,-0.786487844754136,0.00787005191752,-0.69847584773427,0.0150017612577892,0.886967147984796,True,True,True,-3.81600964929153,7.33282447319154e-07,-2.70996041903024,1.73306295644778e-05,0.709969496549015,True,True,True,0.480291322017912,0.667102270759421,0.758465000216796,0.472112593265895,1.57589585666489,True,False,False,-1.28406544801236,0.0005329924450414,-0.786706156627277,0.014111927379486,0.612191509657421,True,True,True,3,3,0.798468322266906,3_of_4,down,False,True,True,True,down,3.0,-1.80135966726829,1.80135966726829,True,False,True,False,False
P2RX4,0.587021033131635,0.0090898951066121,0.655274435700557,0.004412419059477,1.11437244380656,True,True,True,1.69216486476191,8.96828766023263e-06,1.05586752755276,0.0021243532562696,0.623605857602788,True,True,True,1.04299340269019,0.0065844679886795,1.01346699850868,0.0090109624895297,0.970759964475974,True,True,True,0.220070281281615,0.206320330007253,-0.015869072439032,0.941740257339381,0.0717829296051641,False,False,False,3,3,0.797182911039381,3_of_4,up,False,True,False,True,up,2.0,1.13786892372001,1.13786892372001,True,False,True,False,False
G2E3,-0.774997838937982,0.0001282575856378,-0.776442095658372,0.0001236811785956,1.00057249736803,True,True,True,-1.01308117792772,0.0001359508728786,-0.592995898027356,0.01181305885883,0.584761763588933,True,True,True,-0.861339802938185,0.0005541167810585,-0.946830191488919,0.0003466905253925,1.09797806881099,True,True,True,-0.381323533212028,0.031678873557215,-0.120660738907539,0.510954890052039,0.315598513891697,True,False,False,3,3,0.792667130478481,3_of_4,down,False,True,False,True,down,2.0,-0.929113016854223,0.929113016854223,True,False,True,False,False
RAB38,-1.16683442562942,0.193776056940843,-1.6057046057971,0.0965971351163787,1.37494200424147,True,False,False,-1.28945097536066,3.14520057821894e-06,-0.826652351659425,0.0003780902464575,0.640591829866601,True,True,True,-1.08576623552822,0.0001337935816894,-0.846886955858331,0.0008522131615517,0.779272421402293,True,True,True,-2.15423450883786,3.68262240572182e-08,-1.73070389636782,2.35474095744305e-07,0.8030234711215,True,True,True,3,3,0.791147946261896,3_of_4,down,False,True,True,True,down,3.0,-1.44449475087629,1.44449475087629,True,False,True,False,False
VGLL3,0.823178865182468,0.190102683752951,0.504649314305928,0.442459612494958,0.612305575433801,True,False,False,2.87936772005347,1.78503258284536e-07,2.06393679555441,1.52286314978135e-05,0.716553230750724,True,True,True,2.30931378392317,2.35048144810356e-05,2.28059285317223,3.32033098435163e-05,0.987135543683391,True,True,True,3.1079473812447,9.98974365889617e-07,2.69128622442235,8.41509700149429e-06,0.865658338464662,True,True,True,3,3,0.791105784607693,3_of_4,up,False,True,False,True,up,2.0,2.4093609972436,2.4093609972436,True,False,True,False,False
MYOZ1,2.32041175554275,0.0108072811483562,2.33903665051429,0.0101221642386726,1.00759231744625,True,True,True,5.27040257352244,0.0003294508067475,3.55495453388929,0.015597295713674,0.674384944861802,True,True,True,,,,,,,,,5.30215244128142,0.000514064886188,4.18305917274325,0.0051733039019466,0.78878727682444,True,True,True,3,3,0.78878727682444,3_of_4,up,False,True,False,True,up,2.0,5.843303274897135,5.843303274897135,True,False,True,False,False
HIP1,-0.96043762684547,7.29862115184059e-06,-0.783719060551994,3.22004106924861e-05,0.815153306536816,True,True,True,-2.21573853323181,3.92351029085177e-08,-1.83252139101035,3.87481859297054e-07,0.826674577781032,True,True,True,-0.0860208122550699,0.68271175466338,0.0221261719355432,0.922059874314736,0.254262990222251,False,False,False,-0.893350503259902,7.92607846966388e-05,-0.67894311347296,0.0010622536915782,0.759146566137344,True,True,True,3,3,0.78714993633708,3_of_4,down,False,True,False,True,down,2.0,-0.76654868141319,0.76654868141319,True,False,True,False,False
RNASEH1,-0.610881155330527,0.0009612487667365,-0.690512584918172,0.0003973283645434,1.12850768307314,True,True,True,-1.40915016797903,4.95996968223458e-07,-0.834459556383942,0.0001343630351583,0.591752265349055,True,True,True,-0.675175095898808,0.0019209798459925,-0.66284062580097,0.0025805682450059,0.980279560458947,True,True,True,-0.292823794808838,0.0151731679025754,-0.0484877194017592,0.705034831445505,0.165023120177538,True,False,False,3,3,0.786015912904001,3_of_4,down,False,True,False,True,down,2.0,-0.648691800067411,0.648691800067411,True,False,True,False,False
SMAP2,-0.237585609181288,0.0256478180041527,-0.273826648199278,0.0124750533229909,1.14770815029004,True,False,False,-0.945785201542366,3.01903743230648e-06,-0.605793305003677,0.000455865613203,0.63984238876654,True,True,True,-0.559421621229762,0.000104926270193,-0.430150849882455,0.0008991113493919,0.767548634077595,True,True,True,-0.915809002013327,1.73917434263962e-05,-0.737180624228149,0.0001841723866198,0.804072192364264,True,True,True,3,3,0.785810413220929,3_of_4,down,False,True,False,True,down,2.0,-0.60026373791322,0.60026373791322,True,False,True,False,False
PPM1G,-0.459841794179043,0.0008707612737372,-0.541547285005137,0.0002243018749612,1.17512624038335,True,False,False,-1.48578080598107,2.37319159573482e-07,-0.802478151006485,0.0001441484358158,0.539742070773479,True,True,True,-0.532427765618789,0.0002769472392322,-0.526842306557253,0.0003396717060934,0.987654450169281,True,True,True,-0.92530625278704,5.43986012455602e-07,-0.540860862916036,0.0001840424694575,0.583889897416445,True,True,True,3,3,0.785772173792863,3_of_4,down,False,True,True,True,down,3.0,-0.938835553475105,0.938835553475105,True,False,True,False,False
PID1,0.199775919102121,0.612138203813756,0.0525071330503759,0.902865693686346,0.261521069285551,True,False,False,2.53856142649514,4.50973627957727e-05,1.73853309321979,0.0040601118502165,0.684580051926189,True,True,True,2.69991917458771,0.0084020283540495,2.39545229987247,0.0199794585396421,0.886902622785123,True,True,True,1.80197739348315,1.85624916129699e-07,1.63012679059446,9.62437153245711e-07,0.904130465798708,True,True,True,3,3,0.785741337355656,3_of_4,up,False,True,False,True,up,2.0,0.840931222990769,0.840931222990769,True,False,True,False,False
HLX,0.312760057392548,0.69601623306414,0.161753091817543,0.846695588926147,0.515531177428274,True,False,False,2.69933568794397,0.0001453872410921,1.68595947966191,0.0155535998092362,0.624351811957719,True,True,True,3.58331209940448,0.0134845414038882,3.38818200118755,0.0202957362652221,0.945280965279358,True,True,True,2.78054413603686,0.0010249176344612,2.70033444236077,0.0019001385417931,0.970804096679984,True,True,True,3,3,0.784816388618539,3_of_4,up,False,True,False,True,up,2.0,2.64311508403314,2.64311508403314,True,False,True,False,False
TUBGCP4,-0.617362311997018,4.43558117437727e-05,-0.649914473170256,2.78931275596293e-05,1.05102536257641,True,True,True,-0.851022589698294,1.92778736344167e-05,-0.597112495881833,0.0011556309758623,0.700817681481044,True,True,True,-0.672348076898512,0.0004814531179029,-0.583875963911988,0.001562110596669,0.867123533791559,True,True,True,-0.149942546394425,0.337591892603406,-0.0142783705271654,0.939366313167139,0.0945947373237952,True,False,False,3,3,0.783970607636302,3_of_4,down,False,True,False,True,down,2.0,-0.783522121451753,0.783522121451753,True,False,True,False,False
C6orf141,-1.80904961260958,1.66310813381597e-06,-1.31397603264097,9.64585637529592e-06,0.725933711146507,True,True,True,-3.3494513449397,5.02806232037243e-07,-2.809351770659,7.86733273876109e-06,0.838499497956315,True,True,True,0.160192569937264,0.732004407872471,0.197613215831157,0.671621981397464,1.22594494217735,True,False,False,-1.41549159171296,6.52897173722649e-05,-0.928401225520416,0.0017440983504369,0.655423040243891,True,True,True,3,3,0.782216604551411,3_of_4,down,False,True,False,True,down,2.0,-1.04793583456385,1.04793583456385,True,False,True,False,False
MRPL16,-0.498114900139765,0.0145694182349199,-0.533137678384583,0.0098803779517126,1.06816622432087,True,False,False,-0.991446186750343,7.61205937912786e-07,-0.534855414016606,0.0004695222056707,0.538926363118923,True,True,True,-0.644659600151559,0.0004529580635541,-0.605080520449602,0.00086924901233,0.937150969810669,True,True,True,-0.825387155520675,0.000101344234599,-0.517524529880068,0.0046527071518315,0.626249484182744,True,True,True,3,3,0.781700226996706,3_of_4,down,False,True,True,True,down,3.0,-0.74468334027131,0.74468334027131,True,False,True,False,False
CDCA7L,-0.187643372520615,0.153897743147932,-0.359065918233354,0.0110934865155328,1.90341125392102,True,False,False,-1.08104034941406,3.50377125100458e-05,-0.59654143927153,0.0080120171619266,0.551311639713404,True,True,True,-1.15868160418605,0.0002934357036998,-1.00543030484907,0.0009483221091717,0.866988232994137,True,True,True,-0.856096120406218,0.0039905560340804,-0.594994326957776,0.0332973704636387,0.694197900085909,True,True,True,3,3,0.780593066540023,3_of_4,down,False,True,True,True,down,3.0,-1.23423852078888,1.23423852078888,True,False,True,False,False
AGA,0.961345941102107,0.0002110740446481,0.927663123722156,0.0002782480366876,0.963960135437126,True,True,True,0.602064168223053,0.0066907243268487,0.561601367141107,0.0191702879286809,0.931246452257117,True,True,True,1.42185999420076,0.0001136875306515,0.896143096054306,0.0056463739115019,0.629818182889935,True,True,True,0.305331523638434,0.114851985909296,0.141682323365031,0.504886529454057,0.462513037124641,True,False,False,3,3,0.780532317573526,3_of_4,up,False,True,False,True,up,2.0,0.622720659428452,0.622720659428452,True,False,True,False,False
SEMA4B,-0.607321198994511,0.0281360192024619,-0.530603157798335,0.0493016015542605,0.872241767466537,True,True,True,-1.3814823858136,1.22391543191376e-06,-1.08529918487675,5.08854315061503e-05,0.785036537183831,True,True,True,-1.12040370109824,0.0005618161599348,-0.669281698269882,0.0168869918131456,0.596824941467934,True,True,True,-0.366399579809753,0.0367740009425668,0.284409822707635,0.105156154845963,0.774115808338453,False,False,False,3,3,0.779576172761142,3_of_4,down,False,True,False,True,down,2.0,-1.03398111842462,1.03398111842462,True,False,True,False,False
TRIM28,-1.06850282528653,5.02167165648345e-06,-0.998912522604563,7.45735046093164e-06,0.9339970862975,True,True,True,-0.514443175967898,0.0001237420096136,-0.321276703829033,0.0096101734322252,0.623301886237489,True,True,True,-0.382525492519443,0.0064234876947828,-0.35991851859513,0.0099325128490097,0.938447445124873,True,False,False,-1.01287391574521,1.07110886871222e-05,-0.622018249493633,0.0013893926657045,0.613506511839238,True,True,True,3,3,0.778649486267494,3_of_4,down,False,True,False,True,down,2.0,-0.705124303220153,0.705124303220153,True,False,True,False,False
RAPGEF5,-3.46971727342185,0.0021194225451782,-2.62346420848233,0.005077500585871,0.755885311826568,True,True,True,-1.4654418458234,6.98984241912548e-05,-0.995885605217969,0.0027485191788662,0.679117012416394,True,True,True,0.021874277161035,0.965154564919101,-0.177200462992735,0.719357397191188,7.7467131199488,False,False,False,-3.18686013757323,1.96428457024223e-08,-2.55249949961373,6.1178450250456e-08,0.800693690895997,True,True,True,3,3,0.778289501361282,3_of_4,down,False,True,True,True,down,3.0,-1.25957677682968,1.25957677682968,True,False,True,False,False
RNF144B,3.23657771980716,2.97345924369185e-07,2.91928815636793,7.46915657734043e-07,0.901688981397429,True,True,True,2.78310742066656,3.84310372487967e-07,2.16738346417623,2.2632293862425e-05,0.778484137532784,True,True,True,1.54728796549721,0.0002168180192138,1.20453076665905,0.0021655404653419,0.777975927929035,True,True,True,0.450812227776988,0.0065913316821682,0.0326837007897023,0.85880343128007,0.0723391240438822,True,False,False,3,3,0.77823003273091,3_of_4,up,False,True,True,True,up,3.0,1.94424850210757,1.94424850210757,True,False,True,False,False
CDC42EP3,1.22014364833471,1.01046158388523e-05,1.35638521658574,4.11885594580696e-06,1.1107499256418,True,True,True,2.14423110282828,1.5500694056035e-06,1.29995523030355,0.0005484436897817,0.605974446571134,True,True,True,1.22828996164476,0.0001331649059164,1.05275551173787,0.000496890294111,0.856393157501513,True,True,True,0.488843603922103,0.0093668286947488,0.34137076205173,0.0662792915324821,0.696897457307652,True,False,False,3,3,0.776645307404582,3_of_4,up,False,True,False,True,up,2.0,0.945522255732597,0.945522255732597,True,False,True,False,False
PSEN1,0.641850224797674,2.7067918311654e-06,0.533214223598012,9.01481571333398e-06,0.829453273919025,True,True,True,0.647443040834355,6.01000746631557e-05,0.48815392232051,0.0019489053181931,0.752809254753355,True,True,True,1.0006862371492,1.97961356808019e-06,0.800690103570759,1.57182405977117e-05,0.79934222301938,True,True,True,0.283832115310831,0.0085063365700997,-0.202876347931936,0.0589490439559045,0.712266408970567,False,False,False,3,3,0.776075738886367,3_of_4,up,False,True,True,True,up,3.0,0.641206925818917,0.641206925818917,True,False,True,False,False
EXOSC3,-0.796792587936138,1.729802875123e-05,-0.947883499943644,5.07132127357003e-06,1.18813274813167,True,True,True,-1.36968716307375,1.42174864744866e-06,-0.759019677449182,0.0005155988144409,0.553751211725868,True,True,True,-0.588290620445667,0.0029267142902109,-0.588344863696247,0.0034437858069226,0.998395092817352,True,True,True,-0.389317572206592,0.0447889310994061,-0.192161611502653,0.327777490442913,0.492321189682291,True,False,False,3,3,0.77607315227161,3_of_4,down,False,True,True,True,down,3.0,-0.730508215986285,0.730508215986285,True,False,True,False,False
INPP5J,1.25614123328824,6.51485412455346e-05,1.52519371889332,1.07516968124638e-05,1.21322384351673,True,True,True,2.08173253346389,8.90501375197455e-05,1.17375133662756,0.0205264689513024,0.563563164145441,True,True,True,3.67400951241041,0.0004160317882405,3.63202743130876,0.0005455096859633,0.988304225892069,True,True,True,0.0922585690696716,0.793346357851729,0.0432086241104845,0.914457271579351,0.463320685075108,True,False,False,3,3,0.775933695018755,3_of_4,up,False,True,False,True,up,2.0,0.725218925757825,0.725218925757825,True,False,True,False,False
DLL1,1.67141016644467,0.0373226515550959,1.67080172870471,0.036994802866231,0.99903825163693,True,True,True,,,,,,,,,3.21628653983281,0.0081957285164084,2.49627418920986,0.0404578820467831,0.775894269380054,True,True,True,2.93519617082678,3.73145566515117e-06,1.86116405983464,0.0008163093828497,0.633869112127671,True,True,True,3,3,0.775894269380054,3_of_4,up,False,True,False,True,up,2.0,2.10770074829808,2.10770074829808,True,False,True,False,False
APP,0.907127548025356,2.7194321364981e-06,0.887615074952953,2.80851454090689e-06,0.977412343544686,True,True,True,0.51761041958555,3.58220850268477e-06,0.295714352648808,0.0015136754967527,0.570205189639517,True,True,True,0.657312357540187,5.6121365459195e-05,0.6539013289084,7.15916042181344e-05,0.993299489852706,True,True,True,0.369101042776212,0.0013685792544785,0.193460249415454,0.0699983493074078,0.522722789334136,True,False,False,3,3,0.773808766592102,3_of_4,up,False,True,False,True,up,2.0,0.700552554804645,0.700552554804645,True,False,True,False,False
BAMBI,1.47490548534755,8.57428182071657e-05,1.26491437779879,0.0003360120333408,0.857042940998979,True,True,True,2.91295764507774,1.11121588655736e-05,2.00995029858005,0.001306671227888,0.689766476865324,True,True,True,0.303156180788797,0.0877362836109083,-0.0008085560686561,0.997012408952887,0.0026583581716447,False,False,False,3.40698728090881,2.74077649584723e-08,2.9722220790895,1.6039405250569e-07,0.872134146667618,True,True,True,3,3,0.773404708932152,3_of_4,up,False,True,False,True,up,2.0,1.239484525370362,1.239484525370362,True,False,True,False,False
FN1,0.586478909609905,0.166737412695968,-0.0828167280459269,0.85475854151412,0.140969704088473,False,False,False,3.82392153584943,1.06603148102221e-06,2.62417044164011,0.0001559876462448,0.686071705535612,True,True,True,2.7896873147216,8.7286586029928e-08,2.47938672367158,2.57959519826864e-07,0.888450207442508,True,True,True,2.16998884467972,6.25259409136267e-08,1.86127130796006,4.75144226433952e-07,0.857338034012168,True,True,True,3,3,0.77170486977389,3_of_4,up,False,True,True,True,up,3.0,1.22602190322142,1.22602190322142,True,False,True,False,False
KDELR3,0.10320127629918,0.392203285938221,0.26489877005343,0.0306658901805093,2.54218354574525,True,False,False,1.745337007318,5.34114926284614e-05,0.989551847769736,0.0122632191050171,0.566644263749227,True,True,True,1.44726224489475,0.0004195333976754,1.26483935800035,0.0015219148985112,0.873349673002261,True,True,True,1.45326411021946,5.42883166935402e-07,0.968532080311338,6.42971528976976e-05,0.665994624707598,True,True,True,3,3,0.769672148854929,3_of_4,up,False,True,False,True,up,2.0,0.581841809645723,0.581841809645723,True,False,True,False,False
UCHL5,-0.841200777179889,4.01789048439715e-05,-0.944482722686848,1.60434316458589e-05,1.12144603552784,True,True,True,-1.34490533829486,1.14126537433471e-07,-0.718602030610671,3.82478345388137e-05,0.533917215545838,True,True,True,-0.907923820232984,0.0001793075677955,-0.905907990631085,0.0002266724479443,0.996681977592879,True,True,True,-0.431254931604343,0.0029467426914377,-0.127371346953952,0.348382235396101,0.294667192069284,True,False,False,3,3,0.765299596569359,3_of_4,down,False,True,True,True,down,3.0,-0.845449142139615,0.845449142139615,True,False,True,False,False
EPHA2,-0.936079949986151,0.0017779172629384,-0.624482508657241,0.0193382014809531,0.666413264595481,True,True,True,-0.851458715117965,0.0194075076844483,-0.830330651217122,0.0357138950445399,0.974042069711516,True,True,True,-0.930840412176037,0.0015550124795749,-0.805145741545637,0.0044235529719552,0.864038231251913,True,True,True,-0.451685503002237,0.0241613657285207,0.114226020057986,0.591457963258506,0.252329750567297,False,False,False,3,3,0.765225747923697,3_of_4,down,False,True,False,True,down,2.0,-1.55031138545523,1.55031138545523,True,False,True,False,False
NKAIN4,-1.57539506195364,0.218310532609717,-0.641927734364802,0.582927736515085,0.407212474751891,True,False,False,6.13873493061341,0.0002220895963422,3.59931609328011,0.0268959650255705,0.586233140999869,True,True,True,4.04766292569324,0.0084299208548877,3.77766106989107,0.014347110142146,0.933063863113334,True,True,True,5.36491224996266,0.0009200624345959,4.99743802464006,0.0024340816827646,0.931330553285666,True,True,True,3,3,0.758781847142768,3_of_4,up,False,True,True,True,up,3.0,3.05578989969909,3.05578989969909,True,False,True,False,False
PSMA5,-0.661605000426548,0.0001306785945022,-0.682280473903026,9.78336798114882e-05,1.02969412163176,True,True,True,-0.954704802548204,3.08393147972763e-07,-0.482792030815276,0.0003473208012941,0.505168572479706,True,True,True,-0.555254464898907,0.0002509877227823,-0.563010559450187,0.0002681809195656,1.01214569046652,True,True,True,-0.36097618722194,0.0037630083039767,-0.0901540355277897,0.453852090283089,0.249060680537289,True,False,False,3,3,0.758657131473113,3_of_4,down,False,True,False,True,down,2.0,-0.760634695492475,0.760634695492475,True,False,True,False,False
C17orf100,1.06763730109216,0.000474073719124,1.27257957223932,9.98408756531177e-05,1.19084330196852,True,True,True,1.69606083293673,2.39530538440935e-06,0.955052606998391,0.0019975533494812,0.562768634136522,True,True,True,0.684067425197947,0.0165313232380744,0.653437679616214,0.0242186368971698,0.95382973351478,True,True,True,0.58562600333549,0.101372954983559,0.227051115646221,0.579788844122572,0.387045774233044,True,False,False,3,3,0.758299183825651,3_of_4,up,False,True,False,True,up,2.0,0.639565528271508,0.639565528271508,True,False,True,False,False
AK2,-0.458171772849281,0.000307799744847,-0.399023267970879,0.0008345923528413,0.86900652776375,True,False,False,-1.28585870893993,2.86979795210776e-07,-0.749695835979185,0.0001015682616263,0.582578204406573,True,True,True,-0.982828271324788,2.09688011861099e-05,-0.881586222566426,6.15601445227757e-05,0.896077342216761,True,True,True,-0.643228862182911,5.73333010412943e-05,-0.415558160828941,0.003036988777547,0.645047412841548,True,True,True,3,3,0.757026970302649,3_of_4,down,False,True,True,True,down,3.0,-0.822223533507688,0.822223533507688,True,False,True,False,False
PSMG1,-0.581268578161154,0.0023675924040491,-0.576085058147048,0.0025015815583531,0.989380295887451,True,True,True,-1.47991066116287,4.08985503773649e-07,-0.768207934057919,0.0002217138085782,0.518740228026106,True,True,True,-0.87699555656138,0.0002984691670002,-0.936680450155469,0.0002535182024854,1.06683962481989,True,True,True,-0.332490137959375,0.0534381894889731,-0.110152951013963,0.541336244997211,0.330303473703866,True,False,False,3,3,0.754060261956778,3_of_4,down,False,True,True,True,down,3.0,-0.804950937237662,0.804950937237662,True,False,True,False,False
WDR34,-1.17243108854113,1.39758620543598e-05,-1.16150066593698,1.35082523183435e-05,0.989832873254635,True,True,True,-0.32993226256251,0.0183599866305026,0.090294390099805,0.542228929850877,0.272848556380172,False,False,False,-0.789441806721999,0.0009439762939142,-0.725547056476253,0.0019719783224794,0.917900660499136,True,True,True,-1.07333101159563,4.63997149011832e-05,-0.633391952999517,0.0046579051670471,0.589568714077036,True,True,True,3,3,0.753734687288086,3_of_4,down,False,True,False,True,down,2.0,-1.09738611489782,1.09738611489782,True,False,True,False,False
DIAPH2,-0.861663730826201,0.0003608379576024,-0.701418461256968,0.0015138854768193,0.813084445529195,True,True,True,-1.73703229271817,2.5461121254844e-07,-1.22911223564548,1.50038043530505e-05,0.70718607519267,True,True,True,-2.04519218992408,0.0002992972727525,-1.57342333041998,0.0013884307969972,0.768951879578017,True,True,True,0.416927161067663,0.0118564388305962,0.308045666656001,0.0648780788620462,0.737079796079892,True,False,False,3,3,0.753015837828955,3_of_4,down,False,True,False,True,down,2.0,-0.916218292325745,0.916218292325745,True,False,True,False,False
DCAF5,0.777446862739114,2.45002842314363e-05,0.751123576636552,2.86999839457544e-05,0.964900255354078,True,True,True,0.829239669523217,1.91404397949536e-05,0.448068507286209,0.0075718981173214,0.539685736220629,True,True,True,0.506923718604962,0.0012007200955736,0.520690976817929,0.0011188341752479,1.02513617251038,True,True,True,0.302736596749137,0.0052374940816395,0.116657302742815,0.270426668845891,0.384073911380409,True,False,False,3,3,0.752292995787353,3_of_4,up,False,True,False,True,up,2.0,0.536237808338456,0.536237808338456,True,False,True,False,False
CATSPERG,1.53351952937163,0.0029289511771401,1.22886144963706,0.013566907793552,0.800811867243075,True,True,True,3.89723715305917,0.0002727506802199,2.46063716691335,0.0208549850988477,0.631217925000368,True,True,True,1.34408962215897,0.0056919549998175,0.945549989492975,0.0487547377191144,0.702964303579487,True,True,True,0.393462030130668,0.359517228738598,-0.601541729637494,0.243422076833376,1.52496738263561,False,False,False,3,3,0.751888085411281,3_of_4,up,False,True,False,True,up,2.0,2.0274413599624,2.0274413599624,True,False,True,False,False
EED,-0.513672397648554,0.0007501588244224,-0.584520393138169,0.0002997112937453,1.1357135059287,True,True,True,-0.716103573877827,8.33144429871646e-06,-0.409469082515231,0.0023900729332249,0.571004102379487,True,True,True,-0.694802275385491,0.0012726689327817,-0.647098272255434,0.0024490237946106,0.930003098792579,True,True,True,-0.412502450724066,0.0089703990176422,-0.222530647902312,0.141479787240053,0.538160408753681,True,False,False,3,3,0.750503600586033,3_of_4,down,False,True,True,True,down,3.0,-0.927648888973604,0.927648888973604,True,False,True,False,False
TOP1,-0.908249019577439,2.98947237587481e-06,-0.960663550581192,1.88906551954872e-06,1.056546149511,True,True,True,-1.27874988983959,1.77611135403209e-07,-0.835322149846539,2.10708379289651e-05,0.652722970698003,True,True,True,-0.541991840105604,0.0004356023011175,-0.460550133228373,0.0016280175778126,0.848171370565721,True,True,True,-0.0743385350105523,0.448516910376185,-0.0116294436874727,0.919938524193293,0.15436248774739,True,False,False,3,3,0.750447170631862,3_of_4,down,False,True,False,True,down,2.0,-1.03314972643035,1.03314972643035,True,False,True,False,False
ZBTB4,0.899832411133318,2.88728932257422e-06,0.857868647308828,3.75254345200944e-06,0.952306596328569,True,True,True,0.968755787016274,1.8095161766354e-06,0.493271628589203,0.0022464190904603,0.508655514299009,True,True,True,0.79772502763184,1.07143106841352e-05,0.885529831382012,6.61147920159762e-06,1.10867920842238,True,True,True,0.37845173003676,0.001617948960317,0.207417709649221,0.0655703655974934,0.546624756801417,True,False,False,3,3,0.749465676564993,3_of_4,up,False,True,True,True,up,3.0,0.976590969261256,0.976590969261256,True,False,True,False,False
WDR54,-0.52858192920314,0.005599370173883,-0.409939756280216,0.0223625289058219,0.774081843950096,True,True,True,-0.932528534520838,7.04508290221417e-07,-0.507733053785248,0.0003845748474681,0.543885949930666,True,True,True,-1.01237965425559,0.0003418456803264,-0.732753780210864,0.0034322259188569,0.72307923011256,True,True,True,0.122927535719959,0.661535450161872,0.657104001291621,0.0158439832833681,5.30232443882762,True,False,False,3,3,0.748580537031328,3_of_4,down,False,True,True,True,down,3.0,-1.16074212734917,1.16074212734917,True,False,True,False,False
GALNT6,-1.57014047798515,0.0004019693662917,-1.3632929714494,0.0010017420863947,0.867709151760703,True,True,True,-0.122962339996624,0.270415074748189,-0.0271690659146815,0.839902139019807,0.219171934923312,True,False,False,-1.0162037527271,0.0001626408943413,-0.637727137989716,0.0044157037626875,0.626941393285253,True,True,True,-1.8189571351355,3.77089447589803e-05,-2.1847347048839,2.64380874191322e-05,1.20043195672366,True,True,True,3,3,0.747325272522978,3_of_4,down,False,True,False,True,down,2.0,-0.682542685613754,0.682542685613754,True,False,True,False,False
CITED2,2.22234931014045,4.99003401970479e-06,2.19464721382076,4.87373537943166e-06,0.987090604166973,True,True,True,3.02674002428181,2.59838270652694e-07,1.85950368215959,8.10415453343452e-05,0.614155663051246,True,True,True,2.20720664320496,1.19332158005404e-07,1.94275802315144,4.69079790960326e-07,0.879789954952653,True,True,True,0.365541693912256,0.004363306163938,-0.082743789066928,0.524360924438203,0.225741819938049,False,False,False,3,3,0.74697280900195,3_of_4,up,False,True,True,True,up,3.0,0.790184204459186,0.790184204459186,True,False,True,False,False
LAS1L,-0.372885544944999,0.0029306279107757,-0.294516947163731,0.0121720512884528,0.787719533813634,True,False,False,-1.0323275540863,7.36733243226359e-07,-0.520520685807943,0.0008080835923197,0.503732513228299,True,True,True,-0.967484311709358,3.86144258537634e-06,-0.846577893697071,1.49676543422226e-05,0.87412659499138,True,True,True,-0.733915511357226,1.71859824999635e-05,-0.516380348861217,0.0005993094707959,0.702639066506539,True,True,True,3,3,0.745179300160086,3_of_4,down,False,True,False,True,down,2.0,-0.520059688655191,0.520059688655191,True,False,True,False,False
STEAP1,-1.60837872943017,4.60668271405886e-07,-1.84873124889279,2.93725730127214e-07,1.14872355094898,True,True,True,-2.93799934315704,2.17119933678045e-06,-1.9160030502629,0.0001015682616263,0.651923606149823,True,True,True,-0.636094257067413,0.0951422700099997,-0.340147616076466,0.362527506886922,0.533904696680501,True,False,False,-1.71604263084848,3.58875018980436e-08,-1.43657072524186,2.30693287888746e-07,0.836654081519208,True,True,True,3,3,0.744288843834515,3_of_4,down,False,True,False,True,down,2.0,-1.86606029442764,1.86606029442764,True,False,True,False,False
SNX5,-0.872489986348175,3.41985174148433e-05,-0.823305317213735,4.9890475578639e-05,0.942546943961832,True,True,True,-0.773374853314682,4.87742245850103e-06,-0.403563259135193,0.0031766087270746,0.52114716459058,True,True,True,-0.502859719870883,0.0164692234037092,-0.539268370199114,0.0120956305620558,1.07027481843023,True,True,True,-0.462191337102137,0.0018644193801529,-0.249690228666488,0.0689598856327056,0.539064979558177,True,False,False,3,3,0.740805961760004,3_of_4,down,False,True,False,True,down,2.0,-0.670756476338199,0.670756476338199,True,False,True,False,False
SEMA6C,1.2317094948059,0.0001122572167542,1.42146286086649,2.94535520834672e-05,1.15312072053952,True,True,True,2.62775833325053,0.0002596145168064,1.43992678578151,0.0421667448022521,0.54775928527481,True,True,True,2.44794117706948,0.0003764443178215,2.28598232973996,0.0008086962770778,0.933457426884984,True,True,True,0.543068355101881,0.206954283997781,-0.22399161145338,0.677990779226747,0.411697554825507,False,False,False,3,3,0.740608356079897,3_of_4,up,False,True,True,True,up,3.0,1.65009107599612,1.65009107599612,True,False,True,False,False
NDUFC1,-0.535304638110718,0.017344648043166,-0.665829247189818,0.0054840801166044,1.24151312495709,True,True,True,-1.01394863894154,8.86811804959056e-07,-0.51615644636167,0.0007439441776366,0.508554252459469,True,True,True,-0.723338282315556,0.0005351551958705,-0.698450334196579,0.0008792423749452,0.964259864829705,True,True,True,-0.195331487149078,0.20904940067892,0.0501582318103,0.770029845274045,0.255477267241469,False,False,False,3,3,0.736407058644587,3_of_4,down,False,True,False,True,down,2.0,-0.879043763626567,0.879043763626567,True,False,True,False,False
C1RL,1.77038742311116,1.09544835476064e-05,2.00771800312752,3.70627019693959e-06,1.13341552329715,True,True,True,2.10881725380621,1.85288094916277e-07,1.11919325768751,0.0001601870188819,0.530469288592854,True,True,True,0.465115744894519,0.122051959831817,0.35937118685853,0.240665157218983,0.770991305903762,True,False,False,1.25285102900481,3.14578385341004e-05,0.879835613208961,0.0013804652524562,0.701706656417782,True,True,True,3,3,0.736348981160772,3_of_4,up,False,True,False,True,up,2.0,0.939580445107058,0.939580445107058,True,False,True,False,False
MFSD2A,-2.16158561339378,0.0005216973496859,-1.84999652677855,0.0011614581478594,0.855455855861041,True,True,True,-3.47891386201584,8.98933593281147e-06,-2.14631132918499,0.0002914589431196,0.616771395583245,True,True,True,-0.446077146101498,0.438730975260204,0.407246041430809,0.434169607996417,0.910907759392277,False,False,False,-2.52087409733478,1.94499552593821e-07,-1.33650199216171,1.9258125731482e-05,0.529963804923561,True,True,True,3,3,0.736113625722143,3_of_4,down,False,True,True,True,down,3.0,-2.19059375043071,2.19059375043071,True,False,True,False,False
LMNTD2,-0.168485183333876,0.76042189234461,0.191256161200123,0.713005445185541,1.12845357592917,False,False,False,1.68788497282791,7.97366674003113e-06,0.892857872921019,0.0066616634047043,0.528667071639578,True,True,True,1.49244651921338,0.0018785447025951,1.35809001213094,0.0044544380161346,0.909366351361725,True,True,True,1.28049278194855,1.64731090772344e-05,0.720150666375302,0.0050152258510505,0.56196232746648,True,True,True,3,3,0.735664339414102,3_of_4,up,False,True,False,True,up,2.0,1.52710946391557,1.52710946391557,True,False,True,False,False
KHSRP,-0.363998204111706,0.0014675657047334,-0.320143712316881,0.0033617959399947,0.877110376737367,True,False,False,-0.923140771726924,4.03826277039371e-06,-0.548334495935084,0.0011907549444463,0.593345205309384,True,True,True,-0.550800801838943,0.0006150581686815,-0.52140421974849,0.0010321875521512,0.944913849365292,True,True,True,-0.809895253879352,1.87380093605856e-06,-0.418883798629333,0.0013581324010127,0.516569552757126,True,True,True,3,3,0.735227791023376,3_of_4,down,False,True,True,True,down,3.0,-0.871265341954576,0.871265341954576,True,False,True,False,False
RILPL1,0.240133157708267,0.268410711702246,0.118297870557086,0.602762621197052,0.490591471041937,True,False,False,1.45689257485409,2.84845746539374e-05,0.730594980710265,0.0184805487223308,0.501130874326173,True,True,True,0.701169641626341,0.005897129209123,0.903997681805274,0.0010721519317343,1.28743487074073,True,True,True,1.02447532763502,0.0006286360015775,0.987932487472223,0.0012625332112771,0.963389816262689,True,True,True,3,3,0.732260345294431,3_of_4,up,False,True,False,True,up,2.0,0.731855485066353,0.731855485066353,True,False,True,False,False
AMOTL2,1.20655493541512,9.61164592960804e-05,1.23912994865066,7.1603952514002e-05,1.02614788968146,True,True,True,1.11088617517729,1.76603537391931e-05,0.59285204040799,0.007393877713404,0.533194902179137,True,True,True,0.71403222097774,0.0049624175786055,0.663783989772884,0.0083316842670197,0.928327382037723,True,True,True,0.468561168104134,0.0172808534097035,0.11222982417048,0.589933130454827,0.239010019980168,True,False,False,3,3,0.73076114210843,3_of_4,up,False,True,False,True,up,2.0,1.01536698767014,1.01536698767014,True,False,True,False,False
MBNL2,0.71152756393845,1.53672776495714e-05,0.690934403788496,1.74845109635927e-05,0.969694982702705,True,True,True,0.891285650213443,2.27190073269771e-06,0.558235391282819,0.0005984464311645,0.625624082544961,True,True,True,0.382657621383056,0.0296014235523171,0.164776168418768,0.350624726206653,0.429487541065293,True,False,False,1.91790394830484,1.38375612770871e-08,1.60220192763104,1.39709954066707e-07,0.834956814303512,True,True,True,3,3,0.730290448424237,3_of_4,up,False,True,True,True,up,3.0,1.21234700178202,1.21234700178202,True,False,True,False,False
NUAK2,0.156736355175673,0.623141306088821,0.106976497082631,0.74412971078045,0.678198104447703,True,False,False,1.21773155505678,0.001596873477945,1.00917817968718,0.0126438938334319,0.828056166675821,True,True,True,1.22965004507586,0.0002903253329982,0.864582798215404,0.0048433897672412,0.702541556533327,True,True,True,2.13806350044855,8.00878049030029e-07,1.61860808366595,3.01786192988068e-05,0.75669005774094,True,True,True,3,3,0.729615807137133,3_of_4,up,False,True,False,True,up,2.0,0.660358230479776,0.660358230479776,True,False,True,False,False
PGK1,-0.624967253670397,0.0034520679473898,-0.714640627363092,0.0012248208466287,1.14165816689731,True,True,True,-0.949220084577544,6.62851811290631e-07,-0.557328638940223,0.0002693730332078,0.586525845944421,True,True,True,-1.88909376200431,9.68470031703338e-08,-1.63648347983879,3.63272480341627e-07,0.865821322061513,True,True,True,-0.416932045142064,0.0006758705482589,-0.245227050798247,0.029504879583165,0.586762976538181,True,False,False,3,3,0.726292149299847,3_of_4,down,False,True,True,True,down,3.0,-0.734259541345325,0.734259541345325,True,False,True,False,False
BAZ2B,0.760538401677125,0.0006686717979312,0.716670474434524,0.0010529978808652,0.941082515151187,True,True,True,1.17958595142455,3.87414791041193e-06,0.628408284973506,0.0034396463772319,0.532285077774506,True,True,True,0.898618518401641,0.0009637751366543,0.826011021391538,0.0020868525525717,0.918179210960573,True,True,True,0.429124951098035,0.001303806671637,0.13501382544554,0.284369695985441,0.313894427888624,True,False,False,3,3,0.725232144367539,3_of_4,up,False,True,False,True,up,2.0,0.616216767846685,0.616216767846685,True,False,True,False,False
SRSF9,-0.391377970334022,0.0061315794449107,-0.45247799115788,0.0023012434670474,1.15316869286188,True,False,False,-0.847225555395337,4.28428686897899e-06,-0.465039233427142,0.002090175813123,0.548249496220847,True,True,True,-0.957745871168783,7.19754829122522e-07,-0.828015918851522,3.30593525502142e-06,0.86364483410198,True,True,True,-0.795819731825682,2.08800360261883e-06,-0.466836428607265,0.0004437042631258,0.585874583624635,True,True,True,3,3,0.724759708863308,3_of_4,down,False,True,True,True,down,3.0,-0.977960742342019,0.977960742342019,True,False,True,False,False
COA6,-0.515721333563361,0.0054652708511022,-0.638205251625485,0.0014129195564191,1.23510528823023,True,True,True,-1.25181559575302,1.29996925364415e-06,-0.771167882213271,0.0002477689606233,0.61554779875625,True,True,True,-0.604252623199113,0.0044983092149043,-0.503370078310248,0.0144331533451444,0.831669387320692,True,True,True,-0.232630542209916,0.192256871198968,-0.072235748156817,0.715445143454223,0.309187948945106,True,False,False,3,3,0.723608593038471,3_of_4,down,False,True,True,True,down,3.0,-1.05880468806322,1.05880468806322,True,False,True,False,False
PARVA,0.97273509261501,0.0003237099716726,0.80899313916417,0.001311495963053,0.830814402499947,True,True,True,0.554988900590684,4.29083985571002e-05,0.6829071552202,3.9720490371711e-05,1.22827479918156,True,True,True,0.495363692975777,0.093649537099658,0.232833961637067,0.450755294468845,0.469079356391261,True,False,False,0.590574540164133,6.04179477636579e-05,0.36166120660085,0.0054126226167105,0.611353569239992,True,True,True,3,3,0.721083985869969,3_of_4,up,False,True,False,True,up,2.0,1.34681151462686,1.34681151462686,True,False,True,False,False
ARHGAP4,-0.334827495963288,0.261998514942575,-0.0415134806963873,0.896774836304877,0.12361549067717,True,False,False,2.87220431526215,2.72480765865736e-06,1.61025841611994,0.002363507046736,0.560439926797555,True,True,True,1.5611840291177,0.0134889109839503,1.47934074631736,0.020703867831143,0.946969575122895,True,True,True,1.48454987883729,0.018011020289501,1.30673056408042,0.0433492880486027,0.879627525602285,True,True,True,3,3,0.72003372619992,3_of_4,up,False,True,False,True,up,2.0,2.45957406431498,2.45957406431498,True,False,True,False,False
MRPS34,-0.974243769295522,9.48970462336421e-06,-0.917762106973089,1.35082523183435e-05,0.941059185270206,True,True,True,-0.972542173570917,2.22479064490142e-06,-0.660588859602973,0.0002706503336107,0.678541595357864,True,True,True,-0.745502462847742,0.0001795649467276,-0.566003784489376,0.0015440502723289,0.758207524634543,True,True,True,-0.468511153235997,0.0025549423503727,-0.244153446471326,0.0916145087907359,0.520016286702786,True,False,False,3,3,0.718374559996203,3_of_4,down,False,True,False,True,down,2.0,-0.867295296893643,0.867295296893643,True,False,True,False,False
CERCAM,0.691476403763529,5.80157166394934e-05,0.706907661067278,4.53746268033597e-05,1.02084007083175,True,True,True,3.06411122306072,9.87069229708535e-07,1.64307552648829,0.001006105138823,0.536057391368516,True,True,True,0.426619778842072,0.0614578470062942,0.228144251941818,0.325996133593133,0.533521280422522,True,False,False,2.42725004703249,2.52636317108285e-08,2.18480310631177,9.96454016992193e-08,0.899743874804726,True,True,True,3,3,0.717900633086621,3_of_4,up,False,True,False,True,up,2.0,1.08643341870185,1.08643341870185,True,False,True,False,False
PHC2,-0.570155491083213,0.0005216973496859,-0.44463123342267,0.0029796010589355,0.778476685183248,True,True,True,-1.0496808072188,1.52086064261852e-06,-0.7773198972814,0.0001025631810728,0.739824970572177,True,True,True,-0.26626401619141,0.0886189625634033,-0.137963081450606,0.383041555743904,0.51620522439429,True,False,False,-0.862990658901364,0.0001479150684565,-0.600465974995653,0.0035170499391208,0.694991281224262,True,True,True,3,3,0.717408125898219,3_of_4,down,False,True,False,True,down,2.0,-0.674814961717222,0.674814961717222,True,False,True,False,False
FAM83A,-0.333013550213005,0.0358664394037852,-0.224221156267543,0.142662592658298,0.671293593102897,True,False,False,-2.33092246887568,7.70937962642904e-08,-1.82651029569992,1.6501103317629e-06,0.783263731997299,True,True,True,-1.9699312221412,1.10642897512281e-05,-1.50234074278895,7.94651889521795e-05,0.762249197694896,True,True,True,-1.999952158978,3.05782907830703e-07,-1.20034757304101,4.97136621456942e-05,0.599888192056574,True,True,True,3,3,0.716771395398897,3_of_4,down,False,True,True,True,down,3.0,-1.06763377422033,1.06763377422033,True,False,True,False,False
RTEL1,-0.682272231494506,5.37559255634989e-06,-0.622498487901641,9.45100334439022e-06,0.911054861017934,True,True,True,-0.917801848365143,0.0006265681246126,-0.65646990404913,0.0120121973442411,0.714484744689195,True,True,True,0.170078146041688,0.661324015107966,0.122798672197796,0.760768277840368,0.717792862729952,True,False,False,-0.745699802300582,0.0013568219117393,-0.421502594067893,0.0453265567279019,0.564487351903996,True,True,True,3,3,0.716138803709574,3_of_4,down,False,True,True,True,down,3.0,-0.841521482563397,0.841521482563397,True,False,True,False,False
TLR3,1.77333945808274,3.47262480206362e-05,1.82950717400236,2.43037630877404e-05,1.03109197378682,True,True,True,1.67347046255815,9.87664501253173e-05,1.09355669868967,0.0086642971880399,0.653076135495996,True,True,True,0.259202509284141,0.420222427679874,0.16389389423124,0.635799011063926,0.629870536921948,True,False,False,1.87401250565298,2.43618097066806e-06,1.4548741282764,6.92940686306703e-05,0.77592769322343,True,True,True,3,3,0.714501914359713,3_of_4,up,False,True,False,True,up,2.0,2.41314348281991,2.41314348281991,True,False,True,False,False
SLC4A3,-0.270119741060457,0.459661749313488,0.0121514215453233,0.974486492582262,0.0448193904943781,False,False,False,1.76135010369492,2.38575233706638e-06,0.930811082233989,0.0027504697517902,0.528164682081309,True,True,True,1.98014421367985,1.95134875868707e-06,1.94278191115149,3.12556372071721e-06,0.980636289744347,True,True,True,3.211134148548,1.30345999916506e-06,2.89241894763429,7.40025497959648e-06,0.900466423216405,True,True,True,3,3,0.714315552648857,3_of_4,up,False,True,False,True,up,2.0,1.0329888178557,1.0329888178557,True,False,True,False,False
MTURN,0.855397025202739,1.17459133471474e-05,0.540811333359721,0.0005233090128054,0.631496043825809,True,True,True,0.737939154045036,0.0002664776733485,0.40293110917732,0.0357187560933104,0.545283203592109,True,True,True,1.20631002845357,0.000124094011195,0.958663695897771,0.001001796492474,0.794049310702499,True,True,True,0.0362557793905705,0.849754008740058,-0.930891210295559,0.0002673354942766,24.9864913718909,False,False,False,3,3,0.712772677264154,3_of_4,up,False,True,True,True,up,3.0,0.947236653728151,0.947236653728151,True,False,True,False,False
SLC29A3,-0.644460130798417,0.0593871418882348,-0.408339290357103,0.21051729816945,0.632632862779608,True,False,False,2.59389998671354,3.62117755163377e-07,1.69255088756473,8.04923446899003e-05,0.652260548087003,True,True,True,0.985328200945077,0.0022815115048709,0.759293461548121,0.0153165284418287,0.769818262136866,True,True,True,1.27176858168577,5.49666454647626e-05,1.14505097155919,0.0002516650920957,0.899653706129814,True,True,True,3,3,0.711039405111934,3_of_4,up,False,True,True,True,up,3.0,0.838719426014731,0.838719426014731,True,False,True,False,False
UBE2E3,-1.47848052527148,7.96608043760886e-07,-1.51256499049705,7.77019090228972e-07,1.02236221745433,True,True,True,-1.09161867779556,1.50029056454393e-06,-0.552688858179369,0.001503034349732,0.505838742656734,True,True,True,-1.21725843352991,2.81889227434929e-06,-1.11468511510426,7.87772437745456e-06,0.914982473689474,True,True,True,-0.298659906600725,0.0381703828498257,-0.127613293608362,0.387444397497421,0.425860419753776,True,False,False,3,3,0.710410608173104,3_of_4,down,False,True,True,True,down,3.0,-1.50271418543021,1.50271418543021,True,False,True,False,False
EXOSC7,-0.687730124057696,6.74319477821929e-05,-0.811587390956835,1.88315255087458e-05,1.17838230477755,True,True,True,-1.16998943269882,1.74555838333575e-07,-0.760406424371987,1.74252019630732e-05,0.649370868035463,True,True,True,-0.470604022935826,0.0054021417105081,-0.345657578211807,0.0308600525210821,0.732940266412534,True,False,False,-0.625947217133711,0.0048862999455427,-0.430878582722023,0.0408146414566816,0.68726452713503,True,True,True,3,3,0.710102396773782,3_of_4,down,False,True,True,True,down,3.0,-0.790893901924329,0.790893901924329,True,False,True,False,False
SOS2,0.534224440956188,9.54343455117844e-05,0.471889597335634,0.00026212671284,0.88166675739358,True,True,True,1.35902206293333,3.97733847180121e-06,0.699887888297417,0.0046963442204332,0.514615098807942,True,True,True,0.733057067811145,7.76581170983277e-05,0.465191622682972,0.0032423409152614,0.63372678103912,True,True,True,0.211480611458786,0.0693169387375448,-0.166581048138573,0.173881739360331,0.783982345471008,False,False,False,3,3,0.708854563255064,3_of_4,up,False,True,False,True,up,2.0,0.63068523554017,0.63068523554017,True,False,True,False,False
APRT,-0.488248553862313,0.0008885016032622,-0.334079363345953,0.0106842035047348,0.682841800366305,True,False,False,-0.721484068808566,1.76240168223798e-05,-0.388000912564238,0.0062675017238041,0.537037326240401,True,True,True,-0.680612228345916,0.0010228299150011,-0.695046437711498,0.001001796492474,1.01970946060957,True,True,True,-0.892100306488156,5.87690755636915e-06,-0.647080017411512,0.0001927067159122,0.724532298007999,True,True,True,3,3,0.703687049187152,3_of_4,down,False,True,False,True,down,2.0,-0.718503614644739,0.718503614644739,True,False,True,False,False
NFE2L1,0.693696376747748,1.12021383587974e-05,0.528906830316136,8.88401330968044e-05,0.761349631319853,True,True,True,0.300662623831226,0.001008020980232,0.128120503199794,0.136225505354908,0.424714542267838,True,False,False,0.524308293136618,0.0005494024680607,0.535831413584082,0.0005250855898815,1.02003227549413,True,True,True,0.72243048264702,2.45440651002817e-06,0.465823509674282,0.0002849746467876,0.643909153468128,True,True,True,3,3,0.702629392393991,3_of_4,up,False,True,False,True,up,2.0,0.696164350307944,0.696164350307944,True,False,True,False,False
TRAM1,0.30989868561631,0.0358474217829342,0.169872423932119,0.231297844681974,0.546391579608554,True,False,False,0.728682689485342,0.0001412275831715,0.480727505865894,0.0081771023479377,0.658817199302014,True,True,True,1.54434820103204,1.04154034347886e-07,1.57668454692516,1.20812056741295e-07,1.02027785444872,True,True,True,1.90688143681434,3.07387986388115e-06,1.40678234765829,9.44664223617653e-05,0.737353129242269,True,True,True,3,3,0.698085164272142,3_of_4,up,False,True,True,True,up,3.0,0.970946045590834,0.970946045590834,True,False,True,False,False
AHRR,1.74262505890256,0.0002533960937829,2.01690742628425,6.71702749137031e-05,1.15673230089598,True,True,True,2.92177900569497,2.59242343816697e-05,1.51275794039686,0.0162747439298505,0.517575204094899,True,True,True,2.72382925830643,2.0139211260165e-05,2.37555494618574,8.26633709570543e-05,0.871817908936513,True,True,True,1.50607498075756,0.0550550970310153,0.307614835079955,0.759948132285085,0.204113822475725,True,False,False,3,3,0.694696556515706,3_of_4,up,False,True,True,True,up,3.0,2.1031413137993,2.1031413137993,True,False,True,False,False
PWP2,-0.573407533660423,0.0008189203745215,-0.51257400003924,0.0017959063035679,0.892352502365093,True,True,True,-0.880986497453319,2.39115995983703e-06,-0.478707617731712,0.0012565425004011,0.542760710185417,True,True,True,-0.807246281967222,0.0001865520111286,-0.582950743296817,0.0021580641011359,0.721253850841046,True,True,True,-0.484517709427967,0.0307726402165213,-0.323636901693229,0.145170271018846,0.666581044128206,True,False,False,3,3,0.693917447484626,3_of_4,down,False,True,False,True,down,2.0,-0.676990736339863,0.676990736339863,True,False,True,False,False
EWSR1,-0.331521634467061,0.0333127788699887,-0.243506362948256,0.105366865731998,0.732302315723091,True,False,False,-0.760624680034637,1.13135391688148e-05,-0.395461453149041,0.0059215151061022,0.519234031558768,True,True,True,-0.606878932264583,0.0003837253450374,-0.438497637167112,0.0043190552563978,0.72135685889547,True,True,True,-0.893380616548941,4.22219293420145e-06,-0.594910871488181,0.0003352556151278,0.665165210963209,True,True,True,3,3,0.69326103492934,3_of_4,down,False,True,True,True,down,3.0,-1.03622950405646,1.03622950405646,True,False,True,False,False
GMDS,0.0179767547200109,0.919368079853311,0.0679539920461778,0.68175802928284,3.58090690683379,True,False,False,-1.57272671939089,3.35557108083203e-05,-0.830777606652433,0.0061827997748435,0.527904620551899,True,True,True,-0.983448408574761,0.0001614622847682,-0.789965189235954,0.0008937471106461,0.802444477897658,True,True,True,-1.27380621171595,1.1020732194168e-06,-0.741578754261247,0.0001916749110892,0.581718811412949,True,True,True,3,3,0.692081644655304,3_of_4,down,False,True,True,True,down,3.0,-1.07828373922021,1.07828373922021,True,False,True,False,False
PAM,1.34057955848894,4.72579892168143e-06,1.30064951811437,5.25177617391855e-06,0.969491156811699,True,True,True,0.674780783238909,7.93490322424107e-05,0.44580107726191,0.0055362873804426,0.659682974596077,True,True,True,0.74899612127576,3.16202607275834e-05,0.541848927844329,0.0004761650853454,0.722468973469665,True,True,True,0.417903458926078,0.0111428507140632,0.0242867186352917,0.896669729070773,0.0579768873180335,True,False,False,3,3,0.691075974032871,3_of_4,up,False,True,False,True,up,2.0,0.984602956312312,0.984602956312312,True,False,True,False,False
ENPP5,4.19607773244632,0.0011766824411572,5.29457946208878,0.0001266328959502,1.26149187592072,True,True,True,2.69250360140786,6.4360874906458e-06,1.82948890788113,0.0009586109042702,0.67922274428179,True,True,True,-0.793442560967292,0.237528677312029,-0.522983313218151,0.436988228236378,0.658302234690675,True,False,False,1.5070136531406,1.73453321210867e-06,1.03307254415121,0.0001645453437102,0.685055166443438,True,True,True,3,3,0.682138955362614,3_of_4,up,False,True,True,True,up,3.0,1.11533148463499,1.11533148463499,True,False,True,False,False
ACCS,0.875181055364979,0.0032473153570145,1.11440821263544,0.000479469208113,1.27189261376032,True,True,True,1.73868632418396,2.58791474447191e-05,0.930410377603414,0.0124209407553699,0.534815020770968,True,True,True,0.291410335446763,0.312439523404901,0.0980396404832193,0.763780916566755,0.335281036949081,True,False,False,1.50836118737013,0.0002087860772623,1.25173142086255,0.0017303512184419,0.829312050247915,True,True,True,3,3,0.682063535509442,3_of_4,up,False,True,False,True,up,2.0,1.12571801047637,1.12571801047637,True,False,True,False,False
ARL8A,0.346522489210451,0.0574882627159269,0.444027687372115,0.0177310483806544,1.27769482884667,True,False,False,0.57928916935932,0.0002033027536649,0.338333070786422,0.0213835477048478,0.583042194566487,True,True,True,0.971183505069981,0.0002476566933317,0.754083560944362,0.0021905881313242,0.775659694915396,True,True,True,0.653889578209778,0.0001458883310784,0.35174997666121,0.0214437225570621,0.537113413260847,True,True,True,3,3,0.679350944740941,3_of_4,up,False,True,False,True,up,2.0,0.611345049409326,0.611345049409326,True,False,True,False,False
TRMT6,-0.36661922166815,0.0418348987536496,-0.293617413187469,0.0950967682712649,0.798699839075655,True,False,False,-1.00259127050394,1.89792182425352e-05,-0.512670135962402,0.0070554818795114,0.510835587185779,True,True,True,-0.506680697699666,0.0102189599038957,-0.412344535282134,0.0317874857016879,0.812212355424372,True,True,True,-0.872981862864473,8.23544417931842e-05,-0.48446267409745,0.0083376260191064,0.554316622211844,True,True,True,3,3,0.67650823064375,3_of_4,down,False,True,True,True,down,3.0,-0.657825206236439,0.657825206236439,True,False,True,False,False
TMEM159,0.958046494947549,3.53563931774966e-05,0.759712813143744,0.0002501793734315,0.79215430862431,True,True,True,0.85259563867499,7.81030278473734e-05,0.461117245289547,0.0189261502585975,0.540205718489055,True,True,True,0.616733006890722,0.008054075693749,0.514929343624516,0.0252652390414969,0.833579131891212,True,True,True,0.206281789449452,0.11126138471385,0.0493677069523404,0.738537320794815,0.23816712063063,True,False,False,3,3,0.666180013556682,3_of_4,up,False,True,True,True,up,3.0,0.840352884818416,0.840352884818416,True,False,True,False,False
SUMF1,0.251997738199458,0.154922807576368,0.351092013622204,0.0506903690395844,1.38772787504294,True,False,False,0.985035879986064,5.3670266060914e-07,0.691246589638867,6.24352546782149e-05,0.701035939633999,True,True,True,0.65595778692325,0.0003048113245038,0.40233458225859,0.011594560437569,0.61242075254615,True,True,True,1.22149492085557,1.35193249413146e-06,0.771481012465153,0.0002764656027081,0.631070934777567,True,True,True,3,3,0.666053437205783,3_of_4,up,False,True,False,True,up,2.0,0.893700305906068,0.893700305906068,True,False,True,False,False
DNAAF5,-0.60274177213655,2.2468390248391e-05,-0.495663534109308,9.95543409955409e-05,0.820985986037094,True,True,True,-1.09178889862772,6.05338806404513e-06,-0.57512825515433,0.0032169753832524,0.526294013305363,True,True,True,-0.181127316441629,0.154821026716655,-0.0380957374081632,0.784884004768454,0.209170914898824,True,False,False,-0.557102775522538,0.0025976845080661,-0.449699339861628,0.0132503579065765,0.805764385315206,True,True,True,3,3,0.666029199310284,3_of_4,down,False,True,False,True,down,2.0,-0.727422508334545,0.727422508334545,True,False,True,False,False
DNAJC6,0.287707300600456,0.172892914443229,0.164700659112321,0.449418483401854,0.570476253180211,True,False,False,1.3286031782009,3.53317160037003e-05,0.697105350139938,0.0161174169629372,0.524295791081967,True,True,True,0.961330281064794,0.0002252777266541,0.804974439368602,0.0011291922450981,0.836484578327846,True,True,True,0.814561921842975,0.0065632233576908,0.61937083286323,0.0403183590005223,0.759440597059264,True,True,True,3,3,0.664958425119738,3_of_4,up,False,True,True,True,up,3.0,1.08520325351991,1.08520325351991,True,False,True,False,False
CPEB2,0.875112462510891,0.0008129984944073,0.770007202930136,0.0022307871785458,0.878890822672853,True,True,True,2.9488440272658,5.41750438975758e-06,2.21999609670735,0.0003651785482091,0.75258084027075,True,True,True,-0.131512648857575,0.647704050778354,-0.0285299796417018,0.927218379324633,0.215300047864607,True,False,False,1.04583981322328,0.0002503042883781,0.586177117263852,0.0250508601587212,0.559949201262206,True,True,True,3,3,0.656265020766478,3_of_4,up,False,True,True,True,up,3.0,1.50656503190546,1.50656503190546,True,False,True,False,False
EEF1E1,-0.103826098728175,0.617664918208722,-0.293937323357203,0.151550068027018,2.80404714974095,True,False,False,-1.3958217488127,1.46559103369837e-06,-0.775069981893477,0.0005201264137802,0.554881095280974,True,True,True,-0.568040200365931,0.0093920275424086,-0.419478410814946,0.0441706990687477,0.737168324039661,True,True,True,-0.647355875797061,0.0002841988462297,-0.368833247375957,0.0171814243574351,0.568874689263098,True,True,True,3,3,0.65302150665138,3_of_4,down,False,True,True,True,down,3.0,-1.03632933392877,1.03632933392877,True,False,True,False,False
GPATCH4,-0.59751050707511,0.003323683018929,-0.482142800168178,0.0119286804874091,0.805571154505516,True,True,True,-1.64102165891734,7.60315531033956e-07,-0.912850758251411,0.0002896046568871,0.555931009371274,True,True,True,-0.366532409510251,0.117435799745386,-0.266487962878449,0.258829417574595,0.725073370355428,True,False,False,-0.896001892858974,3.33206035180418e-05,-0.501526062334267,0.0046240488035638,0.559113716845987,True,True,True,3,3,0.642093543600707,3_of_4,down,False,True,True,True,down,3.0,-0.779396283182901,0.779396283182901,True,False,True,False,False
DHODH,-0.481054817368467,0.0134582057885904,-0.320899410160314,0.0783260020058417,0.665690702796211,True,False,False,-1.49799407734645,2.30371456888543e-05,-0.829138388357638,0.0038149698887527,0.55312986281133,True,True,True,-0.900400768909752,0.000769215426861,-0.668880746110486,0.0058310518207063,0.742045901424624,True,True,True,-0.900594174307128,0.0002441213768393,-0.542770470365477,0.0102598024927058,0.602011953751359,True,True,True,3,3,0.633851328273785,3_of_4,down,False,True,False,True,down,2.0,-0.661895478386828,0.661895478386828,True,False,True,False,False
PPP6R1,-0.732743197373134,0.0001035430339242,-0.711200187060063,0.0001221209770167,0.969276702811315,True,True,True,-0.59218144712071,1.0587847723748e-05,-0.375540479202385,0.0016036650237855,0.633095456753158,True,True,True,-0.344162076342272,0.0244826442719287,-0.209586337612233,0.159014563696347,0.607211371055728,True,False,False,-0.537988819609808,0.0004912218256442,-0.335769984089308,0.0173256399132541,0.622962799733737,True,True,True,3,3,0.628029128243448,3_of_4,down,False,True,False,True,down,2.0,-0.815078881618294,0.815078881618294,True,False,True,False,False
SMARCD2,-0.256947395210035,0.024491683448328,-0.276355005840188,0.0162627079044354,1.07136187832083,True,False,False,-0.88154082032032,8.40539105429284e-07,-0.47524780863761,0.0006174261440152,0.538499520583215,True,True,True,-0.773943476736531,3.96310360959084e-05,-0.541562290578891,0.0007013117849792,0.698841021102,True,True,True,-1.0580268089397,4.03298342277554e-07,-0.554118796641008,0.0003072005806403,0.523233965338227,True,True,True,3,3,0.618670270842608,3_of_4,down,False,True,True,True,down,3.0,-0.790008556904647,0.790008556904647,True,False,True,False,False
ANKRD22,-4.67885528494956,0.0110204048936965,-4.64580782243352,0.0115420523850351,0.992724676204083,True,True,True,-2.89806223346687,4.75129890221958e-07,-1.93256157636895,2.10708379289651e-05,0.666616105739089,True,True,True,-1.34958540306989,0.0915849887792177,0.127270350823451,0.857916799141319,0.0942334713037507,False,False,False,-3.05918092596752,1.09133709456902e-07,-1.63617832479959,4.41347632905082e-06,0.534667186150861,True,True,True,3,3,0.600641645944975,3_of_4,down,False,True,True,True,down,3.0,-1.84748238187773,1.84748238187773,True,False,True,False,False
PINX1,-0.887460776697007,0.0001112677776213,-0.998517793322598,5.08390695578728e-05,1.12387380457553,True,True,True,-2.41738159300145,5.46157050479774e-07,-1.23120800379197,0.0001448238634126,0.509104108034464,True,True,True,-0.806252270471154,0.0071837123316284,-0.542665331994916,0.0494414419145619,0.672237603838746,True,True,True,-0.277406310347045,0.288293512258232,0.0261929306389215,0.930933751069315,0.0940816700823732,False,False,False,3,3,0.590670855936605,3_of_4,down,False,True,False,True,down,2.0,-1.22423393876555,1.22423393876555,True,False,True,False,False
CPSF4,-0.903561553374221,1.8337963241501e-05,-0.928648008574486,1.40884723940238e-05,1.02662776801691,True,True,True,-0.695568232794083,0.0001626141310064,-0.467045331972937,0.0070598295373141,0.670494734018402,True,True,True,-0.203162081087118,0.171190755802849,-0.103570661495545,0.500431125114292,0.507296266495982,True,False,False,-0.7042389457119,9.38687630778576e-05,-0.35692524212443,0.0174112423146304,0.506105404834291,True,True,True,3,3,0.588895500257192,3_of_4,down,False,True,True,True,down,3.0,-1.18624593777822,1.18624593777822,True,False,True,False,False
STAMBPL1,-1.60293075247879,2.10336889952203e-07,-1.71224121120175,1.89708287565384e-07,1.06752813895212,True,True,True,-2.65240488116109,1.36386010684058e-06,-1.47153883431644,0.0001883062641354,0.554585108651989,True,True,True,-0.499683132945913,0.148483892762801,-0.286780299415218,0.409030873093691,0.57277803174208,True,False,False,-1.04365731641526,0.002498239278735,-0.61857317349186,0.0424426569338635,0.592130226603393,True,True,True,3,3,0.582454129172737,3_of_4,down,False,True,True,True,down,3.0,-1.38905966859687,1.38905966859687,True,False,True,False,False
TIAM1,-0.247263245669521,0.0713685728185904,-0.0889008363289259,0.513390948797946,0.358091009763352,True,False,False,-0.880480545613318,0.0008224151234408,-0.498005698923885,0.0402296583934034,0.564965048181956,True,True,True,-0.701233431163858,0.0018725590171193,-0.409103531574437,0.0392351859400963,0.582574843946695,True,True,True,-2.34710007006673,1.14586407590803e-07,-1.45702649235522,4.57762997242071e-06,0.620512946159834,True,True,True,3,3,0.573769946064326,3_of_4,down,False,True,False,True,down,2.0,-2.18748878751408,2.18748878751408,True,False,True,False,False
TRAP1,-0.122514043090597,0.37659036296832,0.006501704071784,0.965493837442389,0.0526393915144945,False,False,False,-1.75133956023255,4.56201308751807e-07,-0.927890122070281,0.000337508799621,0.529515022731749,True,True,True,-0.608627018257849,0.0007905669913123,-0.348891030140804,0.0270082840294318,0.572302440167172,True,True,True,-0.750184897486778,4.11268815419324e-05,-0.40348190291958,0.0083383515133403,0.537127282869371,True,True,True,3,3,0.53332115280056,3_of_4,down,False,True,False,True,down,2.0,-1.26670537939015,1.26670537939015,True,False,True,False,False
