gene,DTP_vs_Control_logFC_H1975,DTP_vs_Control_FDR_H1975,Long_vs_Control_logFC_H1975,Long_vs_Control_FDR_H1975,long_retention_ratio_H1975,long_same_direction_H1975,DTP_responsive_H1975,Persistence_support_H1975,DTP_vs_Control_logFC_PC9,DTP_vs_Control_FDR_PC9,Long_vs_Control_logFC_PC9,Long_vs_Control_FDR_PC9,long_retention_ratio_PC9,long_same_direction_PC9,DTP_responsive_PC9,Persistence_support_PC9,DTP_vs_Control_logFC_HCC827,DTP_vs_Control_FDR_HCC827,Long_vs_Control_logFC_HCC827,Long_vs_Control_FDR_HCC827,long_retention_ratio_HCC827,long_same_direction_HCC827,DTP_responsive_HCC827,Persistence_support_HCC827,DTP_vs_Control_logFC_HCC2935,DTP_vs_Control_FDR_HCC2935,Long_vs_Control_logFC_HCC2935,Long_vs_Control_FDR_HCC2935,long_retention_ratio_HCC2935,long_same_direction_HCC2935,DTP_responsive_HCC2935,Persistence_support_HCC2935,n_DTP_responsive,n_persistence_support,median_long_retention,persistence_recurrence,persistence_direction,persistent_core_4of4,persistent_robust_3plus,generic_DTP_core,generic_DTP_2plus,generic_DTP_direction,generic_n_models_responsive,generic_median_logFC,generic_median_abs_logFC,cross_dataset_same_direction,generic_persistent_core,generic_persistent_robust,persistent_without_generic_core_support,persistent_without_generic_recurrent_support
HCFC1R1,0.585529693769405,0.0050964408269104,0.774331446690804,0.0006291609400773,1.32019138147034,True,True,True,1.30376419004319,8.82446147821087e-07,0.804558447845467,0.0003182195757443,0.616631307009456,True,True,True,0.599680256973332,0.0252235944441541,1.01752545765685,0.0008808658777965,1.6939552213417,True,True,True,0.774000510967965,0.000338919092983,0.923799920224857,0.0001020784924645,1.19199911116322,True,True,True,4,4,1.25609524631678,4_of_4,up,True,True,False,True,up,2.0,0.75979248239731,0.75979248239731,True,False,True,True,False
CPA4,2.30487774416851,4.3921837052215e-06,2.35326260129827,3.49675259480346e-06,1.02054959646043,True,True,True,1.34339245630735,2.23708154144251e-05,1.70813405455543,1.71106866530589e-05,1.27056206432991,True,True,True,2.13947446481137,0.0021015167900968,2.51498065868905,0.0006758341430142,1.17496410260175,True,True,True,2.32425530083938,2.81535222012517e-06,3.28472246925282,9.50379656984752e-08,1.41262874148361,True,True,True,4,4,1.22276308346583,4_of_4,up,True,True,False,False,down,1.0,-0.153462609872945,0.548408725248549,False,False,False,True,True
TMEM37,1.10797925166368,0.0016389536124383,1.36233683800097,0.0002865862474154,1.22846016817466,True,True,True,1.29701979623721,0.008990934787565,1.65283340023804,0.0035345323897916,1.27334991733515,True,True,True,3.27340261286123,0.0097026010298904,3.97001584267427,0.0026454912634755,1.21243973697089,True,True,True,2.97285627118428,0.0006961810000236,2.67999763565281,0.0025091283561738,0.901185999344062,True,True,True,4,4,1.22044995257277,4_of_4,up,True,True,False,False,none,0.0,-0.406403093906696,0.406403093906696,False,False,False,True,True
CSF1,1.10011621543265,0.0003928280157489,1.38921828244018,5.49706899743583e-05,1.26164546754434,True,True,True,0.546345088424932,0.0072267515209043,0.798210541159957,0.0012660377496613,1.4583314220594,True,True,True,1.43689119224829,5.30887322858919e-05,1.43777436632781,6.57641648459523e-05,0.999918751904797,True,True,True,0.977446724103647,0.0168602668387468,1.15077380736528,0.0077926702422446,1.17612311331463,True,True,True,4,4,1.21888429042948,4_of_4,up,True,True,False,False,mixed,3.0,1.07968259866302,1.07968259866302,False,False,False,True,True
ZFYVE28,0.845381106540717,0.0466255762516311,1.14487208016636,0.0088213977481159,1.35266734018393,True,True,True,1.82763802146307,3.12908293018078e-05,1.05468033782451,0.0096047242196191,0.576757305407373,True,True,True,1.39718150776676,0.0061181699494255,2.00224840922577,0.0003983593806466,1.43203754169504,True,True,True,1.69875762033478,2.3584309596962e-06,1.84104649563701,1.606440889346e-06,1.08312295448006,True,True,True,4,4,1.21789514733199,4_of_4,up,True,True,False,True,up,2.0,0.672171996947535,0.672171996947535,True,False,True,True,False
GSDME,0.751796038904766,0.0413418567243908,1.01586861313468,0.0076472370810887,1.34946062496909,True,True,True,0.641617647982887,0.0028419023154956,0.651565134231624,0.0057622246879916,1.01392349910841,True,True,True,1.8675392168077,1.01093613089907e-05,1.86852080509368,1.44212021404764e-05,0.999990146466366,True,True,True,2.78739047992241,8.59289012736495e-06,3.90131087447444,3.13805775411103e-07,1.39912645038976,True,True,True,4,4,1.18169206203875,4_of_4,up,True,True,False,False,,,,,False,False,False,True,True
PSG3,1.870454440569,0.0001598884772723,2.53792150623386,8.69770905905958e-06,1.35612251691376,True,True,True,5.47974667339803,2.78368458854895e-05,4.52839848095566,0.0006645856946203,0.826237509377181,True,True,True,4.16633839029412,0.0022771041935321,3.78867471402655,0.0053109775456836,0.909135366316906,True,True,True,0.796898460267794,0.049358714020716,1.33909574478882,0.002290626830737,1.67827839188885,True,True,True,4,4,1.13262894161533,4_of_4,up,True,True,False,False,none,0.0,-0.9129171973584465,0.9129171973584465,False,False,False,True,True
PTPRS,0.987355964161491,9.15691112349127e-06,1.07806429765325,4.25448999151665e-06,1.09076520681278,True,True,True,0.810570777115747,4.30657373358115e-05,0.477000956690937,0.0080821123135517,0.587750286408978,True,True,True,1.41438754551729,0.0002098341269364,1.62598451318594,7.94651889521795e-05,1.1487910278253,True,True,True,1.60004959949828,2.84463881020813e-06,1.84627111799591,1.01239927300693e-06,1.15316297419797,True,True,True,4,4,1.11977811731904,4_of_4,up,True,True,False,False,none,0.0,0.279551014655011,0.279551014655011,False,False,False,True,True
EHD3,0.931484792149202,0.0242496428929469,1.23440652263917,0.0040918815206003,1.32378193513923,True,True,True,1.61467323515668,3.66330361006498e-06,0.863112582854623,0.0035874201683925,0.534212341996816,True,True,True,1.02018728304111,0.0032727199388612,1.27459741065537,0.0006770679334786,1.24815245138933,True,True,True,0.721267209552488,0.002558090753013,0.701095564991036,0.0043267435492901,0.970687241118741,True,True,True,4,4,1.10941984625404,4_of_4,up,True,True,False,False,mixed,2.0,0.3158847705312,0.686465766980747,False,False,False,True,True
P2RX6,0.867122885296958,0.0139724218117142,1.137112783667,0.0022260044629793,1.30985232957893,True,True,True,2.27143759424057,1.37030220394247e-05,1.63761061401965,0.0011633180736742,0.720640521953223,True,True,True,3.02473569261984,0.0265267428892979,3.54776870803236,0.0108602161054354,1.17253093741328,True,True,True,3.39653576623224,0.0247971615953479,3.50137325112261,0.0251559567874698,1.0305625877209,True,True,True,4,4,1.10154676256709,4_of_4,up,True,True,False,False,none,0.0,0.7147467879341185,0.7147467879341185,False,False,False,True,True
PGGHG,0.73743107515159,0.0374069431849289,0.987094190736383,0.0075399328022633,1.33674519390147,True,True,True,1.32525477805389,8.79786002317254e-07,0.748933485464347,0.0005480548153246,0.564698048864572,True,True,True,1.40899121950246,0.000438936760139,1.69853114899081,0.0001130481911059,1.20463952221643,True,True,True,0.779436258598589,0.0029614316570512,0.765669998231464,0.0045700408525736,0.981079479323987,True,True,True,4,4,1.09285950077021,4_of_4,up,True,True,False,False,,,,,False,False,False,True,True
GSTM3,1.72264237973765,1.53235744951601e-06,1.64160298824527,2.17354827737564e-06,0.952403472752354,True,True,True,0.924620689797167,1.07814904419209e-05,1.56203727924368,1.18871098265925e-06,1.68755657307744,True,True,True,1.31854017532821,5.39938683787363e-05,1.42060180507436,3.64674283134937e-05,1.07658852048291,True,True,True,4.07050603204263,2.25721378052589e-10,4.4852516012212,8.94650784475558e-11,1.10161978538713,True,True,True,4,4,1.08910415293502,4_of_4,up,True,True,False,False,mixed,2.0,-0.206353539763428,1.4223773092685,False,False,False,True,True
ANXA6,1.35555141160558,2.40620266725689e-05,1.51059300257441,8.69770905905958e-06,1.11355381716533,True,True,True,0.88973558338599,6.69038340136091e-06,0.70129596548362,0.0002737707968053,0.787322274493352,True,True,True,4.64961999475558,6.17112906313194e-05,4.83850041164881,5.57500306175648e-05,1.04039900424139,True,True,True,0.504077849882655,0.0019192564116906,0.7483310899385,8.70099781181799e-05,1.48161533932316,True,True,True,4,4,1.07697641070336,4_of_4,up,True,True,False,False,mixed,2.0,-0.0402988269496802,0.748519699119917,False,False,False,True,True
SERPING1,4.36553579941442,0.0001599958405955,4.58040634900032,9.74151912268996e-05,1.04897945634949,True,True,True,6.85938446789101,0.0001718516724027,5.25616908570916,0.0040402775757735,0.766162466594965,True,True,True,3.81877665588739,0.0016335258424691,4.20663853477286,0.0008395409931256,1.101278664628,True,True,True,2.50263093252547,0.0062602505363312,3.37354862811706,0.0006907782243906,1.34746243317664,True,True,True,4,4,1.07512906048875,4_of_4,up,True,True,False,True,up,2.0,3.87223732089901,3.87223732089901,True,False,True,True,False
ATOH8,1.66715877561195,0.0219661749367381,1.83618976773135,0.0122156892147798,1.10072841660876,True,True,True,6.07541379835083,2.76093970731426e-05,4.09428502772471,0.0032317731169223,0.673799573826904,True,True,True,5.26995039691594,0.0001471116989962,5.39957201973383,0.0001420247843193,1.0244019793647,True,True,True,6.15883184401139,4.89563793979494e-06,6.91462682769597,2.66725528922524e-06,1.12253499816207,True,True,True,4,4,1.06256519798673,4_of_4,up,True,True,False,False,mixed,3.0,2.75742694887118,3.26512282671727,False,False,False,True,True
MCAM,1.56933939222673,1.020819107189e-05,1.57688603842704,8.55143968733927e-06,1.00416893713086,True,True,True,0.712352360781491,0.0013337170919673,0.920235203817279,0.0005265031001444,1.29001494129653,True,True,True,1.77958466747532,6.23506734704702e-06,1.62043005276721,1.76943544425393e-05,0.910055041114561,True,True,True,1.86989159139528,0.0007437786547421,2.0899173919289,0.000438700043052,1.11707027897339,True,True,True,4,4,1.06061960805213,4_of_4,up,True,True,False,False,up,1.0,1.39701833238816,1.39701833238816,True,False,False,True,True
LGALS3BP,0.887688152695674,4.44199870505353e-05,0.993706665707156,1.56982827584724e-05,1.11817251382606,True,True,True,1.30844543275327,2.2977852334477e-06,0.71854759770291,0.0014720556794065,0.548741917555186,True,True,True,1.18101433279037,1.78514087369194e-06,1.2336412654704,1.62195249273282e-06,1.04367707839731,True,True,True,0.51971343725593,0.0002688129921264,0.555977402552156,0.0002304077661966,1.06772240309768,True,True,True,4,4,1.0556997407475,4_of_4,up,True,True,False,False,up,1.0,0.355710811187089,0.355710811187089,True,False,False,True,True
TCF7L1,2.40474034678786,9.23189747886972e-07,2.47925067185476,7.77019090228972e-07,1.03055621740935,True,True,True,3.7239486314413,1.14126537433471e-07,3.06262755103974,3.20263533245958e-06,0.82219323111973,True,True,True,2.28362926770695,0.0056426030030985,2.43643914558954,0.0038813743647792,1.06644836430506,True,True,True,1.37412475833657,9.83812754805405e-07,1.49330364121657,6.54846861295019e-07,1.08594048079169,True,True,True,4,4,1.04850229085721,4_of_4,up,True,True,False,False,up,1.0,0.413549662484707,0.413549662484707,True,False,False,True,True
MATN2,1.82128650894124,3.32469056175669e-06,1.82094854189248,3.14543613647432e-06,0.999265775693232,True,True,True,1.04018495571332,1.49428761563499e-05,1.03239076260851,8.44002276569915e-05,0.991553668676681,True,True,True,3.04318467174454,0.0003032370828794,3.3238069987877,0.0001764667571626,1.09185458741664,True,True,True,3.11956358177111,3.94257632044005e-08,3.51836728643087,1.53760888939931e-08,1.12747816035012,True,True,True,4,4,1.04556018155494,4_of_4,up,True,True,False,False,up,1.0,0.561859707388955,0.561859707388955,True,False,False,True,True
PSG5,2.18614820568759,3.28714051368067e-05,2.4804137573847,9.24244800336351e-06,1.13408581591978,True,True,True,7.19091671179028,8.18894203808853e-05,6.25947198584049,0.0009210290654661,0.870348230754514,True,True,True,4.49236649035345,2.78905070901502e-05,4.63132898589425,2.66193939734705e-05,1.03070359291569,True,True,True,3.31667997665051,0.000205591528082,3.51356849056699,0.0001949720265691,1.05904382438786,True,True,True,4,4,1.04487370865177,4_of_4,up,True,True,False,False,up,1.0,1.7129215155190551,1.7129215155190551,True,False,False,True,True
VASH1,1.14363137671372,0.0001638932312466,1.33436707979071,3.99108746490202e-05,1.1657614031355,True,True,True,1.77724303297756,9.49441842427324e-05,1.22184183632942,0.0063829710963233,0.687106213082427,True,True,True,3.73344341603804,2.33818735440406e-05,3.77314273277053,2.68746759118224e-05,1.01036280709631,True,True,True,0.895872969090233,0.014358419185331,0.955321079338164,0.0120575421687882,1.06516877223674,True,True,True,4,4,1.03776578966652,4_of_4,up,True,True,False,False,none,0.0,0.35291632101795,0.35291632101795,False,False,False,True,True
RASA4,0.962755298534568,0.0028148333661717,0.625040587667009,0.0397068166028812,0.648546979318724,True,True,True,2.81867485167844,6.52237312455175e-06,1.49252891909362,0.0064205850137091,0.529326605940106,True,True,True,1.16706555387432,0.0075283240558246,1.72704162494573,0.0004342197612035,1.47854854482898,True,True,True,1.18347757170483,0.000177291977677,1.68057082291615,7.34418968729377e-06,1.41882874193835,True,True,True,4,4,1.03368786062854,4_of_4,up,True,True,False,False,up,1.0,0.465645598081344,0.465645598081344,True,False,False,True,True
SPARC,1.4185899478609,2.62122995786338e-06,1.54839505110297,1.30907527970566e-06,1.09073402036705,True,True,True,6.44855836128457,0.000403877083112,5.8386078166123,0.002491268639232,0.905272499224182,True,True,True,5.93446822420606,0.0080017187736097,5.98310632776352,0.0081976723883647,1.00802600599615,True,True,True,4.10487596855272,2.06835870647603e-05,4.31828160706241,2.26013477581562e-05,1.05173211274196,True,True,True,4,4,1.02987905936906,4_of_4,up,True,True,False,True,down,2.0,-2.40666671447202,2.40666671447202,False,False,False,True,False
MAGED1,0.988090341804964,1.86208213376185e-06,1.17307524391684,6.0546622151314e-07,1.18601425404289,True,True,True,2.81140344279517,5.96882201855135e-07,1.73884295070023,0.0001925668931297,0.618276497689123,True,True,True,0.694958702456778,0.0037100413627696,0.798672969987091,0.0015597597023105,1.14758672772928,True,True,True,1.46060161905283,2.08686179531167e-06,1.33115822003619,9.22209117971596e-06,0.910753109933491,True,True,True,4,4,1.02916991883139,4_of_4,up,True,True,False,False,up,1.0,-0.0949629547496889,0.189606660189377,True,False,False,True,True
GSTM2,1.67526361968049,5.70835431821819e-05,1.84156915468476,2.29427632685858e-05,1.09861547614795,True,True,True,2.0836239263717,5.46074107835197e-05,1.61009862554137,0.0018951789366821,0.772368869594506,True,True,True,2.51811071584743,0.0004517231173497,2.80179404184015,0.0002140198529283,1.11221552280906,True,True,True,3.81089320214614,5.80933301562767e-08,3.64999148143766,1.37523151460622e-07,0.957527214923722,True,True,True,4,4,1.02807134553584,4_of_4,up,True,True,False,False,up,1.0,0.10277762410802,0.386864811634346,True,False,False,True,True
ERAP1,0.710082420673793,0.0001224144580088,0.778127895958936,5.33516406732423e-05,1.09428650369617,True,True,True,0.875816453099933,5.02039978616762e-05,0.570737760816749,0.0047450094669448,0.650920450681484,True,True,True,0.53848516833825,0.0010823292529641,0.51835675406155,0.0016206555780098,0.960835968221738,True,True,True,0.930402072086344,6.85365765193465e-06,1.10611651030468,2.03096568437895e-06,1.1875821876013,True,True,True,4,4,1.02756123595895,4_of_4,up,True,True,False,False,up,1.0,0.621604095166543,0.621604095166543,True,False,False,True,True
NKIRAS2,0.6408261753759,1.91516345538028e-05,0.676123171267047,1.08731184927371e-05,1.0534365801941,True,True,True,0.613507520547587,5.15848833189272e-06,0.4679677421389,0.0002681797988212,0.761532978020992,True,True,True,0.648058153778476,0.0001523825204558,0.64732323508714,0.0001863145213212,0.997327021190264,True,True,True,0.504998655879903,0.0003794353273656,0.541190088699953,0.0003156981868471,1.06954847095167,True,True,True,4,4,1.02538180069218,4_of_4,up,True,True,False,False,none,0.0,0.275614155305436,0.275614155305436,False,False,False,True,True
SPEG,1.80871555932793,6.48139256883242e-06,2.08888042763748,1.98242134069727e-06,1.15425897560013,True,True,True,0.563580137419286,0.0007360699180969,0.353988992882831,0.030295114048704,0.626995123315755,True,True,True,1.78266388770748,0.0001384250452675,1.85830405356364,0.0001170790024978,1.04184654203662,True,True,True,0.931001873180088,0.0015651991515049,0.937024627124105,0.0020943027088081,1.00538921013847,True,True,True,4,4,1.02361787608754,4_of_4,up,True,True,False,True,up,2.0,1.12817836848198,1.12817836848198,True,False,True,True,False
DENND6B,1.09564037958727,0.0303351831183219,1.72864906377215,0.0014729467176333,1.57631352624708,True,True,True,2.37054253784401,2.82203345456043e-06,1.4958290079118,0.0009249870356287,0.630740956167572,True,True,True,1.48939768083197,0.0032471149593532,1.5509059310482,0.002756366347894,1.04059872810756,True,True,True,0.565847800073338,0.0010278977962815,0.570013631223787,0.0013949850634094,1.00558497563198,True,True,True,4,4,1.02309185186977,4_of_4,up,True,True,False,False,up,1.0,0.379401680448418,0.379401680448418,True,False,False,True,True
MREG,-0.840884833656541,0.0090480018978954,-1.12592286371508,0.0018406459099356,1.33738347420381,True,True,True,-0.786466950622549,4.86225793371999e-06,-0.730268126142906,5.733007983788e-05,0.92736352372068,True,True,True,-1.17599667556799,3.05753715540856e-05,-0.760165123468836,0.0007210589776128,0.645851546778583,True,True,True,-0.747672536313051,4.27486161479783e-05,-0.830852631040299,3.00631108709007e-05,1.10976774322717,True,True,True,4,4,1.01856563347393,4_of_4,down,True,True,False,False,down,1.0,-0.42721925892763,0.42721925892763,True,False,False,True,True
CCDC92,1.35423325449559,6.15810332330991e-06,1.39759837908318,4.46697602500555e-06,1.03126039332864,True,True,True,0.716408302651975,6.83088090081558e-05,0.682107697087998,0.0004199617782722,0.95079426118504,True,True,True,1.82102261562246,5.21049739425109e-06,1.82085658030821,7.87772437745456e-06,0.999360032469272,True,True,True,0.530131900360042,0.0008219670253079,0.578876108794823,0.0005688204343884,1.08989143450509,True,True,True,4,4,1.01531021289896,4_of_4,up,True,True,False,False,up,1.0,-0.0544964972392918,0.329849915528089,True,False,False,True,True
IQGAP2,2.72770803037454,0.0001136719154665,2.88942979239992,6.40759329413579e-05,1.0589003148143,True,True,True,3.31478111256822,0.0002030871877806,3.21132896450704,0.0009048188894266,0.968498479086794,True,True,True,2.06682656966402,0.0260890053854613,1.9377934009107,0.0400517648194944,0.937116018015743,True,True,True,1.84046294254984,0.0115054486212381,1.98013738331009,0.0092059386961012,1.07530666925517,True,True,True,4,4,1.01369939695055,4_of_4,up,True,True,False,False,none,0.0,0.565109973786675,0.565109973786675,False,False,False,True,True
IGFBP5,4.76830001832495,0.0002170707723369,4.44082317441607,0.0003759047073142,0.93112682308792,True,True,True,4.14010025452205,3.25159517834592e-07,3.46048818030944,1.06025767882821e-05,0.835644627664016,True,True,True,8.75864216529939,0.0107831992599222,9.60180784532808,0.0065919448908038,1.09614156196527,True,True,True,6.55812384707572,0.0249344294035833,7.19725399660672,0.0191351003317746,1.09728893132815,True,True,True,4,4,1.0136341925266,4_of_4,up,True,True,False,True,up,2.0,3.0616893020022,3.0616893020022,True,False,True,True,False
SLC15A3,2.05472043347048,0.0301422765836787,1.91708510859451,0.0424013745593353,0.932561197223727,True,True,True,2.95439943458759,0.0003962454815615,2.42485240555289,0.0052733803776581,0.820482124065665,True,True,True,2.77281522762398,0.0478073775807773,3.01877438162873,0.0330050408452991,1.08831127306723,True,True,True,3.23332856442442,0.0182675139860874,3.64784381780887,0.0104416820214223,1.1278519622072,True,True,True,4,4,1.01043623514548,4_of_4,up,True,True,False,False,none,0.0,2.035120261867125,2.035120261867125,False,False,False,True,True
EIF1AX,-0.646924204606148,0.0013110527848024,-0.757261525983853,0.0003727568831154,1.16875017262886,True,True,True,-1.37921022297096,4.31482806867648e-07,-0.6949674253612,0.0004591319599562,0.503522879192457,True,True,True,-0.587662207087361,0.0007959983654224,-0.617631417212558,0.0006400961448481,1.04921194154545,True,True,True,-0.540177969710705,0.0008284608533501,-0.52093687531359,0.0015675248375982,0.962598081352175,True,True,True,4,4,1.00590501144881,4_of_4,down,True,True,False,False,down,1.0,-0.55574438064416,0.55574438064416,True,False,False,True,True
CASP1,3.14395050929827,3.56503111651204e-06,2.98301631463608,5.26311475051074e-06,0.948509779666351,True,True,True,3.61018393054186,4.73313241989242e-05,3.13856698264148,0.0006716620594381,0.869124099743802,True,True,True,4.62554429980436,0.0025786906702044,4.89458782488174,0.0018492730863218,1.05793601178502,True,True,True,1.63255588849705,0.0051592017271855,2.21728645879295,0.0005241370066827,1.3573373732765,True,True,True,4,4,1.00322289572569,4_of_4,up,True,True,False,False,mixed,2.0,0.0589624969222299,3.20797570941959,False,False,False,True,True
FBLN1,0.558619295132878,0.0277942071484384,0.956312896739866,0.0007476193722,1.70886333808915,True,True,True,2.09383161190779,1.14126537433471e-07,1.14365617114241,5.13620334816382e-05,0.5459418144358,True,True,True,2.04280527466307,9.57970188687252e-06,2.00640454175898,1.59656717172011e-05,0.981700442127367,True,True,True,0.598515781299019,0.0001742420679879,0.611093938524448,0.0002277629541038,1.0193125145102,True,True,True,4,4,1.00050647831878,4_of_4,up,True,True,False,False,mixed,2.0,-0.275347063476131,0.881487547698065,False,False,False,True,True
NPPB,3.45007093562857,0.0104613331963626,3.69733457108851,0.0062300151801589,1.07135861303734,True,True,True,5.69724482269466,2.09828518935996e-05,5.24605616226047,0.0002225423858321,0.920644220368834,True,True,True,6.05594882196197,0.0013923584212106,5.61077837423662,0.0026938145935829,0.926337424858606,True,True,True,3.61996346043431,0.0010162878848182,4.14552968004853,0.0004204576634289,1.14486923862836,True,True,True,4,4,0.998848018947973,4_of_4,up,True,True,False,False,up,1.0,3.1324165004701,3.1324165004701,True,False,False,True,True
DGAT2,0.982183906298335,0.0096475364613044,1.04317469400736,0.0064611106611781,1.06101685282349,True,True,True,1.48453759135516,0.0003427009720615,0.926833762778283,0.0223475399034381,0.623904617541716,True,True,True,1.8793032156832,8.39534022043282e-06,1.80168802913594,1.76943544425393e-05,0.958190154709332,True,True,True,1.06796958138416,0.0002044890528528,1.10380266762191,0.0002333711330136,1.03258566646269,True,True,True,4,4,0.995387910586011,4_of_4,up,True,True,False,True,up,2.0,1.36488310296827,1.36488310296827,True,False,True,True,False
PIK3AP1,2.04908655846342,0.0003597542496349,1.98455840756302,0.0004790805550064,0.968036397960916,True,True,True,1.28026131476242,0.0008643808259663,1.09810010022357,0.0067382978949408,0.857046168155937,True,True,True,1.44462770661519,0.0006716498049676,1.47784073914595,0.0006755840321565,1.02228307632965,True,True,True,2.92187413246164,0.0005307961333296,3.26521836143484,0.000270494133601,1.11712588823826,True,True,True,4,4,0.995159737145283,4_of_4,up,True,True,False,False,up,1.0,0.448931790705468,0.448931790705468,True,False,False,True,True
C1S,2.77629890610451,3.17541574080158e-05,2.81570825191909,2.52901142009935e-05,1.01382974865621,True,True,True,5.44424003364845,1.40295060331357e-07,4.69730490376381,3.06677277593442e-06,0.862644231427296,True,True,True,2.02522407411858,0.0036415610246284,2.31397714405203,0.0015207927593544,1.14201443641352,True,True,True,2.7038561602552,0.0002184584375729,2.63432420376989,0.0004381389533417,0.973923952954801,True,True,True,4,4,0.993876850805506,4_of_4,up,True,True,False,False,up,1.0,0.0229043232894877,0.841252400285503,True,False,False,True,True
COL5A1,1.34731340732032,0.0006106182291456,1.7783772569458,6.61365190460232e-05,1.31896430554689,True,True,True,3.59149512904332,1.36269133119811e-06,2.56563908216569,0.0001519585756046,0.714166335654551,True,True,True,4.62792876052798,9.69839398844179e-08,4.42845742426329,1.77889193683494e-07,0.956691635011937,True,True,True,2.83938212063137,4.7793571107488306e-09,2.90301147943503,4.4455150712217105e-09,1.02204962436172,True,True,True,4,4,0.989370629686829,4_of_4,up,True,True,False,True,up,2.0,0.705250727260726,0.705250727260726,True,False,True,True,False
CNN1,5.1015691140241,5.40364437181299e-05,4.96231801939285,6.31385095808803e-05,0.972513631565366,True,True,True,2.68490511471661,0.0083898990332508,2.37429051459904,0.0307708611818887,0.883981530691397,True,True,True,3.46689559614566,0.0023992864248314,3.48563996913475,0.0025794224975619,1.00511675524742,True,True,True,2.57902001296966,0.0033604650861007,2.88103658558435,0.0018444820193684,1.11667218513868,True,True,True,4,4,0.988815193406393,4_of_4,up,True,True,False,False,none,0.0,1.15347457070469,1.15347457070469,False,False,False,True,True
P3H1,0.904008957234113,2.24284512745659e-05,0.910513242899456,1.88224888042984e-05,1.00608202341131,True,True,True,0.809288416390527,9.12138226726178e-05,0.502419850166694,0.0098344190487972,0.620050638764836,True,True,True,1.07148404602844,1.7604256335092e-06,1.02613484419232,3.30593525502142e-06,0.9567833181223,True,True,True,1.45852407691868,4.54388426162154e-06,1.66377271026887,1.84721602318339e-06,1.13994194174679,True,True,True,4,4,0.981432670766805,4_of_4,up,True,True,False,False,none,0.0,0.0276609840586293,0.0641823242161488,False,False,False,True,True
SCPEP1,0.623581254627661,0.0013102075822605,0.658082495710753,0.0008334143314739,1.05363792274404,True,True,True,1.25821979098819,1.90458782114693e-06,0.807388344461033,0.0004319553265447,0.641181428563336,True,True,True,0.574604966711782,0.000729689551203,0.522627433968153,0.0017728744506238,0.907961995105306,True,True,True,0.881160975446567,0.0009200810390695,1.20242858133531,8.01739297287163e-05,1.36304893868902,True,True,True,4,4,0.980799958924673,4_of_4,up,True,True,False,True,down,2.0,-0.68340458385082,0.68340458385082,False,False,False,True,False
SNX21,0.702957667774661,0.0022595419930904,0.91768556025742,0.0002623015164942,1.30360901268167,True,True,True,1.43143275608131,3.10118843327073e-06,0.741175579363552,0.0038780752642972,0.517424344156425,True,True,True,1.10970110216074,0.0004721076102974,1.17985206435614,0.0003423643707667,1.06225883998933,True,True,True,1.1688075002498,2.11545750059937e-05,1.04490063167357,0.0001162238994099,0.893224424916444,True,True,True,4,4,0.977741632452887,4_of_4,up,True,True,False,True,up,2.0,1.03674135026757,1.03674135026757,True,False,True,True,False
EPCAM,-3.19493715302537,9.32321960064027e-06,-3.34407561209047,7.54558382965227e-06,1.04635211894729,True,True,True,-1.16521565409967,7.70937962642904e-08,-0.831480305531151,4.14585285260756e-06,0.71297302742267,True,True,True,-1.91666535075665,4.42265139495019e-05,-1.73312830874155,0.0001152028153445,0.903769945083334,True,True,True,-0.566694355023273,0.0001209081145923,-0.982431686354246,8.15942268027074e-07,1.73056448009593,True,True,True,4,4,0.975061032015312,4_of_4,down,True,True,False,False,down,1.0,-0.206872657137385,0.206872657137385,True,False,False,True,True
ANK2,3.55347861878338,2.73233581186254e-07,3.11000299408423,7.63071940392792e-07,0.874953355366846,True,True,True,1.73231736286628,0.0043555933661436,1.59390978325606,0.0151330384940949,0.919571809181159,True,True,True,4.33779216679947,0.0002114398119969,4.44789179567199,0.0001995870111403,1.02514516129796,True,True,True,1.90406431731294,0.0032497314375255,2.35783528786872,0.0007832058927589,1.23766702595869,True,True,True,4,4,0.972358485239559,4_of_4,up,True,True,False,False,mixed,2.0,0.228321699051758,1.17100318329015,False,False,False,True,True
CCDC80,2.53324777709789,1.4032196340468e-05,2.48527342873992,1.44191735429934e-05,0.980674996028189,True,True,True,3.75581497288402,1.14126537433471e-07,2.85637753870962,4.78402679231078e-06,0.760318929552404,True,True,True,2.78905795821786,3.60408724608647e-07,2.67503992297533,7.91453172621029e-07,0.958775754136664,True,True,True,1.4738596931668,9.98542527810129e-06,1.59691445570995,7.76980908166804e-06,1.08275686365872,True,True,True,4,4,0.969725375082427,4_of_4,up,True,True,False,False,up,1.0,0.0824600177513006,0.0824600177513006,True,False,False,True,True
MSRB3,1.55645345813686,9.5517136896748e-05,1.52303879784862,0.0001142796368739,0.977903249623004,True,True,True,1.59122291706837,0.0037458901610763,1.62680871900992,0.0069081209763109,1.02172170841834,True,True,True,3.43029563987305,3.83679331403353e-06,3.28881841530378,7.9532774386219e-06,0.958477135308999,True,True,True,2.82174062735877,1.1142478121971e-05,2.00924552457061,0.0006440574428231,0.711806641069483,True,True,True,4,4,0.968190192466001,4_of_4,up,True,True,False,True,up,2.0,1.39387861116127,1.39387861116127,True,False,True,True,False
ADAMTS7,1.49895873670166,0.0012248145307375,1.4144791446154,0.0019818821450943,0.943012037601631,True,True,True,0.861880792776651,0.0039824679343159,0.885995171481054,0.0071368216630924,1.026787453027,True,True,True,4.8892878448522,5.49424800934223e-05,4.85734335979298,7.29070183433338e-05,0.993263283040915,True,True,True,1.18438432476592,0.0010996062676573,0.950549642168801,0.0084271030042169,0.801891523541538,True,True,True,4,4,0.968137660321273,4_of_4,up,True,True,False,False,none,0.0,0.485239309926286,0.485239309926286,False,False,False,True,True
HTRA1,1.24582833307666,0.0011530010465508,1.2726652708625,0.0009413002462294,1.02072212918204,True,True,True,3.12060160385673,1.45459656699687e-06,2.72151108712626,3.68541636166253e-05,0.871831653265375,True,True,True,5.08182463791046,0.0003644517734884,5.00395045835075,0.0004786268232825,0.984482215071631,True,True,True,2.79214617380938,6.97679465330577e-07,2.65140994096472,2.15979206666532e-06,0.949255705206665,True,True,True,4,4,0.966868960139148,4_of_4,up,True,True,False,True,up,2.0,1.07181223058345,1.07181223058345,True,False,True,True,False
SMARCD3,1.30384507264964,0.0001548731533887,1.57008872712849,2.79631672321069e-05,1.20327597508587,True,True,True,1.315895088022,4.54263810069617e-06,0.848784527917787,0.0010416144103917,0.644534660078865,True,True,True,2.39186336031198,0.0024005150539221,2.6797811216119,0.0011042543531699,1.11990561854,True,True,True,0.925778950391454,0.0005540537065922,0.75219120324732,0.0042588879356385,0.811618782374814,True,True,True,4,4,0.965762200457407,4_of_4,up,True,True,False,False,none,0.0,-0.225363583993991,0.257510391979967,False,False,False,True,True
ABI3BP,2.80956489034407,0.0008336920503415,3.27322031989617,0.000214237537898,1.16461296842553,True,True,True,2.38570693582939,0.0002212830964208,1.69804461130303,0.0090109496553532,0.711459201719273,True,True,True,1.91731526581703,0.0004517231173497,2.51810511714427,4.85038755274009e-05,1.31266490029822,True,True,True,2.58119156336924,5.25087920546576e-05,1.97589133146418,0.0011586444004888,0.765199359913499,True,True,True,4,4,0.964906164169514,4_of_4,up,True,True,False,False,,,,,False,False,False,True,True
TLR2,1.68902834995311,4.25325792221238e-05,1.64690988410535,5.21558288906934e-05,0.974486542874292,True,True,True,0.852116233196803,0.0019469420888786,0.79477745026181,0.0073592171269221,0.931616841099852,True,True,True,3.0243467201782,0.0257866689454572,2.88454630812039,0.0360450435585863,0.953459743599399,True,True,True,2.14616206835736,1.33120750354993e-05,2.28659351817769,1.13315727420858e-05,1.06493755263057,True,True,True,4,4,0.963973143236845,4_of_4,up,True,True,False,False,up,1.0,0.716089197232211,0.782073798192729,True,False,False,True,True
JPH2,1.92931642892738,2.7011449533861e-06,1.96057441646244,2.17354827737564e-06,1.01567514376484,True,True,True,0.827461409039646,7.47847388536416e-06,0.631774951424638,0.0003601169782973,0.76258826848313,True,True,True,3.9297875722413,0.0001764418593713,3.73622271690495,0.0003236739566076,0.950502322559901,True,True,True,3.23783576863313,0.0001461597626682,3.16064953889446,0.0002963515275218,0.975859773287712,True,True,True,4,4,0.963181047923807,4_of_4,up,True,True,False,False,up,1.0,0.307678255578923,0.800749958402847,True,False,False,True,True
CRIM1,1.23754238211864,0.0001467461197717,1.23197988929892,0.000136509199603,0.994701438631035,True,True,True,1.79608717147027,1.14126537433471e-07,1.16393146678228,1.50038043530505e-05,0.647676687731303,True,True,True,1.4007444271248,6.63789884613019e-05,1.29032249894073,0.0001499602208016,0.920511952087718,True,True,True,1.56891405545043,1.66596944132277e-07,1.71951703779836,9.91799830773859e-08,1.09529374033473,True,True,True,4,4,0.957606695359376,4_of_4,up,True,True,False,True,up,2.0,1.29032126271843,1.29032126271843,True,False,True,True,False
ERGIC3,0.622009446614907,0.0002904313975128,0.754945950097069,5.48985555016499e-05,1.21177287792189,True,True,True,0.519319338578552,1.567347020788e-05,0.326823804015256,0.0024040047015157,0.628121578006495,True,True,True,0.680201803438131,7.24159922949862e-06,0.619309277261632,2.06552174572688e-05,0.909142157486786,True,True,True,0.530544339800661,1.67246527004906e-05,0.532901077077931,2.77259967488593e-05,1.00255244421901,True,True,True,4,4,0.955847300852898,4_of_4,up,True,True,False,False,none,0.0,0.193774269491312,0.193774269491312,False,False,False,True,True
POFUT2,0.866483716677222,7.57624896869511e-06,0.954713255379358,3.3536602437855e-06,1.10055466981704,True,True,True,1.22568373865857,3.8133625128428e-07,0.826023682334486,6.44929603735854e-05,0.673379499786781,True,True,True,0.712807454285952,0.0006329669956842,0.864660449634043,0.0001611642313231,1.21133569626139,True,True,True,1.21784285708719,2.50975213254878e-07,0.988548907214366,4.27364859243668e-06,0.811055257424091,True,True,True,4,4,0.955804963620566,4_of_4,up,True,True,False,True,up,2.0,0.549314839761457,0.549314839761457,True,False,True,True,False
PSG8,2.43709267465336,0.0199547116164147,2.9525901577917,0.0054638070740224,1.21102458019217,True,True,True,6.11289833016639,5.21657288118184e-05,4.91470723782758,0.0013236533469062,0.803858188739921,True,True,True,6.55603086430584,0.0029920429846376,6.71441283169167,0.0027472281098148,1.02400201716947,True,True,True,3.63358835704878,2.59568557971371e-07,3.20301193072511,1.9352230604396e-06,0.881258512951903,True,True,True,4,4,0.952630265060686,4_of_4,up,True,True,False,False,up,1.0,1.557984166480624,1.557984166480624,True,False,False,True,True
SELENOP,4.78482341365444,0.0003442788917327,5.72878045507208,6.4256377889892e-05,1.19703130682325,True,True,True,5.27944464564051,1.87012757818685e-05,3.71846050558298,0.0015735808619484,0.704194581161439,True,True,True,4.8421584908103,0.0017345736542349,4.42741547949362,0.0039145965814447,0.914158701990543,True,True,True,3.07217725365671,0.0036266272518984,3.04569031055883,0.0051449189942541,0.991055854957545,True,True,True,4,4,0.952607278474044,4_of_4,up,True,True,False,False,,,,,False,False,False,True,True
SELENOM,1.31939832427775,8.69285551573979e-06,1.30602818220486,8.32436135276694e-06,0.989116812852099,True,True,True,2.95685138404752,2.17457789632862e-05,2.25252032737838,0.0010389612059083,0.761539386166196,True,True,True,2.40664925486634,1.32972468281424e-05,2.51097637378854,1.3323556006095e-05,1.04291618420472,True,True,True,2.48886278126398,3.46216624431514e-08,2.27098824396016,1.37523151460622e-07,0.912093735064103,True,True,True,4,4,0.950605273958101,4_of_4,up,True,True,False,False,,,,,False,False,False,True,True
MBOAT2,-0.587105804097744,0.0003878197959715,-0.689122112528104,0.0001086463180786,1.17176553560007,True,True,True,-1.2127069054088,6.96940651583104e-07,-0.972576491677674,2.64684920985725e-05,0.801327311679166,True,True,True,-0.643088866909267,0.0008997373632512,-0.653015736531253,0.0009472036213216,1.01385968626476,True,True,True,-0.974790815720064,1.0768125381489e-06,-0.862432913943955,6.19570198214576e-06,0.883829710272013,True,True,True,4,4,0.948844698268386,4_of_4,down,True,True,False,False,none,0.0,0.249113205945227,0.249113205945227,False,False,False,True,True
APMAP,0.748849798316072,1.08985409625971e-05,0.746292276138509,9.44655466332038e-06,0.995255686958172,True,True,True,0.618186192977851,8.8735596680786e-07,0.57222986277947,1.33514085975854e-05,0.92416444240697,True,True,True,1.00804155198801,3.11974365917851e-06,0.829927178142432,1.92463692138371e-05,0.822490586742749,True,True,True,0.536619860150575,8.69495817920123e-05,0.523053496424335,0.000182788713594,0.972905830297712,True,True,True,4,4,0.948535136352341,4_of_4,up,True,True,False,False,none,0.0,0.109436929944673,0.109436929944673,False,False,False,True,True
PKD2,0.616727354134031,0.0006397003467082,0.536102709285574,0.0018698376985101,0.867862991168841,True,True,True,1.32617014501254,1.03709072906824e-07,0.751903810864398,4.13263113219262e-05,0.566546658459751,True,True,True,1.06618664120214,0.0001450173862444,1.08712171296445,0.0001512616807252,1.01868002371155,True,True,True,0.853061251884609,0.0005138816276838,0.919200836734334,0.0003944176597361,1.07627039009905,True,True,True,4,4,0.943271507440196,4_of_4,up,True,True,False,False,up,1.0,0.0045584990103231,0.308704355049319,True,False,False,True,True
VSIR,1.11349082456713,0.0003248505718262,1.27712002460225,9.6039088168615e-05,1.1459224216568,True,True,True,1.64469575582598,7.70937962642904e-08,1.06360755856533,8.36704300660417e-06,0.646296592064492,True,True,True,1.48383771714879,2.38426156651228e-06,1.46899029155598,3.51395737472088e-06,0.989327166592158,True,True,True,0.850463846826259,0.0010784834496494,0.761775295722927,0.0035070095087146,0.894665461795428,True,True,True,4,4,0.941996314193793,4_of_4,up,True,True,False,False,,,,,False,False,False,True,True
FAM171A2,1.62943183189967,2.98708155824368e-06,1.66273352963088,2.40026565216355e-06,1.01981174379647,True,True,True,0.867638579932045,0.0013935338458124,0.774177959812937,0.0073560721731455,0.891254403958781,True,True,True,3.55703522867802,3.68921170398597e-05,3.53067131386052,4.85927993950145e-05,0.992309262539914,True,True,True,2.27721687459064,4.69577253347723e-05,1.63196656515734,0.0019353512810306,0.716335035245746,True,True,True,4,4,0.941781833249347,4_of_4,up,True,True,False,False,mixed,2.0,-0.658348477801497,1.23112246632152,False,False,False,True,True
OLFML2A,1.36733490787119,0.0023162425777385,1.65000921058279,0.0005467416418873,1.20585187229479,True,True,True,2.81589213289791,4.9480065148499e-07,2.08140407679578,4.58091353228926e-05,0.738900880331016,True,True,True,3.65472302422872,2.01732592154247e-08,3.55088547535578,3.07109834521165e-08,0.971322349046107,True,True,True,1.92384547256317,2.25944272248863e-06,1.75457112076229,9.80153096560834e-06,0.911538690129687,True,True,True,4,4,0.941430519587897,4_of_4,up,True,True,False,False,mixed,3.0,2.52659287292347,2.52659287292347,False,False,False,True,True
MRPL35,-0.648370894122741,0.0019283328948428,-0.796502460820058,0.0004394512983369,1.22657554877953,True,True,True,-1.71472036116976,1.76209639900057e-07,-0.867234853398366,7.50640966514811e-05,0.505463986454701,True,True,True,-0.820050684171856,0.0012246975644257,-1.05424352708445,0.0002765138954787,1.28401759770507,True,True,True,-0.994701984332607,7.93555653761257e-07,-0.652689925002207,6.92566666975399e-05,0.655507305672076,True,True,True,4,4,0.941041427225803,4_of_4,down,True,True,False,False,down,1.0,-0.486583871254592,0.486583871254592,True,False,False,True,True
TTLL7,1.67081286691838,0.0002179070842882,1.60518924022912,0.0003083940353911,0.960148873113971,True,True,True,0.762375165144928,0.0015693637922555,0.700521744355535,0.0067366741322887,0.917663786223043,True,True,True,2.88349335059753,0.0002043538211646,2.54964410900694,0.0006727687076407,0.883914018549835,True,True,True,1.08962588931022,0.0330698347678248,1.2246823184004,0.0211682044595413,1.12291696942475,True,True,True,4,4,0.938906329668507,4_of_4,up,True,True,False,True,down,2.0,-0.662494557484283,0.809377093835457,False,False,False,True,False
SEPTIN3,1.45958797280903,0.0053138815846857,1.52242139705947,0.0038896323231342,1.04233461140415,True,True,True,1.58809701214463,3.30052405892812e-05,1.25678049757628,0.0010608468400863,0.790877138381968,True,True,True,3.81062252091954,3.09889583845573e-05,3.26485210667225,0.0001564042894685,0.856551793561293,True,True,True,1.25129537244823,0.0001279928632846,1.27574765168772,0.0001754958422849,1.01872743424232,True,True,True,4,4,0.937639613901807,4_of_4,up,True,True,False,False,,,,,False,False,False,True,True
PLA2R1,2.73015601357484,0.0001795139832954,2.84271491968872,0.0001178733510887,1.0408467716818,True,True,True,5.32466806809381,4.39459411315088e-06,3.45394603481181,0.0010130180598602,0.648546997418873,True,True,True,2.3681823770484,0.0068208064449299,2.49357931740249,0.0051960638673555,1.05250627455243,True,True,True,4.24697280393608,2.72435914306691e-05,3.50978202947095,0.0003022441928346,0.826225164675928,True,True,True,4,4,0.933535968178864,4_of_4,up,True,True,False,False,up,1.0,1.984651682724848,2.3546226433243924,True,False,False,True,True
SEZ6L2,1.71800680394718,2.83809199772611e-05,1.89539145489669,1.11183215828329e-05,1.10260846585627,True,True,True,1.73568323271664,2.94185185715281e-07,0.897864177054047,0.000322978132704,0.516999392946027,True,True,True,1.6770508128315,1.96106244087116e-05,1.63423527720624,3.08915336623936e-05,0.973889029289091,True,True,True,1.01750399446672,1.13252423232336e-05,0.908313516243046,6.23283093655494e-05,0.891811442250289,True,True,True,4,4,0.93285023576969,4_of_4,up,True,True,False,True,up,2.0,1.51690937657126,1.51690937657126,True,False,True,True,False
UBA7,1.14386606201591,0.0002093258762101,1.23208287033184,0.0001055182481733,1.07618079634779,True,True,True,4.35405018564942,2.36928043800141e-06,3.01296486134058,0.0003533049915678,0.691832409019941,True,True,True,1.68905640760646,6.42154627357597e-05,1.90946530025592,2.80624454221698e-05,1.12982341397717,True,True,True,1.25177641048095,0.0002745270167413,0.984446704837842,0.0031451387851532,0.785811974588431,True,True,True,4,4,0.93099638546811,4_of_4,up,True,True,False,True,up,2.0,2.73973572800621,2.73973572800621,True,False,True,True,False
PLD3,1.31765398693925,5.00249161360761e-06,1.49671254899171,1.8774884851105e-06,1.1350305416099,True,True,True,1.81425888675369,1.67757623490088e-07,1.03053797448541,7.00677502848384e-05,0.567708541192363,True,True,True,0.901747711578671,0.0001415458158258,0.950886042349162,0.0001113884844802,1.05332423461513,True,True,True,0.761277693104343,9.84462459181205e-05,0.614641274189476,0.0009881090354855,0.806322000170799,True,True,True,4,4,0.929823117392965,4_of_4,up,True,True,False,False,up,1.0,0.627163849882241,0.627163849882241,True,False,False,True,True
LMF1,0.88410524260366,6.11807775114581e-05,1.14832243850839,6.05954284920562e-06,1.29738519583325,True,True,True,1.34905913949874,1.74459455199392e-05,0.729919912243739,0.0090520700557071,0.540657731864064,True,True,True,1.22796570419708,0.0040596926034234,1.56431977178552,0.0007043372914593,1.2728750415436,True,True,True,0.848455267400842,0.0012944402285783,0.498084228909808,0.0496952771343852,0.586357219767255,True,True,True,4,4,0.929616130655428,4_of_4,up,True,True,False,True,up,2.0,1.30243221319774,1.30243221319774,True,False,True,True,False
PDK2,0.736906063877549,0.0009015783749087,0.794468699934699,0.0004852629672195,1.07665289503101,True,True,True,1.10415532477714,8.23104998162689e-07,0.800150923871024,8.21751947057689e-05,0.724016711435905,True,True,True,1.03949758641439,0.0001331649059164,1.11597286659339,9.06868277525031e-05,1.07253767924546,True,True,True,0.881396664883861,0.0002262074112708,0.690212665571338,0.0027066004761912,0.782202260093744,True,True,True,4,4,0.927369969669602,4_of_4,up,True,True,False,False,none,0.0,0.421394874606708,0.421394874606708,False,False,False,True,True
ACP6,-0.507821404502705,0.0010171247004882,-0.604861163759031,0.0002705560102432,1.18874944805081,True,True,True,-1.56703523097916,9.87069229708535e-07,-1.09507019173507,8.08530027008878e-05,0.698370910359746,True,True,True,-0.858067120445368,0.0002908834976808,-0.940325725666539,0.0002054482820213,1.09458935546159,True,True,True,-0.96012448608998,0.0001284069910191,-0.724259678688037,0.0016682465945941,0.753554497018851,True,True,True,4,4,0.92407192624022,4_of_4,down,True,True,False,True,down,2.0,-0.910045762545761,0.910045762545761,True,False,True,True,False
FAM114A1,0.511496165493808,0.0028644251019682,0.473150604621878,0.0047852080343949,0.923227599500146,True,True,True,1.83567954513805,9.02252870026603e-06,0.94158303041401,0.0066611478320438,0.512655042577522,True,True,True,0.814801033016271,0.0017558191378376,0.829189825818097,0.0017829433172228,1.01641183604821,True,True,True,1.64299054383873,6.25259409136267e-08,1.51100754593524,2.3722852898419e-07,0.919109633323697,True,True,True,4,4,0.921168616411921,4_of_4,up,True,True,False,True,up,2.0,0.876574268855442,0.876574268855442,True,False,True,True,False
PDGFC,0.988378278670169,9.89558922591974e-07,0.842950549837763,3.39151637521957e-06,0.852000259163542,True,True,True,1.08830598508181,0.0005710613776385,0.674083033090841,0.0308561648792255,0.618818809703148,True,True,True,0.563695749724844,0.0102917483391388,0.557908699317098,0.0120592449265405,0.987981049244566,True,True,True,0.696718504434361,0.0002497080578328,0.832618403564326,7.60775822968788e-05,1.19334430471975,True,True,True,4,4,0.919990654204054,4_of_4,up,True,True,False,False,down,1.0,-0.146471095188109,0.146471095188109,False,False,False,True,True
NINL,0.843328876591417,0.0004046943581481,0.777474127464175,0.0007822982888364,0.920819065910505,True,True,True,0.776167426369608,2.99239622112262e-05,0.546121567323909,0.002125106437987,0.702707741979117,True,True,True,1.75044702278855,6.97864692702505e-05,1.60833260449824,0.0001806105470183,0.918287897705035,True,True,True,2.31578381452033,3.03404066173415e-05,2.38762348092629,3.75630548453985e-05,1.03057672708259,True,True,True,4,4,0.91955348180777,4_of_4,up,True,True,False,True,up,2.0,0.81118240977177,0.81118240977177,True,False,True,True,False
SESN3,1.80234837336395,0.0004286899674205,2.01957991090327,0.0001507601593397,1.1199055827111,True,True,True,1.38153918740684,3.46598408876326e-05,1.0424006339189,0.0015475800366401,0.753975470217289,True,True,True,3.06979913128214,0.0004533717320189,3.32940433809324,0.0002686087740257,1.08421430245199,True,True,True,2.29009683519376,1.36857890851546e-06,1.47197144328788,0.0002358476015788,0.642474565315959,True,True,True,4,4,0.919094886334639,4_of_4,up,True,True,False,False,down,1.0,0.114261947437862,0.829816356225666,False,False,False,True,True
GLIS2,1.18491335002688,0.0023743179096047,0.974732886039427,0.0094348576017072,0.821925890299939,True,True,True,0.596955633264892,7.38439667453727e-05,0.430657700649839,0.0032116875632816,0.720216813241492,True,True,True,0.69213644290179,0.0125792207167955,0.835847087073928,0.0042148468236591,1.20589112812289,True,True,True,1.07165271291708,5.94163788681406e-06,1.08952183298057,8.83904409995642e-06,1.01572654397863,True,True,True,4,4,0.918826217139284,4_of_4,up,True,True,False,False,up,1.0,0.167923347798206,0.175255838341113,True,False,False,True,True
THBS1,1.20214605760075,0.0006139743987095,1.15245198643176,0.0007702255187517,0.957865405576708,True,True,True,1.16038329266359,0.0004513779234278,1.02131030405932,0.0031221252759743,0.879391248790038,True,True,True,2.86846018449242,4.00874755895876e-05,2.42226382691482,0.0001745083792538,0.844153140721587,True,True,True,1.59818209731852,4.92390223227006e-07,1.72406728072725,3.79248116920899e-07,1.07809316000857,True,True,True,4,4,0.918628327183373,4_of_4,up,True,True,False,False,mixed,2.0,-0.720768560285707,1.58834611964573,False,False,False,True,True
BMPR2,0.613358408325864,0.0002052823844006,0.598251728271872,0.0002352718253008,0.973782925673821,True,True,True,0.976296362932313,6.07695889625689e-06,0.497734554110432,0.0055362873804426,0.509297458773931,True,True,True,0.994472209251936,2.83708764788786e-06,0.94221961887856,6.10779438636523e-06,0.946505196349586,True,True,True,1.57408806165878,4.08345433884143e-08,1.39636904437019,2.1492009878534e-07,0.886533952203044,True,True,True,4,4,0.916519574276315,4_of_4,up,True,True,False,False,up,1.0,0.821296103482412,0.821296103482412,True,False,False,True,True
OLR1,2.6111929801896,0.003445936668004,2.4653632855341,0.0052582320457559,0.943790640366531,True,True,True,3.38110775805232,9.68320241707156e-06,3.00173004968162,0.0001448238634126,0.887532350953315,True,True,True,3.33614507938227,0.0059063117735043,2.60504656531431,0.0307150329320553,0.780621310535448,True,True,True,3.80683358717101,2.50178936966935e-09,4.18868379390317,9.14419046045179e-10,1.10001755539299,True,True,True,4,4,0.915661495659923,4_of_4,up,True,True,False,False,up,1.0,2.4443110618692416,2.462390130889458,True,False,False,True,True
TMEM170A,-0.91315683752715,0.0005509884691496,-0.766554512403508,0.0018051121602093,0.838537197268124,True,True,True,-0.858806801149437,0.0001018079941078,-0.607265079392646,0.0036066335922349,0.706280851210784,True,True,True,-0.870436717110815,0.0003839527625401,-0.862850874016943,0.0005349829645919,0.990147485267389,True,True,True,-0.613208933099693,0.0084769837322323,-0.866214269540107,0.0012681288699741,1.41029252890972,True,True,True,4,4,0.914342341267756,4_of_4,down,True,True,False,False,none,0.0,-0.470369250315063,0.470369250315063,False,False,False,True,True
LYRM9,1.37632856019764,0.0009712097804714,1.60084088611006,0.0002620100458339,1.16227959861687,True,True,True,2.38740941646933,5.43464624021748e-05,1.41411906335875,0.0118471243254871,0.59207565235996,True,True,True,1.15408201322977,0.0212235220741582,1.13604199182552,0.0257371626161272,0.983516303443241,True,True,True,1.2784447049293,0.0019851176432365,1.07116375206013,0.010176892396665,0.837209883266757,True,True,True,4,4,0.910363093354999,4_of_4,up,True,True,False,False,up,1.0,1.6692971241031551,1.6692971241031551,True,False,False,True,True
EDN2,5.30038487367903,2.02309158460845e-05,5.65940829590695,9.94063283146244e-06,1.06753394268835,True,True,True,5.0041371252619,5.06269776099684e-05,3.81128477774182,0.001903535171576,0.761474597470172,True,True,True,1.96516063076387,0.000665413485796,1.82423992519705,0.0013995833957086,0.927818356574619,True,True,True,2.28355798515895,8.23544417931842e-05,2.0237312139048,0.0004242365306234,0.885830531355061,True,True,True,4,4,0.90682444396484,4_of_4,up,True,True,False,True,up,2.0,3.7667567189461,3.7667567189461,True,False,True,True,False
ATP10D,0.853348447797523,0.0013377049513439,1.02528612666123,0.0003041121485021,1.20007958029815,True,True,True,1.02788924182928,0.0001297532864026,0.711601474076302,0.0061827997748435,0.691621065850716,True,True,True,1.05025603966762,0.0076047819337873,0.817642100841139,0.0339121408409054,0.777776364642487,True,True,True,1.65846073894012,7.78207931707283e-06,1.71068456058811,9.80153096560834e-06,1.03086775146046,True,True,True,4,4,0.904322058051473,4_of_4,up,True,True,False,False,none,0.0,-0.1732117984051,0.476712938973868,False,False,False,True,True
C1R,2.27094130113636,2.33985005092272e-05,2.22295244591645,2.62582569548688e-05,0.978437446779366,True,True,True,5.31103428325219,0.0002465465635143,4.06258140020201,0.0053596324837017,0.764788249392617,True,True,True,2.96502538294796,0.0021756118839912,2.85018770128262,0.0032650813705178,0.960945148233962,True,True,True,2.58923984811436,0.0029323623492,2.19170238947835,0.0131523619484057,0.846138781732457,True,True,True,4,4,0.903541964983209,4_of_4,up,True,True,False,False,mixed,3.0,1.32797736337373,1.87977715400095,False,False,False,True,True
RPS26,-1.61572118754038,3.44237861904242e-06,-1.68895133126845,2.37097437928843e-06,1.0446769327233,True,True,True,-1.02315762282046,6.38548203819744e-07,-0.594102727154953,0.0002740435420174,0.580089152213538,True,True,True,-0.776943083655538,0.0003813860269108,-0.799824838169023,0.0003585477098046,1.0281277062207,True,True,True,-0.929686266016692,4.84561783852183e-07,-0.723442353901007,9.51262265554433e-06,0.777321402836766,True,True,True,4,4,0.902724554528733,4_of_4,down,True,True,False,True,down,2.0,-0.632454561611964,0.632454561611964,True,False,True,True,False
TTLL1,1.19486927175967,0.0001009335854193,1.42300750377163,1.99299173790621e-05,1.18993567054176,True,True,True,1.39772103711251,0.0001464386592214,1.01004463014538,0.0059629764602144,0.722120139288457,True,True,True,2.35560984193602,4.63702926388912e-05,2.55086425723161,2.83964447809013e-05,1.08242960367848,True,True,True,1.30551369375053,5.73133549292888e-05,0.688578199848741,0.017719906758318,0.527034812679292,True,True,True,4,4,0.902274871483469,4_of_4,up,True,True,False,True,up,2.0,1.86210368306164,1.86210368306164,True,False,True,True,False
DNAJB4,1.15607767845113,2.09801442741591e-05,1.09154720338747,3.18371362969299e-05,0.943365535189151,True,True,True,0.938162215984184,0.0003974203925298,0.762754296266409,0.0050909607471472,0.812164590189661,True,True,True,1.05026500020738,2.31494721800594e-05,1.02400346984197,3.6682759047218e-05,0.974067879782898,True,True,True,0.798982900252826,0.0069561732995608,0.68743638067349,0.022515523840662,0.859313843403694,True,True,True,4,4,0.901339689296422,4_of_4,up,True,True,False,False,none,0.0,0.0580712521203219,0.0653332648080127,False,False,False,True,True
ATP6V0A4,2.07824469625729,0.0001121829751309,1.94108251638251,0.0002062014114091,0.933551745918373,True,True,True,0.859812965518288,0.0003503415354959,0.596620926075635,0.0129848653394152,0.693090078768057,True,True,True,2.59880951822771,0.0219555655303006,3.25683079884404,0.0055019546498308,1.25271900730028,True,True,True,1.17988381878114,0.0159051393928948,1.01113698223816,0.0450161896446998,0.856254413987834,True,True,True,4,4,0.894903079953103,4_of_4,up,True,True,False,False,mixed,2.0,1.04917620735045,2.50047008024943,False,False,False,True,True
DOCK11,1.00950821543867,0.0003944948451672,1.09775866045832,0.0001897395804457,1.08634313277876,True,True,True,2.61269248505097,3.44394337775436e-07,1.86363873853882,3.9720490371711e-05,0.713029076372952,True,True,True,4.60561167255693,0.0003324475720131,4.95028713981573,0.0002145338976233,1.07460482708065,True,True,True,1.86196151790794,2.3002800455145e-06,1.0792340159782,0.0007881902958153,0.579310954952066,True,True,True,4,4,0.893816951726801,4_of_4,up,True,True,False,False,mixed,2.0,1.00086160736243,1.00086160736243,False,False,False,True,True
LRP1,1.9293119099697,7.59325635612642e-05,2.05606780164847,4.18369223108383e-05,1.06514796444516,True,True,True,2.84244483208593,2.38690522631843e-07,1.47955472087204,0.0002622592959071,0.520338817260137,True,True,True,2.59962233863557,6.3441517935128e-07,2.77129911476718,5.27354932042768e-07,1.06562920482378,True,True,True,2.24819139602674,2.45764239993587e-07,1.62216893431824,1.18892700498151e-05,0.721223163659548,True,True,True,4,4,0.893185564052354,4_of_4,up,True,True,False,True,up,2.0,0.996454174851538,0.996454174851538,True,False,True,True,False
TLCD5,1.26415649766575,0.0002019959940495,1.21814810238093,0.000277085706158,0.962843809938492,True,True,True,1.05068036676701,0.0002983397838898,0.801736955625606,0.0066113113005056,0.762338996676567,True,True,True,1.14288534680048,0.0007088615129461,1.05993678247585,0.0015618762561634,0.926611032688338,True,True,True,1.64285773908906,3.68054399938e-06,1.41228679646657,3.59319703823307e-05,0.859129572397904,True,True,True,4,4,0.892870302543121,4_of_4,up,True,True,False,False,,,,,False,False,False,True,True
SUSD2,3.64629938568791,0.000270141451115,4.95744563625463,1.77222880223722e-05,1.35920995564767,True,True,True,4.26951246705754,1.91578050583766e-06,2.94095157348055,0.0003192564075893,0.688664790506259,True,True,True,2.54928829568793,0.0005954314246216,2.55698819560804,0.0006921299046826,1.00262711471932,True,True,True,5.46573159887361,4.49379212571866e-05,4.2704610229615,0.0005947772016676,0.781172615798699,True,True,True,4,4,0.89189986525901,4_of_4,up,True,True,False,False,mixed,2.0,-0.330637039818747,0.722024351259346,False,False,False,True,True
PALM,2.52356479211972,7.42122563888556e-07,2.63668251233195,6.0546622151314e-07,1.04441071212044,True,True,True,2.80443900222263,5.71831084742873e-06,2.18123610228098,0.0003103310319695,0.77750259426524,True,True,True,4.88078794600814,1.06032192568513e-06,4.90088472468877,1.38701162381717e-06,1.00391184109016,True,True,True,1.85961536706853,1.16516857864218e-06,1.37392911470389,5.68165578850376e-05,0.738427263915684,True,True,True,4,4,0.8907072176777,4_of_4,up,True,True,False,True,up,2.0,1.3496416859502,1.3496416859502,True,False,True,True,False
KRTCAP3,-2.31019434122619,8.96403686188937e-05,-2.07207295038405,0.0001672433700348,0.896537739567467,True,True,True,-1.27426781497694,5.14723913687692e-07,-0.901418369300333,3.91649122713396e-05,0.706846325700326,True,True,True,-1.94060451910054,0.0001286391175574,-1.71688447434361,0.0003301801598133,0.884260650124036,True,True,True,-0.505314274417374,0.0020507951215573,-0.521558520691815,0.0023001033937696,1.03010826880594,True,True,True,4,4,0.890399194845751,4_of_4,down,True,True,False,False,down,1.0,-0.0464465148986637,0.280129315725421,True,False,False,True,True
MAPKAPK3,-0.651291400089941,0.0002318289660062,-0.656552064882621,0.0002065071737859,1.00653184265819,True,True,True,-0.955484049130487,5.97495688847867e-07,-0.619037489860785,0.0001105043313173,0.647201059362709,True,True,True,-1.08864882736447,6.49404747346749e-06,-0.895023041596303,3.8812159616075e-05,0.821386688187507,True,True,True,-1.28761038524279,2.26662108395939e-06,-1.23598535875367,5.59102386127272e-06,0.959161413650097,True,True,True,4,4,0.890274050918802,4_of_4,down,True,True,False,True,down,2.0,-0.970138485251553,0.970138485251553,True,False,True,True,False
GBP1,1.42562267402628,0.0006134447987829,1.30944030143731,0.0011485623997919,0.91786029009461,True,True,True,4.24712235413832,4.76807880488419e-06,3.65800064649544,0.0001056968860494,0.861086461629804,True,True,True,1.53146314493088,0.0001924679936908,1.10693821089408,0.0027639591800183,0.722326154828348,True,True,True,1.9420667746282,1.84092799524796e-06,2.05837523032696,1.65487507432714e-06,1.05934353734232,True,True,True,4,4,0.889473375862207,4_of_4,up,True,True,False,False,mixed,3.0,2.81471400358508,2.81471400358508,False,False,False,True,True
TMEM170B,3.00644559413754,4.53074531168019e-06,3.00462345351554,4.30742231577144e-06,0.999061615402952,True,True,True,0.644429051371927,0.0024680267185018,0.500074880712024,0.0246379408906666,0.774794502430689,True,True,True,2.53015931423343,6.20000065569541e-06,2.58230083721297,7.77654688263161e-06,1.0202047823272,True,True,True,1.40692815634194,3.18365279564868e-05,0.753160674210287,0.0116417832273255,0.534942547187307,True,True,True,4,4,0.88692805891682,4_of_4,up,True,True,False,False,up,1.0,0.188432449621312,0.448709059688311,True,False,False,True,True
CTSA,0.75056290378515,0.0021540691056058,0.90593009064194,0.0005052831247813,1.20539489918853,True,True,True,1.83583539363393,6.41289886279079e-07,0.945025912329582,0.0008025837853183,0.514485900916781,True,True,True,1.66683392640393,1.80238114061235e-05,1.64895578800513,2.40656023224169e-05,0.988681044257504,True,True,True,1.03939150057406,3.60795056737587e-08,0.815991700686165,6.43698771994581e-07,0.784312155795124,True,True,True,4,4,0.886496600026314,4_of_4,up,True,True,False,True,up,2.0,1.15389039167626,1.15389039167626,True,False,True,True,False
RRP15,-0.808038823912392,0.0001767265745265,-0.73649116669554,0.0003483301694531,0.910328583656811,True,True,True,-1.66477122834595,1.15735397783596e-06,-0.888162548399221,0.0005231039282317,0.533183989065014,True,True,True,-0.577906283054237,0.0454382711483045,-0.745867145887395,0.0167171164614573,1.28840741190835,True,True,True,-0.848792977740216,0.001647151915084,-0.732641003627101,0.005806336611375,0.862140571666469,True,True,True,4,4,0.88623457766164,4_of_4,down,True,True,False,True,down,2.0,-0.916788816507424,0.916788816507424,True,False,True,True,False
FAM234A,0.986563998961537,7.39480153496679e-06,1.10669590198846,2.86402891367528e-06,1.12063208374566,True,True,True,0.633141991231345,5.02445006974506e-05,0.519446295455522,0.0009425922975257,0.819132469759474,True,True,True,0.753866060297883,0.000400127189503,0.60216822019712,0.0024749872390328,0.797715319138198,True,True,True,0.676747403556102,9.26385556904655e-05,0.645602639175173,0.0002309180488293,0.952571172958735,True,True,True,4,4,0.885851821359104,4_of_4,up,True,True,False,False,,,,,False,False,False,True,True
MYLK4,1.18606077538191,0.000364468270512,1.13528980623722,0.0005309536827672,0.956387263214865,True,True,True,1.40272594388057,0.0033223944787523,1.05814520959991,0.0358697612257565,0.753811820756615,True,True,True,2.2074373533322,0.0064364207223979,1.79976743605281,0.0260292389930924,0.81495064070404,True,True,True,1.04807478566781,0.0165912189457273,1.16208069069282,0.0107299599070423,1.10771958926939,True,True,True,4,4,0.885668951959452,4_of_4,up,True,True,False,False,none,0.0,0.338374448451157,0.416469719806801,False,False,False,True,True
AMMECR1,-0.513777235476522,0.0012989156950618,-0.620782914013493,0.000319522377597,1.20592534251994,True,True,True,-0.771813554241652,5.46884436482675e-05,-0.626100427756868,0.0010115957819367,0.810157151515347,True,True,True,-0.957319566821844,1.91378769180322e-06,-0.920451743608139,3.37630216102849e-06,0.960485182057495,True,True,True,-0.77553857885851,4.15849163734016e-05,-0.615616990824504,0.0004817183017238,0.792770646024366,True,True,True,4,4,0.885321166786421,4_of_4,down,True,True,False,True,down,2.0,-1.32618994740006,1.32618994740006,True,False,True,True,False
HEG1,1.67385709293229,1.90995091906598e-07,1.41725913366666,5.98470603132977e-07,0.846197051466263,True,True,True,4.2860308695603,3.3981278479919e-07,3.60790123379338,1.08286276947904e-05,0.841585083842287,True,True,True,3.11551740675202,2.10331282244842e-06,3.16726420124814,2.50953112669456e-06,1.01628317377152,True,True,True,3.20434595543307,6.28349525910112e-06,2.96032765279704,2.3189876011714e-05,0.923559482800687,True,True,True,4,4,0.884878267133475,4_of_4,up,True,True,False,True,up,2.0,0.510113683704178,0.510113683704178,True,False,True,True,False
GASK1B,2.37784527107096,3.88709266797276e-06,2.23438849738273,5.99613663482119e-06,0.939274413748148,True,True,True,4.51537255538303,3.36330872941516e-05,3.52988539014721,0.0011227267295374,0.781575334377578,True,True,True,3.62575305534984,5.80515269918206e-05,3.54782667267038,8.81195045964324e-05,0.978237729044431,True,True,True,2.05171337419785,2.50178936966935e-09,1.70467085315625,1.84972405369071e-08,0.830447579571305,True,True,True,4,4,0.884860996659727,4_of_4,up,True,True,False,False,,,,,False,False,False,True,True
RETREG1,2.42224571244509,5.61022894953403e-05,2.60585465852636,2.6558881113552e-05,1.0753571728791,True,True,True,3.9658911876233,2.68467604936802e-06,2.670087675279,0.0004829232976701,0.673093248337558,True,True,True,1.86795013741507,0.0140576107792147,2.22549071381577,0.0047360972808377,1.19077051295431,True,True,True,3.33234247884605,9.36453537455816e-09,2.30239161313396,6.9623370184009e-07,0.690715588855728,True,True,True,4,4,0.883036380867414,4_of_4,up,True,True,False,False,,,,,False,False,False,True,True
BOC,4.29911951767431,0.001860519517486,3.10466141762351,0.0190889897453577,0.721994215477677,True,True,True,2.32615423128526,4.36008125746146e-05,1.37952949868033,0.0103510904995953,0.59279676444927,True,True,True,3.20438201251152,0.000291823181395,3.34281991531774,0.0002406444891239,1.04287723031756,True,True,True,1.65328619941937,0.0227130551300069,1.78494801427386,0.0175041963970728,1.07898380274245,True,True,True,4,4,0.882435722897619,4_of_4,up,True,True,False,True,up,2.0,1.40654942114735,1.40654942114735,True,False,True,True,False
B3GNT5,-0.78218215557067,0.0003250799075022,-0.783983856373154,0.0003124056530784,1.00102364538924,True,True,True,-2.41238130075394,2.95714440575614e-07,-1.70220649605932,1.54793306958497e-05,0.705320164504279,True,True,True,-0.97223579596535,0.0001827682911422,-0.818868002178573,0.0007510649859718,0.841387057045451,True,True,True,-1.41958126327838,4.34759082110881e-07,-1.30577613375182,1.51894375006758e-06,0.919184398320434,True,True,True,4,4,0.880285727682943,4_of_4,down,True,True,False,True,down,2.0,-1.15435002976863,1.15435002976863,True,False,True,True,False
ATP2C2,-3.67436008357456,1.85550078734061e-05,-3.85979080383133,1.68706419694031e-05,1.05018031323815,True,True,True,-1.52534460467448,6.61471334073447e-06,-1.17731800563034,0.0001967294442674,0.771331717637528,True,True,True,-1.21724285113933,0.0024689328081042,-0.802256027567679,0.0227650206420386,0.658535387108892,True,True,True,-0.858399502172999,0.0387428705935763,-0.849844396838559,0.0470788306874663,0.988881648976664,True,True,True,4,4,0.880106683307096,4_of_4,down,True,True,False,False,none,0.0,0.319096649543962,0.332435757823478,False,False,False,True,True
HEXA,0.951372297898541,1.88467095778326e-05,1.02041386565657,9.12938483129535e-06,1.071444295375,True,True,True,1.0842251828013,3.61419685860599e-07,0.619243047861262,0.0002026058786965,0.570612493770929,True,True,True,0.806171140078312,9.37441032528952e-06,0.79961674123734,1.39575094345682e-05,0.990640895758192,True,True,True,0.681647068575436,1.47053985147982e-05,0.52332105272243,0.0002967211928488,0.766605581145333,True,True,True,4,4,0.878623238451762,4_of_4,up,True,True,False,False,up,1.0,0.4406618956521,0.4406618956521,True,False,False,True,True
DCLK2,1.44830189859837,0.0035977771678584,1.21364612803688,0.012134356416876,0.837400495514845,True,True,True,5.46812201159604,1.90250074126129e-06,3.81651224233639,0.0002681966746922,0.697829054507165,True,True,True,4.99718770583658,1.83309470937975e-05,4.59710970913897,4.85038755274009e-05,0.91975531526572,True,True,True,6.62387934774436,0.0008445676516836,6.10519938781385,0.0023093660810607,0.921556313307434,True,True,True,4,4,0.878577905390282,4_of_4,up,True,True,False,False,up,1.0,0.368131807600226,0.368131807600226,True,False,False,True,True
FADS3,3.02637401154556,9.53563377027006e-07,3.17312203424525,7.63071940392792e-07,1.04814338173739,True,True,True,0.965730674904755,3.34322245966643e-05,0.646321627924488,0.0030233292119195,0.668564311345728,True,True,True,1.76564603274967,6.3441517935128e-07,1.58282440783578,2.53386327957868e-06,0.895948808359882,True,True,True,1.10354288779064,1.23343271221781e-06,0.950853536975815,1.0249026817775e-05,0.860857054521222,True,True,True,4,4,0.878402931440552,4_of_4,up,True,True,False,False,up,1.0,0.799816905829842,0.799816905829842,True,False,False,True,True
MAN2B2,1.08094775904091,5.80157166394934e-05,1.0846143457984,5.31483856686098e-05,1.0024646169237,True,True,True,1.29508765896358,3.25159517834592e-07,1.05414922251754,1.23459304161575e-05,0.813331733565377,True,True,True,0.910124512655583,0.0057343993358933,0.821803430889391,0.0119899095573964,0.90196610833589,True,True,True,0.727057033381896,5.93286615958589e-05,0.618630926320725,0.0004207079572067,0.849701188170828,True,True,True,4,4,0.875833648253359,4_of_4,up,True,True,False,False,none,0.0,0.432855181778137,0.432855181778137,False,False,False,True,True
KLHDC8B,0.967186249231765,0.0005891581163772,1.08905774803541,0.0002134956190247,1.1248432302148,True,True,True,1.36400865571286,0.0001738494673351,0.84254379342894,0.0174040186819647,0.617244286256142,True,True,True,1.8327337259827,0.0001229992730251,1.97526059802731,7.92245931967133e-05,1.07717961994115,True,True,True,1.709379491634,0.0015158799210914,1.14594673992569,0.0323043104472034,0.66999560362532,True,True,True,4,4,0.873587611783235,4_of_4,up,True,True,False,True,up,2.0,1.222152791168708,1.222152791168708,True,False,True,True,False
PNMA2,3.06952578465972,2.78394363755802e-05,3.07748128773542,2.47192103411807e-05,1.00226524822245,True,True,True,0.7552376270059,0.0009320947122662,0.550261315064721,0.0175951127484639,0.72763017259974,True,True,True,0.770174393343217,0.0006485519917822,0.765275300117475,0.0008098807010266,0.992350506867625,True,True,True,3.23977737494098,3.97779105226715e-07,2.42481008027959,1.81114325440276e-05,0.748218652422476,True,True,True,4,4,0.87028457964505,4_of_4,up,True,True,False,False,mixed,3.0,1.03131766242634,1.20475380412806,False,False,False,True,True
ZNF517,0.977534112888539,0.0019462632235757,0.960449962495825,0.0022539061797255,0.981519141586867,True,True,True,1.08674667799339,7.66286732156189e-07,0.667658437138759,0.0003216980499522,0.613799564408154,True,True,True,1.61739115763718,0.0002284021428501,1.72721551038476,0.000156631971201,1.06724230556626,True,True,True,1.30325635216726,0.0001052946799376,0.989859094591547,0.0020154481329201,0.758945197350747,True,True,True,4,4,0.870232169468807,4_of_4,up,True,True,False,True,up,2.0,1.25232181028441,1.25232181028441,True,False,True,True,False
EPB41L4B,-2.75325254974814,5.28734330495776e-06,-2.60119578249665,6.45355415357679e-06,0.944428927817282,True,True,True,-0.862080607121583,0.0001030225975576,-0.572578110846589,0.0052860631854867,0.663412091665651,True,True,True,-1.63574171840149,1.10720143533976e-05,-1.42712320853437,3.84147689730294e-05,0.871929390257223,True,True,True,-1.11741764409794,1.77515611339557e-07,-0.968588681799135,1.06868858826675e-06,0.866034872491976,True,True,True,4,4,0.8689821313746,4_of_4,down,True,True,False,False,down,1.0,-0.419435634418837,0.419435634418837,True,False,False,True,True
SORT1,2.74684083513292,2.04903528022228e-07,2.59827996928585,3.53394331056832e-07,0.945571496014311,True,True,True,0.747903936944564,8.05984357368723e-07,0.945054738435972,1.18871098265925e-06,1.26191717230341,True,True,True,0.674334566168181,0.0019194887789175,0.530359559390548,0.0101676628201647,0.785328614822406,True,True,True,1.60686242602837,1.07482324647505e-07,1.22638105135919,3.13116523295495e-06,0.762740040134224,True,True,True,4,4,0.865450055418359,4_of_4,up,True,True,False,False,none,0.0,0.322096914989094,0.36398379304162,False,False,False,True,True
FGFR3,1.00500291610882,0.0003906903165494,0.956988661915837,0.0006037284063945,0.951278218573592,True,True,True,2.30573408694393,3.93145728314839e-06,1.79064922319251,0.0002225423858321,0.776270326661209,True,True,True,1.58407844589996,0.0005749961776441,1.5360758936871,0.0008792423749452,0.969085093334269,True,True,True,0.915582196882902,0.0006316858564865,0.58107293381824,0.0206954983316355,0.633956164318207,True,True,True,4,4,0.8637742726174,4_of_4,up,True,True,False,False,mixed,2.0,0.262106050349692,0.692178454924326,False,False,False,True,True
MFGE8,1.35924037519038,2.30279756927201e-05,1.36309987077612,2.02096901376953e-05,1.00210219872744,True,True,True,1.61618380027249,2.60026863598445e-06,0.827169461162376,0.0035560538023238,0.511487600248655,True,True,True,2.47277340739162,9.16479684664085e-06,2.37645979735416,1.76943544425393e-05,0.960661873983006,True,True,True,1.69289966065548,3.64366902101097e-08,1.274220488755,1.00024386399855e-06,0.752240831231952,True,True,True,4,4,0.856451352607479,4_of_4,up,True,True,False,True,up,2.0,1.79588595728707,1.79588595728707,True,False,True,True,False
ITGB8,0.988207719790326,0.0022939976412052,1.08761848526069,0.0010814854660842,1.09948442930796,True,True,True,1.28495870857682,4.71442348608627e-06,0.876848981545912,0.0006648676757866,0.681864025413637,True,True,True,3.17104916563281,7.72299099069899e-05,3.11917334719535,0.000111456030203,0.98333070653181,True,True,True,0.98702394952848,0.0008343305791384,0.717941265241388,0.0122074758231607,0.726643585496095,True,True,True,4,4,0.854987146013952,4_of_4,up,True,True,False,False,mixed,3.0,1.64515109912675,1.64515109912675,False,False,False,True,True
CTSF,1.6887824956861,1.57763853723487e-05,1.96099449904012,4.41292203872747e-06,1.16050113197788,True,True,True,3.26100721212977,2.71417649352458e-06,1.7046852706308,0.0033948391638584,0.522587830061175,True,True,True,1.92689324539226,9.57970188687252e-06,1.92803793812262,1.3864552205945e-05,1.00007505225235,True,True,True,2.14771711269278,3.76631814569238e-08,1.52145937100108,2.90144815222721e-06,0.708078025726887,True,True,True,4,4,0.854076538989619,4_of_4,up,True,True,False,True,up,2.0,1.59786519554678,1.59786519554678,True,False,True,True,False
PLAU,-0.72373229460869,0.0005856443720096,-0.574239780753456,0.0029806246632501,0.792347443359771,True,True,True,-0.5743270593019,0.0079337637033883,-0.526073415978649,0.0225668227958673,0.914390184631651,True,True,True,-0.720401846980293,0.0018343471787978,-0.676366588784713,0.003052002331261,0.937572577081563,True,True,True,-2.14859379667479,1.65753521385583e-05,-1.6081250310185,0.0002133966691959,0.748106471793002,True,True,True,4,4,0.853368813995711,4_of_4,down,True,True,False,False,up,1.0,0.342266584121325,0.342266584121325,False,False,False,True,True
BTN3A3,0.819904656615313,0.0076280473765822,0.954269746315146,0.0026595503862806,1.16246111972335,True,True,True,2.8587550034957,1.24602251165328e-05,1.50588159827527,0.0093167366627472,0.526577135605852,True,True,True,0.81267734468106,0.0165353783575059,0.84195583635664,0.0150716387477844,1.03475393761475,True,True,True,1.71212864637224,3.93269470700186e-06,1.1411004982834,0.0004147879728796,0.666091540001868,True,True,True,4,4,0.850422738808309,4_of_4,up,True,True,False,True,up,2.0,2.62389672417083,2.62389672417083,True,False,True,True,False
NIP7,-0.727572297343142,0.0011621753160019,-0.741762595821038,0.000997036302414,1.01810430965602,True,True,True,-1.33582505831402,2.06040205127982e-06,-0.794907136728919,0.0005237338110719,0.594623157147759,True,True,True,-0.869601755239876,0.0008237840974739,-0.787965262345923,0.001909889554724,0.905081178166033,True,True,True,-0.886262826985536,0.0004993122458362,-0.705013567964665,0.003589022408046,0.794593830060411,True,True,True,4,4,0.849837504113222,4_of_4,down,True,True,False,True,down,2.0,-0.63111571846532,0.63111571846532,True,False,True,True,False
KCNK15,5.62559220251531,0.0039817691443455,5.84181299083525,0.002905184819391,1.03825064631905,True,True,True,5.03075951724808,6.96091816752786e-06,4.00998290342918,0.0002905736601859,0.796934529498795,True,True,True,4.4074572126847,0.0208193963750806,3.97236808165807,0.0389241064560162,0.90107896935648,True,True,True,4.49878428359917,8.22208686801499e-05,2.73063234709238,0.0101860624795179,0.606836278140043,True,True,True,4,4,0.849006749427637,4_of_4,up,True,True,False,True,up,2.0,3.20699288490896,3.20699288490896,True,False,True,True,False
MAPK13,-2.98032984255986,1.90995091906598e-07,-3.10287748453147,1.89708287565384e-07,1.04076960564258,True,True,True,-2.29117320457117,4.69452966305469e-08,-1.82022761391578,9.46878877380673e-07,0.794105615703817,True,True,True,-1.77529963605785,8.11875109010901e-05,-1.27836855884267,0.0007406225512905,0.719680696258971,True,True,True,-1.70548221507992,3.5289477719420804e-09,-1.54125126278329,9.938710454401021e-09,0.903174524271915,True,True,True,4,4,0.848640069987866,4_of_4,down,True,True,False,False,down,1.0,-0.351406325657789,0.351406325657789,True,False,False,True,True
ATRN,1.00630216493776,5.35478256184519e-06,1.08614030885392,2.76667911222859e-06,1.07826662808873,True,True,True,0.766384650760132,2.77474960988182e-06,0.499400351352985,0.0005117533097346,0.650782304361059,True,True,True,0.551959721092606,0.0003285106057999,0.557070835577472,0.0003526524746572,1.00743474493358,True,True,True,0.980697452629449,3.71822746039622e-07,0.675220983236949,3.125373979061e-05,0.687809651974128,True,True,True,4,4,0.847622198453854,4_of_4,up,True,True,False,True,up,2.0,0.854640601309957,0.854640601309957,True,False,True,True,False
HGSNAT,0.971136112814023,5.52461710024471e-05,1.03124778453924,3.02189220974923e-05,1.06080596219608,True,True,True,0.939780106329542,2.13713531260114e-05,0.68220429964033,0.0013082002206889,0.725147454809555,True,True,True,1.36622819796018,3.76717938034129e-06,1.17452414960922,1.84584125836131e-05,0.859054948809231,True,True,True,0.819824505122947,5.77795865643103e-06,0.685192409835923,6.43378959413609e-05,0.834761152425989,True,True,True,4,4,0.84690805061761,4_of_4,up,True,True,False,True,up,2.0,1.40295551213834,1.40295551213834,True,False,True,True,False
RPIA,-0.571452041187532,0.0015497273026099,-0.659162042149936,0.0005929886544629,1.15147120583678,True,True,True,-1.08206083079578,1.29225111744407e-06,-0.610390336398013,0.0004999229300338,0.563578996712057,True,True,True,-0.829012860900963,0.0003205600571394,-0.653776514594944,0.0019663145075752,0.787670342704428,True,True,True,-0.956101030953225,6.57013138799852e-06,-0.866429105622237,2.68646036720918e-05,0.905263997844947,True,True,True,4,4,0.846467170274688,4_of_4,down,True,True,False,True,down,2.0,-0.932692392203631,0.932692392203631,True,False,True,True,False
CYBRD1,3.64086624790741,0.0005535704802466,3.39290288744609,0.0009848902190618,0.931638521704532,True,True,True,2.88579386731466,1.93272407765835e-07,2.0149547339135,1.86098495292625e-05,0.69799051353391,True,True,True,3.24819214405884,0.0007806028339677,3.74819902104516,0.0002690715743628,1.15357875276744,True,True,True,4.65704870263685,1.15780540096789e-08,3.54446963355526,3.13805775411103e-07,0.760934429807226,True,True,True,4,4,0.846286475755879,4_of_4,up,True,True,False,False,up,1.0,0.81641008326414,0.81641008326414,True,False,False,True,True
GRK3,-0.729592812115386,0.010135700222577,-0.930590222040653,0.0025461284565766,1.27374675278585,True,True,True,-1.00787371643678,0.001061062649387,-0.607764996666314,0.0337390295007083,0.60241929863419,True,True,True,-0.667033275673686,0.0025136297368878,-0.663540432911939,0.0031607208099479,0.993274522504562,True,True,True,-1.09740757287122,2.14646855740293e-05,-0.761823646386918,0.0006570359678617,0.693571006976512,True,True,True,4,4,0.843422764740537,4_of_4,down,True,True,False,False,,,,,False,False,False,True,True
GPC4,3.04175238004191,1.21039380532693e-07,2.85174378301243,1.41249622720782e-07,0.937225060349193,True,True,True,2.37259621157319,3.61419685860599e-07,1.46573953012872,0.0001261392640564,0.61751848228526,True,True,True,5.65880423391551,0.0075998509452754,5.38178020117149,0.0111734274845232,0.95087744712476,True,True,True,1.54870723552419,3.08559808324363e-06,1.16023908754574,9.37791217177798e-05,0.748682758232905,True,True,True,4,4,0.842953909291049,4_of_4,up,True,True,False,True,up,2.0,2.08443248915357,2.08443248915357,True,False,True,True,False
POU2F1,-0.764095277324938,0.0004250989509298,-0.800061440129459,0.0003031382327449,1.04570171041543,True,True,True,-1.22957775023225,9.56736787962594e-06,-0.644211876228424,0.0036201116369971,0.523503595044556,True,True,True,-0.558495123691237,0.0020248152816582,-0.841487191376401,0.0001449507963338,1.50401166291627,True,True,True,-0.722156516388252,0.0003214990378439,-0.460725083874882,0.0103243733411228,0.637102858695012,True,True,True,4,4,0.841402284555221,4_of_4,down,True,True,False,False,down,1.0,-0.222265231430669,0.222265231430669,True,False,False,True,True
FILIP1L,3.42992584488462,7.70761284222238e-07,3.4584298887831,7.67105380501926e-07,1.00801650782965,True,True,True,2.20582694279251,3.47925435062722e-05,1.50826052707052,0.0028841826776043,0.683452108465729,True,True,True,5.04924466739481,4.37067599737366e-06,4.56564028384531,1.3864552205945e-05,0.904043384931787,True,True,True,3.34042408105976,3.57815712760369e-05,2.60089011336715,0.0005025058797365,0.778377736639241,True,True,True,4,4,0.841210560785514,4_of_4,up,True,True,False,False,mixed,3.0,3.25820981650229,3.25820981650229,False,False,False,True,True
NT5E,-4.14299773511465,5.730311373193e-07,-3.97404067275686,7.46915657734043e-07,0.958987172961597,True,True,True,-1.36266390766524,3.98068812866835e-07,-1.38148254875905,3.55439183233087e-06,1.01306673953432,True,True,True,-1.91956641947269,2.78905070901502e-05,-1.38497212737735,0.0003423643707667,0.721126909923588,True,True,True,-1.61935978152895,3.65603862473969e-08,-1.03882832613192,4.05019924640619e-06,0.641109670811315,True,True,True,4,4,0.840057041442593,4_of_4,down,True,True,False,False,mixed,3.0,-0.885623645887991,2.29165161190844,False,False,False,True,True
LHFPL6,1.61716351090188,0.0077246730087815,1.27391659388829,0.0320571810762827,0.787260734348333,True,True,True,1.12703376668399,8.95775639943775e-05,0.927663613029491,0.0016405063205641,0.822372202346819,True,True,True,2.90840473771279,0.0006071574081376,2.77741643807438,0.001032358496654,0.954633916028414,True,True,True,2.01376152780278,3.87952733974753e-06,1.72674959170366,3.7075318697048e-05,0.857049118655142,True,True,True,4,4,0.839710660500981,4_of_4,up,True,True,False,False,,,,,False,False,False,True,True
CCT7,-0.798038893838166,3.36831474398151e-05,-0.881887599624608,1.29046822270432e-05,1.10368544813692,True,True,True,-1.69959118920186,8.66193522259917e-08,-0.976775177842065,2.00487265150867e-05,0.574373890705911,True,True,True,-0.57935027333887,0.0006139983271278,-0.597557654490457,0.0005502080468206,1.0296499923272,True,True,True,-0.79380824022311,1.85271596919683e-06,-0.515969475638451,0.0002088352526677,0.649174794027819,True,True,True,4,4,0.839412393177509,4_of_4,down,True,True,False,True,down,2.0,-0.854252908679483,0.854252908679483,True,False,True,True,False
ARPC1A,-1.11119263372518,2.29856188734321e-05,-1.20428161094037,1.04531225997253e-05,1.08279948492982,True,True,True,-0.930388448670356,1.12250414503579e-06,-0.653051642980128,0.0001177992572741,0.701159268093157,True,True,True,-0.960698027294227,2.83708764788786e-06,-0.854428098595497,9.75859193841645e-06,0.888457784403969,True,True,True,-0.854948683048012,1.98222217973491e-06,-0.671436558933547,3.85988173620941e-05,0.784435530109794,True,True,True,4,4,0.836446657256882,4_of_4,down,True,True,False,True,down,2.0,-0.613709589314794,0.613709589314794,True,False,True,True,False
CTNNBIP1,-1.79206672386229,7.35468856113646e-05,-1.83618478729947,6.99555091476929e-05,1.02404710480841,True,True,True,-0.785098409246586,1.88485747726561e-05,-0.39402674366229,0.0084535468424328,0.501243532651254,True,True,True,-0.95355475491265,0.0008351869311203,-0.918103904805418,0.0013533678434516,0.961813767183458,True,True,True,-0.797800329216402,3.02001766882464e-06,-0.566604064259312,0.0001209314623717,0.709318766574787,True,True,True,4,4,0.835566266879122,4_of_4,down,True,True,False,True,down,2.0,-0.665219373962787,0.665219373962787,True,False,True,True,False
NRBP2,0.69043312526659,0.0009377343055528,0.930251862920448,7.4611361968462e-05,1.34539672591153,True,True,True,1.49843482093719,2.3715600914755e-07,0.975527538568592,4.85705460928498e-05,0.650596828182808,True,True,True,1.416857812281,0.0002621550986406,1.32697309726623,0.0005456997479786,0.935899979372009,True,True,True,1.44171621792907,6.38082646248069e-08,1.05546521349763,3.10000425595423e-06,0.73158199816502,True,True,True,4,4,0.833740988768515,4_of_4,up,True,True,False,True,up,2.0,1.00124359573055,1.00124359573055,True,False,True,True,False
SCD5,2.57785332125056,5.03485148940357e-07,2.32569071186378,1.17466246667359e-06,0.901831326620773,True,True,True,2.05666054835659,3.72459090977718e-07,1.40100695353756,6.02611868429376e-05,0.680873701280085,True,True,True,1.69648077334304,0.0234437323453632,1.7563284753444,0.0215073495415299,1.0346676692458,True,True,True,1.71220585616702,4.19653695002756e-06,1.3093693616209,0.0001325618598965,0.764280227567264,True,True,True,4,4,0.833055777094019,4_of_4,up,True,True,False,True,up,2.0,1.24177849058122,1.24177849058122,True,False,True,True,False
GTPBP10,-0.93331807456539,5.71164583244148e-05,-0.901925441544839,7.25319789302997e-05,0.965330186900624,True,True,True,-0.920394838434552,1.11115043540576e-05,-0.708917175436376,0.0003800734430988,0.769395644369817,True,True,True,-0.510286335246041,0.0160903368064124,-0.458200302244946,0.0299857003466359,0.89617161785568,True,True,True,-0.544726942277664,0.0005309371509129,-0.382819008672228,0.0087151681558668,0.70148453194281,True,True,True,4,4,0.832783631112749,4_of_4,down,True,True,False,False,none,0.0,0.138616337385276,0.199371089710758,False,False,False,True,True
RGL1,2.31408228874581,5.5274405303103e-06,2.30502834341751,5.27219549130839e-06,0.995657197423532,True,True,True,5.29445359179575,4.27425086276688e-06,3.20260662817895,0.0014265400450347,0.604784193206933,True,True,True,2.37150492206147,2.32125780648491e-07,2.34716966854136,3.74175846370553e-07,0.989321306234385,True,True,True,3.23880603709085,3.5400789076468e-08,2.17936113553635,4.15618975802552e-06,0.672682595990618,True,True,True,4,4,0.831001951112502,4_of_4,up,True,True,False,False,mixed,2.0,1.00628452584267,1.00628452584267,False,False,False,True,True
C1orf115,4.54665115893946,0.0003875079708689,4.875993662372,0.000198614114624,1.0722004595245,True,True,True,1.12895849815261,2.30822783639286e-05,0.606576629528857,0.0107159782992917,0.53681319315759,True,True,True,1.37014196050028,6.4034791834099e-05,1.25938377353669,0.0001694793157931,0.918492621345485,True,True,True,1.22458075527893,0.0001865437614807,0.910709562155062,0.0037613126738607,0.743084091547924,True,True,True,4,4,0.830788356446704,4_of_4,up,True,True,False,False,up,1.0,0.683770657620309,0.683770657620309,True,False,False,True,True
TCF7,-2.84821243259998,1.06882733682686e-06,-2.55763047752635,1.86489364629194e-06,0.897662262126396,True,True,True,-2.07155383593607,8.95658508305326e-07,-1.57999983379725,3.19564389461287e-05,0.762344411229078,True,True,True,-0.904201887970231,0.024716507428666,-1.06045359438,0.0147189138753024,1.17151058617199,True,True,True,-1.74644144159801,0.0010604708824529,-1.24393658383454,0.0081255352027098,0.711861670567328,True,True,True,4,4,0.830003336677737,4_of_4,down,True,True,False,True,down,2.0,-0.515557200472336,0.594713804718065,True,False,True,True,False
SCARB2,0.664631834591432,4.1559597949866e-05,0.644734286602531,4.82050283999451e-05,0.96860494510193,True,True,True,0.780719837731746,5.97280311649293e-06,0.57097441919704,0.0003864075087476,0.730407994830719,True,True,True,1.18646822153949,3.75105760304228e-05,1.10377010665004,8.11246558305506e-05,0.92951549071272,True,True,True,0.705278508956432,1.15768157362295e-05,0.479647187816096,0.0006749351290303,0.679119046854198,True,True,True,4,4,0.82996174277172,4_of_4,up,True,True,False,True,up,2.0,0.960664416381942,0.960664416381942,True,False,True,True,False
ZNF704,2.98735069386549,1.53473703109348e-05,3.22310190564148,7.15824420175521e-06,1.07855544272561,True,True,True,0.881515425154746,4.63230445998249e-06,0.681570609246158,0.0002159269901141,0.772304471762232,True,True,True,1.67995873470603,0.0003213570218726,1.4345226478548,0.001343048804081,0.853395516639897,True,True,True,1.63466083537257,1.33597435900835e-06,1.31764919042452,2.49428163685303e-05,0.805576047264338,True,True,True,4,4,0.829485781952118,4_of_4,up,True,True,False,False,up,1.0,0.797594881877059,0.797594881877059,True,False,False,True,True
RFFL,-1.49449773695086,0.0001240304781363,-1.29074888794169,0.0003298874353212,0.86308983026171,True,True,True,-0.86486062865049,0.0020655736268901,-0.536755824346954,0.0463875169958463,0.619910187143547,True,True,True,-0.943338339139685,0.0004211523488344,-0.885768914376992,0.0008103323082302,0.937978347023323,True,True,True,-1.03415613999196,0.0001008112451379,-0.815741935099307,0.0010170317635984,0.788037575766727,True,True,True,4,4,0.825563703014218,4_of_4,down,True,True,False,True,down,2.0,-1.11404152468349,1.11404152468349,True,False,True,True,False
TMEM198,0.86921764962446,0.0011814124598786,1.17441994560996,8.78534589614498e-05,1.34957035876804,True,True,True,1.24472784347003,1.64711976697103e-05,0.665088040724084,0.0091126007994911,0.533895139464373,True,True,True,1.97340270402359,0.0003657081137202,1.7519339570763,0.0012127986018719,0.887323519921277,True,True,True,1.10478008546557,0.0064235250737616,0.840955763221115,0.0416100105686512,0.760509050827267,True,True,True,4,4,0.823916285374272,4_of_4,up,True,True,False,True,up,2.0,1.66733511386118,1.66733511386118,True,False,True,True,False
PROS1,2.08046663210995,3.1489651363647e-06,2.0431133374955,3.28571875085764e-06,0.981573908501444,True,True,True,2.73315739761758,1.68363739397983e-05,2.076854594159,0.0009056424155913,0.759595843300271,True,True,True,1.2570986398097,0.0001506278008765,1.11435871450575,0.0004457911148855,0.885748286536824,True,True,True,2.76063623088935,3.62727814787423e-06,1.99576440008316,0.0001609971547577,0.72267461505618,True,True,True,4,4,0.822672064918547,4_of_4,up,True,True,False,True,up,2.0,1.8282522231682,1.8282522231682,True,False,True,True,False
DAPK3,0.806052159232176,4.82654052542589e-05,1.01265329324241,6.82822817556658e-06,1.25475569535164,True,True,True,0.568925386899504,0.000270671297314,0.351181252416251,0.0186157899932193,0.616188119512871,True,True,True,0.853455322456962,0.0018541952767191,0.671001915305645,0.0102666464292471,0.78529783555704,True,True,True,0.764162311840049,1.14200181007213e-05,0.657385372272428,9.19668483049703e-05,0.859144997211845,True,True,True,4,4,0.822221416384443,4_of_4,up,True,True,False,True,up,2.0,0.727442106889561,0.727442106889561,True,False,True,True,False
TLCD2,1.82888821502646,6.24238044053412e-06,1.81209961548164,6.33920691629813e-06,0.990278859987869,True,True,True,3.1958426883319,5.62229940841048e-07,2.08708331203753,0.0001625108267785,0.652857683506022,True,True,True,1.57766139891284,0.0002125025383007,1.59769411814082,0.0002337769401216,1.012056239065,True,True,True,2.5196074913563,9.21246198680232e-06,1.62445593128062,0.0012616248950277,0.644470008460748,True,True,True,4,4,0.821568271746945,4_of_4,up,True,True,False,True,up,2.0,0.943290757804054,0.943290757804054,True,False,True,True,False
CRYBG1,-1.42856125702284,3.91784287543872e-05,-1.24656161241567,0.000106312931952,0.871988945063971,True,True,True,-1.62384880878764,9.37982183612207e-08,-1.25005403587585,2.95854194554009e-06,0.769335601635799,True,True,True,-1.73777406279619,1.19332158005404e-07,-1.57224064903483,3.63272480341627e-07,0.904223661184852,True,True,True,-1.49126648050263,2.10171953722804e-08,-0.894352909107765,5.29961169298437e-06,0.599325201492515,True,True,True,4,4,0.820662273349885,4_of_4,down,True,True,False,False,,,,,False,False,False,True,True
GCNT4,1.03590157798701,0.0099731116435069,0.804838493469888,0.0399448059730821,0.776195649188192,True,True,True,2.45094220816131,1.10845464624283e-06,2.08724003742096,3.58927850867128e-05,0.851259883072923,True,True,True,2.7384021038965,0.0020890850063037,2.10347037622898,0.0154658923401395,0.767857472708013,True,True,True,2.73269096761191,8.0262083036061e-09,2.81967860567027,6.944887891039181e-09,1.03145477637272,True,True,True,4,4,0.813727766130558,4_of_4,up,True,True,False,False,up,1.0,1.5632462807589151,1.5632462807589151,True,False,False,True,True
HSPA14,-0.928360039178131,7.95198013004417e-06,-0.95235247945917,6.52379567941483e-06,1.02474007845374,True,True,True,-0.741299204011665,1.61308726527189e-05,-0.372030314369291,0.0081280796684669,0.501186465455842,True,True,True,-0.813261368191952,0.0016965217893748,-0.696770620768397,0.0051050727141294,0.855708803078254,True,True,True,-1.10214455730153,1.93560596137619e-06,-0.850523522755535,3.26521624665445e-05,0.770999156117901,True,True,True,4,4,0.813353979598078,4_of_4,down,True,True,False,True,down,2.0,-0.722772213440368,0.722772213440368,True,False,True,True,False
BDH2,1.27804435937873,4.67964556793322e-05,1.36718775216612,2.40696663478722e-05,1.06891347601908,True,True,True,1.17625376966748,2.77662149215967e-05,0.823383370050583,0.0022440901938048,0.699410264180467,True,True,True,1.23054687783659,0.0007350199875225,1.01393817434845,0.0037737724994861,0.823304571344938,True,True,True,1.56178015151769,5.80464646914984e-06,1.24916975784495,0.0001130400531162,0.799325328410284,True,True,True,4,4,0.811314949877611,4_of_4,up,True,True,False,True,up,2.0,1.2206711802622,1.2206711802622,True,False,True,True,False
RABAC1,0.776406796983938,9.14060734008301e-05,0.886999903280723,2.75172639242303e-05,1.14097266286064,True,True,True,1.55312721875434,2.30393409703018e-06,0.881035075226548,0.0014209486125774,0.566900228369151,True,True,True,0.956891461530932,0.0004754093159202,0.881198444406853,0.001103218323285,0.919935587481377,True,True,True,1.13592416224602,9.75007236437097e-06,0.79786091945566,0.0005385050694146,0.701771451386403,True,True,True,4,4,0.81085351943389,4_of_4,up,True,True,False,False,up,1.0,0.129662987203454,0.129662987203454,True,False,False,True,True
PLPP1,0.70398720325879,0.0003268576743985,0.586665464674922,0.0014306609844098,0.832164700242887,True,True,True,0.542950260659241,0.0009589119884592,0.428913598159486,0.011646287659763,0.788516210360234,True,True,True,0.853749636211369,0.002917952881274,0.806664736704104,0.0050175133765292,0.943743878359049,True,True,True,1.82029239321227,3.99739256074875e-06,0.964346105778342,0.0027722870549675,0.529484507469718,True,True,True,4,4,0.810340455301561,4_of_4,up,True,True,False,False,,,,,False,False,False,True,True
DNMBP,-1.20834325462634,2.88728932257422e-06,-1.10027561323932,5.06744621482272e-06,0.909812502802838,True,True,True,-2.48032191461716,3.61064361083803e-07,-1.85751365262074,1.43682629049603e-05,0.748598415094131,True,True,True,-0.789143768657648,3.29929522380848e-05,-0.585701598519991,0.0003813639047874,0.741259529914439,True,True,True,-0.675769343140859,6.9080313477541e-05,-0.589612979869418,0.0003634903101326,0.871217034053357,True,True,True,4,4,0.809907724573744,4_of_4,down,True,True,False,False,down,1.0,0.0237859335292505,0.0599937730501523,True,False,False,True,True
GLMP,1.23601342800067,1.48652290754069e-05,1.1713639530391,2.10511930623346e-05,0.946929052283874,True,True,True,1.49806865434981,6.14316118917979e-07,0.919296226692146,0.0002587145160262,0.613244913116319,True,True,True,1.28442556316076,1.26920608624021e-05,1.31488565221007,1.48260302481156e-05,1.02291854922884,True,True,True,0.879055329990305,1.32096388002328e-06,0.591395145878565,0.000140496538907,0.671997686651225,True,True,True,4,4,0.809463369467549,4_of_4,up,True,True,False,True,up,2.0,0.636271486213208,0.636271486213208,True,False,True,True,False
RHOBTB3,0.630363484289642,0.0001666665517315,0.654263678526263,0.0001115728718596,1.03627101472678,True,True,True,1.92470047187219,1.4872148632433e-06,1.13713452879477,0.000711200956403,0.590504362129191,True,True,True,1.01385817905079,0.0014903562420001,0.867639881102023,0.0045429000350288,0.854937072994315,True,True,True,1.61247129817974,4.36109908187832e-07,1.23066782527998,1.14983021816496e-05,0.762745409024862,True,True,True,4,4,0.808841241009588,4_of_4,up,True,True,False,False,up,1.0,-0.0217970412836577,0.20699530422076,True,False,False,True,True
COASY,-0.68458886926821,0.000210217218221,-0.67994835249905,0.0002079856956234,0.991772741621111,True,True,True,-0.58340700054436,5.85273848450974e-05,-0.410410301093053,0.0028367753052802,0.702267941196403,True,True,True,-0.645916817401256,7.52663998517275e-05,-0.591259608498585,0.0001846894392465,0.91396543202223,True,True,True,-0.506015774870568,0.0004088437238399,-0.297893329354662,0.0211677838730539,0.587542526523378,True,True,True,4,4,0.808116686609317,4_of_4,down,True,True,False,False,down,1.0,-0.406330860107756,0.406330860107756,True,False,False,True,True
CCN2,2.44710613099593,0.0008386145615791,2.1774102642255,0.0018244340108295,0.889426416876663,True,True,True,4.11929564719546,0.0002532303872816,2.76114739743197,0.0130371205163321,0.670133319028062,True,True,True,4.55682160424855,6.22531741547423e-05,4.15743095829756,0.0001576676100152,0.912153067689668,True,True,True,3.17622344365701,4.93793711915448e-05,2.29158273567122,0.0013263803526005,0.721253250301335,True,True,True,4,4,0.805339833588999,4_of_4,up,True,True,False,False,,,,,False,False,False,True,True
TMEM25,1.24743381661133,0.001294962650675,1.55322742207018,0.0001982196127045,1.24414077975408,True,True,True,0.780450041007691,1.80584803318359e-05,0.572853178241159,0.0010608468400863,0.73306436519276,True,True,True,0.861858764148125,0.0012603166586329,0.721471457368111,0.0053999293366965,0.836140846387993,True,True,True,1.68869217459348,6.17066784255007e-08,1.30800986703016,1.73679291514268e-06,0.774111336193441,True,True,True,4,4,0.805126091290717,4_of_4,up,True,True,False,True,up,2.0,0.669781034510793,0.669781034510793,True,False,True,True,False
SLC7A7,1.73967060710809,1.35710408845209e-05,1.62002047034388,2.42472690035137e-05,0.930687554399132,True,True,True,6.19506870491063,5.0183529954334e-05,4.43328042315772,0.0026639953869727,0.715498912987225,True,True,True,3.36904630437014,4.52966750814227e-07,2.8803388174,2.83536442348257e-06,0.854688202255528,True,True,True,2.05641663288466,0.0056674431950061,1.53482217100029,0.0437270191964568,0.745994829860177,True,True,True,4,4,0.800341516057852,4_of_4,up,True,True,False,True,up,2.0,1.90347478837261,1.90347478837261,True,False,True,True,False
BBS12,0.580715119947684,0.004494527829865,0.498084535217509,0.0123097451358199,0.856234466214844,True,True,True,0.983976606837395,0.0033016752140532,0.731092171005791,0.0377493026195032,0.742243182153547,True,True,True,0.960477665389497,0.0018823855431634,0.84672829587846,0.0055920972685836,0.880653109643944,True,True,True,1.58560136164383,0.0001782084519664,1.08487027435981,0.0069903145519134,0.683769912585861,True,True,True,4,4,0.799238824184195,4_of_4,up,True,True,False,True,up,2.0,1.09555811973846,1.09555811973846,True,False,True,True,False
PHF21A,1.30644671379202,1.7325367394926e-06,1.26043076433276,2.17354827737564e-06,0.964039873316979,True,True,True,1.30167762249231,6.34663226921623e-06,0.729234848740244,0.0031931172078185,0.559796864664841,True,True,True,0.672971803083223,0.0074341586739548,0.76020531078985,0.0037293083823887,1.12794824251124,True,True,True,1.24256451839982,1.77720045370544e-05,0.780668027700915,0.0022852694525443,0.627766405482085,True,True,True,4,4,0.795903139399532,4_of_4,up,True,True,False,True,up,2.0,0.613456600140457,0.613456600140457,True,False,True,True,False
TRMU,-0.78279738536354,7.88831088714811e-05,-0.709572649158335,0.0001652115058411,0.905301117876557,True,True,True,-0.61578372220764,7.1596206798327e-05,-0.393096956731741,0.0056562746300013,0.637333545906072,True,True,True,-0.563393531310542,0.0060526419805676,-0.448468732372311,0.023040757473204,0.794602892295648,True,True,True,-0.580195123759175,0.0006441243756814,-0.455266136830168,0.0051160881310724,0.783327523268782,True,True,True,4,4,0.788965207782215,4_of_4,down,True,True,False,False,down,1.0,-0.373222394373605,0.373222394373605,True,False,False,True,True
HNRNPF,-0.611571471539667,0.0001684059705709,-0.56412782723193,0.0002955611754152,0.92091756381345,True,True,True,-0.575546225727624,6.4360874906458e-06,-0.302460923487214,0.003824160140691,0.524608279423729,True,True,True,-0.548728109642734,0.0005328245598999,-0.468565748580786,0.001883498491496,0.852359085085361,True,True,True,-1.17433781176704,2.32423035912917e-07,-0.851021905120114,1.03192539863214e-05,0.724065793340436,True,True,True,4,4,0.788212439212898,4_of_4,down,True,True,False,True,down,2.0,-0.571038490305428,0.571038490305428,True,False,True,True,False
GBA,0.602709701840595,0.0002308703051425,0.534615287065705,0.0005507489561334,0.885550266023166,True,True,True,1.01735745307219,1.70839203521706e-06,0.686031412019806,0.0002687357414873,0.673664644914396,True,True,True,1.19022161194416,5.05612674346978e-06,1.11455957084892,1.1972516203582e-05,0.935644182134908,True,True,True,0.923557353742224,5.70849059422677e-07,0.628021778096637,5.33101941114785e-05,0.679267517103905,True,True,True,4,4,0.782408891563535,4_of_4,up,True,True,False,False,up,1.0,0.688511667344466,0.688511667344466,True,False,False,True,True
POLE4,-0.979683565542328,9.77488024968521e-05,-1.10216569048032,4.38688124610817e-05,1.12387494723725,True,True,True,-1.26967462616245,1.14126537433471e-07,-0.692610983040296,3.14014238863245e-05,0.545073434835197,True,True,True,-0.588593070099073,0.0019772290623657,-0.587531924437069,0.0023893243242443,0.996504121628062,True,True,True,-1.11740868322113,1.6729708618484e-05,-0.560375774091693,0.0049512925571441,0.501047410037764,True,True,True,4,4,0.77078877823163,4_of_4,down,True,True,False,False,down,1.0,-0.658971043648183,0.658971043648183,True,False,False,True,True
SERBP1,-0.522344691463266,0.0001947948529933,-0.538766617927161,0.0001360907272153,1.02946800973709,True,True,True,-1.23016665289418,1.5267013694915e-07,-0.636986824617802,0.0001008227136538,0.517384728639618,True,True,True,-0.760373279115814,4.69276276419153e-05,-0.712543433424518,9.39944278256495e-05,0.935866089563844,True,True,True,-0.890909035899835,3.05782907830703e-07,-0.537192047134525,8.01739297287163e-05,0.602294657316213,True,True,True,4,4,0.769080373440028,4_of_4,down,True,True,False,True,down,2.0,-0.724660479134673,0.724660479134673,True,False,True,True,False
MOSPD1,1.50802879097349,2.04903528022228e-07,1.47403863620656,2.91492948287297e-07,0.9768127984196,True,True,True,1.1899629416123,7.50619256973699e-06,0.647790808551196,0.0045402246727337,0.543921885322671,True,True,True,1.24033513008123,1.15634903653013e-05,1.18648421547149,2.30201066430018e-05,0.955812968407532,True,True,True,0.99008277173362,1.04246600566456e-05,0.57477664963198,0.0026704103917997,0.579948179935133,True,True,True,4,4,0.767880574171333,4_of_4,up,True,True,False,True,up,2.0,0.837764098454595,0.837764098454595,True,False,True,True,False
IDUA,1.487187860491,0.0005662975224978,1.539390590721,0.0004232094454639,1.03440609320191,True,True,True,1.94686177718786,7.70475988980301e-07,1.19244755536585,0.000360254412307,0.612182840348864,True,True,True,1.69685312817631,0.0007231453553433,1.50960980401555,0.0022589361725562,0.889128617171407,True,True,True,0.793727273739225,0.0003861420079448,0.511833630593059,0.0145238999365805,0.644036825595352,True,True,True,4,4,0.76658272138338,4_of_4,up,True,True,False,True,up,2.0,2.30598343268767,2.30598343268767,True,False,True,True,False
GRK4,0.78504699559397,0.0025782052692713,0.651655886302961,0.0094887484149,0.829029167410713,True,True,True,1.76180959071552,0.0001604733341254,1.0647125270952,0.019042450185119,0.603986121191362,True,True,True,1.073691670323,0.0146775197680846,1.3499339103252,0.0035444202976403,1.25611275085018,True,True,True,1.28821430549693,0.0019021166908195,0.902032594314586,0.0288701568402947,0.699676221764306,True,True,True,4,4,0.764352694587509,4_of_4,up,True,True,False,False,none,0.0,-0.490843755299869,0.490843755299869,False,False,False,True,True
GGT7,1.1397249765935,0.0002830001771994,1.3618893275793,5.84499268318719e-05,1.19388051942744,True,True,True,3.14832300354876,0.0001135394591562,2.05337762146329,0.0103750131970473,0.652006040393277,True,True,True,1.46288123315422,0.0002186447878815,1.27699307770726,0.0007842023900872,0.872333799208374,True,True,True,0.969521961291343,6.57664245796354e-05,0.622094060603113,0.004739852235591,0.640989163991071,True,True,True,4,4,0.762169919800825,4_of_4,up,True,True,False,True,up,2.0,1.06107601555512,1.06107601555512,True,False,True,True,False
ZDHHC17,1.34109620769627,4.61771996807736e-05,1.28809481579124,6.16074230301463e-05,0.959763397291969,True,True,True,0.571904197330785,0.0024478504204865,0.416436057070559,0.0317140016343789,0.726886029131527,True,True,True,1.66435104193968,1.10056084944921e-05,1.32633539642816,9.95363262068949e-05,0.796429919594214,True,True,True,0.825090660920425,0.0012913156281437,0.579304232004723,0.0199720901611173,0.701259873049849,True,True,True,4,4,0.761657974362871,4_of_4,up,True,True,False,False,up,1.0,0.717613057217378,0.717613057217378,True,False,False,True,True
GAS6,0.977265586802173,0.0002610374013304,0.948957888204524,0.0003163455353049,0.970041163674731,True,True,True,2.57954835505525,5.53628066113781e-07,1.76927616533626,8.02140441071393e-05,0.685620233339274,True,True,True,1.44764466619212,0.0001918782107347,1.18380044206579,0.0010932936717839,0.817177924782276,True,True,True,2.29054332544033,1.83837856846867e-07,1.61468795762783,1.14378584748578e-05,0.704629033063366,True,True,True,4,4,0.760903478922821,4_of_4,up,True,True,False,False,up,1.0,0.710052609088824,0.710052609088824,True,False,False,True,True
EPPK1,1.81509345461607,0.0001427742593197,2.35709398393822,1.3089011737615e-05,1.29789245038412,True,True,True,2.08400313504892,7.70937962642904e-08,1.66947621614898,2.19026406914921e-06,0.800706813378393,True,True,True,1.95206742600063,0.002315792507743,1.4062019190419,0.0224503434329681,0.719996606528548,True,True,True,1.00019263014017,0.0003120042113798,0.673244496847911,0.0087283797080522,0.672442521629084,True,True,True,4,4,0.76035170995347,4_of_4,up,True,True,False,True,up,2.0,1.43366059463518,1.43366059463518,True,False,True,True,False
FSTL3,1.15887239528962,1.33257075682576e-05,1.13241294833688,1.38486708625427e-05,0.976325458676096,True,True,True,0.759270262058514,0.0001563885913019,0.404407401591254,0.0270575016590329,0.531925845022896,True,True,True,1.9062929103058,4.33220559313511e-06,1.73038471001035,1.3466906763063e-05,0.907246443721596,True,True,True,0.953533974941217,4.82294184753502e-05,0.58357101501631,0.0043316773670205,0.611367463428683,True,True,True,4,4,0.75930695357514,4_of_4,up,True,True,False,True,up,2.0,1.41245302405459,1.41245302405459,True,False,True,True,False
TTLL12,-0.742272632140102,6.142542802171e-06,-0.700943828745895,8.28479154182819e-06,0.943050770923275,True,True,True,-2.36842585083855,1.57585700414333e-07,-1.40266917260409,3.19806936107298e-05,0.591986945743704,True,True,True,-0.85284125976801,7.10547443018799e-05,-0.641187097729287,0.0007420195438098,0.75094414845155,True,True,True,-1.25338731791475,1.11911936511841e-06,-0.953529093186705,2.57648839445237e-05,0.760155240386055,True,True,True,4,4,0.755549694418802,4_of_4,down,True,True,False,True,down,2.0,-0.649325617360231,0.649325617360231,True,False,True,True,False
NOC2L,-0.732754801184807,1.21477694617765e-05,-0.514935171499843,0.0001936097704011,0.701780990963695,True,True,True,-1.23911629306894,1.77611135403209e-07,-0.720264456418493,5.08854315061503e-05,0.580803962051043,True,True,True,-0.730342909122974,0.0003470377101209,-0.713068751798304,0.000494708255341,0.975012874129614,True,True,True,-0.553770765586976,0.0017893370930111,-0.447924649335307,0.0098033376541992,0.807404926720282,True,True,True,4,4,0.754592958841988,4_of_4,down,True,True,False,True,down,2.0,-0.777012108894624,0.777012108894624,True,False,True,True,False
PRMT5,-0.508337075272485,0.0005853505061034,-0.50687840885045,0.0005626478500987,0.995172810813508,True,True,True,-1.00284990244471,1.0587847723748e-05,-0.564050972228967,0.0031942287445677,0.561887759171281,True,True,True,-0.514685830392842,0.0064320935791588,-0.46818326980871,0.0120956305620558,0.907884689117897,True,True,True,-0.593206126315931,1.45281242692176e-05,-0.355929816052341,0.0019878825729967,0.59900058294434,True,True,True,4,4,0.753442636031118,4_of_4,down,True,True,False,True,down,2.0,-0.636812188841561,0.636812188841561,True,False,True,True,False
MDFI,-1.76784560139138,0.0010648440756399,-1.51532004008414,0.0024560363890949,0.856671740536418,True,True,True,-0.677348103979373,0.0005391181309405,-0.437926779425162,0.0184140056484689,0.645578246413848,True,True,True,-1.85672057316512,0.0002067911923748,-1.71634495666033,0.0004243178043454,0.923898341576786,True,True,True,-1.45200752009366,1.07110886871222e-05,-0.870663387047361,0.0009699356832525,0.59921464617832,True,True,True,4,4,0.751124993475133,4_of_4,down,True,True,False,False,mixed,2.0,-0.539172910817648,0.810163978409,False,False,False,True,True
KARS1,-0.682992693229266,3.47773402628695e-05,-0.694761036609832,2.63109921601164e-05,1.01574336025393,True,True,True,-0.973652167335576,2.99943142484375e-07,-0.53235378783365,0.000187361902142,0.546198742151218,True,True,True,-0.55414630929576,9.4199459373743e-05,-0.491370220390398,0.000284172762706,0.885118413222874,True,True,True,-0.63434398421539,2.44773341092067e-05,-0.386194048742955,0.0026891017545376,0.607850327283543,True,True,True,4,4,0.746484370253208,4_of_4,down,True,True,False,False,,,,,False,False,False,True,True
ERMAP,0.898883725719985,0.0027438939175089,1.05970818061466,0.0007493359265465,1.17760567318495,True,True,True,1.87999201306762,3.1387569593685e-07,1.16188359082264,0.000122036004591,0.617697248446993,True,True,True,1.1428812472667,0.0004230449360228,0.947421349371045,0.0022412976567663,0.828251491695405,True,True,True,0.8107562023631,0.0001957677068739,0.535493122600005,0.008306402344726,0.659672351182699,True,True,True,4,4,0.743961921439052,4_of_4,up,True,True,False,False,up,1.0,0.403459798946939,0.403459798946939,True,False,False,True,True
NOC4L,-0.878232699453791,1.31233195273809e-05,-0.689394590349376,7.68685830536074e-05,0.784086614132585,True,True,True,-1.1043652111733,1.06279789900285e-05,-0.638103746488993,0.0023225132662167,0.577278658708349,True,True,True,-0.515382351173936,0.0089542078712012,-0.557428996172157,0.0065961483528886,1.07948886112181,True,True,True,-0.745656756766969,0.0003343678676552,-0.522891797396563,0.0056787335492078,0.700310809026479,True,True,True,4,4,0.742198711579532,4_of_4,down,True,True,False,False,none,0.0,-0.341974034791101,0.341974034791101,False,False,False,True,True
ZNF608,0.870167763949078,2.74568065795113e-06,0.9801621076649,1.09355409825694e-06,1.1251129211,True,True,True,3.49899689356937,2.57953899401473e-05,2.378115302533,0.0028742324445653,0.679462118067125,True,True,True,1.05521471384827,6.78352563939786e-06,0.803052325940498,8.99382414068015e-05,0.7603116254787,True,True,True,1.00093827830231,0.0001358737184843,0.717916456715415,0.0034759030318302,0.716527626763454,True,True,True,4,4,0.738419626121077,4_of_4,up,True,True,False,False,mixed,2.0,0.346860761899144,0.63268744165298,False,False,False,True,True
DRAM1,0.792618918012845,6.37021493357555e-05,0.463118612852846,0.0047019330941615,0.583552889606583,True,True,True,1.37159173025017,6.75974714753876e-06,0.937233709667129,0.0008645672305768,0.682820454918746,True,True,True,1.85705698634778,0.0003546987235757,1.45359477394788,0.0027941499167557,0.782319802152615,True,True,True,1.33894261579512,8.00878049030029e-07,1.32681720551902,1.53945085560752e-06,0.990204498221507,True,True,True,4,4,0.73257012853568,4_of_4,up,True,True,False,True,up,2.0,0.844260314094261,0.844260314094261,True,False,True,True,False
MRPL19,-0.664966639432913,0.0002124396521034,-0.703503711850233,0.0001335859890051,1.05636479396218,True,True,True,-1.73797589572008,1.40295060331357e-07,-0.924456657293342,5.07839559552479e-05,0.531609816771233,True,True,True,-0.957194894059185,4.07511458793363e-05,-0.776176947781204,0.0002398186054007,0.810040788772208,True,True,True,-0.600434119969865,2.44773341092067e-05,-0.393718192219291,0.001440675784562,0.654632284977477,True,True,True,4,4,0.732336536874842,4_of_4,down,True,True,False,True,down,2.0,-0.658046683728684,0.658046683728684,True,False,True,True,False
EMP1,-0.764311687859936,0.0146399518691525,-0.588862605829241,0.0471395367668901,0.769441542799242,True,True,True,-0.608049805523128,7.33309653246323e-05,-0.969699943246344,1.02859293117959e-05,1.59215212689124,True,True,True,-2.17366319176251,6.36748636401023e-07,-1.49084522541769,1.01356461318308e-05,0.685552241406816,True,True,True,-1.16890030562569,2.44852412582192e-05,-0.616846093912571,0.0068459021627002,0.527263811237888,True,True,True,4,4,0.727496892103029,4_of_4,down,True,True,False,False,up,1.0,0.0948425878461059,0.611928707720965,False,False,False,True,True
HSPB8,1.01138101812727,0.0002765448443054,0.6622596607948,0.0067059231148913,0.654160487935527,True,True,True,2.73169306453787,9.04386942870213e-06,1.70043761278979,0.0024651655425143,0.62225708216424,True,True,True,2.039841552188,1.10283097912361e-05,1.60538489781033,0.0001130481911059,0.786628876744099,True,True,True,1.73818482822517,6.17066784255007e-08,1.49443538523909,5.11331109498449e-07,0.859273471678197,True,True,True,4,4,0.720394682339813,4_of_4,up,True,True,False,True,up,2.0,2.6137862807363703,2.6137862807363703,True,False,True,True,False
C1orf198,1.50384531306945,9.39041505043515e-07,1.57739658556075,7.5870035465009e-07,1.04821178087954,True,True,True,1.86329731245538,6.19729373078001e-07,1.1725770143675,0.0001789740370562,0.628964600513827,True,True,True,0.750442886679108,0.0002984164031032,0.607880129241628,0.0018068875164782,0.808950540377148,True,True,True,1.24001350430103,3.02001766882464e-06,0.662981634890597,0.0016832209235115,0.534225963370161,True,True,True,4,4,0.718957570445487,4_of_4,up,True,True,False,False,up,1.0,0.0421268077652552,0.0831841892435969,True,False,False,True,True
SDHAF3,-0.861356868445365,3.93375712073665e-05,-0.827986539893772,5.27842160363165e-05,0.960143729575025,True,True,True,-1.83820998590532,3.08435296646157e-06,-0.992633319719429,0.0007814814243711,0.539706356167277,True,True,True,-1.74838806447673,1.0518313941265e-05,-1.29734527367369,8.63178036096503e-05,0.741599476992972,True,True,True,-1.24448326038952,6.18798467953818e-06,-0.862910056520575,0.0001902420352479,0.692831516860936,True,True,True,4,4,0.717215496926954,4_of_4,down,True,True,False,True,down,2.0,-0.690474598266943,0.690474598266943,True,False,True,True,False
SMAGP,-2.89687128006205,1.02631160377056e-05,-3.2066051229639,7.49066125799533e-06,1.10653814923596,True,True,True,-1.25870302739974,6.96697596500649e-07,-0.689239962610678,0.0003339234027166,0.547144801289711,True,True,True,-1.18677737620667,2.4170005279065e-05,-1.02462897721043,9.06868277525031e-05,0.862643958148726,True,True,True,-1.81710513557436,1.67246527004906e-05,-1.02951480285081,0.0010816264886276,0.566257023703734,True,True,True,4,4,0.71445049092623,4_of_4,down,True,True,False,False,mixed,2.0,-0.613755020327353,0.938900149978648,False,False,False,True,True
PUS1,-0.585547075395358,0.0013368590755137,-0.567295767591838,0.0016677909986189,0.967178580183792,True,True,True,-1.56674893083339,1.20508883208056e-06,-0.960157767418653,0.0002395723191187,0.612443579794533,True,True,True,-0.603807618812582,0.0058674997711345,-0.411883998690259,0.0439589684267947,0.681016551178555,True,True,True,-0.698138722660924,0.0021859762473097,-0.51414559197034,0.0173216958116513,0.735398534375982,True,True,True,4,4,0.708207542777268,4_of_4,down,True,True,False,True,down,2.0,-0.793086551379491,0.793086551379491,True,False,True,True,False
FGFR1OP,-0.671565160287468,0.0003749430994207,-0.56740312222994,0.0012502354352758,0.843640372313399,True,True,True,-0.686989766544493,0.0003370556524263,-0.368947868002162,0.032327650147767,0.536269412632756,True,True,True,-0.65482785945638,0.0047744027455085,-0.725029803410635,0.0032303685017379,1.10551845725434,True,True,True,-0.924935995317289,0.0002489534775453,-0.520288295904701,0.0151093923925095,0.561905248889708,True,True,True,4,4,0.702772810601553,4_of_4,down,True,True,False,False,down,1.0,-0.370511611818224,0.370511611818224,True,False,False,True,True
EEF2KMT,-1.15149226951111,6.32453746499297e-06,-0.96020140751125,2.10809056331221e-05,0.833152145930289,True,True,True,-1.64912598981935,9.8481994542271e-07,-0.914937150967229,0.0002992354442254,0.554465026677989,True,True,True,-0.506438116044295,0.0297312311570836,-0.463828093109348,0.0479725393426052,0.914058440712128,True,True,True,-1.29473209809172,2.03738861807961e-06,-0.715894888542265,0.0004624874734025,0.552502241471516,True,True,True,4,4,0.693808586304139,4_of_4,down,True,True,False,True,down,2.0,-0.831868810517764,0.831868810517764,True,False,True,True,False
HPDL,-1.87681306482764,5.65365187748712e-06,-1.99253176240218,4.23202847273519e-06,1.06109164949551,True,True,True,-1.70068692708122,6.75974714753876e-06,-1.08729304294837,0.0006486324102841,0.638950106300296,True,True,True,-0.903605581393886,0.0084048484964941,-0.660787636288179,0.0392944571504485,0.730470439138775,True,True,True,-3.10360797113418,0.0004721568515242,-1.81850609718009,0.0069256507196645,0.585744195108715,True,True,True,4,4,0.684710272719536,4_of_4,down,True,True,False,True,down,2.0,-1.08918431734202,1.08918431734202,True,False,True,True,False
RRAGC,0.568016358916468,9.68100644025181e-05,0.38158526219912,0.0023201500348826,0.670605082296302,True,True,True,0.791795488184479,8.33709911429264e-05,0.436360582915607,0.018065475200797,0.550407500318756,True,True,True,0.741453988088991,0.000106738087309,0.575369305666609,0.0010025197762219,0.774956178964783,True,True,True,0.795433306691923,4.00860416324232e-05,0.53241119602952,0.0023549518855304,0.66849438811261,True,True,True,4,4,0.669549735204456,4_of_4,up,True,True,False,False,up,1.0,0.356141018789555,0.356141018789555,True,False,False,True,True
BOLA2,-0.546099346574501,0.0006752342639203,-0.615420174946653,0.0002959742908254,1.12487828545203,True,True,True,-0.963593219632275,8.0473505349859e-06,-0.600372088616861,0.0012034181769315,0.622409608939338,True,True,True,-0.736280602103065,0.000889520993197,-0.523964242668203,0.008664008648485,0.71067140675289,True,True,True,-1.12423316567868,2.44773341092067e-05,-0.638365431599154,0.0026697167271891,0.567318357714889,True,True,True,4,4,0.666540507846114,4_of_4,down,True,True,False,True,down,2.0,-0.568004498755342,0.568004498755342,True,False,True,True,False
TELO2,-0.719583297651235,0.0002475863697725,-0.539349092827043,0.0019937745471467,0.748489584181411,True,True,True,-0.8814389569834,8.69349193546743e-06,-0.459064973169456,0.0044420160528176,0.520222922544989,True,True,True,-0.625075336648898,0.0018541952767191,-0.668980438469559,0.0013672307186667,1.06853025396323,True,True,True,-1.01049345200978,1.43239924137193e-05,-0.557050077980235,0.0029690103518611,0.5507203994978,True,True,True,4,4,0.649604991839606,4_of_4,down,True,True,False,True,down,2.0,-0.677753451315076,0.677753451315076,True,False,True,True,False
