gene,logFC_PC9,FDR_PC9,logFC_H3122,FDR_H3122,logFC_H358,FDR_H358,tested_PC9,DTP_responsive_PC9,tested_H3122,DTP_responsive_H3122,tested_H358,DTP_responsive_H358,n_models_tested,n_DTP_responsive,responsive_direction,generic_DTP_core,generic_DTP_2plus,median_logFC,median_abs_logFC,min_abs_logFC
PADI3_PADI3,-6.13952971835834,1.21216121578652e-08,-4.64405009111983,0.0019721625030716,-8.42811504468175,2.71311250479373e-11,True,True,True,True,True,True,3,3,down,True,True,-6.13952971835834,6.13952971835834,4.64405009111983
CYP1A2_CYP1A2,4.61441505299086,7.68973427287837e-06,4.87005020872752,6.06302611067422e-06,4.58403191975778,4.42237016004802e-06,True,True,True,True,True,True,3,3,up,True,True,4.61441505299086,4.61441505299086,4.58403191975778
IL32_IL32,7.17579653837742,9.000312057478421e-09,4.21728645528903,0.0020095986182199,4.23784797245374,1.69640963378576e-21,True,True,True,True,True,True,3,3,up,True,True,4.23784797245374,4.23784797245374,4.21728645528903
MUC5B_MUC5B,-4.20852074118013,3.64126624839378e-07,-3.86304442292053,2.23899514457945e-05,-7.47843472446925,5.18390407710375e-06,True,True,True,True,True,True,3,3,down,True,True,-4.20852074118013,4.20852074118013,3.86304442292053
CXCL11_CXCL11,3.79498138573854,0.0005300516822507,3.88321140468678,0.0051336690215067,5.20965366445908,1.37603352970255e-06,True,True,True,True,True,True,3,3,up,True,True,3.88321140468678,3.88321140468678,3.79498138573854
PLA2G4C_PLA2G4C,4.82682680858929,8.42866254092358e-07,4.45550997300753,0.0001250136207969,3.60675644118739,7.55124974787207e-12,True,True,True,True,True,True,3,3,up,True,True,4.45550997300753,4.45550997300753,3.60675644118739
PIK3IP1_PIK3IP1,3.76538494131036,1.2233302080922398e-11,3.30948054993122,8.58254708683243e-06,3.66508348201078,1.08890788888233e-14,True,True,True,True,True,True,3,3,up,True,True,3.66508348201078,3.66508348201078,3.30948054993122
TMPRSS2_TMPRSS2,3.35674050623525,2.06045172585295e-13,3.1847178486914,8.58254708683243e-06,5.07399261348443,8.5675186091792e-11,True,True,True,True,True,True,3,3,up,True,True,3.35674050623525,3.35674050623525,3.1847178486914
NATD1_NATD1,3.3896535072183,2.82574031904702e-12,4.08232333081843,1.61284481797517e-05,3.11412103172381,1.45002222498425e-08,True,True,True,True,True,True,3,3,up,True,True,3.3896535072183,3.3896535072183,3.11412103172381
CYP1A1_CYP1A1,5.85740584116282,7.10045306839178e-08,3.06342506383293,4.41309222863586e-07,3.23636605089659,2.67519355085251e-18,True,True,True,True,True,True,3,3,up,True,True,3.23636605089659,3.23636605089659,3.06342506383293
NKAIN4_NKAIN4,3.05578989969909,0.0011382889699822,3.01901640817733,0.0035011139907314,9.32579766274436,2.1748350208340202e-09,True,True,True,True,True,True,3,3,up,True,True,3.05578989969909,3.05578989969909,3.01901640817733
HOPX_HOPX,4.38518643494859,7.79951680410702e-10,3.40764504407183,1.47489146496049e-05,2.92312350366583,2.8613035574939e-11,True,True,True,True,True,True,3,3,up,True,True,3.40764504407183,3.40764504407183,2.92312350366583
HIST1H4H_HIST1H4H,3.95928144919216,0.0001025167313968,3.95438291833134,0.0009808671229535,2.83137077744817,1.56335005158169e-08,True,True,True,True,True,True,3,3,up,True,True,3.95438291833134,3.95438291833134,2.83137077744817
KRT17_KRT17,4.90288365240586,6.81674298293655e-05,2.81153654163553,0.0004315787402026,7.1642804672175,1.10647518722705e-13,True,True,True,True,True,True,3,3,up,True,True,4.90288365240586,4.90288365240586,2.81153654163553
IL23A_IL23A,3.32180988897936,0.000110818180069,2.72729691276599,0.0006365792500743,3.28982075348604,6.91092419771435e-11,True,True,True,True,True,True,3,3,up,True,True,3.28982075348604,3.28982075348604,2.72729691276599
STX11_STX11,4.31824566336168,1.33273373621211e-07,2.71143151104096,0.0023063753233916,2.71295373775014,7.276201833013521e-10,True,True,True,True,True,True,3,3,up,True,True,2.71295373775014,2.71295373775014,2.71143151104096
CELF6_CELF6,2.70368305614869,0.0008171797279427,3.72572139365464,0.0394775225028717,3.37303763884917,3.1065534687477e-07,True,True,True,True,True,True,3,3,up,True,True,3.37303763884917,3.37303763884917,2.70368305614869
MYL9_MYL9,2.69774567400042,3.16677045795584e-07,3.47020385072179,0.001139471308504,3.78389590837157,2.5620037631675502e-15,True,True,True,True,True,True,3,3,up,True,True,3.47020385072179,3.47020385072179,2.69774567400042
ITGAM_ITGAM,5.3134830106226,4.39110405554302e-06,5.14007581723341,0.0003947185021757,2.57465831177557,0.010687369762903,True,True,True,True,True,True,3,3,up,True,True,5.14007581723341,5.14007581723341,2.57465831177557
MAF_MAF,2.57386671228727,0.0011864678622117,5.63723936465893,3.31908762696104e-06,2.95288919808584,0.0003553189945115,True,True,True,True,True,True,3,3,up,True,True,2.95288919808584,2.95288919808584,2.57386671228727
PIF1_PIF1,-4.30237325107563,6.600851137158279e-11,-2.56155183714302,4.93260541469475e-05,-3.86036382410432,2.43149119975624e-10,True,True,True,True,True,True,3,3,down,True,True,-3.86036382410432,3.86036382410432,2.56155183714302
EREG_EREG,-4.32792868617448,1.50915993606403e-05,-2.51216990308852,2.96409221674446e-05,-4.76489209326901,1.7586533355190402e-21,True,True,True,True,True,True,3,3,down,True,True,-4.32792868617448,4.32792868617448,2.51216990308852
ARHGAP31_ARHGAP31,2.73050650368038,9.12583145629751e-06,3.17287037011429,4.40116104917675e-06,2.50608194472908,1.23358335495056e-19,True,True,True,True,True,True,3,3,up,True,True,2.73050650368038,2.73050650368038,2.50608194472908
CALCOCO1_CALCOCO1,2.49029784450574,2.68694346620085e-16,2.95184817376331,4.79095692876472e-07,2.5768290336056,8.63289820796238e-17,True,True,True,True,True,True,3,3,up,True,True,2.5768290336056,2.5768290336056,2.49029784450574
CAPN3_CAPN3,2.46148224674964,0.0001089174194613,3.52795499181794,0.0054714943914768,4.02224747539612,5.87198723406899e-07,True,True,True,True,True,True,3,3,up,True,True,3.52795499181794,3.52795499181794,2.46148224674964
LBH_LBH,3.16775075313028,7.585785899908599e-13,2.44295052731836,0.0007188007843736,4.64813837153043,3.43529666919452e-17,True,True,True,True,True,True,3,3,up,True,True,3.16775075313028,3.16775075313028,2.44295052731836
FBXO32_FBXO32,2.69749683756818,1.2466270545589301e-14,3.46765782470905,5.64704870108479e-07,2.4427121919292,1.3919940007032101e-21,True,True,True,True,True,True,3,3,up,True,True,2.69749683756818,2.69749683756818,2.4427121919292
LIMS2_LIMS2,3.07749858569635,0.0007153631157447,2.37397346831532,0.0071308105871537,3.28000762920526,0.0007327110908939,True,True,True,True,True,True,3,3,up,True,True,3.07749858569635,3.07749858569635,2.37397346831532
CDC20_CDC20,-3.88028942143218,1.0514378494600599e-13,-2.33977063423748,0.0003852078343174,-4.00533357744667,2.55576124932646e-20,True,True,True,True,True,True,3,3,down,True,True,-3.88028942143218,3.88028942143218,2.33977063423748
PBXIP1_PBXIP1,2.33621066653272,1.0364680067404701e-15,2.58909286935672,3.23717318106372e-06,2.62898758438619,2.2596512345514702e-20,True,True,True,True,True,True,3,3,up,True,True,2.58909286935672,2.58909286935672,2.33621066653272
CREBRF_CREBRF,2.30333453559945,8.99801711038573e-12,2.50851100548875,0.0011609706081856,3.17012896122276,1.77129741259839e-16,True,True,True,True,True,True,3,3,up,True,True,2.50851100548875,2.50851100548875,2.30333453559945
ACOX2_ACOX2,-6.69042817898859,1.46615870444752e-07,-2.29396414235212,0.0100056500968195,-5.96267871704532,4.97570528459587e-08,True,True,True,True,True,True,3,3,down,True,True,-5.96267871704532,5.96267871704532,2.29396414235212
DNAH2_DNAH2,-2.29018498919246,2.55455767168509e-06,-2.49362350466503,1.78371324921445e-05,-3.17983317828021,9.420341986889441e-20,True,True,True,True,True,True,3,3,down,True,True,-2.49362350466503,2.49362350466503,2.29018498919246
MMP24_MMP24,2.22010644233461,7.40582157453719e-05,2.96379203019349,0.0001304956968541,2.67264678776737,0.0001491031786437,True,True,True,True,True,True,3,3,up,True,True,2.67264678776737,2.67264678776737,2.22010644233461
PLK1_PLK1,-3.28642796332381,7.50684444746796e-13,-2.21704947531725,2.21019739542968e-05,-3.91888416979168,1.44518099439686e-21,True,True,True,True,True,True,3,3,down,True,True,-3.28642796332381,3.28642796332381,2.21704947531725
AKR1B10_AKR1B10,-3.53944666387747,8.86638134299637e-18,-2.2014196648258,0.0026776042807883,-4.94526252127275,7.5032205333813e-07,True,True,True,True,True,True,3,3,down,True,True,-3.53944666387747,3.53944666387747,2.2014196648258
GPNMB_GPNMB,6.24636034649115,2.55068941159982e-14,2.19684417321575,0.0002522901700402,2.91761721967343,3.43685145693541e-13,True,True,True,True,True,True,3,3,up,True,True,2.91761721967343,2.91761721967343,2.19684417321575
PSRC1_PSRC1,-2.89085542704059,4.28127619493215e-12,-2.18106106795697,8.96240194130859e-05,-2.72590647476693,1.60833851976368e-15,True,True,True,True,True,True,3,3,down,True,True,-2.72590647476693,2.72590647476693,2.18106106795697
MFSD2A_MFSD2A,-2.19059375043071,7.84727293741731e-05,-2.1398750567379,0.0001308770631901,-2.38366608721336,5.86769383785198e-11,True,True,True,True,True,True,3,3,down,True,True,-2.19059375043071,2.19059375043071,2.1398750567379
MRAS_MRAS,3.0817050597895,1.32650078346543e-09,2.76414482620919,5.42013293110082e-06,2.13659612922459,7.23901949472124e-06,True,True,True,True,True,True,3,3,up,True,True,2.76414482620919,2.76414482620919,2.13659612922459
MYEOV_MYEOV,-2.86296937998543,3.1703738451113903e-15,-2.29106850185002,4.96606307496956e-05,-2.12610033865296,1.88787903415068e-17,True,True,True,True,True,True,3,3,down,True,True,-2.29106850185002,2.29106850185002,2.12610033865296
FAM189A2_FAM189A2,2.10230362110791,7.41682342155495e-07,2.2583735841275,6.75691472091691e-05,5.28079032191583,8.1549158446066e-12,True,True,True,True,True,True,3,3,up,True,True,2.2583735841275,2.2583735841275,2.10230362110791
PLEKHH2_PLEKHH2,-3.45173588507613,4.59292195729206e-08,-2.10219676723364,0.0042850630197187,-3.41117208747499,7.07487455731349e-08,True,True,True,True,True,True,3,3,down,True,True,-3.41117208747499,3.41117208747499,2.10219676723364
GABARAPL1_GABARAPL1,3.65876781183604,9.323759027040409e-18,2.12351148112272,4.26554440975717e-05,2.0982140748694,4.7543372528371504e-15,True,True,True,True,True,True,3,3,up,True,True,2.12351148112272,2.12351148112272,2.0982140748694
GPR3_GPR3,-3.46434168076931,0.0002088378456133,-2.52987397110881,0.0006644811209991,-2.09704247271847,3.52731277037665e-10,True,True,True,True,True,True,3,3,down,True,True,-2.52987397110881,2.52987397110881,2.09704247271847
KCNK2_KCNK2,-3.22637335633541,0.0004038938695706,-2.08055083883538,1.17470417655344e-05,-2.42748273980443,1.43909581848809e-06,True,True,True,True,True,True,3,3,down,True,True,-2.42748273980443,2.42748273980443,2.08055083883538
TMPRSS6_TMPRSS6,2.07572607259961,6.03927502022365e-06,3.34440848687539,0.0007660882301806,2.43796819207157,0.0110643764970818,True,True,True,True,True,True,3,3,up,True,True,2.43796819207157,2.43796819207157,2.07572607259961
CDCA3_CDCA3,-2.77043725985292,1.2466270545589301e-14,-2.04811925676077,1.99513074353852e-05,-3.3572871631041,2.42893760811247e-17,True,True,True,True,True,True,3,3,down,True,True,-2.77043725985292,2.77043725985292,2.04811925676077
RASGRP1_RASGRP1,2.03175376997079,6.73496096199613e-06,2.81472129312262,0.001108549423084,5.18343358646051,7.39665210402105e-18,True,True,True,True,True,True,3,3,up,True,True,2.81472129312262,2.81472129312262,2.03175376997079
HIST2H2BE_HIST2H2BE,2.5002242963423,1.70410475585846e-11,2.04349320562522,7.25435063438739e-06,2.03158469227643,9.160672670119021e-20,True,True,True,True,True,True,3,3,up,True,True,2.04349320562522,2.04349320562522,2.03158469227643
VTCN1_VTCN1,2.20159947730123,8.4518768160082e-14,3.89369025378922,1.78371324921445e-05,2.03146636861058,0.0462259515603493,True,True,True,True,True,True,3,3,up,True,True,2.20159947730123,2.20159947730123,2.03146636861058
ARHGEF37_ARHGEF37,3.24824020113403,1.79366327213073e-13,2.23652563496224,0.0001233827453153,2.02091097989657,2.2978286408961e-10,True,True,True,True,True,True,3,3,up,True,True,2.23652563496224,2.23652563496224,2.02091097989657
BMF_BMF,3.04826870783711,9.9186890287869e-15,2.02061365655153,2.71704866700065e-06,3.01559238476445,2.2377142375896e-21,True,True,True,True,True,True,3,3,up,True,True,3.01559238476445,3.01559238476445,2.02061365655153
LOC100507487_LOC100507487,2.00703753991521,0.0001912383597534,2.86263373421467,0.0030090376934833,2.15531336472629,0.0009204738724,True,True,True,True,True,True,3,3,up,True,True,2.15531336472629,2.15531336472629,2.00703753991521
PTGS1_PTGS1,-2.00219356737417,0.0002535383153916,-2.42476547812014,0.0042431390981335,-4.73855048867548,1.87682637864671e-06,True,True,True,True,True,True,3,3,down,True,True,-2.42476547812014,2.42476547812014,2.00219356737417
PTTG1_PTTG1,-3.63594508003303,1.38688187958394e-16,-1.99878886435064,0.0002186617909416,-3.54793933694034,1.62782871531232e-20,True,True,True,True,True,True,3,3,down,True,True,-3.54793933694034,3.54793933694034,1.99878886435064
CDKN3_CDKN3,-3.03962445166121,4.9448163585699904e-15,-1.99717457946681,0.0003851081860653,-3.78802799412954,9.97653236480981e-16,True,True,True,True,True,True,3,3,down,True,True,-3.03962445166121,3.03962445166121,1.99717457946681
TUBA1A_TUBA1A,1.99570729404991,8.67314652531538e-14,3.22658634046287,3.11856885262169e-07,2.5671573417239,1.4033851486085699e-22,True,True,True,True,True,True,3,3,up,True,True,2.5671573417239,2.5671573417239,1.99570729404991
FAM83E_FAM83E,3.34737885955873,1.92555165494633e-08,2.37571063825306,0.0008987610347291,1.99395507355105,3.25213028760309e-06,True,True,True,True,True,True,3,3,up,True,True,2.37571063825306,2.37571063825306,1.99395507355105
UBE2S_UBE2S,-2.11100531271183,1.13699607031441e-10,-1.9904643896323,0.0045432642120545,-2.60387229710811,3.38946453446199e-23,True,True,True,True,True,True,3,3,down,True,True,-2.11100531271183,2.11100531271183,1.9904643896323
AGR2_AGR2,-1.98742369509746,8.226401218934051e-15,-2.78270009223325,2.19582812707895e-06,-3.07000166833102,3.00213357041457e-17,True,True,True,True,True,True,3,3,down,True,True,-2.78270009223325,2.78270009223325,1.98742369509746
MROH7_MROH7,1.96824839411165,0.0469588788468419,3.96629591048824,0.047792073573631,4.51789078855311,0.0091959633342595,True,True,True,True,True,True,3,3,up,True,True,3.96629591048824,3.96629591048824,1.96824839411165
KRTAP2-3_KRTAP2-3,2.17497521739158,0.0176327415601358,1.95710845224009,0.0011081072668176,3.60475015353241,2.2049606947100297e-11,True,True,True,True,True,True,3,3,up,True,True,2.17497521739158,2.17497521739158,1.95710845224009
GPM6B_GPM6B,1.95625264958058,0.0038548472261821,2.08460828937479,0.0360269500293562,2.23345670975048,3.84829473920837e-06,True,True,True,True,True,True,3,3,up,True,True,2.08460828937479,2.08460828937479,1.95625264958058
AURKA_AURKA,-2.97788030817312,3.9226002023631604e-17,-1.94586892342996,1.17470417655344e-05,-3.66408918286918,1.57984811580046e-21,True,True,True,True,True,True,3,3,down,True,True,-2.97788030817312,2.97788030817312,1.94586892342996
BIRC5_BIRC5,-2.01627154541203,1.03844639905134e-12,-1.9403861938563,0.0002111567741145,-3.95235838097833,9.679508787851071e-23,True,True,True,True,True,True,3,3,down,True,True,-2.01627154541203,2.01627154541203,1.9403861938563
ZDHHC8P1_ZDHHC8P1,2.16335339955533,0.0003151513904362,3.74651262555261,0.0083590142289351,1.93987650477999,0.0022084538253282,True,True,True,True,True,True,3,3,up,True,True,2.16335339955533,2.16335339955533,1.93987650477999
PBK_PBK,-2.84274765351953,1.1844426174566001e-15,-1.93426739668628,0.0003735140848303,-3.68743153248007,7.43183632020116e-20,True,True,True,True,True,True,3,3,down,True,True,-2.84274765351953,2.84274765351953,1.93426739668628
GRHL3_GRHL3,4.16273599633236,1.4965452095012901e-15,3.01343438951101,8.58254708683243e-06,1.92402859422409,8.72304997739887e-05,True,True,True,True,True,True,3,3,up,True,True,3.01343438951101,3.01343438951101,1.92402859422409
STAT5A_STAT5A,3.23333746046997,0.0001213452526349,1.93765015382932,0.0002561852381272,1.92150456529235,1.84506533032169e-08,True,True,True,True,True,True,3,3,up,True,True,1.93765015382932,1.93765015382932,1.92150456529235
FAM64A_FAM64A,-1.92137592195479,1.9925736322229603e-09,-1.99179763559982,0.000158307161654,-3.96319691324331,1.58110290443216e-13,True,True,True,True,True,True,3,3,down,True,True,-1.99179763559982,1.99179763559982,1.92137592195479
ABLIM2_ABLIM2,1.92099291891335,1.42218408468002e-06,2.01875286317368,0.0013615713897767,2.18994938635474,2.40468050518819e-06,True,True,True,True,True,True,3,3,up,True,True,2.01875286317368,2.01875286317368,1.92099291891335
DUSP10_DUSP10,3.45137717100955,2.0224141950543498e-12,2.35511711093819,0.0002366378545207,1.91701669380445,5.944537205000011e-19,True,True,True,True,True,True,3,3,up,True,True,2.35511711093819,2.35511711093819,1.91701669380445
DEPDC1B_DEPDC1B,-3.28370639897803,2.29369028099348e-13,-1.91211996018996,0.003558001679436,-3.65272954186291,6.30101056439071e-16,True,True,True,True,True,True,3,3,down,True,True,-3.28370639897803,3.28370639897803,1.91211996018996
BMPER_BMPER,4.42481137752084,3.66175673582709e-05,1.91194317025724,0.0030818194101077,3.36852419281816,3.02891598667089e-05,True,True,True,True,True,True,3,3,up,True,True,3.36852419281816,3.36852419281816,1.91194317025724
FAM83D_FAM83D,-3.0477776884723,6.20529582941476e-14,-1.89833596260964,0.0007260023945381,-3.4002170140201,1.31154277292802e-18,True,True,True,True,True,True,3,3,down,True,True,-3.0477776884723,3.0477776884723,1.89833596260964
CLIC5_CLIC5,5.84607020090456,1.02780671662598e-10,6.38863817004037,3.76297372970001e-06,1.8975346943756,1.39626660748269e-06,True,True,True,True,True,True,3,3,up,True,True,5.84607020090456,5.84607020090456,1.8975346943756
PHLDA1_PHLDA1,-5.10960437538657,2.97339461127724e-16,-2.94662101354334,9.04774430426839e-07,-1.89642784554835,1.76551090592599e-21,True,True,True,True,True,True,3,3,down,True,True,-2.94662101354334,2.94662101354334,1.89642784554835
ID2_ID2,5.18024844232405,3.900079142505331e-09,1.8888070204891,0.0004510848973693,2.71832764113326,6.63082559637438e-13,True,True,True,True,True,True,3,3,up,True,True,2.71832764113326,2.71832764113326,1.8888070204891
GSN-AS1_GSN-AS1,3.12775515546405,0.0017821216613069,4.73258417611942,0.0163744091291513,1.8871233283984,0.0004373244568711,True,True,True,True,True,True,3,3,up,True,True,3.12775515546405,3.12775515546405,1.8871233283984
NR3C2_NR3C2,3.04676140231695,8.53601455625991e-08,1.87619253925528,0.0003837702341087,3.72905226349968,7.209398662240601e-15,True,True,True,True,True,True,3,3,up,True,True,3.04676140231695,3.04676140231695,1.87619253925528
SYNPO_SYNPO,3.06319353938574,2.8748301105920903e-14,1.86723359930517,4.51702454700838e-05,2.49235460192432,3.2059821817421805e-15,True,True,True,True,True,True,3,3,up,True,True,2.49235460192432,2.49235460192432,1.86723359930517
RASGEF1B_RASGEF1B,4.71561226176852,1.88091045733763e-06,4.06054566515732,3.04218236193167e-06,1.84545089792388,1.24515004294918e-10,True,True,True,True,True,True,3,3,up,True,True,4.06054566515732,4.06054566515732,1.84545089792388
AHRR_AHRR,1.84487776814074,1.5707239339781e-09,2.1031413137993,9.25020287475001e-05,2.7687513399542,3.1449809064594304e-19,True,True,True,True,True,True,3,3,up,True,True,2.1031413137993,2.1031413137993,1.84487776814074
SAMD4A_SAMD4A,1.84062465499503,3.21421902703886e-13,2.15688512892766,0.0008413781531468,2.63768307837907,3.94801469733249e-21,True,True,True,True,True,True,3,3,up,True,True,2.15688512892766,2.15688512892766,1.84062465499503
S1PR4_S1PR4,4.99892032661706,7.65911882034821e-07,3.34717059996207,0.0058057637829831,1.83965045645911,0.0445699854966071,True,True,True,True,True,True,3,3,up,True,True,3.34717059996207,3.34717059996207,1.83965045645911
KIF20A_KIF20A,-3.42021578645076,8.60913124349964e-16,-1.8311274095632,0.0002602975447856,-3.4460609720419,6.06696831810995e-19,True,True,True,True,True,True,3,3,down,True,True,-3.42021578645076,3.42021578645076,1.8311274095632
CENPA_CENPA,-2.94453536856258,8.32151649489869e-14,-1.81536985529599,5.68537141984583e-05,-3.70721388332564,2.6000707154060803e-15,True,True,True,True,True,True,3,3,down,True,True,-2.94453536856258,2.94453536856258,1.81536985529599
DLGAP5_DLGAP5,-4.0729462965794,4.0172457792029005e-18,-1.81434272057952,0.0001861876609048,-4.19430459211294,1.6706376049102198e-18,True,True,True,True,True,True,3,3,down,True,True,-4.0729462965794,4.0729462965794,1.81434272057952
MEX3B_MEX3B,1.81028904601605,0.0026296761975861,2.33017618707414,0.0021806803460788,1.85986996870419,3.43091946255115e-05,True,True,True,True,True,True,3,3,up,True,True,1.85986996870419,1.85986996870419,1.81028904601605
KRT16_KRT16,1.80920839436869,3.9530433588826796e-11,2.71032363214681,0.0003688598647031,5.67941517567484,4.16238402767916e-08,True,True,True,True,True,True,3,3,up,True,True,2.71032363214681,2.71032363214681,1.80920839436869
GSN_GSN,2.21715734236588,4.5219119110958805e-14,1.80278502657831,2.05482880026527e-05,1.93381276125725,1.6608815993154602e-15,True,True,True,True,True,True,3,3,up,True,True,1.93381276125725,1.93381276125725,1.80278502657831
KLHL24_KLHL24,1.7989461997371,2.4621948435051098e-11,3.36630438648811,0.0004463251230023,2.87601128948047,3.3771167170485604e-20,True,True,True,True,True,True,3,3,up,True,True,2.87601128948047,2.87601128948047,1.7989461997371
ABTB1_ABTB1,1.7932815326973,1.2624606322179899e-11,2.09971887581857,0.0006355219971207,3.46738379246966,6.11795412756323e-16,True,True,True,True,True,True,3,3,up,True,True,2.09971887581857,2.09971887581857,1.7932815326973
TROAP_TROAP,-2.97926951788171,1.93529184148062e-12,-1.79275413361798,0.0022632766343221,-2.97217440355827,1.10139615726194e-16,True,True,True,True,True,True,3,3,down,True,True,-2.97217440355827,2.97217440355827,1.79275413361798
TNFAIP3_TNFAIP3,3.61572930359263,2.88749480121186e-10,2.32560779763808,0.0007461226089997,1.78913177892725,8.76396470806279e-19,True,True,True,True,True,True,3,3,up,True,True,2.32560779763808,2.32560779763808,1.78913177892725
HIST1H2AC_HIST1H2AC,3.3437220266053,9.51436354217011e-14,1.78158575409166,3.64184935239136e-05,1.98425438212518,2.58800257244479e-12,True,True,True,True,True,True,3,3,up,True,True,1.98425438212518,1.98425438212518,1.78158575409166
STX19_STX19,2.42857280273292,2.47633995094999e-06,2.35086351884819,0.0050801560927764,1.7791402235683,0.0010629942472551,True,True,True,True,True,True,3,3,up,True,True,2.35086351884819,2.35086351884819,1.7791402235683
YPEL1_YPEL1,1.7692266899458,4.43233411984289e-09,2.82432443214976,6.06302611067422e-06,3.01790880221003,3.87961903193922e-13,True,True,True,True,True,True,3,3,up,True,True,2.82432443214976,2.82432443214976,1.7692266899458
GTSE1_GTSE1,-2.99685278889834,2.03093587040757e-12,-1.76918895444707,0.0040860019765842,-3.31927441521013,2.67622358926532e-16,True,True,True,True,True,True,3,3,down,True,True,-2.99685278889834,2.99685278889834,1.76918895444707
ESPL1_ESPL1,-2.32380914063032,3.22002894652062e-12,-1.76906475040056,2.93622523907109e-05,-2.88451797425567,2.64371550071644e-17,True,True,True,True,True,True,3,3,down,True,True,-2.32380914063032,2.32380914063032,1.76906475040056
DEPDC1_DEPDC1,-3.37010598706431,2.16519568985718e-16,-1.7683751129152,0.0052353519503788,-4.11457380930087,2.50213874616713e-19,True,True,True,True,True,True,3,3,down,True,True,-3.37010598706431,3.37010598706431,1.7683751129152
TBC1D9_TBC1D9,2.44874239832434,6.16587260017614e-17,1.8288304848645,0.0170203349281707,1.76600539518884,2.44509090010082e-17,True,True,True,True,True,True,3,3,up,True,True,1.8288304848645,1.8288304848645,1.76600539518884
CCNB1_CCNB1,-3.15097417407671,9.178776549800489e-18,-1.75158615560725,0.0001874070809369,-3.48040014369895,9.44172768881178e-23,True,True,True,True,True,True,3,3,down,True,True,-3.15097417407671,3.15097417407671,1.75158615560725
KLHDC1_KLHDC1,2.2723733519676,0.0001631035631644,2.72004791762594,0.0066936197278179,1.74323752661211,0.000151374939542,True,True,True,True,True,True,3,3,up,True,True,2.2723733519676,2.2723733519676,1.74323752661211
UBE2C_UBE2C,-2.59477890580692,8.4657626043421e-14,-1.74082308163387,3.69314308901037e-05,-3.22300233361128,1.03978140740634e-21,True,True,True,True,True,True,3,3,down,True,True,-2.59477890580692,2.59477890580692,1.74082308163387
ALPP_ALPP,3.83000432997545,1.1916469957482899e-11,3.50102074686435,0.0004427111188801,1.73944377413719,1.60177004725928e-08,True,True,True,True,True,True,3,3,up,True,True,3.50102074686435,3.50102074686435,1.73944377413719
PRR16_PRR16,4.35214786516458,4.55450785687341e-06,1.73637815889927,0.0037214639388448,3.94283020032741,4.39675023772238e-07,True,True,True,True,True,True,3,3,up,True,True,3.94283020032741,3.94283020032741,1.73637815889927
C1orf116_C1orf116,2.5660373213553,7.005564377915621e-17,1.7358869426667,3.17662102179326e-06,2.76639664026059,4.2516661082309004e-21,True,True,True,True,True,True,3,3,up,True,True,2.5660373213553,2.5660373213553,1.7358869426667
TP53INP1_TP53INP1,2.54082396558679,3.93254231881998e-10,2.61992821061437,0.0194836669698503,1.72365857795284,2.13334045925266e-08,True,True,True,True,True,True,3,3,up,True,True,2.54082396558679,2.54082396558679,1.72365857795284
SEMA6B_SEMA6B,-3.57271256483979,2.03636344344243e-06,-1.71966927753098,0.001446225137055,-3.50021895670255,9.41130079719263e-13,True,True,True,True,True,True,3,3,down,True,True,-3.50021895670255,3.50021895670255,1.71966927753098
GPR176_GPR176,4.22603230328812,1.67357079369826e-09,1.71108445635037,0.00599343704459,3.85091235316733,3.4474563617930397e-22,True,True,True,True,True,True,3,3,up,True,True,3.85091235316733,3.85091235316733,1.71108445635037
ZFYVE1_ZFYVE1,1.71010622233952,3.80734513333115e-12,1.81321210142756,8.58254708683243e-06,1.98423965445066,3.08071349629945e-16,True,True,True,True,True,True,3,3,up,True,True,1.81321210142756,1.81321210142756,1.71010622233952
CEP295NL_CEP295NL,2.25838267473623,0.0085282480496822,2.62183157712035,0.0087151781263381,1.70872461791593,2.86466764464086e-06,True,True,True,True,True,True,3,3,up,True,True,2.25838267473623,2.25838267473623,1.70872461791593
TINCR_TINCR,2.92363921521517,2.2917188718561402e-17,1.70032017118047,0.0001974970441537,2.32890884259614,0.001923249377761,True,True,True,True,True,True,3,3,up,True,True,2.32890884259614,2.32890884259614,1.70032017118047
RAB11FIP1_RAB11FIP1,1.70024853423711,5.26418645043089e-14,2.29797759129097,0.0003107256178447,2.92697699224881,6.5755003494455104e-24,True,True,True,True,True,True,3,3,up,True,True,2.29797759129097,2.29797759129097,1.70024853423711
ATF3_ATF3,1.69500637433357,2.39584463842649e-09,2.75455198254045,5.64704870108479e-07,3.09486259344763,2.81611098512876e-14,True,True,True,True,True,True,3,3,up,True,True,2.75455198254045,2.75455198254045,1.69500637433357
UBD_UBD,7.11143405039555,7.215510905540491e-09,6.18408220621283,9.48403593535492e-05,1.69144938335597,2.89715055155564e-12,True,True,True,True,True,True,3,3,up,True,True,6.18408220621283,6.18408220621283,1.69144938335597
GAS2L3_GAS2L3,-3.47644187077189,7.81303043136427e-13,-1.69097074102546,0.0131884404700766,-2.71468719848431,3.50411314564218e-14,True,True,True,True,True,True,3,3,down,True,True,-2.71468719848431,2.71468719848431,1.69097074102546
ANKRD24_ANKRD24,3.33713382357412,4.84788507514923e-07,1.69067684225366,0.01962891204531,2.02809010655942,1.18518089210652e-07,True,True,True,True,True,True,3,3,up,True,True,2.02809010655942,2.02809010655942,1.69067684225366
SDHAP3_SDHAP3,1.68720838441118,0.0002280118430108,2.14552190211743,0.0051727475723462,3.04601721566774,0.0053913318356365,True,True,True,True,True,True,3,3,up,True,True,2.14552190211743,2.14552190211743,1.68720838441118
AREG_AREG,-2.44317783849765,7.24337869394179e-05,-1.67128297385486,7.8700962586407e-06,-3.62079636730834,3.2840761380568602e-21,True,True,True,True,True,True,3,3,down,True,True,-2.44317783849765,2.44317783849765,1.67128297385486
FOSL1_FOSL1,-5.75681024995921,2.8647406417721598e-12,-1.82047585469504,0.0007461226089997,-1.66443259877829,5.0110782622120904e-20,True,True,True,True,True,True,3,3,down,True,True,-1.82047585469504,1.82047585469504,1.66443259877829
LMNB1_LMNB1,-2.43454523195175,1.6521276190681699e-12,-1.65899277874591,0.0030694184014828,-2.832467680631,1.54128638141701e-18,True,True,True,True,True,True,3,3,down,True,True,-2.43454523195175,2.43454523195175,1.65899277874591
DHRS9_DHRS9,-4.0772488167366,2.33067151743892e-05,-1.65853194879762,0.0276174262917418,-6.3322669654513,3.44375171244056e-08,True,True,True,True,True,True,3,3,down,True,True,-4.0772488167366,4.0772488167366,1.65853194879762
CENPE_CENPE,-3.67913260121533,5.94715936253243e-16,-1.65757425051921,0.034959393246209,-3.99532220715487,1.3260066852664e-13,True,True,True,True,True,True,3,3,down,True,True,-3.67913260121533,3.67913260121533,1.65757425051921
TOP2A_TOP2A,-2.64835965459923,4.43207774700709e-17,-1.64895772294257,0.023581169658199,-3.70274232996881,2.1579616650310202e-09,True,True,True,True,True,True,3,3,down,True,True,-2.64835965459923,2.64835965459923,1.64895772294257
CXCL10_CXCL10,4.35671463954898,1.67159136448065e-05,2.26574186026208,0.0215563767544585,1.64869872167573,0.0014289042196938,True,True,True,True,True,True,3,3,up,True,True,2.26574186026208,2.26574186026208,1.64869872167573
FABP5_FABP5,-1.63976443176327,0.0118141129058911,-2.34658171483096,2.3341353712241e-06,-2.25848959209116,2.98736760851576e-20,True,True,True,True,True,True,3,3,down,True,True,-2.25848959209116,2.25848959209116,1.63976443176327
RUNDC3A-AS1_RUNDC3A-AS1,1.78440714582527,1.08328239052889e-05,1.63844539593391,7.33570884049535e-05,2.16143714019106,0.0023142370336989,True,True,True,True,True,True,3,3,up,True,True,1.78440714582527,1.78440714582527,1.63844539593391
YPEL3_YPEL3,2.69330942392791,1.1933793221450101e-14,1.63111480047819,0.0099269207268683,1.93175895308572,1.04353916025603e-12,True,True,True,True,True,True,3,3,up,True,True,1.93175895308572,1.93175895308572,1.63111480047819
ASPH_ASPH,-3.16616670221516,6.083973431185571e-19,-1.63094151028976,0.002465804547133,-1.8139168358537,1.52121886632025e-21,True,True,True,True,True,True,3,3,down,True,True,-1.8139168358537,1.8139168358537,1.63094151028976
SAPCD2_SAPCD2,-2.63187773814288,1.99576580377963e-09,-1.6458105688628,3.04640770435124e-05,-1.61840587624224,7.671467174836289e-18,True,True,True,True,True,True,3,3,down,True,True,-1.6458105688628,1.6458105688628,1.61840587624224
CCNB2_CCNB2,-3.59890614945755,4.0660327398187e-15,-1.61735511713906,0.0002342254062106,-3.36439817678422,5.4011751516508804e-20,True,True,True,True,True,True,3,3,down,True,True,-3.36439817678422,3.36439817678422,1.61735511713906
C17orf107_C17orf107,2.22494526225487,1.91160816124131e-05,1.65117149566034,0.0253761423488427,1.61569114264798,0.0001409719238969,True,True,True,True,True,True,3,3,up,True,True,1.65117149566034,1.65117149566034,1.61569114264798
CCNA2_CCNA2,-2.90947100644298,2.8673811904374303e-15,-1.61218353200459,0.000569011707582,-3.55253334160207,1.69640963378576e-21,True,True,True,True,True,True,3,3,down,True,True,-2.90947100644298,2.90947100644298,1.61218353200459
SPTSSB_SPTSSB,-1.60783673602446,1.85723189213904e-05,-3.24635116307626,2.29900287589889e-06,-3.3877766411448,7.11437821775702e-08,True,True,True,True,True,True,3,3,down,True,True,-3.24635116307626,3.24635116307626,1.60783673602446
CCNF_CCNF,-2.30879973356472,1.4901326184618699e-12,-1.60522322265955,0.0001002049074589,-2.4911648179173,1.25005837708634e-18,True,True,True,True,True,True,3,3,down,True,True,-2.30879973356472,2.30879973356472,1.60522322265955
CDCA2_CDCA2,-2.87250229435985,4.3758992938099805e-15,-1.60453930889832,0.000877819019002,-3.71525648756693,1.6392824534640802e-15,True,True,True,True,True,True,3,3,down,True,True,-2.87250229435985,2.87250229435985,1.60453930889832
PLXNC1_PLXNC1,4.01663207124454,1.07970705477305e-08,2.56763502639198,0.0005979780335294,1.6011231835239,5.97425609458096e-09,True,True,True,True,True,True,3,3,up,True,True,2.56763502639198,2.56763502639198,1.6011231835239
PRR11_PRR11,-3.70909797733911,3.44415035577941e-17,-1.59927395674401,8.95419336943846e-05,-2.7418260024768,7.36878687106808e-18,True,True,True,True,True,True,3,3,down,True,True,-2.7418260024768,2.7418260024768,1.59927395674401
ADORA1_ADORA1,-4.43055477406492,4.49877661351823e-09,-1.59474238226736,0.0003390445428134,-3.66340428012908,1.36441483315477e-07,True,True,True,True,True,True,3,3,down,True,True,-3.66340428012908,3.66340428012908,1.59474238226736
GTF2IRD2B_GTF2IRD2B,1.59471218188598,1.74905590756369e-07,1.86790144750809,0.0004096987251824,2.99022332725428,1.25160167785253e-11,True,True,True,True,True,True,3,3,up,True,True,1.86790144750809,1.86790144750809,1.59471218188598
MBNL1-AS1_MBNL1-AS1,1.80271606318709,0.0083420598713807,1.98679832865185,0.0089500997178168,1.58947022442888,0.0018203817726181,True,True,True,True,True,True,3,3,up,True,True,1.80271606318709,1.80271606318709,1.58947022442888
HMGB2_HMGB2,-2.12328951244986,1.00774920152421e-14,-1.58913503200253,0.0024305276675466,-2.27685789060046,3.9914763560465004e-21,True,True,True,True,True,True,3,3,down,True,True,-2.12328951244986,2.12328951244986,1.58913503200253
HHAT_HHAT,1.64106780813526,2.22299018840055e-09,1.58906444028033,0.0020174949009397,2.33001018254822,2.79513268080963e-14,True,True,True,True,True,True,3,3,up,True,True,1.64106780813526,1.64106780813526,1.58906444028033
PNRC1_PNRC1,1.58873913889028,2.82002721436905e-13,1.90266535952454,4.46741069608676e-05,1.94613072006121,8.38909609796158e-15,True,True,True,True,True,True,3,3,up,True,True,1.90266535952454,1.90266535952454,1.58873913889028
ECEL1P2_ECEL1P2,4.1340275356563,1.26563927341503e-06,4.74676017202585,0.0008191349758011,1.58836519851681,0.0001839467768426,True,True,True,True,True,True,3,3,up,True,True,4.1340275356563,4.1340275356563,1.58836519851681
CHPT1_CHPT1,-1.58831493556375,1.0973728530715401e-10,-1.63123976674485,9.86589445509872e-05,-1.65402530982016,5.7094999154011295e-11,True,True,True,True,True,True,3,3,down,True,True,-1.63123976674485,1.63123976674485,1.58831493556375
HMMR_HMMR,-3.6786844907208,9.11682164250122e-18,-1.57925132894355,0.0004895591071028,-3.58704011917617,7.984956339427981e-20,True,True,True,True,True,True,3,3,down,True,True,-3.58704011917617,3.58704011917617,1.57925132894355
DBF4_DBF4,-2.26003440267044,3.08309821261149e-12,-1.5743302176694,0.0021962616943354,-2.01409949820101,5.07978607461808e-16,True,True,True,True,True,True,3,3,down,True,True,-2.01409949820101,2.01409949820101,1.5743302176694
DNAH1_DNAH1,1.57422058111927,3.64126624839378e-07,1.83161114221323,0.0050635019670654,2.36916868533355,1.73573386001436e-09,True,True,True,True,True,True,3,3,up,True,True,1.83161114221323,1.83161114221323,1.57422058111927
GPRC5A_GPRC5A,1.57308510537388,9.525605358650581e-15,1.83442883174619,1.11405755184129e-06,2.05194340015036,2.1323762703321003e-20,True,True,True,True,True,True,3,3,up,True,True,1.83442883174619,1.83442883174619,1.57308510537388
ANLN_ANLN,-3.02999895524655,2.27489953092061e-18,-1.56695631729593,0.0129505029693347,-3.42543140712134,4.573158023027299e-19,True,True,True,True,True,True,3,3,down,True,True,-3.02999895524655,3.02999895524655,1.56695631729593
ACTBL2_ACTBL2,3.49423351231969,3.13527200224008e-06,1.56245575931146,0.0006494897227435,4.99298304504682,3.77085570614331e-08,True,True,True,True,True,True,3,3,up,True,True,3.49423351231969,3.49423351231969,1.56245575931146
PDZK1_PDZK1,3.48706878097154,1.48016964138977e-12,1.56180657483925,0.0337027688953843,2.07866922020076,0.0066769732407625,True,True,True,True,True,True,3,3,up,True,True,2.07866922020076,2.07866922020076,1.56180657483925
CENPW_CENPW,-2.13321973989425,1.33009659740109e-09,-1.55993183209154,0.0006920295757753,-3.78636838326794,1.46624685065763e-11,True,True,True,True,True,True,3,3,down,True,True,-2.13321973989425,2.13321973989425,1.55993183209154
C5AR1_C5AR1,1.55698183595166,0.0002930720585609,3.06235563110544,0.0026992554991724,1.7055174829754,2.51671911526995e-05,True,True,True,True,True,True,3,3,up,True,True,1.7055174829754,1.7055174829754,1.55698183595166
KIF2C_KIF2C,-3.06142484068158,7.23289527526502e-15,-1.55571301404882,5.24802518352905e-05,-3.39640089669525,1.06301326082129e-19,True,True,True,True,True,True,3,3,down,True,True,-3.06142484068158,3.06142484068158,1.55571301404882
F12_F12,-3.10408965154994,2.38475842474381e-09,-1.71642993745211,0.0288687484359024,-1.55343369095746,3.41682621944125e-07,True,True,True,True,True,True,3,3,down,True,True,-1.71642993745211,1.71642993745211,1.55343369095746
KIF4A_KIF4A,-3.05614098657224,5.00390203359673e-16,-1.55042236897288,0.0018813194914303,-3.28452148765332,6.1711585239243e-20,True,True,True,True,True,True,3,3,down,True,True,-3.05614098657224,3.05614098657224,1.55042236897288
FAM228B_FAM228B,1.54814179186304,0.0050030036963271,2.12305089078901,0.0048256495390481,3.51182071632532,6.1802590673233e-06,True,True,True,True,True,True,3,3,up,True,True,2.12305089078901,2.12305089078901,1.54814179186304
VWF_VWF,4.08455644383156,7.16531333965665e-10,1.541854362234,0.0006347419911924,2.27166619472017,0.0001368278003728,True,True,True,True,True,True,3,3,up,True,True,2.27166619472017,2.27166619472017,1.541854362234
LINC00921_LINC00921,1.58533786630665,0.0001211358284861,2.50956028468134,0.0016181806765717,1.53890462374084,0.0001277889703212,True,True,True,True,True,True,3,3,up,True,True,1.58533786630665,1.58533786630665,1.53890462374084
BORA_BORA,-2.02220857626543,2.5877513800572398e-11,-1.53720756465525,8.96240194130859e-05,-2.69555436240966,2.2630313130899e-14,True,True,True,True,True,True,3,3,down,True,True,-2.02220857626543,2.02220857626543,1.53720756465525
AMY2B_AMY2B,1.53642886838624,0.0055267670322787,1.55944404998021,0.0210438205976138,2.18987337482203,3.83459694961949e-06,True,True,True,True,True,True,3,3,up,True,True,1.55944404998021,1.55944404998021,1.53642886838624
DPF1_DPF1,-2.11810443736849,1.28881570013413e-05,-1.62371703180668,0.0034499636793176,-1.53410117264546,1.06713003278559e-06,True,True,True,True,True,True,3,3,down,True,True,-1.62371703180668,1.62371703180668,1.53410117264546
JAK3_JAK3,1.52965094943976,1.54781668266784e-10,1.54448925253722,0.0280812827396247,1.53837882153412,9.04750872654348e-06,True,True,True,True,True,True,3,3,up,True,True,1.53837882153412,1.53837882153412,1.52965094943976
VWA2_VWA2,1.5242942975229,0.0021537036462543,3.14417433814439,0.0001035744469026,3.81131192618014,5.46437839581705e-06,True,True,True,True,True,True,3,3,up,True,True,3.14417433814439,3.14417433814439,1.5242942975229
PARD3B_PARD3B,2.47683918915089,8.47758347598274e-08,1.52420788425078,0.0006196062804631,3.28693986176957,3.02834928948911e-15,True,True,True,True,True,True,3,3,up,True,True,2.47683918915089,2.47683918915089,1.52420788425078
TPPP3_TPPP3,5.05710550718111,3.45507498327391e-10,3.20526344082326,0.0206099173395468,1.52369832821316,1.7386409206573e-06,True,True,True,True,True,True,3,3,up,True,True,3.20526344082326,3.20526344082326,1.52369832821316
YPEL2_YPEL2,1.52263036213986,5.7534912078527206e-09,3.80040073177195,0.0012970333859149,3.12801189504895,2.15031113423464e-11,True,True,True,True,True,True,3,3,up,True,True,3.12801189504895,3.12801189504895,1.52263036213986
LINC00894_LINC00894,2.26949678764535,2.28338835380944e-08,1.54956526070948,0.0204826498295979,1.5211951168332,3.15439685386254e-08,True,True,True,True,True,True,3,3,up,True,True,1.54956526070948,1.54956526070948,1.5211951168332
TRIB2_TRIB2,-1.84534242346666,1.72200177004613e-09,-1.52112796804411,0.0226639748330732,-1.80135966726829,2.6003403356078702e-17,True,True,True,True,True,True,3,3,down,True,True,-1.80135966726829,1.80135966726829,1.52112796804411
LOC155060_LOC155060,2.06804315299518,0.0001710383982,1.52043546473276,0.0209859819171585,1.77779329242497,2.71052455271272e-05,True,True,True,True,True,True,3,3,up,True,True,1.77779329242497,1.77779329242497,1.52043546473276
TPX2_TPX2,-3.00333781484487,1.00990962435343e-17,-1.51533067784307,0.0001559946616446,-3.09203603652923,2.20068320749305e-22,True,True,True,True,True,True,3,3,down,True,True,-3.00333781484487,3.00333781484487,1.51533067784307
LINC00957_LINC00957,2.65637590120342,0.0014215318169694,1.51530922071213,0.0158955147989407,1.74050608121833,1.27850267069489e-05,True,True,True,True,True,True,3,3,up,True,True,1.74050608121833,1.74050608121833,1.51530922071213
PKMYT1_PKMYT1,-1.96694809352758,2.45777538181191e-05,-1.51441075842751,0.0038371729695649,-2.47228555611396,1.56669933045307e-16,True,True,True,True,True,True,3,3,down,True,True,-1.96694809352758,1.96694809352758,1.51441075842751
ADGRB1_ADGRB1,2.29836066441845,0.0004333357597683,1.51324210396791,0.0087909404305687,2.9709205679949,0.0012042564712023,True,True,True,True,True,True,3,3,up,True,True,2.29836066441845,2.29836066441845,1.51324210396791
YPEL5_YPEL5,1.51294569693625,5.87448841232673e-12,1.86243238805823,4.8035112989228e-06,1.88948237198771,1.25161341364313e-16,True,True,True,True,True,True,3,3,up,True,True,1.86243238805823,1.86243238805823,1.51294569693625
KPNA2_KPNA2,-2.55712086209213,1.83628240463615e-17,-1.50253777388563,4.63819225693493e-05,-3.09094888986246,3.9914763560465004e-21,True,True,True,True,True,True,3,3,down,True,True,-2.55712086209213,2.55712086209213,1.50253777388563
RANBP1_RANBP1,-1.79385464138102,6.29762835324445e-12,-1.5362136498316,0.0003597782807537,-1.50083403235865,4.88038393653338e-19,True,True,True,True,True,True,3,3,down,True,True,-1.5362136498316,1.5362136498316,1.50083403235865
KIF20B_KIF20B,-2.44380456566037,2.4527240969537302e-14,-1.4982488029564,0.0166961607965647,-2.84152106287432,3.6938100679381e-15,True,True,True,True,True,True,3,3,down,True,True,-2.44380456566037,2.44380456566037,1.4982488029564
PDGFD_PDGFD,1.48876653504628,2.2091667238298e-08,1.60284737319993,0.0250644805007059,1.55546423054971,2.76999100057547e-09,True,True,True,True,True,True,3,3,up,True,True,1.55546423054971,1.55546423054971,1.48876653504628
TPPP_TPPP,3.09707482848834,2.00810704177414e-08,2.90515698623519,2.26591285072718e-05,1.4882365183605,1.37170836699743e-06,True,True,True,True,True,True,3,3,up,True,True,2.90515698623519,2.90515698623519,1.4882365183605
MIR31HG_MIR31HG,-1.487915289032,9.10457909016428e-07,-3.03762890219148,3.41501284603297e-05,-3.46580591715358,1.03635243346111e-05,True,True,True,True,True,True,3,3,down,True,True,-3.03762890219148,3.03762890219148,1.487915289032
RRM2_RRM2,-2.11101725544447,5.239536759709801e-16,-1.48702130336313,0.0001243251301659,-3.2644569861393,1.2648576216236e-17,True,True,True,True,True,True,3,3,down,True,True,-2.11101725544447,2.11101725544447,1.48702130336313
UBL3_UBL3,1.48646542585814,8.26787992628353e-14,1.53929451450445,0.007051769514622,2.5247170431656,4.72477082316612e-18,True,True,True,True,True,True,3,3,up,True,True,1.53929451450445,1.53929451450445,1.48646542585814
DUSP8_DUSP8,1.48620853124754,1.22227942598669e-05,1.59872905694512,4.83887582921454e-05,4.04010077917116,2.01043375410296e-13,True,True,True,True,True,True,3,3,up,True,True,1.59872905694512,1.59872905694512,1.48620853124754
PXDC1_PXDC1,1.48497723665398,8.10415221155529e-13,2.60956010122446,3.91249754888355e-06,4.58625923397487,3.21079091384108e-17,True,True,True,True,True,True,3,3,up,True,True,2.60956010122446,2.60956010122446,1.48497723665398
SNRPA1_SNRPA1,-1.94130494072385,1.40042487729901e-14,-1.51848036780855,0.0007084790391657,-1.47476096927986,1.20139293531748e-15,True,True,True,True,True,True,3,3,down,True,True,-1.51848036780855,1.51848036780855,1.47476096927986
LOC101927204_LOC101927204,1.64236642405926,9.73384047188466e-07,1.47443861284255,0.0011979905800075,1.49701216568189,1.37560990907444e-07,True,True,True,True,True,True,3,3,up,True,True,1.49701216568189,1.49701216568189,1.47443861284255
KIF18B_KIF18B,-1.93325047771656,1.21673461349935e-07,-1.47323103241712,0.0007422190430443,-3.17045590002003,4.9502642631211e-18,True,True,True,True,True,True,3,3,down,True,True,-1.93325047771656,1.93325047771656,1.47323103241712
SNRPF_SNRPF,-1.87432657262604,5.14311523612107e-13,-1.53177724868247,0.0003688598647031,-1.47120746143639,7.11915535776224e-08,True,True,True,True,True,True,3,3,down,True,True,-1.53177724868247,1.53177724868247,1.47120746143639
CDK1_CDK1,-2.11016609115009,1.7691995569963702e-15,-1.47074731376726,0.0001643563217509,-3.22220869585764,2.98011464176793e-11,True,True,True,True,True,True,3,3,down,True,True,-2.11016609115009,2.11016609115009,1.47074731376726
LDHA_LDHA,-1.96245473315401,7.21114715842149e-16,-1.46745154332523,6.82745100323365e-05,-2.20044899300053,2.35859576908595e-23,True,True,True,True,True,True,3,3,down,True,True,-1.96245473315401,1.96245473315401,1.46745154332523
CPEB2_CPEB2,1.46687134269956,7.75182817870161e-11,1.91000406625766,0.0328350797084658,1.50656503190546,2.6545790261499904e-15,True,True,True,True,True,True,3,3,up,True,True,1.50656503190546,1.50656503190546,1.46687134269956
ABCA5_ABCA5,2.81942734037693,1.99925080079961e-10,1.46628563768674,0.0117205915254273,2.1771489615688,2.94093258780589e-09,True,True,True,True,True,True,3,3,up,True,True,2.1771489615688,2.1771489615688,1.46628563768674
NEK2_NEK2,-3.21534592394005,1.03074987382856e-16,-1.45113645170014,0.0003947185021757,-3.31884011522956,1.28112791534977e-17,True,True,True,True,True,True,3,3,down,True,True,-3.21534592394005,3.21534592394005,1.45113645170014
SPDEF_SPDEF,-1.45105739719803,4.07400148340194e-07,-5.13773358381988,0.0002522901700402,-4.38649016610181,5.47674503605026e-08,True,True,True,True,True,True,3,3,down,True,True,-4.38649016610181,4.38649016610181,1.45105739719803
ACKR3_ACKR3,1.82308663912211,0.0006968172452406,2.42852521718652,0.0445953036613554,1.45017821492898,1.08046050100035e-06,True,True,True,True,True,True,3,3,up,True,True,1.82308663912211,1.82308663912211,1.45017821492898
CTSO_CTSO,4.48936173652748,5.7494789462073894e-11,1.5956177425277,0.000657013375256,1.44850969372497,1.09084476661106e-11,True,True,True,True,True,True,3,3,up,True,True,1.5956177425277,1.5956177425277,1.44850969372497
MAD2L1_MAD2L1,-2.26906029649361,2.9597565041489304e-14,-1.44731719911686,0.0020990669416083,-3.02130701090144,2.42423002092097e-16,True,True,True,True,True,True,3,3,down,True,True,-2.26906029649361,2.26906029649361,1.44731719911686
INSR_INSR,1.44587230380097,4.18989208584745e-11,1.49360653672625,0.0022817201265528,2.83821623263522,1.67833821068356e-05,True,True,True,True,True,True,3,3,up,True,True,1.49360653672625,1.49360653672625,1.44587230380097
COTL1_COTL1,-2.19101937259343,3.38920461746669e-16,-1.88621031858269,2.71704866700065e-06,-1.44451126784504,6.39376868411505e-18,True,True,True,True,True,True,3,3,down,True,True,-1.88621031858269,1.88621031858269,1.44451126784504
PLEKHG4B_PLEKHG4B,1.44422056686346,4.8717138683635e-07,2.17646570282177,2.45431381787534e-05,1.57517938455714,0.0151895652190248,True,True,True,True,True,True,3,3,up,True,True,1.57517938455714,1.57517938455714,1.44422056686346
SEMA6C_SEMA6C,1.44026611616974,6.84470908743627e-05,1.65009107599612,0.0004304668448641,2.0186453047107,1.7578536370750302e-09,True,True,True,True,True,True,3,3,up,True,True,1.65009107599612,1.65009107599612,1.44026611616974
AURKB_AURKB,-2.34210076764011,1.4531350782252e-11,-1.43674342698412,0.0024305276675466,-3.28335122527724,2.44509090010082e-17,True,True,True,True,True,True,3,3,down,True,True,-2.34210076764011,2.34210076764011,1.43674342698412
BUB1_BUB1,-3.27449128954799,2.01938295278466e-16,-1.43393029748326,0.0065340545276465,-3.59197408933355,1.2205195751993001e-20,True,True,True,True,True,True,3,3,down,True,True,-3.27449128954799,3.27449128954799,1.43393029748326
NUF2_NUF2,-3.48273453063977,9.24635455053836e-13,-1.43198184077147,7.03741969495437e-05,-3.44186271065476,5.581945683091309e-18,True,True,True,True,True,True,3,3,down,True,True,-3.44186271065476,3.44186271065476,1.43198184077147
LOC100129550_LOC100129550,2.44167529706532,1.02943447007016e-12,1.4295716126607,0.0170309006165132,1.86567824582505,2.22164088973243e-09,True,True,True,True,True,True,3,3,up,True,True,1.86567824582505,1.86567824582505,1.4295716126607
MYBL2_MYBL2,-1.44665826559608,3.65876149826966e-07,-1.42868541250409,0.0035441660775537,-2.59586813824702,2.84543581922845e-13,True,True,True,True,True,True,3,3,down,True,True,-1.44665826559608,1.44665826559608,1.42868541250409
CEP55_CEP55,-2.64526144311723,7.007184415964979e-16,-1.42868001562392,0.0004521250744173,-3.11985616408005,9.53029911814395e-17,True,True,True,True,True,True,3,3,down,True,True,-2.64526144311723,2.64526144311723,1.42868001562392
FAM72B_FAM72B,-3.06591483307537,2.56627079153063e-12,-1.42725763474442,0.0100239382065075,-3.94307720035331,8.19134479171376e-16,True,True,True,True,True,True,3,3,down,True,True,-3.06591483307537,3.06591483307537,1.42725763474442
ECT2_ECT2,-2.59472977380525,2.2075320440259399e-16,-1.42548292497675,0.0266948409290267,-2.72994760579967,5.31554776511481e-20,True,True,True,True,True,True,3,3,down,True,True,-2.59472977380525,2.59472977380525,1.42548292497675
SPC24_SPC24,-2.07985030833577,7.64324815425584e-08,-1.42036669466939,0.0028694113553955,-3.10601371229684,2.68074480133938e-08,True,True,True,True,True,True,3,3,down,True,True,-2.07985030833577,2.07985030833577,1.42036669466939
KRBA2_KRBA2,1.41838933621124,9.40958098766268e-07,2.23190054127302,0.0012353563109545,2.06876700875284,2.14668624390063e-08,True,True,True,True,True,True,3,3,up,True,True,2.06876700875284,2.06876700875284,1.41838933621124
KCNG3_KCNG3,-1.9072892588552,0.0002214808237035,-1.40889774015706,0.0025361985301208,-2.18225463158779,0.0002280884077988,True,True,True,True,True,True,3,3,down,True,True,-1.9072892588552,1.9072892588552,1.40889774015706
SPAG5_SPAG5,-2.63315459330764,7.233150882512141e-14,-1.40839799422307,0.0001805727525332,-3.04967174888058,3.3967492419769303e-19,True,True,True,True,True,True,3,3,down,True,True,-2.63315459330764,2.63315459330764,1.40839799422307
PRC1_PRC1,-2.54200903817627,3.1255155683254497e-16,-1.40661066877067,0.0001408896738785,-3.44450940896941,1.48834864415122e-20,True,True,True,True,True,True,3,3,down,True,True,-2.54200903817627,2.54200903817627,1.40661066877067
H2AFX_H2AFX,-1.54385564613198,1.50989182907984e-09,-1.40305565241243,0.0016691048412239,-2.31311656570225,1.81759516224003e-21,True,True,True,True,True,True,3,3,down,True,True,-1.54385564613198,1.54385564613198,1.40305565241243
NEIL3_NEIL3,-2.73046620124432,7.49071169358689e-12,-1.4008309599332,0.0068258681206718,-3.34713355880576,6.14815811665793e-10,True,True,True,True,True,True,3,3,down,True,True,-2.73046620124432,2.73046620124432,1.4008309599332
HAPLN3_HAPLN3,1.96021413047715,0.0004115270149981,1.39910066943638,0.0036908070561172,2.12154716796407,6.25000784476886e-12,True,True,True,True,True,True,3,3,up,True,True,1.96021413047715,1.96021413047715,1.39910066943638
SHCBP1_SHCBP1,-2.73433607387939,1.7009742584896902e-14,-1.39814922647902,0.0032653682269135,-3.34569616173434,1.0110033570730701e-15,True,True,True,True,True,True,3,3,down,True,True,-2.73433607387939,2.73433607387939,1.39814922647902
NCAPG_NCAPG,-2.55656471866807,2.4944474204956e-15,-1.39553328798598,0.0003390445428134,-3.59462191846026,2.7221296334749303e-19,True,True,True,True,True,True,3,3,down,True,True,-2.55656471866807,2.55656471866807,1.39553328798598
NDC80_NDC80,-1.87521149662923,2.29249941839563e-13,-1.39414116010625,0.0004393269919887,-3.21896606915919,4.0989833509704697e-16,True,True,True,True,True,True,3,3,down,True,True,-1.87521149662923,1.87521149662923,1.39414116010625
WIPI1_WIPI1,2.75885053120197,3.7091601831452895e-12,1.38706905775825,0.0001699770084702,1.75904079162717,7.09804688617618e-12,True,True,True,True,True,True,3,3,up,True,True,1.75904079162717,1.75904079162717,1.38706905775825
PCAT7_PCAT7,1.8666197153423,1.907671821459e-08,1.3807134259435,0.0001927344097388,1.51643455883473,4.3765489174204e-07,True,True,True,True,True,True,3,3,up,True,True,1.51643455883473,1.51643455883473,1.3807134259435
FAM81A_FAM81A,-2.46796977194449,2.67868021978595e-10,-1.61012533927056,0.0003688598647031,-1.37566655751113,9.16895727641249e-06,True,True,True,True,True,True,3,3,down,True,True,-1.61012533927056,1.61012533927056,1.37566655751113
ARHGEF39_ARHGEF39,-2.41222537083573,1.88482188167174e-10,-1.37449681720181,0.001342870869896,-2.34504782804498,4.17525276733288e-13,True,True,True,True,True,True,3,3,down,True,True,-2.34504782804498,2.34504782804498,1.37449681720181
SYNGR1_SYNGR1,1.62157164382545,1.3015635935434699e-11,1.41022967307433,0.0337894765661132,1.36908750276403,0.0017793885082394,True,True,True,True,True,True,3,3,up,True,True,1.41022967307433,1.41022967307433,1.36908750276403
E2F8_E2F8,-2.52092934468588,2.8305954411234e-14,-1.36645308873883,0.0215273509129161,-2.73577968394255,1.3725922906387399e-12,True,True,True,True,True,True,3,3,down,True,True,-2.52092934468588,2.52092934468588,1.36645308873883
MYO15B_MYO15B,1.735077761782,1.41492476273117e-06,1.36492716289865,0.0007560499975323,1.71643695986877,1.91204774888784e-08,True,True,True,True,True,True,3,3,up,True,True,1.71643695986877,1.71643695986877,1.36492716289865
SLC20A2_SLC20A2,1.40919583576479,8.720184373799051e-14,1.36071957710849,1.39481213433133e-05,1.92261922687298,6.18721980749099e-20,True,True,True,True,True,True,3,3,up,True,True,1.40919583576479,1.40919583576479,1.36071957710849
EMC9_EMC9,-1.36057141286143,2.22989684536375e-08,-2.05708003213479,0.0027456646563847,-2.15128180812375,2.3586175344778198e-12,True,True,True,True,True,True,3,3,down,True,True,-2.05708003213479,2.05708003213479,1.36057141286143
MUC16_MUC16,1.99743423497535,0.0002383564000681,3.84748038033859,1.96269197497942e-05,1.3603040621956,0.0016866287304247,True,True,True,True,True,True,3,3,up,True,True,1.99743423497535,1.99743423497535,1.3603040621956
TMPO-AS1_TMPO-AS1,-1.51806623419703,1.49012823751969e-06,-1.3553414531318,0.0001588247058777,-1.92224950403642,4.85902564198025e-07,True,True,True,True,True,True,3,3,down,True,True,-1.51806623419703,1.51806623419703,1.3553414531318
PVRL4_PVRL4,2.46334824405417,8.50545639010446e-16,1.35501209403148,5.42846668208355e-05,1.87494790866649,1.2743875041262501e-17,True,True,True,True,True,True,3,3,up,True,True,1.87494790866649,1.87494790866649,1.35501209403148
NDE1_NDE1,-1.64506683034995,3.91182392949988e-10,-1.49341412843467,0.000111859344998,-1.35376127604287,1.63890288499174e-11,True,True,True,True,True,True,3,3,down,True,True,-1.49341412843467,1.49341412843467,1.35376127604287
STEAP4_STEAP4,1.57739676866709,3.86368933703016e-10,1.35258571142827,0.0032243983573227,5.61327257738675,5.590322350656301e-10,True,True,True,True,True,True,3,3,up,True,True,1.57739676866709,1.57739676866709,1.35258571142827
POPDC3_POPDC3,-2.78883261616254,5.27156596093393e-06,-1.3521536458117,0.0069228146238614,-2.6171924460107,0.0024292010060928,True,True,True,True,True,True,3,3,down,True,True,-2.6171924460107,2.6171924460107,1.3521536458117
LOC90246_LOC90246,1.34993454982822,5.16702946447755e-09,1.45745120641878,0.0001823072382439,2.32174690197532,1.6650114485587e-07,True,True,True,True,True,True,3,3,up,True,True,1.45745120641878,1.45745120641878,1.34993454982822
ATG9B_ATG9B,1.3484966158668,0.0028489368130815,5.08885551110678,4.96606307496956e-05,2.72776040141867,1.19440183800963e-09,True,True,True,True,True,True,3,3,up,True,True,2.72776040141867,2.72776040141867,1.3484966158668
BUB1B_BUB1B,-2.74354877215182,1.4118622306710601e-15,-1.34333262029173,0.006078403467094,-3.13175659930544,1.33168690197435e-20,True,True,True,True,True,True,3,3,down,True,True,-2.74354877215182,2.74354877215182,1.34333262029173
UBE2E3_UBE2E3,-1.55346954163963,1.95357327942724e-13,-1.34329507675471,1.80764996258251e-05,-1.50271418543021,4.98087294139286e-17,True,True,True,True,True,True,3,3,down,True,True,-1.50271418543021,1.50271418543021,1.34329507675471
OPTN_OPTN,2.16699578241424,4.27741266741834e-14,2.13367178580401,3.04218236193167e-06,1.34323958056293,7.92041601662495e-16,True,True,True,True,True,True,3,3,up,True,True,2.13367178580401,2.13367178580401,1.34323958056293
NR4A3_NR4A3,1.68044843863656,0.0113491547166504,4.35748427578266,1.5551637319431e-05,1.34202394195965,0.007090637645503,True,True,True,True,True,True,3,3,up,True,True,1.68044843863656,1.68044843863656,1.34202394195965
AKAP3_AKAP3,2.2953921966374,0.0061502029716748,1.90367605468281,0.0021683782002484,1.33916750553323,0.014238619349335,True,True,True,True,True,True,3,3,up,True,True,1.90367605468281,1.90367605468281,1.33916750553323
SPC25_SPC25,-2.06477693037329,6.17566970518509e-10,-1.33823746153661,0.0003250261580234,-2.7011910025614,1.62392876273758e-10,True,True,True,True,True,True,3,3,down,True,True,-2.06477693037329,2.06477693037329,1.33823746153661
DOCK3_DOCK3,1.3412938239443,9.01008039593313e-09,2.17893514390854,0.0009827401130347,1.33608574356908,2.7783487541070804e-09,True,True,True,True,True,True,3,3,up,True,True,1.3412938239443,1.3412938239443,1.33608574356908
BBC3_BBC3,1.36862317264913,7.83098083767235e-06,1.33554291253209,0.0003500908473847,2.4774328843737,1.05178283071158e-12,True,True,True,True,True,True,3,3,up,True,True,1.36862317264913,1.36862317264913,1.33554291253209
SMAD9_SMAD9,1.786598977159,0.0084737661642796,1.33178454753621,0.0095545871944051,2.68861358529858,0.000351557637354,True,True,True,True,True,True,3,3,up,True,True,1.786598977159,1.786598977159,1.33178454753621
ICAM5_ICAM5,1.33098103703149,1.0201268307827e-05,2.54492291910317,2.3341353712241e-06,1.47957144830319,1.68072305725295e-12,True,True,True,True,True,True,3,3,up,True,True,1.47957144830319,1.47957144830319,1.33098103703149
LINC00669_LINC00669,-2.74014429374693,1.58698508587466e-05,-1.3302678112904,0.0051706477221889,-3.23607578300417,4.50203792140124e-05,True,True,True,True,True,True,3,3,down,True,True,-2.74014429374693,2.74014429374693,1.3302678112904
KIFC1_KIFC1,-2.35798571095084,1.4824916791995199e-12,-1.32941365711401,7.3187839217105e-05,-2.89254550706784,2.3741010271844703e-19,True,True,True,True,True,True,3,3,down,True,True,-2.35798571095084,2.35798571095084,1.32941365711401
COL12A1_COL12A1,1.34837207780228,2.6659602949042597e-11,2.52140768240593,0.0016912725867205,1.32797672024827,0.0003833635161069,True,True,True,True,True,True,3,3,up,True,True,1.34837207780228,1.34837207780228,1.32797672024827
SMC4_SMC4,-2.38436891509523,2.4036069600184797e-16,-1.32768282605541,0.0182337697367287,-2.91405005612488,5.18886996087876e-22,True,True,True,True,True,True,3,3,down,True,True,-2.38436891509523,2.38436891509523,1.32768282605541
ING4_ING4,1.32687757947262,4.56920592464336e-13,1.96120114436403,0.0018585394805752,1.72944143479724,5.25325145177452e-15,True,True,True,True,True,True,3,3,up,True,True,1.72944143479724,1.72944143479724,1.32687757947262
KIF23_KIF23,-2.45819397820467,2.0847799547902e-16,-1.32619774802845,0.0012170149632215,-2.78227428611394,1.12017579042552e-15,True,True,True,True,True,True,3,3,down,True,True,-2.45819397820467,2.45819397820467,1.32619774802845
CENPV_CENPV,-3.61850279525854,4.65639627298429e-10,-1.39826369471096,0.0062989668163933,-1.32591550865626,3.6892714286943702e-09,True,True,True,True,True,True,3,3,down,True,True,-1.39826369471096,1.39826369471096,1.32591550865626
TEX15_TEX15,-1.32498868239313,3.31014430312972e-09,-1.4660307867531,0.0141296176782324,-1.74371550263906,2.3782072222914903e-09,True,True,True,True,True,True,3,3,down,True,True,-1.4660307867531,1.4660307867531,1.32498868239313
NRP1_NRP1,-1.32440867657323,4.24095589017178e-12,-1.3316120381412,0.0062989668163933,-3.47380135114483,1.17864157104562e-20,True,True,True,True,True,True,3,3,down,True,True,-1.3316120381412,1.3316120381412,1.32440867657323
LOC100128494_LOC100128494,1.32439279632137,0.0225253478353764,1.42701045982462,0.0479231053411229,1.60028639416199,2.30429850574695e-05,True,True,True,True,True,True,3,3,up,True,True,1.42701045982462,1.42701045982462,1.32439279632137
NME1-NME2_NME1-NME2,-2.50698150617305,0.0002243363395722,-2.06872353906635,0.0030089695207843,-1.32150507718174,0.0025725763530752,True,True,True,True,True,True,3,3,down,True,True,-2.06872353906635,2.06872353906635,1.32150507718174
EPHA4_EPHA4,2.53597173505621,2.27524810050621e-14,1.31604581027403,0.0327673063096856,3.46262049152389,3.10459019976916e-18,True,True,True,True,True,True,3,3,up,True,True,2.53597173505621,2.53597173505621,1.31604581027403
RELB_RELB,2.15577243349359,2.32976834732237e-08,1.5236764476476,0.0023236390849415,1.31278210142014,9.52357275368076e-14,True,True,True,True,True,True,3,3,up,True,True,1.5236764476476,1.5236764476476,1.31278210142014
JMY_JMY,1.47595144843312,7.79320771491503e-12,1.61728397981906,0.0215182316119896,1.31259040473683,3.96032464229834e-15,True,True,True,True,True,True,3,3,up,True,True,1.47595144843312,1.47595144843312,1.31259040473683
FOXM1_FOXM1,-2.48559310317045,7.3047216067621e-15,-1.31023093750164,0.000877819019002,-3.1443693379677,3.30675674842058e-21,True,True,True,True,True,True,3,3,down,True,True,-2.48559310317045,2.48559310317045,1.31023093750164
CENPM_CENPM,-1.58623913365789,6.23829017034948e-10,-1.30850421877047,0.0128420589706875,-3.06409100155342,9.385726942939221e-14,True,True,True,True,True,True,3,3,down,True,True,-1.58623913365789,1.58623913365789,1.30850421877047
NME1_NME1,-1.79910471867643,5.24305614140521e-14,-1.35670799913694,0.032090928103072,-1.3078558475758,1.21979222566538e-10,True,True,True,True,True,True,3,3,down,True,True,-1.35670799913694,1.35670799913694,1.3078558475758
ELOVL6_ELOVL6,-1.90282922827846,4.97758152168248e-14,-1.30782039895491,0.0042655570519059,-1.60664135728559,1.78961550965385e-14,True,True,True,True,True,True,3,3,down,True,True,-1.60664135728559,1.60664135728559,1.30782039895491
TACC3_TACC3,-1.98544426328405,4.71495355297157e-10,-1.30456797705474,0.0013219442958937,-3.02803050243703,1.24500692470088e-23,True,True,True,True,True,True,3,3,down,True,True,-1.98544426328405,1.98544426328405,1.30456797705474
POLR3G_POLR3G,-2.09239553083406,5.99188907722466e-07,-1.30438828700175,0.003060974082479,-2.33884214116717,1.40159406968162e-13,True,True,True,True,True,True,3,3,down,True,True,-2.09239553083406,2.09239553083406,1.30438828700175
NCAPD2_NCAPD2,-2.22377543599203,6.642756505573721e-15,-1.30360734910385,4.05223252257106e-05,-2.14068221071439,5.49938013778764e-21,True,True,True,True,True,True,3,3,down,True,True,-2.14068221071439,2.14068221071439,1.30360734910385
PCDHGB2_PCDHGB2,2.78841901715604,0.0001433687531883,1.30146425791905,0.0331573709203042,1.576393505251,1.95454411630761e-09,True,True,True,True,True,True,3,3,up,True,True,1.576393505251,1.576393505251,1.30146425791905
SGOL2_SGOL2,-2.60411945870718,2.2555241419850703e-15,-1.29990056058499,0.0070970617949735,-3.24911786525062,8.09173470798932e-18,True,True,True,True,True,True,3,3,down,True,True,-2.60411945870718,2.60411945870718,1.29990056058499
BRI3BP_BRI3BP,-1.55427419090016,3.4903201238826804e-09,-1.2988170564831,0.0009548777619074,-2.09273038158739,4.73489528259474e-14,True,True,True,True,True,True,3,3,down,True,True,-1.55427419090016,1.55427419090016,1.2988170564831
ATP6AP1L_ATP6AP1L,1.78531595150354,0.0311667910462679,1.29705493429576,0.023638470676662,1.52639855386479,0.0009381407435555,True,True,True,True,True,True,3,3,up,True,True,1.52639855386479,1.52639855386479,1.29705493429576
EDN1_EDN1,1.29630030814682,1.8936797890367e-06,2.04431737896666,1.99513074353852e-05,4.70174122092702,1.48805962786482e-20,True,True,True,True,True,True,3,3,up,True,True,2.04431737896666,2.04431737896666,1.29630030814682
STAT2_STAT2,1.48953284843877,7.848819372730339e-11,1.29468839531834,0.0056947639634486,1.81008908556449,1.6861866590017798e-18,True,True,True,True,True,True,3,3,up,True,True,1.48953284843877,1.48953284843877,1.29468839531834
PKD1L2_PKD1L2,1.294669106271,6.49349646539797e-08,2.61976228066783,0.038789250156529,2.00624293984857,1.22293688079905e-07,True,True,True,True,True,True,3,3,up,True,True,2.00624293984857,2.00624293984857,1.294669106271
TNFRSF14_TNFRSF14,2.75077673782953,0.000141899248702,1.47862803996506,0.005930063475744,1.29428718493865,0.0022927485167579,True,True,True,True,True,True,3,3,up,True,True,1.47862803996506,1.47862803996506,1.29428718493865
KIF11_KIF11,-2.96310794729237,3.44415035577941e-17,-1.29327679991573,0.0064320012616862,-3.01335368137681,3.0405314726501e-18,True,True,True,True,True,True,3,3,down,True,True,-2.96310794729237,2.96310794729237,1.29327679991573
TUBB4B_TUBB4B,-1.73516147725131,2.2993171454748902e-14,-1.58332888707371,0.0045901857580217,-1.29203938200004,2.10609529168895e-18,True,True,True,True,True,True,3,3,down,True,True,-1.58332888707371,1.58332888707371,1.29203938200004
KDM7A_KDM7A,1.33481483637135,6.89154722540614e-08,2.10032926373416,0.0141160326542651,1.29164907391475,6.179276828058409e-11,True,True,True,True,True,True,3,3,up,True,True,1.33481483637135,1.33481483637135,1.29164907391475
TNFRSF25_TNFRSF25,1.67037446260897,0.0016623908958374,1.28522295025887,0.0110486783681177,2.12242415272052,5.05914313500356e-11,True,True,True,True,True,True,3,3,up,True,True,1.67037446260897,1.67037446260897,1.28522295025887
TMEM9B-AS1_TMEM9B-AS1,1.41014459562873,0.0046331386343027,1.28332423816729,0.0345151610857464,3.0058292559276,1.23867410458602e-05,True,True,True,True,True,True,3,3,up,True,True,1.41014459562873,1.41014459562873,1.28332423816729
ADAMTS13_ADAMTS13,1.55888035073067,0.0009338385642354,1.28287826224082,0.0076683031318353,2.46340474277086,1.53710825842772e-07,True,True,True,True,True,True,3,3,up,True,True,1.55888035073067,1.55888035073067,1.28287826224082
MND1_MND1,-2.3123488963817,1.39259456284891e-10,-1.28067317580095,0.0090175087557636,-2.25363820274487,2.9077292979406097e-11,True,True,True,True,True,True,3,3,down,True,True,-2.25363820274487,2.25363820274487,1.28067317580095
LINC01569_LINC01569,2.24704515396672,0.0075013143040754,1.3958489804753,0.0227108735459216,1.27768431495273,0.0015214169162469,True,True,True,True,True,True,3,3,up,True,True,1.3958489804753,1.3958489804753,1.27768431495273
WNT2B_WNT2B,1.31466050411636,0.0022020543804007,2.20258210206361,0.003558001679436,1.27711882735666,0.0092983919110377,True,True,True,True,True,True,3,3,up,True,True,1.31466050411636,1.31466050411636,1.27711882735666
HAS3_HAS3,-3.89901346620104,1.63932028399486e-11,-1.60075452648317,0.0017324629053078,-1.2727681418166,1.77013498221204e-07,True,True,True,True,True,True,3,3,down,True,True,-1.60075452648317,1.60075452648317,1.2727681418166
PSAP_PSAP,1.27262872757311,3.5776981210083505e-15,1.29119791702387,1.40013761850999e-05,1.69534378616009,3.0881745062154103e-21,True,True,True,True,True,True,3,3,up,True,True,1.29119791702387,1.29119791702387,1.27262872757311
KNSTRN_KNSTRN,-2.2347013409912,7.450624210616331e-14,-1.272304510346,0.000497469787973,-1.305070333408,4.16766678932369e-14,True,True,True,True,True,True,3,3,down,True,True,-1.305070333408,1.305070333408,1.272304510346
NCAPH_NCAPH,-2.41448953930876,1.79366327213073e-13,-1.27185498214405,7.83780960588171e-05,-4.01004242106698,1.34305473544362e-18,True,True,True,True,True,True,3,3,down,True,True,-2.41448953930876,2.41448953930876,1.27185498214405
TLE2_TLE2,1.95732381604003,4.31050043045988e-13,1.34718589380497,0.039776985449962,1.2705760869585,5.36494118018935e-05,True,True,True,True,True,True,3,3,up,True,True,1.34718589380497,1.34718589380497,1.2705760869585
LBR_LBR,-2.9527307966093,7.005564377915621e-17,-1.27034462601369,0.0388810310861112,-2.09215477398068,1.2404343405685399e-18,True,True,True,True,True,True,3,3,down,True,True,-2.09215477398068,2.09215477398068,1.27034462601369
CCDC114_CCDC114,1.26623320545221,0.0334838598884828,1.93204506404789,0.0415752211976452,1.73576328585089,0.000159628867611,True,True,True,True,True,True,3,3,up,True,True,1.73576328585089,1.73576328585089,1.26623320545221
ARHGAP11A_ARHGAP11A,-2.89373569633807,2.9432463733415703e-15,-1.26583348191046,0.0323836264403708,-3.15805990984424,1.28516048313945e-21,True,True,True,True,True,True,3,3,down,True,True,-2.89373569633807,2.89373569633807,1.26583348191046
TUBG1_TUBG1,-1.26553728172133,1.0140676822328e-11,-1.28178413664281,0.0172110544168408,-1.49518404418454,1.02137991259562e-17,True,True,True,True,True,True,3,3,down,True,True,-1.28178413664281,1.28178413664281,1.26553728172133
AMT_AMT,1.26509142341114,0.0008882622190691,1.48602178352571,0.041489578365174,1.47094292175317,3.6118496368984e-05,True,True,True,True,True,True,3,3,up,True,True,1.47094292175317,1.47094292175317,1.26509142341114
SGK1_SGK1,2.03264026394906,1.23869654773237e-06,1.26479258271335,0.0195289972207083,1.28076107509236,1.2898714310781798e-11,True,True,True,True,True,True,3,3,up,True,True,1.28076107509236,1.28076107509236,1.26479258271335
KLF11_KLF11,1.54936719090455,7.0228049368695296e-12,1.2637792251888,0.0138264866673695,1.91902088180435,1.17191954420458e-17,True,True,True,True,True,True,3,3,up,True,True,1.54936719090455,1.54936719090455,1.2637792251888
NUSAP1_NUSAP1,-2.50359969894566,2.0591369165273e-15,-1.2629621507509,0.000158307161654,-2.794629674937,6.15380546916474e-19,True,True,True,True,True,True,3,3,down,True,True,-2.50359969894566,2.50359969894566,1.2629621507509
CDC25C_CDC25C,-3.66447352379702,4.75032896310077e-13,-1.26239740014263,0.0090931814166484,-2.66854108310257,2.2851338070667e-11,True,True,True,True,True,True,3,3,down,True,True,-2.66854108310257,2.66854108310257,1.26239740014263
KIF15_KIF15,-3.52298231314757,9.51436354217011e-14,-1.26231891605649,0.0112261196321021,-3.32124035812759,2.6074319235199798e-11,True,True,True,True,True,True,3,3,down,True,True,-3.32124035812759,3.32124035812759,1.26231891605649
MXI1_MXI1,1.39255967091326,4.30641634796619e-11,1.57888859254746,0.0010735761878407,1.26136748130997,3.82314021627786e-12,True,True,True,True,True,True,3,3,up,True,True,1.39255967091326,1.39255967091326,1.26136748130997
B4GALNT1_B4GALNT1,-2.32980780661171,9.526108673910689e-12,-1.2604138378183,0.0007080196369826,-1.37802311039828,0.0134743524286735,True,True,True,True,True,True,3,3,down,True,True,-1.37802311039828,1.37802311039828,1.2604138378183
TNFSF15_TNFSF15,2.16030235284374,4.8452883826595e-09,1.25975750224483,0.0137438910276223,1.55944826230923,1.55663099052592e-16,True,True,True,True,True,True,3,3,up,True,True,1.55944826230923,1.55944826230923,1.25975750224483
TIMP2_TIMP2,2.24976733591556,3.60521537561202e-16,1.25538703159036,2.05482880026527e-05,2.51635782811085,4.77995254529968e-24,True,True,True,True,True,True,3,3,up,True,True,2.24976733591556,2.24976733591556,1.25538703159036
RACGAP1_RACGAP1,-2.2722370532941,3.95819044997142e-15,-1.25530565445109,0.0007560499975323,-2.47108292382911,1.1996021066194901e-19,True,True,True,True,True,True,3,3,down,True,True,-2.2722370532941,2.2722370532941,1.25530565445109
MKI67_MKI67,-2.97750212368125,1.8219844526283e-17,-1.2543594566183,0.005826183699712,-3.17363869116323,3.47989656812256e-08,True,True,True,True,True,True,3,3,down,True,True,-2.97750212368125,2.97750212368125,1.2543594566183
CBLN3_CBLN3,1.25275494115639,0.0047623227414415,1.63473138564378,0.0008405216927009,2.46856337306719,1.19386051217078e-09,True,True,True,True,True,True,3,3,up,True,True,1.63473138564378,1.63473138564378,1.25275494115639
CACFD1_CACFD1,1.40688683160069,1.73835928679857e-10,1.25269252381461,0.0008837641448286,1.59366007819583,6.096648866667099e-12,True,True,True,True,True,True,3,3,up,True,True,1.40688683160069,1.40688683160069,1.25269252381461
ITGB3BP_ITGB3BP,-1.50631316520661,2.5487918098651603e-09,-1.24990087970314,0.0065577853780537,-1.48742350049442,4.9898564104051e-09,True,True,True,True,True,True,3,3,down,True,True,-1.48742350049442,1.48742350049442,1.24990087970314
LYAR_LYAR,-1.92670289257982,2.2954048622478097e-11,-1.73458386957521,0.0001752124955203,-1.24801016282143,1.52967797733722e-16,True,True,True,True,True,True,3,3,down,True,True,-1.73458386957521,1.73458386957521,1.24801016282143
S100A2_S100A2,-1.83684752058173,4.11666464008713e-05,-1.36988064949977,0.0073821352070766,-1.24546780320831,9.09096822285153e-05,True,True,True,True,True,True,3,3,down,True,True,-1.36988064949977,1.36988064949977,1.24546780320831
LMNB2_LMNB2,-2.31371333792327,6.500861136075759e-11,-1.24530469283634,3.72529631753619e-05,-1.53798321624568,5.10171306020381e-19,True,True,True,True,True,True,3,3,down,True,True,-1.53798321624568,1.53798321624568,1.24530469283634
CCDC88A_CCDC88A,-1.69013901613529,1.05525630962609e-05,-1.24477631405254,0.0138264866673695,-2.31619390028102,2.0736724061242704e-15,True,True,True,True,True,True,3,3,down,True,True,-1.69013901613529,1.69013901613529,1.24477631405254
PXMP2_PXMP2,-1.24352299905381,3.53022453617296e-09,-1.27109492736913,0.0090010168157716,-1.59010808081063,1.80248461791225e-10,True,True,True,True,True,True,3,3,down,True,True,-1.27109492736913,1.27109492736913,1.24352299905381
HJURP_HJURP,-2.26534813417673,2.60818571060139e-14,-1.24275104414117,0.0024259971039538,-3.06667182527459,4.09890644630373e-19,True,True,True,True,True,True,3,3,down,True,True,-2.26534813417673,2.26534813417673,1.24275104414117
NFIA_NFIA,-1.24250921707221,6.4067629858052e-09,-1.49530862392701,0.0004241298424832,-1.54587285122448,3.12757507921973e-11,True,True,True,True,True,True,3,3,down,True,True,-1.49530862392701,1.49530862392701,1.24250921707221
CKS1B_CKS1B,-1.71751477431494,4.6120844196695e-14,-1.24153553510269,7.03741969495437e-05,-2.37605105222606,7.10030624290204e-18,True,True,True,True,True,True,3,3,down,True,True,-1.71751477431494,1.71751477431494,1.24153553510269
PTGS2_PTGS2,4.30138417463053,2.7535008937555e-06,1.24117090651148,0.0311071030206519,3.56901844476992,2.03610438725676e-22,True,True,True,True,True,True,3,3,up,True,True,3.56901844476992,3.56901844476992,1.24117090651148
GARNL3_GARNL3,1.2352240544166,0.0004214186849112,1.94063104150362,0.0003788300750066,1.4816420659973,8.44721880011769e-07,True,True,True,True,True,True,3,3,up,True,True,1.4816420659973,1.4816420659973,1.2352240544166
ADORA2B_ADORA2B,-2.7732699479443,2.8033769239520402e-14,-1.55010167666629,0.0001208775684299,-1.22986156343239,7.89935725742536e-13,True,True,True,True,True,True,3,3,down,True,True,-1.55010167666629,1.55010167666629,1.22986156343239
TRIP13_TRIP13,-1.88422538396458,3.2594889739142997e-12,-1.2298234659461,0.0001563049836966,-2.04089903865614,1.71947302650206e-19,True,True,True,True,True,True,3,3,down,True,True,-1.88422538396458,1.88422538396458,1.2298234659461
ASF1B_ASF1B,-1.56518707682801,1.2985680056600101e-10,-1.22962400377394,0.0005935805357282,-3.25145893490547,1.04251928140937e-16,True,True,True,True,True,True,3,3,down,True,True,-1.56518707682801,1.56518707682801,1.22962400377394
HBP1_HBP1,1.22680586364976,3.3120392149584803e-10,1.70200714839763,0.0001630983469565,2.26289167346232,3.1449809064594304e-19,True,True,True,True,True,True,3,3,up,True,True,1.70200714839763,1.70200714839763,1.22680586364976
NEDD9_NEDD9,2.48984362249879,2.0825696731310002e-17,1.22673527674079,0.0030204167669646,4.40073697816025,3.4232854581688704e-24,True,True,True,True,True,True,3,3,up,True,True,2.48984362249879,2.48984362249879,1.22673527674079
WDR45_WDR45,1.33122842316454,6.799097707465521e-09,1.22451995667975,0.013317625490691,1.64211401044214,1.09297766787776e-14,True,True,True,True,True,True,3,3,up,True,True,1.33122842316454,1.33122842316454,1.22451995667975
TPI1_TPI1,-1.45709728306803,3.58079366390135e-14,-1.21888536649708,0.0337894765661132,-1.73231472871397,1.0074956915164101e-19,True,True,True,True,True,True,3,3,down,True,True,-1.45709728306803,1.45709728306803,1.21888536649708
PLEKHG6_PLEKHG6,1.21776128389117,7.76519671043378e-11,1.50163894244111,0.0010510801505572,1.24107342021282,8.65342814504876e-10,True,True,True,True,True,True,3,3,up,True,True,1.24107342021282,1.24107342021282,1.21776128389117
LOC100131564_LOC100131564,1.21697844861246,2.3222176468311e-06,2.79939389192399,0.0005407928886033,1.31851913984065,2.34923801618515e-08,True,True,True,True,True,True,3,3,up,True,True,1.31851913984065,1.31851913984065,1.21697844861246
ABHD4_ABHD4,1.29695825555241,6.65383690115733e-14,1.21671121399901,0.0018585394805752,1.39455970158537,3.15891614501408e-16,True,True,True,True,True,True,3,3,up,True,True,1.29695825555241,1.29695825555241,1.21671121399901
PHF19_PHF19,-2.10241586171397,6.43983734884006e-13,-1.21306255366893,0.0086433917778205,-2.44899438011796,9.33779351078532e-20,True,True,True,True,True,True,3,3,down,True,True,-2.10241586171397,2.10241586171397,1.21306255366893
MXD4_MXD4,1.28863275891177,2.21688165492735e-10,2.42706813498281,0.0004655336050198,1.2120460245246,1.1684160193210999e-13,True,True,True,True,True,True,3,3,up,True,True,1.28863275891177,1.28863275891177,1.2120460245246
ACAT2_ACAT2,-1.49860662774626,8.77413919476483e-13,-1.77857687271089,6.40015874384752e-05,-1.20618069267917,4.03829105496607e-10,True,True,True,True,True,True,3,3,down,True,True,-1.49860662774626,1.49860662774626,1.20618069267917
H2AFZ_H2AFZ,-1.90890034052634,1.8654400440649803e-15,-1.20527754497835,0.0001014834163456,-2.40104214874415,8.612520989383009e-22,True,True,True,True,True,True,3,3,down,True,True,-1.90890034052634,1.90890034052634,1.20527754497835
DDX39A_DDX39A,-1.68664934347855,5.2329458671595196e-12,-1.20441984341362,0.0089277549879099,-1.40496482277323,1.38018591163122e-14,True,True,True,True,True,True,3,3,down,True,True,-1.40496482277323,1.40496482277323,1.20441984341362
CDCA8_CDCA8,-2.653734025938,3.4292741514771705e-14,-1.19835643637544,0.0036648986743911,-3.30833267003632,1.8015487010076102e-19,True,True,True,True,True,True,3,3,down,True,True,-2.653734025938,2.653734025938,1.19835643637544
MELK_MELK,-2.63966019244809,1.91983848185567e-14,-1.19827695012722,0.0027864433038226,-2.83207815924891,1.53876444395037e-16,True,True,True,True,True,True,3,3,down,True,True,-2.63966019244809,2.63966019244809,1.19827695012722
TP53I11_TP53I11,1.4080501005242,6.22819396916333e-14,1.19624135547116,0.0135330907003248,1.31624288902459,6.07353216547418e-08,True,True,True,True,True,True,3,3,up,True,True,1.31624288902459,1.31624288902459,1.19624135547116
HRK_HRK,1.19565729946568,0.0003069180913515,2.5974002189826,0.0161766565108581,2.017045674771,0.0202095493662053,True,True,True,True,True,True,3,3,up,True,True,2.017045674771,2.017045674771,1.19565729946568
TACSTD2_TACSTD2,3.35664206704902,1.87772462054789e-18,1.19340794062135,2.85084701224016e-05,1.98256273621418,1.3856108619926001e-21,True,True,True,True,True,True,3,3,up,True,True,1.98256273621418,1.98256273621418,1.19340794062135
B4GALT6_B4GALT6,-1.80385399800136,8.50922562821071e-06,-1.19065437151596,0.0032090894277099,-1.53722285188857,2.0884745408813e-09,True,True,True,True,True,True,3,3,down,True,True,-1.53722285188857,1.53722285188857,1.19065437151596
DBI_DBI,-1.19032329254364,8.54192670380258e-13,-1.44167231586698,0.0002168995438164,-1.26202635355591,2.1087656307907098e-12,True,True,True,True,True,True,3,3,down,True,True,-1.26202635355591,1.26202635355591,1.19032329254364
CLDN1_CLDN1,1.57986127841874,1.6068949993005898e-11,1.19025170120003,0.0017841331260945,3.46229115777056,8.40982858388976e-24,True,True,True,True,True,True,3,3,up,True,True,1.57986127841874,1.57986127841874,1.19025170120003
OIP5_OIP5,-2.64921500032112,2.92798880510764e-10,-1.18762409236229,0.0001643563217509,-3.16749455676974,1.2327808187810798e-12,True,True,True,True,True,True,3,3,down,True,True,-2.64921500032112,2.64921500032112,1.18762409236229
KIAA0101_KIAA0101,-2.38555156109487,4.727239744631521e-15,-1.18476172709505,0.0015355751809055,-3.37682821954052,1.2252685983856099e-16,True,True,True,True,True,True,3,3,down,True,True,-2.38555156109487,2.38555156109487,1.18476172709505
SMPD1_SMPD1,1.1846015676357,5.24666111658605e-07,1.5658792622375,0.0029877509300997,2.09373106661919,1.24340701015763e-16,True,True,True,True,True,True,3,3,up,True,True,1.5658792622375,1.5658792622375,1.1846015676357
KIAA1524_KIAA1524,-2.55266052243042,6.89446596720984e-16,-1.18408182179469,0.0347028696533178,-2.6024287573147,1.26620659225045e-17,True,True,True,True,True,True,3,3,down,True,True,-2.55266052243042,2.55266052243042,1.18408182179469
ENO1_ENO1,-1.38391096719334,1.54420305551264e-13,-1.18400316711961,0.0194703061071673,-1.28149647440801,7.575740431338591e-19,True,True,True,True,True,True,3,3,down,True,True,-1.28149647440801,1.28149647440801,1.18400316711961
SLC45A3_SLC45A3,-2.51174998416526,4.83677764401544e-13,-1.18246174191507,0.0005407928886033,-1.24080674243295,9.30102448600178e-13,True,True,True,True,True,True,3,3,down,True,True,-1.24080674243295,1.24080674243295,1.18246174191507
SCLT1_SCLT1,-2.89060882143212,1.9917982031502598e-11,-1.1801208732457,0.0025706101333221,-1.51192972916541,3.8492801460795794e-11,True,True,True,True,True,True,3,3,down,True,True,-1.51192972916541,1.51192972916541,1.1801208732457
POP1_POP1,-1.19498538987161,1.7326893631903601e-09,-1.28801355151394,0.0043420559675504,-1.17905373048921,5.20702115166692e-14,True,True,True,True,True,True,3,3,down,True,True,-1.19498538987161,1.19498538987161,1.17905373048921
TMPO_TMPO,-2.01316842796946,4.14422201898936e-16,-1.17835394311277,0.0426841806610138,-2.15287379532023,8.17225412041222e-17,True,True,True,True,True,True,3,3,down,True,True,-2.01316842796946,2.01316842796946,1.17835394311277
LOC100288637_LOC100288637,-2.71250505702118,3.7734661886999005e-10,-1.17821598879907,0.0061194380195675,-2.12804013526852,1.22380886353546e-10,True,True,True,True,True,True,3,3,down,True,True,-2.12804013526852,2.12804013526852,1.17821598879907
PTPN21_PTPN21,2.72427744427778,3.4319892678271104e-15,1.1769143342625,0.0491873737451006,1.89836243872756,5.06972320709102e-15,True,True,True,True,True,True,3,3,up,True,True,1.89836243872756,1.89836243872756,1.1769143342625
DKK3_DKK3,1.85696906341057,2.41319793279632e-06,1.17568846905449,0.0251972666471993,2.00275042719941,0.0070794905000389,True,True,True,True,True,True,3,3,up,True,True,1.85696906341057,1.85696906341057,1.17568846905449
LOC100507577_LOC100507577,1.17502166678425,9.73119933065853e-05,1.85751907631936,0.0116955408875748,1.60591758224502,2.88951986157331e-07,True,True,True,True,True,True,3,3,up,True,True,1.60591758224502,1.60591758224502,1.17502166678425
SNRNP25_SNRNP25,-1.16304232257922,1.18690991946984e-08,-1.25892361703142,0.0328891499404946,-3.23974687448246,3.56210880697757e-15,True,True,True,True,True,True,3,3,down,True,True,-1.25892361703142,1.25892361703142,1.16304232257922
CTSC_CTSC,-2.2432365650379,6.68616388481223e-16,-1.16299455558072,4.85295955393633e-05,-2.39152690419781,6.68490899557344e-23,True,True,True,True,True,True,3,3,down,True,True,-2.2432365650379,2.2432365650379,1.16299455558072
L1CAM_L1CAM,1.16014091609615,4.3832985750337e-09,2.75956926208628,8.93735320370273e-07,3.79051465744543,1.47199904440197e-07,True,True,True,True,True,True,3,3,up,True,True,2.75956926208628,2.75956926208628,1.16014091609615
NCAPG2_NCAPG2,-2.00378925231425,4.5922573317413e-14,-1.15949105703453,0.022863416510016,-2.91473165676213,6.06696831810995e-19,True,True,True,True,True,True,3,3,down,True,True,-2.00378925231425,2.00378925231425,1.15949105703453
CDC45_CDC45,-2.51785433718326,3.38381924638518e-12,-1.15692893108386,0.0012694961836896,-3.15632582707456,2.46032492122624e-17,True,True,True,True,True,True,3,3,down,True,True,-2.51785433718326,2.51785433718326,1.15692893108386
TMEM217_TMEM217,1.93131624903234,0.0010176029841503,1.45818945559387,0.0043903741216502,1.15645733809677,0.0340819408123595,True,True,True,True,True,True,3,3,up,True,True,1.45818945559387,1.45818945559387,1.15645733809677
TUBA1B_TUBA1B,-1.94660550393572,1.9889861936667303e-15,-1.15570114984735,0.0037695064032914,-1.73390802412446,6.682949978472771e-20,True,True,True,True,True,True,3,3,down,True,True,-1.73390802412446,1.73390802412446,1.15570114984735
PGAM1_PGAM1,-1.61421989884466,6.6318973874768505e-15,-1.1547759691786,6.40015874384752e-05,-1.91195193207544,7.89858172815519e-21,True,True,True,True,True,True,3,3,down,True,True,-1.61421989884466,1.61421989884466,1.1547759691786
CKAP2_CKAP2,-2.09713866265679,4.0660327398187e-15,-1.15384316774827,0.0192166542404575,-2.27017550626417,1.11219082301833e-18,True,True,True,True,True,True,3,3,down,True,True,-2.09713866265679,2.09713866265679,1.15384316774827
ADGRL1_ADGRL1,-1.49156000556942,3.72000614060857e-10,-1.1673320750087,4.94207294607063e-05,-1.15181894687071,7.6954011750438e-14,True,True,True,True,True,True,3,3,down,True,True,-1.1673320750087,1.1673320750087,1.15181894687071
CKS2_CKS2,-2.41158515666161,2.68929350194039e-14,-1.14788811793546,0.0004258089726736,-2.1916865472544,2.13413995991817e-16,True,True,True,True,True,True,3,3,down,True,True,-2.1916865472544,2.1916865472544,1.14788811793546
DNAJB2_DNAJB2,1.15366200096053,7.54306267001812e-12,1.14766116890958,0.0031374038972658,2.03836148563488,1.67858579212674e-14,True,True,True,True,True,True,3,3,up,True,True,1.15366200096053,1.15366200096053,1.14766116890958
INPP4A_INPP4A,1.1490530342897,2.6315128112184398e-11,1.14753759359141,0.0351025892770987,1.25043072716799,1.7288561777261401e-15,True,True,True,True,True,True,3,3,up,True,True,1.1490530342897,1.1490530342897,1.14753759359141
CXCL16_CXCL16,1.55558098676996,3.46561074092293e-13,1.1468322103917,0.0001002049074589,2.20845119044291,1.72426722350359e-11,True,True,True,True,True,True,3,3,up,True,True,1.55558098676996,1.55558098676996,1.1468322103917
CDKN2D_CDKN2D,-1.14528442019311,1.90795489139858e-05,-1.57859961189349,0.0001867117133185,-1.55184677801436,4.62352994222342e-06,True,True,True,True,True,True,3,3,down,True,True,-1.55184677801436,1.55184677801436,1.14528442019311
TMC4_TMC4,3.20581380399312,9.11682164250122e-18,1.1413289627511,0.0140647548875617,2.63668163271593,1.55245256737079e-19,True,True,True,True,True,True,3,3,up,True,True,2.63668163271593,2.63668163271593,1.1413289627511
LRRC32_LRRC32,1.14089438140666,0.009973752064163,4.70631799047056,0.000614921459552,4.99483794748531,3.67662745699561e-06,True,True,True,True,True,True,3,3,up,True,True,4.70631799047056,4.70631799047056,1.14089438140666
TMEM86A_TMEM86A,2.64081718493216,1.24979001736653e-11,1.14017719533735,0.0037185268903739,2.02689494110905,0.0006648244787035,True,True,True,True,True,True,3,3,up,True,True,2.02689494110905,2.02689494110905,1.14017719533735
HMBS_HMBS,-1.31719550186763,4.1663868924303004e-10,-1.13770155205167,0.0137731637439521,-1.40018092089986,2.9242804074833804e-14,True,True,True,True,True,True,3,3,down,True,True,-1.31719550186763,1.31719550186763,1.13770155205167
TK1_TK1,-1.13706935544303,1.30344309102093e-05,-1.24815171171231,0.0208812380046435,-2.93779001095616,4.10637342631766e-15,True,True,True,True,True,True,3,3,down,True,True,-1.24815171171231,1.24815171171231,1.13706935544303
PNP_PNP,-1.83044309551174,8.899994189092781e-14,-1.13677862533312,0.0016923517272027,-1.57644060181321,7.5401334140553705e-19,True,True,True,True,True,True,3,3,down,True,True,-1.57644060181321,1.57644060181321,1.13677862533312
FH_FH,-1.38051690054116,2.71172645833998e-13,-1.13668712180859,0.0010005734086649,-1.41818610368924,6.147585732908e-15,True,True,True,True,True,True,3,3,down,True,True,-1.38051690054116,1.38051690054116,1.13668712180859
KCNV1_KCNV1,-1.84166360985259,0.0032160776984139,-1.13665044280377,0.0006368540614901,-2.80425700393714,1.93929005722649e-10,True,True,True,True,True,True,3,3,down,True,True,-1.84166360985259,1.84166360985259,1.13665044280377
PHLDA2_PHLDA2,-3.35249592623967,1.6750047099921397e-11,-1.13610495763647,0.0041942951143592,-1.14227251348811,4.63622658523873e-13,True,True,True,True,True,True,3,3,down,True,True,-1.14227251348811,1.14227251348811,1.13610495763647
LRR1_LRR1,-1.74742362773164,4.11322698887303e-11,-1.13399025933063,0.0021296519922002,-2.56172120829967,3.18403248891235e-14,True,True,True,True,True,True,3,3,down,True,True,-1.74742362773164,1.74742362773164,1.13399025933063
BCL2L12_BCL2L12,-1.13228210675999,7.60991719337552e-08,-1.13403563725235,0.0149617378885216,-1.21481861161572,1.6613261954160702e-09,True,True,True,True,True,True,3,3,down,True,True,-1.13403563725235,1.13403563725235,1.13228210675999
NCEH1_NCEH1,-1.12434868994097,2.6629186478995e-08,-1.34776426035777,0.0353428545966486,-1.7100349774389,2.3920769742989702e-14,True,True,True,True,True,True,3,3,down,True,True,-1.34776426035777,1.34776426035777,1.12434868994097
TICRR_TICRR,-2.80715737809851,1.23011329221958e-12,-1.1228424013964,0.0224228849390127,-2.58893586816577,1.20494875558253e-11,True,True,True,True,True,True,3,3,down,True,True,-2.58893586816577,2.58893586816577,1.1228424013964
ORC1_ORC1,-2.74279970939608,7.34160699884161e-13,-1.12202541551588,0.0003868403376468,-3.02710059102242,4.6934148965342e-15,True,True,True,True,True,True,3,3,down,True,True,-2.74279970939608,2.74279970939608,1.12202541551588
EIF4A2_EIF4A2,1.20585072285256,3.07673612180824e-11,1.35976916680404,0.0052755116691984,1.12098409123631,1.47318523729319e-17,True,True,True,True,True,True,3,3,up,True,True,1.20585072285256,1.20585072285256,1.12098409123631
GCSAM_GCSAM,1.90242382727208,2.16151077269055e-05,1.11580780389028,0.0217165081762393,1.7340697160237,0.0080170369088647,True,True,True,True,True,True,3,3,up,True,True,1.7340697160237,1.7340697160237,1.11580780389028
SGMS1-AS1_SGMS1-AS1,1.90318406455503,0.0002127082816504,1.11452899404893,0.0261495156633367,1.70057425405127,0.0009683392437302,True,True,True,True,True,True,3,3,up,True,True,1.70057425405127,1.70057425405127,1.11452899404893
TOX2_TOX2,-2.05143532342616,8.323790926411509e-11,-1.11313233307366,0.0023672040517187,-1.50855230695867,2.00342666261962e-09,True,True,True,True,True,True,3,3,down,True,True,-1.50855230695867,1.50855230695867,1.11313233307366
PNPLA7_PNPLA7,3.3390091089415,1.79830147384063e-07,1.111156196219,0.0194727399374896,1.38612233039944,0.0010943612052723,True,True,True,True,True,True,3,3,up,True,True,1.38612233039944,1.38612233039944,1.111156196219
KIAA1683_KIAA1683,5.69207448635085,6.6039856027531e-10,3.30688940738251,0.0001456606436311,1.11013823776333,0.006167532683978,True,True,True,True,True,True,3,3,up,True,True,3.30688940738251,3.30688940738251,1.11013823776333
TGM1_TGM1,3.77201295762343,9.35981945343134e-10,2.15059896099904,0.0011100585034777,1.10914118881177,0.0122063032561846,True,True,True,True,True,True,3,3,up,True,True,2.15059896099904,2.15059896099904,1.10914118881177
UBASH3B_UBASH3B,-3.36357444842574,8.89833570584663e-16,-1.10625616350924,0.0280477145417833,-1.5545689897757,5.28312594472205e-06,True,True,True,True,True,True,3,3,down,True,True,-1.5545689897757,1.5545689897757,1.10625616350924
ILDR1_ILDR1,3.41154840632409,6.8686366242092e-05,1.1061016709517,0.0001941087273197,1.48783624982184,3.17212151350758e-06,True,True,True,True,True,True,3,3,up,True,True,1.48783624982184,1.48783624982184,1.1061016709517
CHPF_CHPF,1.9732381431758,5.720914191626751e-14,1.10486556979771,0.0095694113406006,1.89776151339494,6.62760921618467e-21,True,True,True,True,True,True,3,3,up,True,True,1.89776151339494,1.89776151339494,1.10486556979771
KIAA0355_KIAA0355,1.2515490272806,1.1679445285567899e-11,1.10425631611664,0.0326803151887802,1.65870917003037,3.35636449531031e-17,True,True,True,True,True,True,3,3,up,True,True,1.2515490272806,1.2515490272806,1.10425631611664
TOMM40_TOMM40,-1.10282524299977,1.20722491786601e-08,-1.29738635139411,0.002155235833153,-1.25698637079729,2.39178604592948e-16,True,True,True,True,True,True,3,3,down,True,True,-1.25698637079729,1.25698637079729,1.10282524299977
MUC20_MUC20,3.39192530602299,3.67267135980059e-18,1.4689368793109,0.0028574198170402,1.10280972263427,2.65766841424307e-06,True,True,True,True,True,True,3,3,up,True,True,1.4689368793109,1.4689368793109,1.10280972263427
NETO2_NETO2,-2.01888067762472,2.1574141173674e-13,-1.10241696063945,0.0026154221433124,-1.61676208148837,3.25185358971557e-17,True,True,True,True,True,True,3,3,down,True,True,-1.61676208148837,1.61676208148837,1.10241696063945
NTN4_NTN4,1.20943529325934,1.2995491137914e-12,1.20525440978777,0.0162920808910261,1.10205381726634,3.3242808752682197e-16,True,True,True,True,True,True,3,3,up,True,True,1.20525440978777,1.20525440978777,1.10205381726634
CBR3-AS1_CBR3-AS1,1.22818394805797,0.0031886881296358,1.10144796660817,0.0026154221433124,1.15217227669572,5.93201493516537e-05,True,True,True,True,True,True,3,3,up,True,True,1.15217227669572,1.15217227669572,1.10144796660817
CENPP_CENPP,-1.54803085891827,5.80594309615811e-07,-1.09914054392843,0.0262420202577937,-1.69405955996944,6.19094078757634e-08,True,True,True,True,True,True,3,3,down,True,True,-1.54803085891827,1.54803085891827,1.09914054392843
CDCA7_CDCA7,-3.48351856821715,4.2400844254725005e-16,-1.09895821830659,0.0101526713284709,-2.5927572545872,3.4587854647217204e-20,True,True,True,True,True,True,3,3,down,True,True,-2.5927572545872,2.5927572545872,1.09895821830659
MCM10_MCM10,-2.50250840319379,4.11191481714736e-13,-1.0966430207811,0.0216221750508592,-3.05539439774178,3.97711086533268e-18,True,True,True,True,True,True,3,3,down,True,True,-2.50250840319379,2.50250840319379,1.0966430207811
INTS6-AS1_INTS6-AS1,1.11012686172777,0.0392683496364643,1.60250401260382,0.0491873737451006,1.0884239687591,0.0093833536071557,True,True,True,True,True,True,3,3,up,True,True,1.11012686172777,1.11012686172777,1.0884239687591
GOT1_GOT1,-1.08807266925143,1.42969273068115e-10,-1.33754546059552,0.0006889358493395,-1.21677728817993,7.16965060228524e-14,True,True,True,True,True,True,3,3,down,True,True,-1.21677728817993,1.21677728817993,1.08807266925143
TBC1D31_TBC1D31,-2.39073131765047,3.6170987032220194e-11,-1.08739541356457,0.0186974282841385,-2.11696358536519,4.96919980582718e-14,True,True,True,True,True,True,3,3,down,True,True,-2.11696358536519,2.11696358536519,1.08739541356457
EIF5A_EIF5A,-1.08665648079847,2.5880339794322198e-11,-1.25876322007198,0.0096728009494208,-1.11887697557242,4.41119654518092e-17,True,True,True,True,True,True,3,3,down,True,True,-1.11887697557242,1.11887697557242,1.08665648079847
MED30_MED30,-1.08664005249232,2.86493087025895e-07,-1.13586634636799,0.0014410656068935,-1.23813879785491,4.10474387881178e-10,True,True,True,True,True,True,3,3,down,True,True,-1.13586634636799,1.13586634636799,1.08664005249232
CEACAM6_CEACAM6,1.08652438364379,7.87072144472369e-08,2.23121327875647,5.75930318911051e-07,1.18747885987844,7.11485271538946e-05,True,True,True,True,True,True,3,3,up,True,True,1.18747885987844,1.18747885987844,1.08652438364379
SLC25A19_SLC25A19,-1.11596784421191,1.40503172901037e-07,-1.08559255351536,0.0186598064886336,-1.16195140236833,1.43042835154964e-10,True,True,True,True,True,True,3,3,down,True,True,-1.11596784421191,1.11596784421191,1.08559255351536
EPB41L4A-AS2_EPB41L4A-AS2,3.03261722481137,0.0003617090431966,1.08547446276966,0.0347682918837235,2.76758875101353,0.0057541129380926,True,True,True,True,True,True,3,3,up,True,True,2.76758875101353,2.76758875101353,1.08547446276966
CDC6_CDC6,-1.95099347804895,2.31374879444804e-14,-1.08539983591075,0.0007214164927051,-2.60426844833149,5.51679292130065e-19,True,True,True,True,True,True,3,3,down,True,True,-1.95099347804895,1.95099347804895,1.08539983591075
FAM222A_FAM222A,-1.49599865303036,1.37834304896197e-06,-1.08539597023198,0.0208361171411104,-3.41998017363065,8.45404020386342e-12,True,True,True,True,True,True,3,3,down,True,True,-1.49599865303036,1.49599865303036,1.08539597023198
DTYMK_DTYMK,-1.81983294648085,3.76237448904693e-12,-1.08538104441913,0.0092840156643582,-2.15387049680225,1.52949793865958e-15,True,True,True,True,True,True,3,3,down,True,True,-1.81983294648085,1.81983294648085,1.08538104441913
WDR62_WDR62,-1.41768623711431,1.04459783572156e-05,-1.08525569160402,0.0025991861607209,-3.71829008747825,6.26007278186627e-17,True,True,True,True,True,True,3,3,down,True,True,-1.41768623711431,1.41768623711431,1.08525569160402
C15orf48_C15orf48,1.08484406476747,2.30349515971709e-05,3.33727124168646,5.64704870108479e-07,1.82855223137763,8.12710006615178e-11,True,True,True,True,True,True,3,3,up,True,True,1.82855223137763,1.82855223137763,1.08484406476747
MMAA_MMAA,1.18813320783895,1.86603326894303e-06,1.08446078549816,0.0025192632389569,1.92121022032919,3.43715087291044e-09,True,True,True,True,True,True,3,3,up,True,True,1.18813320783895,1.18813320783895,1.08446078549816
COQ3_COQ3,-2.26641460136679,1.03857547608328e-09,-1.08434430374259,0.0063703505436029,-1.60255057971801,3.23480234031798e-07,True,True,True,True,True,True,3,3,down,True,True,-1.60255057971801,1.60255057971801,1.08434430374259
HADH_HADH,-1.23838119267491,2.05125006029752e-10,-1.07947835917706,0.0001230264838599,-1.37109171160203,1.75943917076918e-14,True,True,True,True,True,True,3,3,down,True,True,-1.23838119267491,1.23838119267491,1.07947835917706
GAB2_GAB2,1.97695724712906,8.799774337530849e-11,1.07893684583348,0.0035009658671766,1.75871522836511,2.36503630762732e-13,True,True,True,True,True,True,3,3,up,True,True,1.75871522836511,1.75871522836511,1.07893684583348
CYR61_CYR61,1.2377731262155,1.76417029664564e-12,1.07584407973876,0.0001230264838599,2.81111129121591,7.48991827232882e-18,True,True,True,True,True,True,3,3,up,True,True,1.2377731262155,1.2377731262155,1.07584407973876
CIT_CIT,-2.18992506168678,1.40360028516458e-12,-1.07448557307169,0.018396553845133,-2.45278200791481,7.07196794096145e-17,True,True,True,True,True,True,3,3,down,True,True,-2.18992506168678,2.18992506168678,1.07448557307169
PTPRM_PTPRM,1.07440012254745,1.0762679193367e-09,1.15929213579303,0.0481643224647032,1.84908936947979,5.51221934923288e-17,True,True,True,True,True,True,3,3,up,True,True,1.15929213579303,1.15929213579303,1.07440012254745
CDC25B_CDC25B,-2.37410662335697,8.32151649489869e-14,-1.07361615596847,0.0014804999288964,-1.76261104029153,5.705663472536821e-20,True,True,True,True,True,True,3,3,down,True,True,-1.76261104029153,1.76261104029153,1.07361615596847
FYN_FYN,2.12519594367703,2.03409532206293e-14,1.07233292066365,0.0001304956968541,1.36998270509358,1.28240902350899e-14,True,True,True,True,True,True,3,3,up,True,True,1.36998270509358,1.36998270509358,1.07233292066365
HAUS7_HAUS7,-1.07115404422071,5.64009057916188e-07,-1.07613847793158,0.0200360169560779,-1.39347633982302,1.1965488508629601e-09,True,True,True,True,True,True,3,3,down,True,True,-1.07613847793158,1.07613847793158,1.07115404422071
GMPS_GMPS,-1.72550225498334,2.62177272967254e-14,-1.08055787303219,0.0007576212520466,-1.06969818550317,1.46660182316979e-14,True,True,True,True,True,True,3,3,down,True,True,-1.08055787303219,1.08055787303219,1.06969818550317
PKM_PKM,-1.20625170172855,4.8292912313025e-13,-1.40751986384634,0.0074116741295963,-1.06833275257705,9.364885672571979e-18,True,True,True,True,True,True,3,3,down,True,True,-1.20625170172855,1.20625170172855,1.06833275257705
METRNL_METRNL,1.28244924392905,2.6804000460102697e-11,1.06776471599882,0.0145236891782252,3.47639526602649,1.64076427234193e-20,True,True,True,True,True,True,3,3,up,True,True,1.28244924392905,1.28244924392905,1.06776471599882
GAPDH_GAPDH,-1.30862051804014,3.0208787883078e-13,-1.68676402000252,0.0057283950290272,-1.06768830223528,4.50725119294007e-18,True,True,True,True,True,True,3,3,down,True,True,-1.30862051804014,1.30862051804014,1.06768830223528
SYT15_SYT15,1.06634171567273,3.56377057979092e-05,2.29964120227394,0.0024314460141993,2.35936155090101,3.81716160580122e-06,True,True,True,True,True,True,3,3,up,True,True,2.29964120227394,2.29964120227394,1.06634171567273
RNF144B_RNF144B,2.2165427855904,7.07819194707961e-14,1.94424850210757,3.79156238766374e-05,1.06526065193213,4.64730289003514e-06,True,True,True,True,True,True,3,3,up,True,True,1.94424850210757,1.94424850210757,1.06526065193213
ANP32E_ANP32E,-1.65516000419686,3.96478771153123e-13,-1.06470919563372,0.0191019868627641,-1.8363302672993,8.30395781803956e-18,True,True,True,True,True,True,3,3,down,True,True,-1.65516000419686,1.65516000419686,1.06470919563372
HMGN3-AS1_HMGN3-AS1,1.06456780608401,0.0013787758854055,1.54730924509847,0.0001948440568373,1.65741640424904,1.12367591914366e-06,True,True,True,True,True,True,3,3,up,True,True,1.54730924509847,1.54730924509847,1.06456780608401
HMGB3_HMGB3,-2.5515773113985,7.45501086624426e-17,-1.06422374584144,5.56422909481318e-05,-1.37391342576306,8.14180663836343e-17,True,True,True,True,True,True,3,3,down,True,True,-1.37391342576306,1.37391342576306,1.06422374584144
MZT1_MZT1,-1.22601696567954,3.60335072787683e-10,-1.06390813691104,0.0020343667176068,-1.45650207565365,4.6948573672649497e-11,True,True,True,True,True,True,3,3,down,True,True,-1.22601696567954,1.22601696567954,1.06390813691104
SH3BP1_SH3BP1,-1.2804979447159,1.24763076266337e-07,-1.06276031211706,0.0264803124367208,-1.75934640810325,1.64532690564889e-14,True,True,True,True,True,True,3,3,down,True,True,-1.2804979447159,1.2804979447159,1.06276031211706
ZSWIM8_ZSWIM8,1.23176037810584,8.91127019145132e-11,1.06240838702171,0.0003852078343174,1.3303091677375,1.61495626451667e-15,True,True,True,True,True,True,3,3,up,True,True,1.23176037810584,1.23176037810584,1.06240838702171
GBP2_GBP2,2.39662618919965,2.72713671371411e-10,3.40130869029656,8.58254708683243e-06,1.06081920441453,2.42721996701841e-07,True,True,True,True,True,True,3,3,up,True,True,2.39662618919965,2.39662618919965,1.06081920441453
SNRPA_SNRPA,-1.43405017598423,2.6148994124487298e-11,-1.32755633570831,0.0142757752245487,-1.06046844819863,4.59442982327928e-14,True,True,True,True,True,True,3,3,down,True,True,-1.32755633570831,1.32755633570831,1.06046844819863
TMPRSS4_TMPRSS4,-3.15172275457997,4.75349995870194e-11,-1.05974501804244,0.012104859608715,-1.11793197505128,6.274168693729651e-15,True,True,True,True,True,True,3,3,down,True,True,-1.11793197505128,1.11793197505128,1.05974501804244
PLXNB1_PLXNB1,1.79269899085381,3.04801817345195e-14,1.21115024283278,0.0003107256178447,1.05969039099111,1.5656678206656602e-14,True,True,True,True,True,True,3,3,up,True,True,1.21115024283278,1.21115024283278,1.05969039099111
OTUD1_OTUD1,2.43755080389218,9.71042419333257e-16,1.05835530032403,0.0138689140938903,1.3751573119524,2.6700754629603504e-09,True,True,True,True,True,True,3,3,up,True,True,1.3751573119524,1.3751573119524,1.05835530032403
CENPF_CENPF,-3.30945512850799,2.27489953092061e-18,-1.05791245987291,0.0343750908226577,-2.67636988725729,1.8427122266482798e-11,True,True,True,True,True,True,3,3,down,True,True,-2.67636988725729,2.67636988725729,1.05791245987291
HIST1H2BD_HIST1H2BD,2.92011845044133,1.59677572717409e-13,1.05757460008976,0.0044372203631549,1.92940900866681,3.0667764691538003e-16,True,True,True,True,True,True,3,3,up,True,True,1.92940900866681,1.92940900866681,1.05757460008976
NCAPD3_NCAPD3,-1.67433615074673,1.179121782627e-13,-1.0575387304704,0.0167378885001193,-2.11502465014903,3.09117336526394e-20,True,True,True,True,True,True,3,3,down,True,True,-1.67433615074673,1.67433615074673,1.0575387304704
CMC2_CMC2,-1.08058521191918,3.59921876704726e-09,-1.05753825990562,0.0242152260317868,-1.86228057247377,1.69126130589895e-11,True,True,True,True,True,True,3,3,down,True,True,-1.08058521191918,1.08058521191918,1.05753825990562
R3HDM1_R3HDM1,-1.86985724207772,3.18977725967165e-13,-1.19133717695334,0.0030581507740911,-1.05685062315841,1.1654141361852699e-12,True,True,True,True,True,True,3,3,down,True,True,-1.19133717695334,1.19133717695334,1.05685062315841
HNRNPD_HNRNPD,-1.08238326383489,8.154958033773689e-12,-1.13809454837231,6.82745100323365e-05,-1.05581092322536,5.23064308402175e-13,True,True,True,True,True,True,3,3,down,True,True,-1.08238326383489,1.08238326383489,1.05581092322536
SLC27A5_SLC27A5,-1.05446577765595,0.0010037702102637,-3.80194572125378,0.0091585799746293,-1.88392315356071,4.3010497276615e-07,True,True,True,True,True,True,3,3,down,True,True,-1.88392315356071,1.88392315356071,1.05446577765595
SLC25A5_SLC25A5,-1.20913868741294,5.720914191626751e-14,-1.05338586265129,0.0036196040694969,-1.43355730973937,8.997890610952321e-20,True,True,True,True,True,True,3,3,down,True,True,-1.20913868741294,1.20913868741294,1.05338586265129
FBXO5_FBXO5,-1.25984861717248,2.7634273847665e-09,-1.04797897540793,0.014692173031845,-1.9974016678007,1.54803997070761e-13,True,True,True,True,True,True,3,3,down,True,True,-1.25984861717248,1.25984861717248,1.04797897540793
HSPD1_HSPD1,-1.25876080541349,8.10415221155529e-13,-1.04771673140532,0.0003688598647031,-1.18186737972603,1.74151804375141e-18,True,True,True,True,True,True,3,3,down,True,True,-1.18186737972603,1.18186737972603,1.04771673140532
CYP2S1_CYP2S1,1.14339340637684,1.28179343905434e-08,1.86606098580057,0.0005575142905677,1.04722779358083,8.28812108353515e-12,True,True,True,True,True,True,3,3,up,True,True,1.14339340637684,1.14339340637684,1.04722779358083
LSM6_LSM6,-1.0461158642974,7.86578240531731e-08,-1.45614235881847,0.0003154442948087,-2.02786641512061,1.11626243076398e-06,True,True,True,True,True,True,3,3,down,True,True,-1.45614235881847,1.45614235881847,1.0461158642974
PSMA4_PSMA4,-1.16145849437245,5.361880413105839e-11,-1.06547599325177,0.0016152453392943,-1.04544949533847,1.43892802012052e-15,True,True,True,True,True,True,3,3,down,True,True,-1.06547599325177,1.06547599325177,1.04544949533847
ALYREF_ALYREF,-1.04202660320439,1.280184364312e-08,-1.30519506380663,1.76513908909956e-05,-1.52993560381105,7.36878687106808e-18,True,True,True,True,True,True,3,3,down,True,True,-1.30519506380663,1.30519506380663,1.04202660320439
MYH14_MYH14,1.72292821849169,2.19937066680084e-13,1.04029116717136,0.0017324629053078,2.16076901206591,1.6353351028999301e-21,True,True,True,True,True,True,3,3,up,True,True,1.72292821849169,1.72292821849169,1.04029116717136
TOM1_TOM1,1.50611800310976,3.43043732306958e-13,1.10516269672882,0.0227071251835095,1.04025569619958,1.5162032877186902e-09,True,True,True,True,True,True,3,3,up,True,True,1.10516269672882,1.10516269672882,1.04025569619958
ID4_ID4,2.99568259377244,1.59308645506062e-06,1.04012468732209,0.0041762187239412,1.90299002480007,2.1489109134837102e-14,True,True,True,True,True,True,3,3,up,True,True,1.90299002480007,1.90299002480007,1.04012468732209
EFNA1_EFNA1,1.03869470881522,2.41722119958016e-11,1.60099021651826,4.87856972997346e-05,2.05864651950954,5.2416603543387405e-17,True,True,True,True,True,True,3,3,up,True,True,1.60099021651826,1.60099021651826,1.03869470881522
PKIB_PKIB,-2.87433947109036,2.2466673696111e-10,-1.03864429878675,0.0004760470978825,-1.72241957959041,3.73282987004956e-12,True,True,True,True,True,True,3,3,down,True,True,-1.72241957959041,1.72241957959041,1.03864429878675
KIF22_KIF22,-1.49872297682494,3.6223760555807796e-11,-1.03751640252955,0.0135239767843859,-1.80162976770987,1.50166656122549e-18,True,True,True,True,True,True,3,3,down,True,True,-1.49872297682494,1.49872297682494,1.03751640252955
STMN1_STMN1,-1.28001621293347,7.81306664452055e-14,-1.03432947136385,0.0001914387934239,-1.07483759560066,4.3000320356858706e-15,True,True,True,True,True,True,3,3,down,True,True,-1.07483759560066,1.07483759560066,1.03432947136385
GGCT_GGCT,-1.03363323445109,4.30641634796619e-11,-1.07893251232064,0.0003786848758291,-1.75261477825924,1.90941823881713e-17,True,True,True,True,True,True,3,3,down,True,True,-1.07893251232064,1.07893251232064,1.03363323445109
NEBL_NEBL,1.03052713728147,5.617975988216361e-10,1.65736517663241,0.0008221480324751,1.60403491123044,1.7852709676575e-13,True,True,True,True,True,True,3,3,up,True,True,1.60403491123044,1.60403491123044,1.03052713728147
LOC100128770_LOC100128770,1.2118036200044,1.65726768557915e-05,1.78901372139946,0.0215180438842665,1.02978895007995,0.0057570527379468,True,True,True,True,True,True,3,3,up,True,True,1.2118036200044,1.2118036200044,1.02978895007995
HSDL2_HSDL2,-1.10947012735902,2.95697408625646e-11,-1.02935469075527,0.0001522777057149,-1.22933665595475,1.2678949916294601e-14,True,True,True,True,True,True,3,3,down,True,True,-1.10947012735902,1.10947012735902,1.02935469075527
LOC102724814_LOC102724814,1.02841079583038,0.0020815591638544,1.47841778992966,0.0001580104003399,1.31441938068299,3.06549245852064e-08,True,True,True,True,True,True,3,3,up,True,True,1.31441938068299,1.31441938068299,1.02841079583038
TNFAIP8L1_TNFAIP8L1,-2.99245142237138,2.39450504837566e-12,-1.36107420274144,0.0011108691409578,-1.02801997817825,4.7243635123862e-07,True,True,True,True,True,True,3,3,down,True,True,-1.36107420274144,1.36107420274144,1.02801997817825
LSM5_LSM5,-1.24934181623817,3.44457055168706e-10,-1.02796222585332,0.0002574223448154,-1.22486244112758,7.55641145836555e-13,True,True,True,True,True,True,3,3,down,True,True,-1.22486244112758,1.22486244112758,1.02796222585332
ERCC6L_ERCC6L,-2.79692877144626,5.11424975312396e-12,-1.02680622903991,0.0185487312089116,-3.06699584148212,2.91062942260224e-12,True,True,True,True,True,True,3,3,down,True,True,-2.79692877144626,2.79692877144626,1.02680622903991
EPOR_EPOR,1.96869125062824,3.55731194667299e-08,1.06121910972262,0.0054583357593146,1.02653863598362,2.20679404965714e-05,True,True,True,True,True,True,3,3,up,True,True,1.06121910972262,1.06121910972262,1.02653863598362
POLD1_POLD1,-1.02647660915494,2.12784057682901e-06,-1.08126321825896,0.0105599158594621,-1.40427247975502,1.03167117870466e-16,True,True,True,True,True,True,3,3,down,True,True,-1.08126321825896,1.08126321825896,1.02647660915494
SIVA1_SIVA1,-1.02616845412593,1.29193890808849e-08,-1.23767495253548,0.0416066632812246,-1.91701799949606,1.90729466380161e-08,True,True,True,True,True,True,3,3,down,True,True,-1.23767495253548,1.23767495253548,1.02616845412593
KIF18A_KIF18A,-3.2061480389268,5.03553789738422e-16,-1.0255559857757,0.0129776504813195,-2.18980451765586,1.11623616531395e-13,True,True,True,True,True,True,3,3,down,True,True,-2.18980451765586,2.18980451765586,1.0255559857757
MIEF2_MIEF2,1.02354403472302,4.82509627753922e-10,1.24503958842688,0.0001244848621358,1.11163323745058,3.70288254110586e-10,True,True,True,True,True,True,3,3,up,True,True,1.11163323745058,1.11163323745058,1.02354403472302
NRGN_NRGN,-1.02160519878025,0.015865614271245,-2.26544731417501,0.0252798619316483,-4.43026815464482,1.2606249142412e-07,True,True,True,True,True,True,3,3,down,True,True,-2.26544731417501,2.26544731417501,1.02160519878025
CSE1L_CSE1L,-1.70609003046791,1.81431798089958e-13,-1.02027663550796,0.0006383464792507,-1.32495905614573,1.11312007092974e-16,True,True,True,True,True,True,3,3,down,True,True,-1.32495905614573,1.32495905614573,1.02027663550796
WNK2_WNK2,-1.27691425144002,3.05530813093029e-10,-1.01972928735869,0.0004099782724434,-1.47365197576672,5.09717098610571e-06,True,True,True,True,True,True,3,3,down,True,True,-1.27691425144002,1.27691425144002,1.01972928735869
NUP37_NUP37,-1.41650714457709,1.5413305411768e-11,-1.01278946722204,0.0112415679077556,-1.35396825888086,4.84849695285713e-09,True,True,True,True,True,True,3,3,down,True,True,-1.35396825888086,1.35396825888086,1.01278946722204
ATAD3B_ATAD3B,-1.79900152646185,4.39757813569097e-10,-1.01052454991307,0.029669644388174,-1.43968747011617,1.83179685039384e-13,True,True,True,True,True,True,3,3,down,True,True,-1.43968747011617,1.43968747011617,1.01052454991307
ALDH1A3_ALDH1A3,1.01014715907895,1.2677761998444102e-09,1.45198677385502,0.0273868799173386,1.23822292424524,6.5847351775567e-18,True,True,True,True,True,True,3,3,up,True,True,1.23822292424524,1.23822292424524,1.01014715907895
SIDT2_SIDT2,1.16913632711245,4.04888738128215e-09,1.03505466111538,0.0035481670836827,1.00942559218137,6.192343931998599e-12,True,True,True,True,True,True,3,3,up,True,True,1.03505466111538,1.03505466111538,1.00942559218137
CDCA5_CDCA5,-1.95293167337362,1.06283046565511e-13,-1.00935217866521,0.0004099782724434,-2.78649537784477,5.23769359831793e-19,True,True,True,True,True,True,3,3,down,True,True,-1.95293167337362,1.95293167337362,1.00935217866521
RPA3_RPA3,-1.22060648715588,3.32842170190998e-11,-1.00865031954145,0.0007444381893634,-2.20500671260684,3.66529901522552e-13,True,True,True,True,True,True,3,3,down,True,True,-1.22060648715588,1.22060648715588,1.00865031954145
BSN_BSN,1.36081022784325,0.0029739812053333,1.2773841106449,0.0037299068321976,1.00818419628297,0.0009732252337082,True,True,True,True,True,True,3,3,up,True,True,1.2773841106449,1.2773841106449,1.00818419628297
IER3_IER3,-2.72421469883027,1.1880638275545999e-14,-1.46415489480859,0.0034778401778278,-1.0068132377665,1.53291455214299e-11,True,True,True,True,True,True,3,3,down,True,True,-1.46415489480859,1.46415489480859,1.0068132377665
HMGB1_HMGB1,-1.7713401633099,4.28211152182974e-16,-1.00565632968931,9.04726529062365e-05,-1.72864421581935,3.87544821887402e-21,True,True,True,True,True,True,3,3,down,True,True,-1.72864421581935,1.72864421581935,1.00565632968931
PPP2R5B_PPP2R5B,1.75691705229995,2.2840603190226e-09,1.028705927009,0.0229185881609344,1.00491804813399,7.09449416068228e-10,True,True,True,True,True,True,3,3,up,True,True,1.028705927009,1.028705927009,1.00491804813399
SPSB3_SPSB3,1.03601572249662,2.15965349485524e-08,1.00427068836777,0.0346988827077359,1.46330082589125,9.26261133250588e-13,True,True,True,True,True,True,3,3,up,True,True,1.03601572249662,1.03601572249662,1.00427068836777
MRPL11_MRPL11,-1.00422718766328,3.75597490075864e-11,-1.40690880223795,0.0287344282852992,-1.19412372631476,4.9146383590263e-15,True,True,True,True,True,True,3,3,down,True,True,-1.19412372631476,1.19412372631476,1.00422718766328
PRTFDC1_PRTFDC1,-1.63827716967289,3.29079756169985e-10,-1.00408506713974,0.0053479502336493,-1.00425172366407,6.34744462162492e-08,True,True,True,True,True,True,3,3,down,True,True,-1.00425172366407,1.00425172366407,1.00408506713974
SKA3_SKA3,-3.20331222771342,1.25748215245288e-12,-1.00272388472644,0.0023729187235567,-3.0249519639849,1.0004292732831601e-15,True,True,True,True,True,True,3,3,down,True,True,-3.0249519639849,3.0249519639849,1.00272388472644
SLC39A13_SLC39A13,1.24846647141558,4.92861314648844e-10,1.00165957050747,0.005849930170959,1.8110401660958,2.98809117233724e-13,True,True,True,True,True,True,3,3,up,True,True,1.24846647141558,1.24846647141558,1.00165957050747
TNRC6C-AS1_TNRC6C-AS1,1.00111368198564,1.65795109196648e-07,1.11104821125325,0.0019721625030716,1.09516010186732,7.003934873552739e-12,True,True,True,True,True,True,3,3,up,True,True,1.09516010186732,1.09516010186732,1.00111368198564
DLEU1_DLEU1,-1.60372314915546,6.05370120328007e-11,-0.999624027152756,0.0028310695503157,-1.79886285695811,2.23841590266689e-11,True,True,True,True,True,True,3,3,down,True,True,-1.60372314915546,1.60372314915546,0.999624027152756
NOP56_NOP56,-1.1694013338578,2.4992875900690698e-11,-0.999531154740263,0.018796658855118,-1.07027299151635,8.286845243079219e-16,True,True,True,True,True,True,3,3,down,True,True,-1.07027299151635,1.07027299151635,0.999531154740263
PELI1_PELI1,1.42410030024592,1.63880744934054e-10,1.66837479189148,0.0300194201410094,0.999282854971619,6.59590323619007e-10,True,True,True,True,True,True,3,3,up,True,True,1.42410030024592,1.42410030024592,0.999282854971619
FOXD4_FOXD4,2.03737837420791,0.0018909930686271,0.99807835967614,0.0284310626567493,1.10899569679455,0.0022168437780341,True,True,True,True,True,True,3,3,up,True,True,1.10899569679455,1.10899569679455,0.99807835967614
TSPAN12_TSPAN12,1.86047304268782,2.60005030383459e-10,1.31403438426954,0.0011609706081856,0.996631815127115,1.97596383681386e-08,True,True,True,True,True,True,3,3,up,True,True,1.31403438426954,1.31403438426954,0.996631815127115
WHSC1_WHSC1,-1.90305335294468,1.3967617051712501e-14,-0.995626698715816,0.0201928791167251,-1.83123392920664,4.46591494673988e-20,True,True,True,True,True,True,3,3,down,True,True,-1.83123392920664,1.83123392920664,0.995626698715816
CDC25A_CDC25A,-2.05349090274969,1.11089274891088e-10,-0.993261221130036,0.0007560499975323,-2.44907347954901,1.00553231643825e-16,True,True,True,True,True,True,3,3,down,True,True,-2.05349090274969,2.05349090274969,0.993261221130036
COL28A1_COL28A1,0.992209401661742,0.0008132334760817,1.68908684209183,0.0054714943914768,1.28510260985667,7.88469140921114e-06,True,True,True,True,True,True,3,3,up,True,True,1.28510260985667,1.28510260985667,0.992209401661742
BEAN1_BEAN1,2.02173268434278,3.33330737933149e-07,2.68113926520663,0.0001257194870118,0.992067831006322,3.59665265456274e-05,True,True,True,True,True,True,3,3,up,True,True,2.02173268434278,2.02173268434278,0.992067831006322
SHISA4_SHISA4,0.991628584897452,1.98874576347458e-07,1.53977240739913,0.0221861254349058,1.16166470853156,0.0002928106240961,True,True,True,True,True,True,3,3,up,True,True,1.16166470853156,1.16166470853156,0.991628584897452
UBE2T_UBE2T,-1.46261580414269,1.28087959212263e-11,-0.991302011822053,0.0065310736815426,-2.65376464316544,6.189589263876101e-16,True,True,True,True,True,True,3,3,down,True,True,-1.46261580414269,1.46261580414269,0.991302011822053
EZH2_EZH2,-1.36471469910811,1.3767803587033799e-12,-0.990990795480689,0.0024015573469238,-1.94552221623228,1.90323128259471e-16,True,True,True,True,True,True,3,3,down,True,True,-1.36471469910811,1.36471469910811,0.990990795480689
ZWINT_ZWINT,-1.69592758415607,2.4411191398540403e-14,-0.990339377952567,0.0007560499975323,-3.28428743105755,6.69916705097422e-19,True,True,True,True,True,True,3,3,down,True,True,-1.69592758415607,1.69592758415607,0.990339377952567
HAUS1_HAUS1,-1.06208954731649,1.19785914480949e-07,-0.98993768789743,0.0018196100263858,-1.72561765201643,1.4580521768200902e-09,True,True,True,True,True,True,3,3,down,True,True,-1.06208954731649,1.06208954731649,0.98993768789743
HSPG2_HSPG2,1.12222088050875,3.6836790502701005e-10,0.989607120071888,0.0008865867336996,1.06943694442103,1.06165079933609e-08,True,True,True,True,True,True,3,3,up,True,True,1.06943694442103,1.06943694442103,0.989607120071888
ARL6IP1_ARL6IP1,-1.13006250480097,1.53059682129526e-12,-0.989332366746108,0.0113781682761886,-1.3794556035606,1.74151804375141e-18,True,True,True,True,True,True,3,3,down,True,True,-1.13006250480097,1.13006250480097,0.989332366746108
GINS1_GINS1,-2.00494056652918,5.33040921210906e-14,-0.988793135626613,0.0040571512150247,-2.18538538545039,5.356581451805361e-19,True,True,True,True,True,True,3,3,down,True,True,-2.00494056652918,2.00494056652918,0.988793135626613
DAPK2_DAPK2,3.14311019931273,3.76606419874375e-14,3.66370089799737,0.0005575142905677,0.986528874849846,0.00475251160034,True,True,True,True,True,True,3,3,up,True,True,3.14311019931273,3.14311019931273,0.986528874849846
FSCN2_FSCN2,2.51787255711692,0.0001910847959546,0.982249663516553,0.0204817694421461,2.38996376655258,9.92877451640848e-05,True,True,True,True,True,True,3,3,up,True,True,2.38996376655258,2.38996376655258,0.982249663516553
HN1_HN1,-1.56592054041891,1.20179422167108e-14,-0.980664406588613,0.0174723243895245,-1.09889068289374,9.80910863911336e-11,True,True,True,True,True,True,3,3,down,True,True,-1.09889068289374,1.09889068289374,0.980664406588613
NDC1_NDC1,-1.73078550599451,1.95357327942724e-13,-0.980193155865878,0.0217198231512751,-1.70824213791263,2.5947207933387798e-18,True,True,True,True,True,True,3,3,down,True,True,-1.70824213791263,1.70824213791263,0.980193155865878
LINC01138_LINC01138,1.02299612372989,0.0060788279071736,1.33765307233774,0.012989802591101,0.979766589058362,1.07249681016774e-08,True,True,True,True,True,True,3,3,up,True,True,1.02299612372989,1.02299612372989,0.979766589058362
CENPN_CENPN,-1.77094664255969,1.06283046565511e-13,-0.978704053410996,0.0012743469641311,-2.65075599559836,1.63590356721821e-16,True,True,True,True,True,True,3,3,down,True,True,-1.77094664255969,1.77094664255969,0.978704053410996
CLIC3_CLIC3,2.77521805713584,4.27445030034104e-13,2.14678195014419,0.0385268188512157,0.977244662590468,0.000519541110179,True,True,True,True,True,True,3,3,up,True,True,2.14678195014419,2.14678195014419,0.977244662590468
TAGLN_TAGLN,0.976765530653857,0.004535728333335,3.74488474513572,0.001383483376731,5.84167666264494,1.05454836661512e-11,True,True,True,True,True,True,3,3,up,True,True,3.74488474513572,3.74488474513572,0.976765530653857
ETV4_ETV4,-4.00645942889919,8.2644543976073e-14,-2.62534933799962,4.96606307496956e-05,-0.976243539720582,2.59957930462699e-12,True,True,True,True,True,True,3,3,down,True,True,-2.62534933799962,2.62534933799962,0.976243539720582
LAMB2_LAMB2,1.79114343774818,1.29673878376203e-13,0.973561417464003,0.0043903741216502,1.16158007736937,3.97534174415406e-17,True,True,True,True,True,True,3,3,up,True,True,1.16158007736937,1.16158007736937,0.973561417464003
ETV5_ETV5,-4.67913971268813,2.17487834930226e-13,-0.99684576131845,0.0423666313373499,-0.973487632599475,2.74760146721647e-11,True,True,True,True,True,True,3,3,down,True,True,-0.99684576131845,0.99684576131845,0.973487632599475
ESCO2_ESCO2,-1.75093454509292,3.3720210877649596e-11,-0.973141514455835,0.0420954485368954,-3.3926943493806,6.23914787333275e-08,True,True,True,True,True,True,3,3,down,True,True,-1.75093454509292,1.75093454509292,0.973141514455835
DUSP1_DUSP1,3.07237991131298,2.55068941159982e-14,0.972174621107389,0.0009738848289543,2.74377804009279,1.33419397078241e-07,True,True,True,True,True,True,3,3,up,True,True,2.74377804009279,2.74377804009279,0.972174621107389
ZBTB4_ZBTB4,0.971998714964365,2.43802073450654e-10,1.24472737615187,0.0023063753233916,0.976590969261256,9.95285240452321e-13,True,True,True,True,True,True,3,3,up,True,True,0.976590969261256,0.976590969261256,0.971998714964365
C10orf95_C10orf95,1.67658714818421,1.54114096776125e-06,1.42798088255769,0.0187411536314948,0.971658885566878,0.0031448976042637,True,True,True,True,True,True,3,3,up,True,True,1.42798088255769,1.42798088255769,0.971658885566878
METRN_METRN,-1.34073009100594,5.110704823407561e-09,-1.49976362981355,0.0377516571712845,-0.970697280115397,8.11891293549628e-12,True,True,True,True,True,True,3,3,down,True,True,-1.34073009100594,1.34073009100594,0.970697280115397
S1PR5_S1PR5,-0.969699865749122,9.47689229147403e-05,-1.81183245947061,0.0076517547602711,-1.83119826503299,0.0001026005200082,True,True,True,True,True,True,3,3,down,True,True,-1.81183245947061,1.81183245947061,0.969699865749122
HIVEP1_HIVEP1,0.969534418036224,5.41701408262558e-09,1.59685144122916,0.0260726064424327,1.86090120869429,4.08113046700675e-14,True,True,True,True,True,True,3,3,up,True,True,1.59685144122916,1.59685144122916,0.969534418036224
DSCC1_DSCC1,-1.96770318586242,1.07296549810142e-12,-0.969450192011755,0.0055972219236922,-2.65417131302571,9.202939927851531e-19,True,True,True,True,True,True,3,3,down,True,True,-1.96770318586242,1.96770318586242,0.969450192011755
LAMB3_LAMB3,0.969218639748272,1.36527804357447e-10,1.15819415442733,0.0002746273854523,1.15285752483558,4.03479776872399e-17,True,True,True,True,True,True,3,3,up,True,True,1.15285752483558,1.15285752483558,0.969218639748272
ZNF33B_ZNF33B,1.10924297606251,9.104880536034272e-09,0.968547233946421,0.0042431390981335,1.1997470778897,5.6685922477723395e-12,True,True,True,True,True,True,3,3,up,True,True,1.10924297606251,1.10924297606251,0.968547233946421
TNS4_TNS4,-2.54049732752315,7.59405538417994e-12,-0.967354334657708,0.0001643563217509,-0.979330383986481,4.97291789394184e-12,True,True,True,True,True,True,3,3,down,True,True,-0.979330383986481,0.979330383986481,0.967354334657708
SGOL1_SGOL1,-2.81693323661815,6.21942654425601e-12,-0.966614937867525,0.0061194380195675,-2.81929432789139,1.16090826272836e-12,True,True,True,True,True,True,3,3,down,True,True,-2.81693323661815,2.81693323661815,0.966614937867525
KCTD9_KCTD9,-1.76001862394212,3.26311801807781e-13,-0.965907105784099,0.0333792954635603,-1.34025370610701,6.87833071887056e-12,True,True,True,True,True,True,3,3,down,True,True,-1.34025370610701,1.34025370610701,0.965907105784099
WDR54_WDR54,-1.16074212734917,3.40678944946516e-08,-1.31673378567381,0.021710754855006,-0.964397566411949,4.97162262159005e-10,True,True,True,True,True,True,3,3,down,True,True,-1.16074212734917,1.16074212734917,0.964397566411949
PRMT3_PRMT3,-1.71482801990073,4.75032896310077e-13,-1.1288009206956,0.0038087274704857,-0.9635506160666,6.46915510892475e-10,True,True,True,True,True,True,3,3,down,True,True,-1.1288009206956,1.1288009206956,0.9635506160666
TMEM132A_TMEM132A,1.09556578260054,1.7195965530408302e-09,1.09945449886807,0.0175459126867272,0.962605911359932,3.35562902485582e-13,True,True,True,True,True,True,3,3,up,True,True,1.09556578260054,1.09556578260054,0.962605911359932
CDKN2C_CDKN2C,-0.961666278389326,7.42407166336669e-07,-1.733105601687,2.56487092763189e-05,-2.63797861078786,1.0977042602870902e-09,True,True,True,True,True,True,3,3,down,True,True,-1.733105601687,1.733105601687,0.961666278389326
RPS6KA2_RPS6KA2,0.9603429409514,2.56552321908782e-08,1.05052405250355,0.0414998288580303,1.35242203668881,4.7543372528371504e-15,True,True,True,True,True,True,3,3,up,True,True,1.05052405250355,1.05052405250355,0.9603429409514
TCOF1_TCOF1,-1.45077912746526,1.5013033607725003e-10,-0.960145372115079,0.0004099782724434,-1.01517117898422,1.4829310244106602e-15,True,True,True,True,True,True,3,3,down,True,True,-1.01517117898422,1.01517117898422,0.960145372115079
ALDOA_ALDOA,-0.960114703157025,1.49265995989769e-11,-1.15098170993114,0.0448493008865944,-1.19833165078047,7.603767650049879e-18,True,True,True,True,True,True,3,3,down,True,True,-1.15098170993114,1.15098170993114,0.960114703157025
FN1_FN1,1.99950984775314,3.4231150265752503e-15,1.22602190322142,0.0126144852009822,0.96004689682179,6.60980965958637e-06,True,True,True,True,True,True,3,3,up,True,True,1.22602190322142,1.22602190322142,0.96004689682179
TUBA1C_TUBA1C,-0.960039730988214,5.8688966818335695e-12,-1.27634320839881,0.0001902819891062,-1.33043080074572,3.26735486661718e-18,True,True,True,True,True,True,3,3,down,True,True,-1.27634320839881,1.27634320839881,0.960039730988214
RUVBL1_RUVBL1,-1.59485654453622,8.17406113936623e-14,-1.38371374385645,0.0002360617779701,-0.959767894062687,1.31245843098985e-14,True,True,True,True,True,True,3,3,down,True,True,-1.38371374385645,1.38371374385645,0.959767894062687
RRM1_RRM1,-1.4804338547277,7.0710216283623e-13,-0.959470295424799,0.0488245609965291,-2.18706023411807,5.11139352245808e-20,True,True,True,True,True,True,3,3,down,True,True,-1.4804338547277,1.4804338547277,0.959470295424799
UNC5B_UNC5B,1.01525494130453,9.16147978439353e-06,0.959395103535323,0.0038017142775321,2.3415131619192,0.0236721392904528,True,True,True,True,True,True,3,3,up,True,True,1.01525494130453,1.01525494130453,0.959395103535323
ZSWIM4_ZSWIM4,0.95834407785315,1.29296402928716e-06,1.54635768464914,2.45431381787534e-05,2.12801447527805,1.29857472456417e-12,True,True,True,True,True,True,3,3,up,True,True,1.54635768464914,1.54635768464914,0.95834407785315
SNRPG_SNRPG,-0.956779182722926,1.05286147950418e-09,-1.70313722684111,0.0007560499975323,-1.82773089175153,2.0530962595740203e-09,True,True,True,True,True,True,3,3,down,True,True,-1.70313722684111,1.70313722684111,0.956779182722926
PAICS_PAICS,-1.54726550330746,8.1966318329295e-14,-0.955911332002522,0.0006654910355652,-1.21603700555645,1.45766090154125e-17,True,True,True,True,True,True,3,3,down,True,True,-1.21603700555645,1.21603700555645,0.955911332002522
CCNG1_CCNG1,-1.06905507918294,3.1637319080620503e-10,-0.955061086922242,0.0011329803923075,-1.94027917557241,1.32078851823965e-12,True,True,True,True,True,True,3,3,down,True,True,-1.06905507918294,1.06905507918294,0.955061086922242
NUCKS1_NUCKS1,-1.09637643826218,9.13085068487141e-12,-0.952934606778999,0.0365951715673911,-1.14707346726457,7.849618802653839e-16,True,True,True,True,True,True,3,3,down,True,True,-1.09637643826218,1.09637643826218,0.952934606778999
PSMA7_PSMA7,-0.95290955050455,1.76362687821461e-10,-1.22299469193727,0.0015097381557825,-1.21022338433619,3.10739167763126e-10,True,True,True,True,True,True,3,3,down,True,True,-1.21022338433619,1.21022338433619,0.95290955050455
CD55_CD55,4.06418111282109,2.27489953092061e-18,1.02668666767766,4.60649821388052e-05,0.952427398808603,1.25460176848526e-14,True,True,True,True,True,True,3,3,up,True,True,1.02668666767766,1.02668666767766,0.952427398808603
RFC5_RFC5,-1.59761728742565,5.48355175376231e-12,-0.950598873898599,0.0015717724213683,-1.77593309379746,5.2692839271588e-15,True,True,True,True,True,True,3,3,down,True,True,-1.59761728742565,1.59761728742565,0.950598873898599
TBC1D8_TBC1D8,-1.0993749962395,1.94025165475122e-10,-1.55099356179065,0.0020134465598139,-0.949594108094724,4.3106934509230196e-11,True,True,True,True,True,True,3,3,down,True,True,-1.0993749962395,1.0993749962395,0.949594108094724
GABBR2_GABBR2,2.16196077963138,7.21114715842149e-16,0.948815799446164,0.0141119240403335,3.36550900221139,5.75292431297795e-07,True,True,True,True,True,True,3,3,up,True,True,2.16196077963138,2.16196077963138,0.948815799446164
SNRPB_SNRPB,-1.33714920389182,1.83912796544595e-11,-1.17984664018245,0.0251972666471993,-0.947935893001603,7.0195370332522e-08,True,True,True,True,True,True,3,3,down,True,True,-1.17984664018245,1.17984664018245,0.947935893001603
MST1R_MST1R,-1.5194940947841,4.72336142709882e-13,-1.53847473471587,0.0001927344097388,-0.947417961227623,3.9364240807338595e-12,True,True,True,True,True,True,3,3,down,True,True,-1.5194940947841,1.5194940947841,0.947417961227623
DCTPP1_DCTPP1,-0.947263234795019,1.9183490420016104e-09,-1.06145048796611,0.0271789086981352,-1.49407150552723,9.45128090125648e-16,True,True,True,True,True,True,3,3,down,True,True,-1.06145048796611,1.06145048796611,0.947263234795019
RPL23AP87_RPL23AP87,2.77431716659733,1.959143817906e-06,0.946933595159316,0.0303554297877353,0.950844578952311,0.0272068484662058,True,True,True,True,True,True,3,3,up,True,True,0.950844578952311,0.950844578952311,0.946933595159316
TTK_TTK,-2.32616896508963,1.50966487301248e-14,-0.945382711628558,0.0175330635911668,-2.72891264790117,1.00144212173327e-16,True,True,True,True,True,True,3,3,down,True,True,-2.32616896508963,2.32616896508963,0.945382711628558
SDCBP2_SDCBP2,4.19505473359042,1.4517838853082999e-12,0.944117943794856,0.0137949494693408,1.6420741079178,0.0006390134749589,True,True,True,True,True,True,3,3,up,True,True,1.6420741079178,1.6420741079178,0.944117943794856
GPSM2_GPSM2,-2.11557428361211,3.7020056640952104e-14,-0.943242869544666,0.0306105813340866,-2.68393081249604,7.45216226542466e-18,True,True,True,True,True,True,3,3,down,True,True,-2.11557428361211,2.11557428361211,0.943242869544666
SUV39H1_SUV39H1,-1.6082337265022,6.50745548421856e-10,-0.943068681127583,0.0089593273380533,-1.61415499709851,6.663443802582851e-15,True,True,True,True,True,True,3,3,down,True,True,-1.6082337265022,1.6082337265022,0.943068681127583
PGP_PGP,-1.05290323094923,1.21216121578652e-08,-0.940657593840861,0.0266132590005671,-1.81040024933553,1.61280980698056e-15,True,True,True,True,True,True,3,3,down,True,True,-1.05290323094923,1.05290323094923,0.940657593840861
BTN3A1_BTN3A1,1.31936374712529,1.22454419251267e-10,2.22047837827372,9.04774430426839e-07,0.940500102578594,2.3072065476548296e-11,True,True,True,True,True,True,3,3,up,True,True,1.31936374712529,1.31936374712529,0.940500102578594
GYG2_GYG2,-0.940401427411552,2.97572456558232e-08,-3.5980769366893,8.09000870299276e-05,-1.01780598106574,0.0179842545087145,True,True,True,True,True,True,3,3,down,True,True,-1.01780598106574,1.01780598106574,0.940401427411552
NFKB2_NFKB2,1.36397134869787,6.83474214727112e-11,1.3746769321661,0.0047350705387338,0.939502599753006,2.5424840298832197e-12,True,True,True,True,True,True,3,3,up,True,True,1.36397134869787,1.36397134869787,0.939502599753006
HPCAL1_HPCAL1,-1.34860074010014,2.03716398091419e-11,-0.938550700385351,0.0016474444763881,-1.50307844250807,6.10138175729892e-18,True,True,True,True,True,True,3,3,down,True,True,-1.34860074010014,1.34860074010014,0.938550700385351
PPA2_PPA2,-0.937609249375801,1.33842723660737e-08,-0.974913835240306,0.0015132776712531,-1.16300077787874,7.68874884812481e-13,True,True,True,True,True,True,3,3,down,True,True,-0.974913835240306,0.974913835240306,0.937609249375801
PGAM5_PGAM5,-1.27365984250608,4.21009650956745e-09,-1.1043553144487,0.0002550708602643,-0.93745818376359,1.02683837613242e-13,True,True,True,True,True,True,3,3,down,True,True,-1.1043553144487,1.1043553144487,0.93745818376359
TCP11L2_TCP11L2,0.936174272531268,4.41510170571516e-06,2.32292909097472,0.0179342819294384,2.51516075847818,8.182798189102901e-10,True,True,True,True,True,True,3,3,up,True,True,2.32292909097472,2.32292909097472,0.936174272531268
ITPKC_ITPKC,0.975450841842083,7.2870588824770505e-09,0.936150663154647,0.0255778448619262,1.49929774253077,2.09961131471307e-16,True,True,True,True,True,True,3,3,up,True,True,0.975450841842083,0.975450841842083,0.936150663154647
LDHB_LDHB,-1.65052617664074,1.1064017600849202e-15,-1.75122911775605,2.71704866700065e-06,-0.935837637289865,6.27929750840585e-16,True,True,True,True,True,True,3,3,down,True,True,-1.65052617664074,1.65052617664074,0.935837637289865
ACYP1_ACYP1,-0.935194484433254,6.15571294527457e-07,-1.2540158049322,0.0236868656614396,-2.21612191814116,4.317118281849021e-09,True,True,True,True,True,True,3,3,down,True,True,-1.2540158049322,1.2540158049322,0.935194484433254
P4HA2-AS1_P4HA2-AS1,1.4601967445442,0.0044088888880497,1.15175204096063,0.0220105355516248,0.934371298369665,0.0057425908860883,True,True,True,True,True,True,3,3,up,True,True,1.15175204096063,1.15175204096063,0.934371298369665
ABCE1_ABCE1,-1.47291753450006,4.43432326541582e-12,-0.942256509549302,0.0138471306862144,-0.934219735994875,2.45311957068185e-13,True,True,True,True,True,True,3,3,down,True,True,-0.942256509549302,0.942256509549302,0.934219735994875
SLC24A1_SLC24A1,1.7779623666373,1.7325426299163102e-09,0.934143422130715,0.0381403602440317,1.58946028568077,5.0696374106972e-11,True,True,True,True,True,True,3,3,up,True,True,1.58946028568077,1.58946028568077,0.934143422130715
CDK2AP1_CDK2AP1,-0.98309852650277,9.945094044509259e-11,-0.933726069133835,0.0006383464792507,-1.04883392946364,2.0258678812155e-08,True,True,True,True,True,True,3,3,down,True,True,-0.98309852650277,0.98309852650277,0.933726069133835
C20orf194_C20orf194,0.933230055421752,3.14963453451131e-08,1.19509179825033,0.0465262593734159,1.22240308818548,5.947842117054949e-11,True,True,True,True,True,True,3,3,up,True,True,1.19509179825033,1.19509179825033,0.933230055421752
COX7B_COX7B,-0.932907937868979,1.7643360601416902e-09,-1.13069269211984,0.0320293339882515,-1.26014768891704,1.63850652965695e-10,True,True,True,True,True,True,3,3,down,True,True,-1.13069269211984,1.13069269211984,0.932907937868979
CPSF4_CPSF4,-1.18624593777822,2.13377506199386e-08,-0.930913959970304,0.002299625421606,-1.2528979181583,7.13239539427869e-14,True,True,True,True,True,True,3,3,down,True,True,-1.18624593777822,1.18624593777822,0.930913959970304
PTP4A3_PTP4A3,0.924187047626471,3.21746267815319e-05,1.51782895316751,0.0164182024695675,3.1003656954431,7.78282664485628e-10,True,True,True,True,True,True,3,3,up,True,True,1.51782895316751,1.51782895316751,0.924187047626471
SLC25A29_SLC25A29,1.39790827782327,9.63714607028866e-10,0.922469349930586,0.0340827865824028,0.996543011555923,8.88247709964071e-09,True,True,True,True,True,True,3,3,up,True,True,0.996543011555923,0.996543011555923,0.922469349930586
MTURN_MTURN,0.92244104902008,2.88042751526184e-10,0.947236653728151,0.0029057632774472,1.71389621754624,4.43700394379602e-15,True,True,True,True,True,True,3,3,up,True,True,0.947236653728151,0.947236653728151,0.92244104902008
GOLGB1_GOLGB1,1.01551356454035,9.74164951927268e-08,0.92218265058616,0.0151669185678673,1.53476457574803,2.4915270335763702e-14,True,True,True,True,True,True,3,3,up,True,True,1.01551356454035,1.01551356454035,0.92218265058616
FRAT1_FRAT1,1.57032641180054,1.01685743678186e-06,0.919276895909993,0.0127981132789801,1.73082647689975,9.05530671060191e-05,True,True,True,True,True,True,3,3,up,True,True,1.57032641180054,1.57032641180054,0.919276895909993
FKBP3_FKBP3,-1.38178213896945,7.585785899908599e-13,-0.918932501421902,0.0175396317511489,-0.961346312539671,5.39185096527155e-14,True,True,True,True,True,True,3,3,down,True,True,-0.961346312539671,0.961346312539671,0.918932501421902
GATA2-AS1_GATA2-AS1,2.05115001141553,6.811674125601721e-15,1.0269025871965,0.0012536532522341,0.91812273424288,0.0013641158514448,True,True,True,True,True,True,3,3,up,True,True,1.0269025871965,1.0269025871965,0.91812273424288
COX8A_COX8A,-0.917257164295987,5.07391188358604e-11,-1.17760137044911,0.0466840495789688,-1.22617404967828,3.38711275965119e-10,True,True,True,True,True,True,3,3,down,True,True,-1.17760137044911,1.17760137044911,0.917257164295987
FARSB_FARSB,-2.3039691162955,6.89446596720984e-16,-0.916839727772661,0.0026558251585015,-0.955466795222065,1.90056771226e-13,True,True,True,True,True,True,3,3,down,True,True,-0.955466795222065,0.955466795222065,0.916839727772661
AGBL2_AGBL2,1.51555472346174,0.0026951302934738,3.15138000979971,0.0067719882214224,0.916600467423021,0.0311716715122147,True,True,True,True,True,True,3,3,up,True,True,1.51555472346174,1.51555472346174,0.916600467423021
HNRNPAB_HNRNPAB,-0.916263894836224,5.09029749757626e-11,-0.963937711466633,0.0001369373637974,-1.08879858561946,1.63590356721821e-16,True,True,True,True,True,True,3,3,down,True,True,-0.963937711466633,0.963937711466633,0.916263894836224
TFDP1_TFDP1,-0.937557031556589,5.42388647061322e-12,-0.915692545911732,0.02320407376791,-1.52632123761641,2.54354776772813e-18,True,True,True,True,True,True,3,3,down,True,True,-0.937557031556589,0.937557031556589,0.915692545911732
NRM_NRM,-1.6717011733367,5.42251002020887e-09,-1.11689902084902,0.0434682325054684,-0.914812286763626,2.46013935938924e-08,True,True,True,True,True,True,3,3,down,True,True,-1.11689902084902,1.11689902084902,0.914812286763626
PSMA2_PSMA2,-0.912971541659172,3.83344955575777e-10,-0.930519194206806,0.0243557890742827,-1.32152095990694,5.3814360381957e-09,True,True,True,True,True,True,3,3,down,True,True,-0.930519194206806,0.930519194206806,0.912971541659172
SHMT1_SHMT1,-0.912849554768024,1.3893730733900701e-10,-1.22276188246997,0.0002305569937121,-2.43468370211518,3.32992008851635e-17,True,True,True,True,True,True,3,3,down,True,True,-1.22276188246997,1.22276188246997,0.912849554768024
RAN_RAN,-1.37906032895734,2.10840747071086e-14,-0.911273335489867,0.0006039789104619,-1.014263121664,5.37396085362727e-16,True,True,True,True,True,True,3,3,down,True,True,-1.014263121664,1.014263121664,0.911273335489867
BOP1_BOP1,-1.78492564135664,1.60655974137377e-11,-1.07714184462455,0.020707053276361,-0.907302238172004,1.5131275116179602e-14,True,True,True,True,True,True,3,3,down,True,True,-1.07714184462455,1.07714184462455,0.907302238172004
CENPH_CENPH,-1.47946126890822,1.92662524416232e-10,-0.906422139758365,0.0008691285912634,-1.82130532900962,4.27273872571367e-13,True,True,True,True,True,True,3,3,down,True,True,-1.47946126890822,1.47946126890822,0.906422139758365
CTIF_CTIF,1.08037454406068,2.1309634630132602e-10,1.62559538924033,6.82745100323365e-05,0.905839603653357,4.0105806585558705e-09,True,True,True,True,True,True,3,3,up,True,True,1.08037454406068,1.08037454406068,0.905839603653357
STK38L_STK38L,0.905065552761793,5.55334867982479e-06,1.31627983144385,0.0187882508668343,0.991481807755787,2.01969259577285e-14,True,True,True,True,True,True,3,3,up,True,True,0.991481807755787,0.991481807755787,0.905065552761793
MTHFR_MTHFR,1.4904438335927,9.63714607028866e-10,0.908891024391718,0.001446225137055,0.902974069548397,4.3509220139651496e-11,True,True,True,True,True,True,3,3,up,True,True,0.908891024391718,0.908891024391718,0.902974069548397
CCDC58_CCDC58,-1.21102293717643,1.49227642842037e-08,-0.902891158565695,0.0013991336377348,-0.995707429513548,1.2296551719231e-08,True,True,True,True,True,True,3,3,down,True,True,-0.995707429513548,0.995707429513548,0.902891158565695
LOC81691_LOC81691,-0.901408336639348,0.0015379281945276,-1.27999294888225,9.91541947626613e-05,-2.02063869168324,6.23691628905173e-08,True,True,True,True,True,True,3,3,down,True,True,-1.27999294888225,1.27999294888225,0.901408336639348
CYC1_CYC1,-0.959722247034705,6.466407797227691e-09,-1.10955118427829,0.0278882524645431,-0.899086059033492,8.37188576571419e-14,True,True,True,True,True,True,3,3,down,True,True,-0.959722247034705,0.959722247034705,0.899086059033492
GPI_GPI,-1.50533496453731,3.11312461499973e-13,-0.898667805948981,0.0240056284493049,-1.34304694660027,1.01485088659521e-18,True,True,True,True,True,True,3,3,down,True,True,-1.34304694660027,1.34304694660027,0.898667805948981
HDAC1_HDAC1,-0.89721848424372,1.10433301793413e-11,-0.923237452119592,0.0008980936614785,-1.15045566678476,4.50216682467944e-16,True,True,True,True,True,True,3,3,down,True,True,-0.923237452119592,0.923237452119592,0.89721848424372
NABP1_NABP1,1.16980085692192,9.73427785758012e-09,0.897007018067023,0.0351621518893612,1.09525821626483,3.17218494597221e-12,True,True,True,True,True,True,3,3,up,True,True,1.09525821626483,1.09525821626483,0.897007018067023
CDCA7L_CDCA7L,-1.78798707783082,4.11191481714736e-13,-0.89627056689493,0.0007560499975323,-1.23423852078888,1.88599355514387e-13,True,True,True,True,True,True,3,3,down,True,True,-1.23423852078888,1.23423852078888,0.89627056689493
DOK4_DOK4,1.77475907741703,1.81215508446153e-12,0.896119876918017,0.0023063753233916,1.66534875256729,2.08019792989781e-08,True,True,True,True,True,True,3,3,up,True,True,1.66534875256729,1.66534875256729,0.896119876918017
HLA-E_HLA-E,1.55986404890681,4.92461454061239e-14,0.895879729320691,0.0103899039350673,1.12278088293194,7.31494045343853e-16,True,True,True,True,True,True,3,3,up,True,True,1.12278088293194,1.12278088293194,0.895879729320691
MRPL22_MRPL22,-0.998607058503224,1.10278936309565e-08,-0.895708228172423,0.0348730272114299,-1.00674768001961,1.7855280354473e-08,True,True,True,True,True,True,3,3,down,True,True,-0.998607058503224,0.998607058503224,0.895708228172423
FAM49B_FAM49B,-0.892503363866918,4.2511848876504005e-10,-0.986543919714859,0.0024758435119772,-1.09241374078818,1.00483834094953e-15,True,True,True,True,True,True,3,3,down,True,True,-0.986543919714859,0.986543919714859,0.892503363866918
QSOX1_QSOX1,0.950517809758127,8.9685237971644e-11,0.888731602196122,0.0003841586939427,1.0123047021257,5.01841993770226e-16,True,True,True,True,True,True,3,3,up,True,True,0.950517809758127,0.950517809758127,0.888731602196122
PPIH_PPIH,-1.22242729816381,7.05220526891179e-10,-1.40046379117092,0.0007166161284821,-0.887933188781113,1.28745698382262e-07,True,True,True,True,True,True,3,3,down,True,True,-1.22242729816381,1.22242729816381,0.887933188781113
DEK_DEK,-1.03637196494261,2.9678652285409796e-11,-0.886276808561357,0.0146375000587989,-1.67754757235396,1.33208336278947e-18,True,True,True,True,True,True,3,3,down,True,True,-1.03637196494261,1.03637196494261,0.886276808561357
TONSL_TONSL,-1.46987967179693,1.1601310899404702e-09,-0.886064408073021,0.0183809654843708,-0.996912268658045,1.48618143882253e-13,True,True,True,True,True,True,3,3,down,True,True,-0.996912268658045,0.996912268658045,0.886064408073021
GMNN_GMNN,-2.32135286249612,1.18928602107874e-13,-0.885418689421373,0.0066194162432334,-2.35625916873931,1.76406323173293e-17,True,True,True,True,True,True,3,3,down,True,True,-2.32135286249612,2.32135286249612,0.885418689421373
H19_H19,-0.885228868016012,0.0026273818965467,-2.63647769774502,0.0006629233162703,-1.75829540175705,0.0001397977996607,True,True,True,True,True,True,3,3,down,True,True,-1.75829540175705,1.75829540175705,0.885228868016012
CHST15_CHST15,0.950554455857193,2.6315128112184398e-11,0.8845885581252,0.0196375902581726,1.2867442658066,1.39517586174671e-16,True,True,True,True,True,True,3,3,up,True,True,0.950554455857193,0.950554455857193,0.8845885581252
MIS18A_MIS18A,-0.912295524388135,5.36967728228254e-07,-0.883559494887307,0.0012744203021707,-1.64708039199225,3.7618441315986096e-12,True,True,True,True,True,True,3,3,down,True,True,-0.912295524388135,0.912295524388135,0.883559494887307
NUDCD2_NUDCD2,-0.915787153921773,1.8518694732793402e-09,-1.29259641996904,0.000158675866555,-0.883453368911451,3.79666049333861e-08,True,True,True,True,True,True,3,3,down,True,True,-0.915787153921773,0.915787153921773,0.883453368911451
PCMTD1_PCMTD1,0.881735995089724,1.90448179996354e-07,1.5796086541662,0.002001111917448,0.969860007113549,1.4584608807790798e-11,True,True,True,True,True,True,3,3,up,True,True,0.969860007113549,0.969860007113549,0.881735995089724
LEPROT_LEPROT,1.10426409526385,2.5756849168032e-09,0.88067381936234,0.0064098398286729,1.36855361794795,1.0947060082476001e-16,True,True,True,True,True,True,3,3,up,True,True,1.10426409526385,1.10426409526385,0.88067381936234
LINC00265_LINC00265,1.29840771226493,1.95704059868723e-06,1.01471434493509,0.0018386621053451,0.879845167647423,9.6117592711843e-06,True,True,True,True,True,True,3,3,up,True,True,1.01471434493509,1.01471434493509,0.879845167647423
TMEM45A_TMEM45A,0.879344265615376,0.0004255306986607,1.55989124899595,0.0057729778708934,2.15679112446325,6.04291962347139e-15,True,True,True,True,True,True,3,3,up,True,True,1.55989124899595,1.55989124899595,0.879344265615376
ERBB2_ERBB2,1.56220841702571,4.79490923241961e-14,0.878754999603773,0.0002651576120002,0.936646155893083,1.28852060812556e-13,True,True,True,True,True,True,3,3,up,True,True,0.936646155893083,0.936646155893083,0.878754999603773
NAA15_NAA15,-1.75417252729306,5.0314805010296e-13,-0.878334862979777,0.0223909587367557,-0.947668534382079,2.23046226419426e-12,True,True,True,True,True,True,3,3,down,True,True,-0.947668534382079,0.947668534382079,0.878334862979777
CYCS_CYCS,-1.39760755970548,1.28087959212263e-11,-0.877925375239355,0.0005804893232702,-1.58932150172029,2.80907812213504e-17,True,True,True,True,True,True,3,3,down,True,True,-1.39760755970548,1.39760755970548,0.877925375239355
THBS3_THBS3,1.26336716035472,3.60194185086203e-08,0.877760002339347,0.0016525686364019,1.9370176304162,2.65134935625209e-13,True,True,True,True,True,True,3,3,up,True,True,1.26336716035472,1.26336716035472,0.877760002339347
EEF1E1_EEF1E1,-0.874644252715554,2.78358425557425e-07,-1.03632933392877,0.0002640163399683,-1.47450337694258,8.22265557101152e-13,True,True,True,True,True,True,3,3,down,True,True,-1.03632933392877,1.03632933392877,0.874644252715554
MRPL39_MRPL39,-0.949486944072774,4.84271267542775e-07,-0.873884835720562,0.0272450502253881,-0.939848666894294,6.30170069312786e-07,True,True,True,True,True,True,3,3,down,True,True,-0.939848666894294,0.939848666894294,0.873884835720562
MRTO4_MRTO4,-1.09277876343786,2.2785664019918202e-10,-1.16768248896596,0.0186218442707244,-0.87326563456513,2.28590509515711e-13,True,True,True,True,True,True,3,3,down,True,True,-1.09277876343786,1.09277876343786,0.87326563456513
DBF4B_DBF4B,-1.72017562943257,5.6564526575975305e-09,-0.87318286735127,0.0008291073624638,-1.69516724565028,2.40683199468679e-13,True,True,True,True,True,True,3,3,down,True,True,-1.69516724565028,1.69516724565028,0.87318286735127
P4HA2_P4HA2,1.45275317908316,6.16659578286763e-12,1.29319414789711,2.44746683488935e-05,0.872943369152459,5.4635616958129505e-14,True,True,True,True,True,True,3,3,up,True,True,1.29319414789711,1.29319414789711,0.872943369152459
EPHA10_EPHA10,0.872569011979484,1.28324396022654e-05,1.11608492726188,0.0007821940772926,3.07018712512472,9.87576728315521e-08,True,True,True,True,True,True,3,3,up,True,True,1.11608492726188,1.11608492726188,0.872569011979484
FLVCR2_FLVCR2,1.34714676601416,3.11403829690582e-09,1.5982818145659,2.54822058319045e-05,0.872288144909704,5.15955088301492e-06,True,True,True,True,True,True,3,3,up,True,True,1.34714676601416,1.34714676601416,0.872288144909704
HPRT1_HPRT1,-1.81000109993262,2.22606938087336e-13,-0.871464882267023,0.0008494530780452,-1.61024996572067,2.2765074699969002e-15,True,True,True,True,True,True,3,3,down,True,True,-1.61024996572067,1.61024996572067,0.871464882267023
REPS2_REPS2,1.11169732055907,1.78277078767143e-07,1.56328624552037,0.0025350233872464,0.871409909500128,7.09423983835512e-08,True,True,True,True,True,True,3,3,up,True,True,1.11169732055907,1.11169732055907,0.871409909500128
PLAG1_PLAG1,1.04781748700947,0.0016558909917551,0.870563742703745,0.0400885589927112,1.21315293651473,3.6691030634938996e-11,True,True,True,True,True,True,3,3,up,True,True,1.04781748700947,1.04781748700947,0.870563742703745
SRRT_SRRT,-0.870409393828865,3.3859590483472603e-09,-1.04326990578003,0.0054150334859905,-0.886745351180239,7.61413698610055e-13,True,True,True,True,True,True,3,3,down,True,True,-0.886745351180239,0.886745351180239,0.870409393828865
GSDMB_GSDMB,0.970244537408477,0.0002726756011206,2.40532096641853,0.0175188684718943,0.870248440016186,0.0009265328071882,True,True,True,True,True,True,3,3,up,True,True,0.970244537408477,0.970244537408477,0.870248440016186
TSPAN31_TSPAN31,1.74525154805085,2.30761523424397e-12,1.19973839661954,0.0020134465598139,0.869274812620529,7.15981843664368e-10,True,True,True,True,True,True,3,3,up,True,True,1.19973839661954,1.19973839661954,0.869274812620529
BOLA3_BOLA3,-1.34730096678248,6.85587736649227e-08,-0.86797663563596,0.014801106146396,-1.47814255951237,1.54481024996361e-10,True,True,True,True,True,True,3,3,down,True,True,-1.34730096678248,1.34730096678248,0.86797663563596
TIPIN_TIPIN,-1.84223986328522,1.6623380179048501e-10,-0.8677589960645,0.0050927954844106,-1.76508284021462,2.4412708699926e-12,True,True,True,True,True,True,3,3,down,True,True,-1.76508284021462,1.76508284021462,0.8677589960645
C1orf112_C1orf112,-1.78206073126996,9.888791818139379e-11,-0.867404220641002,0.0012933510846425,-1.78452808080272,3.9762588225650996e-13,True,True,True,True,True,True,3,3,down,True,True,-1.78206073126996,1.78206073126996,0.867404220641002
CLDN23_CLDN23,1.3824447569187,1.37877047303177e-07,1.14630237406357,0.0011178468845552,0.86701559361657,3.27521398625361e-05,True,True,True,True,True,True,3,3,up,True,True,1.14630237406357,1.14630237406357,0.86701559361657
ITGA1_ITGA1,-1.69587649204699,0.0002592283006701,-0.866965836453243,0.0242152260317868,-2.04510605995634,1.65808736160316e-14,True,True,True,True,True,True,3,3,down,True,True,-1.69587649204699,1.69587649204699,0.866965836453243
GSTO1_GSTO1,-0.946957736188757,3.5430899379220505e-09,-0.938413746326499,0.0320293339882515,-0.866816191532865,2.13801797110261e-08,True,True,True,True,True,True,3,3,down,True,True,-0.938413746326499,0.938413746326499,0.866816191532865
PSMG3-AS1_PSMG3-AS1,1.49407133063481,1.35287667846799e-08,0.955435090102815,0.0012673296553225,0.866785224230078,4.385374190884e-08,True,True,True,True,True,True,3,3,up,True,True,0.955435090102815,0.955435090102815,0.866785224230078
TPRA1_TPRA1,1.66485707186036,1.0518199827047e-12,0.865770072524639,0.0344773674972938,2.05128188189184,6.134325066405741e-20,True,True,True,True,True,True,3,3,up,True,True,1.66485707186036,1.66485707186036,0.865770072524639
B4GALNT3_B4GALNT3,1.99786633688065,2.78553288721199e-10,0.864761868908542,0.0052269691860767,2.77889685918458,3.22101513769478e-19,True,True,True,True,True,True,3,3,up,True,True,1.99786633688065,1.99786633688065,0.864761868908542
CHAC2_CHAC2,-2.52290508180348,7.14170181203845e-08,-0.86366545041662,0.0041934570276726,-2.58762399922723,3.17218494597221e-12,True,True,True,True,True,True,3,3,down,True,True,-2.52290508180348,2.52290508180348,0.86366545041662
C5orf45_C5orf45,0.863513480159668,0.0004171034907937,1.26290166892691,0.0328312905931137,1.04107429444955,9.68240355888886e-07,True,True,True,True,True,True,3,3,up,True,True,1.04107429444955,1.04107429444955,0.863513480159668
PPM1K_PPM1K,2.06911267279673,3.99532437232493e-11,2.17382304848461,0.0002182614247846,0.862950135327961,9.48347362789532e-08,True,True,True,True,True,True,3,3,up,True,True,2.06911267279673,2.06911267279673,0.862950135327961
AUNIP_AUNIP,-1.48000710955933,4.29792780454008e-07,-0.86279292256837,0.0039764694646742,-2.51671964029403,1.0627636582814898e-11,True,True,True,True,True,True,3,3,down,True,True,-1.48000710955933,1.48000710955933,0.86279292256837
HNRNPA2B1_HNRNPA2B1,-1.74140427051117,5.08568111743635e-16,-0.862591007319566,0.0227907093280845,-1.34223650176811,3.10459019976916e-18,True,True,True,True,True,True,3,3,down,True,True,-1.34223650176811,1.34223650176811,0.862591007319566
PLXND1_PLXND1,-0.861232376019629,1.18957116408019e-07,-0.899037155116267,0.0004204926132191,-1.5553703645995,1.87160657295685e-14,True,True,True,True,True,True,3,3,down,True,True,-0.899037155116267,0.899037155116267,0.861232376019629
CDCA4_CDCA4,-0.899042582155858,6.72983689453707e-08,-0.85988553323727,0.0003151497006314,-1.00487592533392,4.64215496191002e-14,True,True,True,True,True,True,3,3,down,True,True,-0.899042582155858,0.899042582155858,0.85988553323727
TEX30_TEX30,-1.38225060250565,9.13621399992583e-09,-0.858174605436075,0.0040114968184592,-2.31661122807371,4.40251652641683e-13,True,True,True,True,True,True,3,3,down,True,True,-1.38225060250565,1.38225060250565,0.858174605436075
BZW1_BZW1,-0.914814512019287,9.30643269922962e-07,-1.03977446178098,0.0079291280051407,-0.857503615704569,9.75768857318273e-15,True,True,True,True,True,True,3,3,down,True,True,-0.914814512019287,0.914814512019287,0.857503615704569
ETFA_ETFA,-1.27488109194882,1.59842882213681e-13,-0.856494344321592,0.0005133545043142,-1.16184875624128,3.978971614559299e-12,True,True,True,True,True,True,3,3,down,True,True,-1.16184875624128,1.16184875624128,0.856494344321592
ZFYVE26_ZFYVE26,0.855924804280445,3.16999437855086e-08,1.01187998116597,0.006287036555275,0.973604941389686,1.0590499272968899e-12,True,True,True,True,True,True,3,3,up,True,True,0.973604941389686,0.973604941389686,0.855924804280445
CARD8-AS1_CARD8-AS1,1.512917143626,0.0007117661587251,1.11152550749299,0.0322364284603212,0.854918492713439,0.0014926702239923,True,True,True,True,True,True,3,3,up,True,True,1.11152550749299,1.11152550749299,0.854918492713439
XRCC6_XRCC6,-0.954722079985686,5.40545907466392e-12,-0.985396660215097,0.0068698315703116,-0.854827665576957,9.46267454169002e-14,True,True,True,True,True,True,3,3,down,True,True,-0.954722079985686,0.954722079985686,0.854827665576957
VMAC_VMAC,0.853794731938256,0.0140636593033095,1.42188296537751,0.0115504700308235,1.99285499825595,1.18400220944135e-06,True,True,True,True,True,True,3,3,up,True,True,1.42188296537751,1.42188296537751,0.853794731938256
CHRNA5_CHRNA5,-1.23587788573837,8.37295218917372e-07,-0.853334392633576,0.0027441405671355,-1.21942544898502,3.27393912943747e-10,True,True,True,True,True,True,3,3,down,True,True,-1.21942544898502,1.21942544898502,0.853334392633576
CCDC18_CCDC18,-1.80609327207959,2.8120320557340604e-09,-0.852354823556319,0.0134755094338199,-1.40255176731924,4.2562961716578496e-11,True,True,True,True,True,True,3,3,down,True,True,-1.40255176731924,1.40255176731924,0.852354823556319
WDR77_WDR77,-1.06441650570367,1.6142648776638902e-10,-0.850108168211166,0.0013560406150528,-1.06485762090502,6.19630138743203e-13,True,True,True,True,True,True,3,3,down,True,True,-1.06441650570367,1.06441650570367,0.850108168211166
SRPK1_SRPK1,-1.03790143248381,4.68225845054165e-10,-0.947123664287161,0.0010948161948384,-0.849938377612112,3.7412503409236e-13,True,True,True,True,True,True,3,3,down,True,True,-0.947123664287161,0.947123664287161,0.849938377612112
FANCI_FANCI,-2.02165575769843,6.14460663832263e-16,-0.849561293050631,0.0026395554007489,-2.09492183178109,3.21079091384108e-17,True,True,True,True,True,True,3,3,down,True,True,-2.02165575769843,2.02165575769843,0.849561293050631
LTV1_LTV1,-0.911744272263692,2.1851311969236e-08,-0.848567458360255,0.0006320861363968,-0.90097046148168,5.27753475668351e-09,True,True,True,True,True,True,3,3,down,True,True,-0.90097046148168,0.90097046148168,0.848567458360255
XRCC6BP1_XRCC6BP1,-1.36873759746796,7.74369312809821e-05,-0.84627776930798,0.0483120944418798,-1.01990121415496,1.65627917509191e-05,True,True,True,True,True,True,3,3,down,True,True,-1.01990121415496,1.01990121415496,0.84627776930798
LINC00999_LINC00999,0.893057622271809,0.0004520738642086,0.845249486868627,0.0103076693011914,1.53379893096946,3.19723562605259e-06,True,True,True,True,True,True,3,3,up,True,True,0.893057622271809,0.893057622271809,0.845249486868627
NDUFAB1_NDUFAB1,-0.885059861136307,1.5099963018129e-09,-0.844942795680764,0.0113244910798241,-0.896516518907115,6.67541812669278e-10,True,True,True,True,True,True,3,3,down,True,True,-0.885059861136307,0.885059861136307,0.844942795680764
VGF_VGF,-2.31423090357104,1.18384540852849e-05,-2.07735407432841,0.0025263465941832,-0.84466289834902,4.55330308468571e-05,True,True,True,True,True,True,3,3,down,True,True,-2.07735407432841,2.07735407432841,0.84466289834902
H2AFV_H2AFV,-1.36346280822864,1.03417784717738e-13,-0.844142953371151,0.0011100585034777,-1.23699615566706,4.96408630425983e-15,True,True,True,True,True,True,3,3,down,True,True,-1.23699615566706,1.23699615566706,0.844142953371151
NUDT5_NUDT5,-0.843831536464916,1.6178163967008e-08,-0.94577006868452,0.006287036555275,-1.008605716714,1.15283378258421e-11,True,True,True,True,True,True,3,3,down,True,True,-0.94577006868452,0.94577006868452,0.843831536464916
TRPV3_TRPV3,0.843250367283434,0.0043437394811892,1.22094241427732,0.0098389650804533,2.72784509978958,5.66459759269954e-06,True,True,True,True,True,True,3,3,up,True,True,1.22094241427732,1.22094241427732,0.843250367283434
C22orf23_C22orf23,1.03008106817404,3.68633309860249e-08,0.843116753659778,0.0022782446566062,1.89051517378009,2.5087535723214803e-09,True,True,True,True,True,True,3,3,up,True,True,1.03008106817404,1.03008106817404,0.843116753659778
ANP32A_ANP32A,-1.06493061682308,1.80870084387564e-12,-0.842290382323768,0.0002018722565079,-1.21010151518764,9.42854936960331e-18,True,True,True,True,True,True,3,3,down,True,True,-1.06493061682308,1.06493061682308,0.842290382323768
TUFT1_TUFT1,1.63223543660861,4.8077819868065503e-14,0.842126387911993,0.0266269553523511,2.2971687181725,7.80780701760719e-22,True,True,True,True,True,True,3,3,up,True,True,1.63223543660861,1.63223543660861,0.842126387911993
TMEM106B_TMEM106B,0.841923403450913,2.62717350837191e-06,0.957157387508387,0.0305660798768484,1.69008980892028,4.9397128415951e-17,True,True,True,True,True,True,3,3,up,True,True,0.957157387508387,0.957157387508387,0.841923403450913
PRORSD1P_PRORSD1P,1.08360453922944,0.0083420598713807,1.48944162436276,0.0119481119584294,0.841741696657174,0.0023771526915559,True,True,True,True,True,True,3,3,up,True,True,1.08360453922944,1.08360453922944,0.841741696657174
SNED1_SNED1,2.49978270554894,7.014288692902171e-10,1.09006696036413,0.0221203686936525,0.841652261893971,0.0092839902400643,True,True,True,True,True,True,3,3,up,True,True,1.09006696036413,1.09006696036413,0.841652261893971
ZNF362_ZNF362,1.60459535892872,1.71434006200657e-12,0.841401419070395,0.0022082842883301,1.04250506324614,1.14782544323819e-10,True,True,True,True,True,True,3,3,up,True,True,1.04250506324614,1.04250506324614,0.841401419070395
BAG2_BAG2,-2.75656028126957,3.2159164567531997e-12,-0.84070019881859,0.007372215150497,-1.16355086765202,8.63129517746604e-11,True,True,True,True,True,True,3,3,down,True,True,-1.16355086765202,1.16355086765202,0.84070019881859
SKA2_SKA2,-0.840550748491477,1.72232705460944e-07,-1.16131023450637,0.000229970031023,-1.35411436684002,1.12017579042552e-15,True,True,True,True,True,True,3,3,down,True,True,-1.16131023450637,1.16131023450637,0.840550748491477
FOXE1_FOXE1,1.13492494741206,6.241694567644551e-09,1.26955747050755,0.0386580628515725,0.839258260968952,3.9683558382856605e-09,True,True,True,True,True,True,3,3,up,True,True,1.13492494741206,1.13492494741206,0.839258260968952
APOO_APOO,-0.952696069877583,2.68757218250223e-08,-0.839119310058176,0.0305729591556799,-1.14763134330256,2.91008064992496e-10,True,True,True,True,True,True,3,3,down,True,True,-0.952696069877583,0.952696069877583,0.839119310058176
ACOX3_ACOX3,0.838588657582473,1.59093879353146e-07,0.916834124889356,0.0064506027344144,1.21022239168323,5.99210761590716e-10,True,True,True,True,True,True,3,3,up,True,True,0.916834124889356,0.916834124889356,0.838588657582473
UQCRC1_UQCRC1,-0.864984535719046,2.74129747501247e-10,-0.956288262093077,0.0418981160356646,-0.837616026934581,1.9441292046338e-14,True,True,True,True,True,True,3,3,down,True,True,-0.864984535719046,0.864984535719046,0.837616026934581
DIAPH3_DIAPH3,-1.9466964596381,1.09489023584813e-12,-0.836563353212331,0.0390049825487031,-2.01637751742239,2.15839237422736e-13,True,True,True,True,True,True,3,3,down,True,True,-1.9466964596381,1.9466964596381,0.836563353212331
UCHL3_UCHL3,-0.836231405999867,6.56176449652224e-07,-1.06825819358638,0.0007278956745006,-0.902628471168081,1.0779846578359e-07,True,True,True,True,True,True,3,3,down,True,True,-0.902628471168081,0.902628471168081,0.836231405999867
XXYLT1_XXYLT1,-1.52359609241066,7.30195905590535e-07,-1.17365082025005,0.001277839769948,-0.83609338617955,6.61640512739155e-08,True,True,True,True,True,True,3,3,down,True,True,-1.17365082025005,1.17365082025005,0.83609338617955
ATP5G3_ATP5G3,-0.835718209465855,8.50891624030449e-12,-0.926506815951721,0.0003124496491504,-1.21479597542528,6.8767836643025895e-12,True,True,True,True,True,True,3,3,down,True,True,-0.926506815951721,0.926506815951721,0.835718209465855
HIST2H4A_HIST2H4A,1.29660786486207,0.0017542985963101,0.835386698473132,0.0212729345907769,1.69033908515439,2.27494214948139e-14,True,True,True,True,True,True,3,3,up,True,True,1.29660786486207,1.29660786486207,0.835386698473132
HIST2H4B_HIST2H4B,1.29660786486207,0.0017542985963101,0.835386698473132,0.0212729345907769,1.69033908515439,2.27494214948139e-14,True,True,True,True,True,True,3,3,up,True,True,1.29660786486207,1.29660786486207,0.835386698473132
DONSON_DONSON,-1.46723372606591,2.19272059707537e-08,-0.835350597353917,0.0012543203978474,-2.17730105203985,6.664222264525421e-15,True,True,True,True,True,True,3,3,down,True,True,-1.46723372606591,1.46723372606591,0.835350597353917
CCT6A_CCT6A,-1.55841552604209,1.96455238649509e-15,-0.835061982629437,0.0015563698936603,-0.909764894799814,5.4318625670643e-16,True,True,True,True,True,True,3,3,down,True,True,-0.909764894799814,0.909764894799814,0.835061982629437
LIG1_LIG1,-0.972808462542912,7.34847918925299e-06,-0.83408069863339,0.0082724448478257,-1.38251036911362,8.38909609796158e-15,True,True,True,True,True,True,3,3,down,True,True,-0.972808462542912,0.972808462542912,0.83408069863339
EWSR1_EWSR1,-1.03622950405646,1.88634370949625e-12,-1.08933568641512,2.54263994182616e-05,-0.833084359547589,4.70953686218651e-14,True,True,True,True,True,True,3,3,down,True,True,-1.03622950405646,1.03622950405646,0.833084359547589
SCUBE3_SCUBE3,2.48702675802331,2.85438148214689e-06,3.32684958384918,0.0004864136369723,0.832921874707424,0.008137233202574,True,True,True,True,True,True,3,3,up,True,True,2.48702675802331,2.48702675802331,0.832921874707424
PARPBP_PARPBP,-1.31254584912853,1.48293076286664e-08,-0.83275823257664,0.0036676341884161,-2.2077627968291,5.83045357119488e-12,True,True,True,True,True,True,3,3,down,True,True,-1.31254584912853,1.31254584912853,0.83275823257664
THOP1_THOP1,-1.7228063203947,4.03822923702028e-10,-0.832588214846591,0.0343750908226577,-0.869595669559573,5.33495769787874e-13,True,True,True,True,True,True,3,3,down,True,True,-0.869595669559573,0.869595669559573,0.832588214846591
ZNF627_ZNF627,0.831882256003444,2.37938333689408e-06,0.986397094865721,0.0062989668163933,1.00398395542994,5.44434658652436e-09,True,True,True,True,True,True,3,3,up,True,True,0.986397094865721,0.986397094865721,0.831882256003444
PPM1G_PPM1G,-0.938835553475105,1.1478107226767498e-11,-1.05448196368321,0.0127787029324608,-0.831619355417184,7.92961601752245e-15,True,True,True,True,True,True,3,3,down,True,True,-0.938835553475105,0.938835553475105,0.831619355417184
TRA2B_TRA2B,-1.25905402977993,3.18977725967165e-13,-0.831349628181637,0.0014934568447307,-1.05978767924889,1.15447846240032e-14,True,True,True,True,True,True,3,3,down,True,True,-1.05978767924889,1.05978767924889,0.831349628181637
GK_GK,-1.33798273754857,8.60959133036904e-07,-0.831286347818649,0.0364912763242428,-1.30418575044526,5.37178320948565e-05,True,True,True,True,True,True,3,3,down,True,True,-1.30418575044526,1.30418575044526,0.831286347818649
TMEM80_TMEM80,0.945882133815204,7.40539842160382e-07,1.24869335169251,0.0053809284116543,0.831256104940417,2.47674499032492e-05,True,True,True,True,True,True,3,3,up,True,True,0.945882133815204,0.945882133815204,0.831256104940417
CKAP2L_CKAP2L,-2.61997148048595,9.84227457280549e-15,-0.83019694033281,0.017311033148594,-3.56835743153779,9.420341986889441e-20,True,True,True,True,True,True,3,3,down,True,True,-2.61997148048595,2.61997148048595,0.83019694033281
EZH1_EZH1,0.829806308907937,7.55810802400036e-08,1.20825815761327,0.000535404526541,0.860453849763958,8.12482787288462e-09,True,True,True,True,True,True,3,3,up,True,True,0.860453849763958,0.860453849763958,0.829806308907937
HS3ST1_HS3ST1,-0.829755153484758,0.0030127824331203,-1.80167629690137,5.69903647167982e-06,-1.75138733827311,1.7752229940481201e-15,True,True,True,True,True,True,3,3,down,True,True,-1.75138733827311,1.75138733827311,0.829755153484758
C20orf27_C20orf27,-0.829374054867512,1.88298907457755e-07,-1.34021943351557,0.0113781682761886,-1.00816102165781,1.5796216003318299e-12,True,True,True,True,True,True,3,3,down,True,True,-1.00816102165781,1.00816102165781,0.829374054867512
TIMM10_TIMM10,-0.829312718983246,1.24515891179954e-06,-1.08305870762457,0.0308416825465677,-0.971842288514005,2.28889419123444e-07,True,True,True,True,True,True,3,3,down,True,True,-0.971842288514005,0.971842288514005,0.829312718983246
ZDHHC9_ZDHHC9,0.834515687626161,3.52759942182111e-07,0.82842724675453,0.0001802914620316,0.903365518272124,2.61285372743592e-13,True,True,True,True,True,True,3,3,up,True,True,0.834515687626161,0.834515687626161,0.82842724675453
PAQR4_PAQR4,-1.56354976626228,2.2322541786493101e-10,-0.82740328958344,0.0311071030206519,-1.4839840087791,6.48087148947324e-13,True,True,True,True,True,True,3,3,down,True,True,-1.4839840087791,1.4839840087791,0.82740328958344
FOPNL_FOPNL,-0.897869913431074,1.26488683777487e-08,-0.954666795819482,0.0014136166673396,-0.826251074322094,2.2997826073399e-11,True,True,True,True,True,True,3,3,down,True,True,-0.897869913431074,0.897869913431074,0.826251074322094
PCNA_PCNA,-1.68825463903766,4.69630605220116e-14,-0.825723460686303,0.0013150280311412,-2.28519985751184,3.38515152176833e-21,True,True,True,True,True,True,3,3,down,True,True,-1.68825463903766,1.68825463903766,0.825723460686303
NAA50_NAA50,-0.824550717133795,1.00887443128093e-09,-0.839056396506695,0.0407093364846457,-1.2761801418224,2.1138480484383098e-18,True,True,True,True,True,True,3,3,down,True,True,-0.839056396506695,0.839056396506695,0.824550717133795
EIF2B3_EIF2B3,-1.34387085120504,5.61928165590987e-10,-0.823969249505821,0.0328900965482969,-1.20548134307396,1.61528028583837e-12,True,True,True,True,True,True,3,3,down,True,True,-1.20548134307396,1.20548134307396,0.823969249505821
ARSD_ARSD,1.80147201787629,8.463302125326e-15,0.822690331015902,0.0073273456983099,1.78157952642725,7.36878687106808e-18,True,True,True,True,True,True,3,3,up,True,True,1.78157952642725,1.78157952642725,0.822690331015902
LENG8_LENG8,0.820330657528119,5.50844205681021e-06,0.883620671781093,0.039944899071056,0.870977585918864,3.46263586313843e-12,True,True,True,True,True,True,3,3,up,True,True,0.870977585918864,0.870977585918864,0.820330657528119
IDH3A_IDH3A,-0.884724038293665,3.86486330998758e-10,-0.90609243585004,0.0002805303693072,-0.820259935970785,1.191683757371e-10,True,True,True,True,True,True,3,3,down,True,True,-0.884724038293665,0.884724038293665,0.820259935970785
ATP5B_ATP5B,-0.837697491571754,3.55939494662239e-12,-0.839915201767695,0.018796658855118,-0.819973466529699,2.67325091510828e-14,True,True,True,True,True,True,3,3,down,True,True,-0.837697491571754,0.837697491571754,0.819973466529699
MLKL_MLKL,-1.62309169140842,9.31728460023116e-09,-1.58912477771625,0.0011609706081856,-0.819806150891147,2.32631578145332e-08,True,True,True,True,True,True,3,3,down,True,True,-1.58912477771625,1.58912477771625,0.819806150891147
LOC554206_LOC554206,0.989143958762562,0.0253048057987009,1.97521805344092,0.0149617378885216,0.818761285115177,0.0178963496958216,True,True,True,True,True,True,3,3,up,True,True,0.989143958762562,0.989143958762562,0.818761285115177
SDHB_SDHB,-1.10848880950295,3.6539544901181695e-11,-0.820152755354691,0.017953782266892,-0.817648198967166,7.254714124237259e-12,True,True,True,True,True,True,3,3,down,True,True,-0.820152755354691,0.820152755354691,0.817648198967166
TRAM1_TRAM1,1.15720532651557,1.34087326606559e-09,0.970946045590834,0.004363783210302,0.817334318295294,7.15167971875276e-13,True,True,True,True,True,True,3,3,up,True,True,0.970946045590834,0.970946045590834,0.817334318295294
BMP2_BMP2,1.39554062278287,0.0053031890844908,1.06487084249028,0.0039422748012367,0.817129216722194,1.5095172598872e-11,True,True,True,True,True,True,3,3,up,True,True,1.06487084249028,1.06487084249028,0.817129216722194
COA6_COA6,-1.05880468806322,7.971394182250041e-09,-0.816833989165211,0.0027162094258971,-1.23205338244599,3.7317476872259e-08,True,True,True,True,True,True,3,3,down,True,True,-1.05880468806322,1.05880468806322,0.816833989165211
UBA6-AS1_UBA6-AS1,0.964624260426465,1.77414839947882e-05,0.816689004817573,0.0279224674336018,1.08808181901323,8.01990811547358e-09,True,True,True,True,True,True,3,3,up,True,True,0.964624260426465,0.964624260426465,0.816689004817573
H6PD_H6PD,1.22209576044903,7.510057298158739e-12,0.815589450955624,0.0003841586939427,2.27848721513711,1.95533477112826e-20,True,True,True,True,True,True,3,3,up,True,True,1.22209576044903,1.22209576044903,0.815589450955624
POC1A_POC1A,-1.73562757840648,1.3520049971877e-10,-0.814268621807226,0.0320700040508983,-2.52793536753699,7.51380659175723e-13,True,True,True,True,True,True,3,3,down,True,True,-1.73562757840648,1.73562757840648,0.814268621807226
UBE2Q2_UBE2Q2,1.24686047204101,3.3290934348879102e-09,0.814155049030521,0.0253761423488427,1.01240427533109,2.81451541389224e-10,True,True,True,True,True,True,3,3,up,True,True,1.01240427533109,1.01240427533109,0.814155049030521
PLEKHA1_PLEKHA1,1.19827386406513,7.33041516229259e-12,0.813211876716367,0.0475300022502672,0.962245481096268,2.22381216511375e-09,True,True,True,True,True,True,3,3,up,True,True,0.962245481096268,0.962245481096268,0.813211876716367
MINOS1_MINOS1,-0.812787239012326,3.10134525250997e-08,-1.15479263138166,0.0118796129126159,-1.41925638294139,7.986296898381371e-09,True,True,True,True,True,True,3,3,down,True,True,-1.15479263138166,1.15479263138166,0.812787239012326
MIR22HG_MIR22HG,1.66752961369481,7.465671552720319e-11,0.812718367860346,0.030244505459079,2.10731624639012,4.23289111045851e-12,True,True,True,True,True,True,3,3,up,True,True,1.66752961369481,1.66752961369481,0.812718367860346
PRR7_PRR7,-2.24246939776913,5.7324432892826e-07,-1.45021424575345,0.0076579543687556,-0.81255602005234,5.59559062761441e-07,True,True,True,True,True,True,3,3,down,True,True,-1.45021424575345,1.45021424575345,0.81255602005234
PPAP2A_PPAP2A,1.35286005582656,4.72366780986877e-11,1.11898555167716,0.0012083346029448,0.812283302369968,3.29604204593074e-05,True,True,True,True,True,True,3,3,up,True,True,1.11898555167716,1.11898555167716,0.812283302369968
IGIP_IGIP,1.47481398213301,1.14020038286598e-06,0.81183004784898,0.0268333974186414,0.908397882297505,0.0001067236782714,True,True,True,True,True,True,3,3,up,True,True,0.908397882297505,0.908397882297505,0.81183004784898
EMC8_EMC8,-0.883293625351621,3.777897390781421e-09,-0.811045307163063,0.0053349302164738,-1.1274370329195,1.16778453181143e-12,True,True,True,True,True,True,3,3,down,True,True,-0.883293625351621,0.883293625351621,0.811045307163063
SAAL1_SAAL1,-2.24410306216541,2.31652176358605e-13,-0.810497598811776,0.0076888732412074,-1.13023142282317,2.4728199848711203e-09,True,True,True,True,True,True,3,3,down,True,True,-1.13023142282317,1.13023142282317,0.810497598811776
C1QBP_C1QBP,-1.27801682501079,1.84802859266055e-13,-1.18973195568257,0.0015563698936603,-0.809208304306466,3.2242742427873796e-12,True,True,True,True,True,True,3,3,down,True,True,-1.18973195568257,1.18973195568257,0.809208304306466
RAB40A_RAB40A,2.23463080631457,0.0001957994200862,0.808628650247853,0.0317618867161179,1.17942380938419,0.0160437643788767,True,True,True,True,True,True,3,3,up,True,True,1.17942380938419,1.17942380938419,0.808628650247853
AP5Z1_AP5Z1,0.977873865088445,3.2826533982979604e-09,0.808247491054192,0.0295559397230979,1.23644460841139,4.19705948856078e-12,True,True,True,True,True,True,3,3,up,True,True,0.977873865088445,0.977873865088445,0.808247491054192
ACACA_ACACA,-1.14334152588021,8.99592812461161e-13,-0.819669464271263,0.0214843584152447,-0.808195145178626,1.95792073063951e-10,True,True,True,True,True,True,3,3,down,True,True,-0.819669464271263,0.819669464271263,0.808195145178626
CLSTN3_CLSTN3,0.807928491491315,3.73952068930204e-08,0.976191242931667,0.0070655385253029,0.831452727638977,9.232294613168069e-12,True,True,True,True,True,True,3,3,up,True,True,0.831452727638977,0.831452727638977,0.807928491491315
NKX3-1_NKX3-1,0.991043671625515,1.8148134034023e-07,0.807776385008306,0.0146306078985856,0.808096456062569,6.281580175912e-09,True,True,True,True,True,True,3,3,up,True,True,0.808096456062569,0.808096456062569,0.807776385008306
FANCG_FANCG,-1.03566402800886,8.89225983604008e-09,-0.807665780404832,0.0040210673894501,-1.38517086167541,4.4979625664039904e-14,True,True,True,True,True,True,3,3,down,True,True,-1.03566402800886,1.03566402800886,0.807665780404832
TMEM136_TMEM136,0.80617897391449,0.0002462405973994,1.51444308187039,0.0016586131817264,1.58447058585197,0.0012661188004331,True,True,True,True,True,True,3,3,up,True,True,1.51444308187039,1.51444308187039,0.80617897391449
FAM210B_FAM210B,1.31003339056228,6.41676487580883e-10,0.804656351508022,0.0010063541063031,1.12308408340032,7.823764479192999e-13,True,True,True,True,True,True,3,3,up,True,True,1.12308408340032,1.12308408340032,0.804656351508022
UBE2H_UBE2H,0.951017126038422,3.53424488695713e-10,1.19631931416888,0.0077544971987755,0.802631446781021,2.11699640355245e-12,True,True,True,True,True,True,3,3,up,True,True,0.951017126038422,0.951017126038422,0.802631446781021
LZTS3_LZTS3,0.802584236966284,0.0001725344294457,2.01946982536984,0.0001914387934239,1.9215504197829,5.60694630259477e-10,True,True,True,True,True,True,3,3,up,True,True,1.9215504197829,1.9215504197829,0.802584236966284
TEKT4P2_TEKT4P2,0.85640326103622,3.12988430860716e-06,0.802347846704702,0.0278651921023375,0.841661875910487,3.816352301763e-10,True,True,True,True,True,True,3,3,up,True,True,0.841661875910487,0.841661875910487,0.802347846704702
TLR1_TLR1,0.802019065205244,0.0003630822933192,1.56777237618307,0.023581169658199,1.80011276200003,0.0010964209797878,True,True,True,True,True,True,3,3,up,True,True,1.56777237618307,1.56777237618307,0.802019065205244
MZT2A_MZT2A,-1.46919822571344,3.81287756476329e-08,-1.93172894155493,0.0032153830183787,-0.80089170708329,5.18681996130784e-08,True,True,True,True,True,True,3,3,down,True,True,-1.46919822571344,1.46919822571344,0.80089170708329
JDP2_JDP2,1.24683659752331,1.3057257612807599e-11,0.800764800607665,0.0055382661851718,1.75052054171986,6.2780238831839e-13,True,True,True,True,True,True,3,3,up,True,True,1.24683659752331,1.24683659752331,0.800764800607665
GCSH_GCSH,-0.853445148216362,9.818064987941089e-11,-0.993572871813953,0.0014607642179373,-0.800738367330452,2.1462111742775196e-11,True,True,True,True,True,True,3,3,down,True,True,-0.853445148216362,0.853445148216362,0.800738367330452
STEAP2_STEAP2,-2.11325357627454,8.28470147227516e-08,-0.800581772867538,0.0055815955147037,-1.7628030294372,3.1979757140413504e-14,True,True,True,True,True,True,3,3,down,True,True,-1.7628030294372,1.7628030294372,0.800581772867538
CCK_CCK,-1.53857510751302,0.0170287899219049,-2.16015807243162,0.0104044005918896,-0.800428427452053,0.0368770242703073,True,True,True,True,True,True,3,3,down,True,True,-1.53857510751302,1.53857510751302,0.800428427452053
PPP1R15A_PPP1R15A,1.01009361467117,5.85528220269225e-11,0.800087785476156,0.0024647619376421,2.33919234457038,3.35369459077366e-19,True,True,True,True,True,True,3,3,up,True,True,1.01009361467117,1.01009361467117,0.800087785476156
UCHL5_UCHL5,-0.845449142139615,6.87909450214759e-09,-0.800016141551305,0.0037214639388448,-0.959277532843249,4.66879053456512e-14,True,True,True,True,True,True,3,3,down,True,True,-0.845449142139615,0.845449142139615,0.800016141551305
DUT_DUT,-1.24476706749013,2.30761523424397e-12,-0.799334045024475,0.0013150280311412,-1.44380715084195,1.3909493392109398e-11,True,True,True,True,True,True,3,3,down,True,True,-1.24476706749013,1.24476706749013,0.799334045024475
FADS1_FADS1,-1.72620584681157,5.4493449788692304e-15,-1.11445663189369,0.0003106120383318,-0.798786140366674,5.09799124627721e-13,True,True,True,True,True,True,3,3,down,True,True,-1.11445663189369,1.11445663189369,0.798786140366674
SP6_SP6,1.96752800527114,6.10801975298193e-14,0.798466867238699,0.0145187025376655,1.35304544206395,0.0267167085641498,True,True,True,True,True,True,3,3,up,True,True,1.35304544206395,1.35304544206395,0.798466867238699
ALS2CL_ALS2CL,0.909013155891806,6.91172122739885e-08,0.798033014634163,0.0054714943914768,2.32590037104487,2.85562495977932e-13,True,True,True,True,True,True,3,3,up,True,True,0.909013155891806,0.909013155891806,0.798033014634163
PLCH2_PLCH2,2.31094884780851,5.46446558575767e-06,0.798030929715577,0.0122593042265165,4.91011871022657,2.32813207638156e-06,True,True,True,True,True,True,3,3,up,True,True,2.31094884780851,2.31094884780851,0.798030929715577
TOMM5_TOMM5,-0.797957518717705,5.51823527877935e-08,-1.1349308370148,0.0021433368414606,-1.05647405193715,1.6278869491341397e-11,True,True,True,True,True,True,3,3,down,True,True,-1.05647405193715,1.05647405193715,0.797957518717705
PEG10_PEG10,-2.34412660720152,7.005564377915621e-17,-0.797627258518517,0.0465801057825828,-1.28531003499566,1.5247252017788e-08,True,True,True,True,True,True,3,3,down,True,True,-1.28531003499566,1.28531003499566,0.797627258518517
CHAF1B_CHAF1B,-1.74776385601284,1.8163477307982101e-09,-0.79761508064279,0.0341601865553881,-1.72532650870624,4.25286253956919e-13,True,True,True,True,True,True,3,3,down,True,True,-1.72532650870624,1.72532650870624,0.79761508064279
ATP5F1_ATP5F1,-0.797446617677583,2.5702976074074203e-09,-0.857006726338644,0.001567462078599,-0.919601542831932,1.39967904723498e-13,True,True,True,True,True,True,3,3,down,True,True,-0.857006726338644,0.857006726338644,0.797446617677583
NCKAP5L_NCKAP5L,0.811703246674074,1.85275162453472e-07,0.796106583651926,0.0084927824375573,0.841987942317724,2.7329425617660903e-10,True,True,True,True,True,True,3,3,up,True,True,0.811703246674074,0.811703246674074,0.796106583651926
SPDL1_SPDL1,-2.19240416721167,3.55942243761202e-14,-0.794795769157861,0.023581169658199,-1.51609033782547,5.6674111588761204e-14,True,True,True,True,True,True,3,3,down,True,True,-1.51609033782547,1.51609033782547,0.794795769157861
LOC100505549_LOC100505549,1.34806999604638,0.0346401020684794,1.31573907656749,0.0445293466852405,0.794370330152595,0.0037994810439723,True,True,True,True,True,True,3,3,up,True,True,1.31573907656749,1.31573907656749,0.794370330152595
PLXNA3_PLXNA3,0.793363570116311,2.30165097718355e-09,1.19171472899025,0.0001927344097388,1.91698330374696,1.29882170764509e-20,True,True,True,True,True,True,3,3,up,True,True,1.19171472899025,1.19171472899025,0.793363570116311
CTNNAL1_CTNNAL1,-2.99759444511067,3.6101514406664e-17,-0.792615165139484,0.0014136166673396,-0.880286247370929,2.35053603606613e-12,True,True,True,True,True,True,3,3,down,True,True,-0.880286247370929,0.880286247370929,0.792615165139484
RECQL4_RECQL4,-1.20503312772045,4.03921116162695e-07,-0.792139742233427,0.040004183221655,-1.74272196013282,7.49855671582423e-18,True,True,True,True,True,True,3,3,down,True,True,-1.20503312772045,1.20503312772045,0.792139742233427
CELSR3_CELSR3,0.791653470974713,0.0001151453397013,1.48475091788651,0.0030062157397336,0.887101444142215,9.85793053835068e-11,True,True,True,True,True,True,3,3,up,True,True,0.887101444142215,0.887101444142215,0.791653470974713
IRX3_IRX3,-1.77996094304746,1.13215294633563e-08,-0.790758601081148,0.0045543041286366,-1.58026039483025,1.64635072775728e-10,True,True,True,True,True,True,3,3,down,True,True,-1.58026039483025,1.58026039483025,0.790758601081148
KCTD6_KCTD6,-1.71100191502457,1.70385974773622e-06,-0.790056655443394,0.0035661122254612,-1.17830037935325,2.66277434078768e-09,True,True,True,True,True,True,3,3,down,True,True,-1.17830037935325,1.17830037935325,0.790056655443394
PSMD1_PSMD1,-1.00836141736527,1.00842030829082e-10,-0.789998831207407,0.0005315145882105,-0.851497537362291,9.39512841696008e-13,True,True,True,True,True,True,3,3,down,True,True,-0.851497537362291,0.851497537362291,0.789998831207407
CENPL_CENPL,-1.00789466576832,1.7364891905274e-06,-0.789581962829104,0.0151192891726244,-1.64594345549568,3.72409641148672e-12,True,True,True,True,True,True,3,3,down,True,True,-1.00789466576832,1.00789466576832,0.789581962829104
PPP1CC_PPP1CC,-1.0127983297925,5.3282297482325195e-12,-0.844002196534937,0.001422213426939,-0.788514025366631,1.83139123416281e-12,True,True,True,True,True,True,3,3,down,True,True,-0.844002196534937,0.844002196534937,0.788514025366631
ENPP5_ENPP5,2.94847335000206,4.15225432373314e-12,1.11533148463499,0.0023236390849415,0.788227228672339,1.11196716192966e-06,True,True,True,True,True,True,3,3,up,True,True,1.11533148463499,1.11533148463499,0.788227228672339
DDX39B_DDX39B,-1.49002227713161,7.73772958128867e-13,-0.912706716498853,0.0131681871791972,-0.787621950381205,2.96723242771622e-13,True,True,True,True,True,True,3,3,down,True,True,-0.912706716498853,0.912706716498853,0.787621950381205
PLEKHM1_PLEKHM1,0.787829074014592,1.09903557218579e-08,0.787565464280382,0.0015602251191764,0.814550979287154,1.39391714266374e-10,True,True,True,True,True,True,3,3,up,True,True,0.787829074014592,0.787829074014592,0.787565464280382
FRG1B_FRG1B,0.787341702372734,2.53702190117567e-05,1.24211376792474,0.0012640699606505,0.867754930797792,7.57500357405369e-05,True,True,True,True,True,True,3,3,up,True,True,0.867754930797792,0.867754930797792,0.787341702372734
OSBPL7_OSBPL7,0.920140886514238,1.00614518439534e-08,0.786958750265986,0.0128000123884683,1.19174373059276,1.9222079487351098e-12,True,True,True,True,True,True,3,3,up,True,True,0.920140886514238,0.920140886514238,0.786958750265986
CUL7_CUL7,1.5592949484797,1.7457869329922799e-12,0.786876040619925,0.0009842643638241,1.83664951860973,5.31963078265998e-18,True,True,True,True,True,True,3,3,up,True,True,1.5592949484797,1.5592949484797,0.786876040619925
ZNF862_ZNF862,0.786441184837043,1.54417194680647e-06,1.99625924847373,5.69301316854462e-05,2.30890408407573,9.97308329358156e-14,True,True,True,True,True,True,3,3,up,True,True,1.99625924847373,1.99625924847373,0.786441184837043
EXOSC9_EXOSC9,-1.10511496317667,1.3902212512919202e-09,-0.786261100284492,0.0178817603702007,-1.57105688221828,6.538265122639911e-14,True,True,True,True,True,True,3,3,down,True,True,-1.10511496317667,1.10511496317667,0.786261100284492
NIPAL3_NIPAL3,1.12991667088512,5.50047360259445e-10,0.866548813233533,0.0027162094258971,0.785832476576491,8.644610019280879e-11,True,True,True,True,True,True,3,3,up,True,True,0.866548813233533,0.866548813233533,0.785832476576491
PRDX3_PRDX3,-0.982182990058781,1.81062359763611e-10,-0.785832274342729,0.0019319515323286,-1.23520571203429,4.29202047644885e-15,True,True,True,True,True,True,3,3,down,True,True,-0.982182990058781,0.982182990058781,0.785832274342729
CLIP4_CLIP4,1.63850616165822,7.37948581596724e-12,1.32471624661614,0.0036648986743911,0.784019876963193,6.52615843686349e-09,True,True,True,True,True,True,3,3,up,True,True,1.32471624661614,1.32471624661614,0.784019876963193
POC1B_POC1B,-0.831396314596716,1.90548632435033e-07,-1.30117688793803,0.0083590142289351,-0.783956691930509,2.09862622256517e-07,True,True,True,True,True,True,3,3,down,True,True,-0.831396314596716,0.831396314596716,0.783956691930509
NRIP2_NRIP2,0.782441776064561,0.0031270783694881,1.20745541940675,0.0246454448097703,0.9967520982909,0.023445017745295,True,True,True,True,True,True,3,3,up,True,True,0.9967520982909,0.9967520982909,0.782441776064561
HMCES_HMCES,-0.913037561230954,3.47778566973011e-09,-0.781588392155888,0.002772930612934,-0.908973112665567,8.51238708912913e-11,True,True,True,True,True,True,3,3,down,True,True,-0.908973112665567,0.908973112665567,0.781588392155888
RWDD2A_RWDD2A,2.12866193385691,8.08262282206698e-08,0.877644899669267,0.0098531357255679,0.781552701685825,0.0065542983025472,True,True,True,True,True,True,3,3,up,True,True,0.877644899669267,0.877644899669267,0.781552701685825
SWT1_SWT1,0.781044247218671,0.0012408005634024,1.08079704798251,0.0105927577774404,1.22667702398424,4.89671045639324e-06,True,True,True,True,True,True,3,3,up,True,True,1.08079704798251,1.08079704798251,0.781044247218671
HEMK1_HEMK1,0.780947073160013,2.89554282374736e-06,0.865496953839732,0.0012038571417656,1.20517047338639,8.764809369219299e-12,True,True,True,True,True,True,3,3,up,True,True,0.865496953839732,0.865496953839732,0.780947073160013
TFAM_TFAM,-1.20309667988135,4.72366780986877e-11,-0.978199746592154,0.0312835800778406,-0.780769750643868,5.083151369485219e-12,True,True,True,True,True,True,3,3,down,True,True,-0.978199746592154,0.978199746592154,0.780769750643868
GJB2_GJB2,-1.22093836864113,3.3542800905443e-08,-0.780604228548685,0.0056211091137534,-0.915084986491991,2.56511158197633e-05,True,True,True,True,True,True,3,3,down,True,True,-0.915084986491991,0.915084986491991,0.780604228548685
PSMB2_PSMB2,-0.780180902815569,2.96463846185629e-10,-0.81754363416842,0.0086375427324688,-0.835354105603471,2.0041506462162898e-12,True,True,True,True,True,True,3,3,down,True,True,-0.81754363416842,0.81754363416842,0.780180902815569
TXNIP_TXNIP,1.03931594711961,7.01168802732889e-10,0.779379993828126,0.0313359051916727,4.07638000049692,3.14993881308925e-24,True,True,True,True,True,True,3,3,up,True,True,1.03931594711961,1.03931594711961,0.779379993828126
CRY2_CRY2,1.61608404691524,3.8096755550515004e-10,0.779015213128066,0.003269594983352,1.01442450886165,4.288805018855121e-09,True,True,True,True,True,True,3,3,up,True,True,1.01442450886165,1.01442450886165,0.779015213128066
HNRNPL_HNRNPL,-0.850739891474507,1.04977997703926e-10,-0.778476367099199,0.0005804893232702,-1.02661548129095,3.3212093479471097e-16,True,True,True,True,True,True,3,3,down,True,True,-0.850739891474507,0.850739891474507,0.778476367099199
ACAT1_ACAT1,-2.08554931775191,7.12352272171743e-12,-1.13450533060194,0.0009018002967703,-0.778246809288744,1.7411032871963702e-10,True,True,True,True,True,True,3,3,down,True,True,-1.13450533060194,1.13450533060194,0.778246809288744
CKAP5_CKAP5,-1.49717505419558,1.54827436353103e-13,-0.775747124862745,0.0247707597494777,-0.968363943102808,1.6162490344595501e-10,True,True,True,True,True,True,3,3,down,True,True,-0.968363943102808,0.968363943102808,0.775747124862745
FAM83A_FAM83A,-1.93133971310209,5.937181566043049e-11,-0.775206558840162,0.0004025382816993,-1.06763377422033,8.47792783070822e-15,True,True,True,True,True,True,3,3,down,True,True,-1.06763377422033,1.06763377422033,0.775206558840162
CPEB4_CPEB4,0.774757824558647,7.48389672482036e-06,2.18751036058131,0.0269250718248729,2.13838327311192,1.30512206039885e-07,True,True,True,True,True,True,3,3,up,True,True,2.13838327311192,2.13838327311192,0.774757824558647
GEMIN4_GEMIN4,-0.859974654911119,2.13115499583395e-08,-0.822144742906692,0.0006920295757753,-0.774650864969952,8.18489384845055e-11,True,True,True,True,True,True,3,3,down,True,True,-0.822144742906692,0.822144742906692,0.774650864969952
CFL2_CFL2,-0.773639260139164,3.91708773958185e-05,-0.907290013110384,0.0003230671008058,-1.19343920095744,9.284777548545e-15,True,True,True,True,True,True,3,3,down,True,True,-0.907290013110384,0.907290013110384,0.773639260139164
S1PR2_S1PR2,0.773621834206832,3.47850301876481e-05,1.50278266836564,0.000540512336482,1.16175351629017,3.943239369415e-07,True,True,True,True,True,True,3,3,up,True,True,1.16175351629017,1.16175351629017,0.773621834206832
TMEM159_TMEM159,1.27731214274303,2.6009051564143198e-11,0.772615969365616,0.0014410656068935,0.840352884818416,1.19889728659427e-07,True,True,True,True,True,True,3,3,up,True,True,0.840352884818416,0.840352884818416,0.772615969365616
FBXL16_FBXL16,0.847351131706946,2.79263285747293e-06,0.771926619392436,0.00128212313842,0.941950642542172,3.99713772053111e-08,True,True,True,True,True,True,3,3,up,True,True,0.847351131706946,0.847351131706946,0.771926619392436
CFLAR_CFLAR,0.771454851105185,5.79839749044411e-08,1.81629926582789,3.55488559010151e-05,2.10061274423583,2.5357458982916902e-21,True,True,True,True,True,True,3,3,up,True,True,1.81629926582789,1.81629926582789,0.771454851105185
TPCN1_TPCN1,1.40528290601932,5.17991305261973e-13,0.771070062354387,0.0002602975447856,1.3086874236182,5.34908632138041e-18,True,True,True,True,True,True,3,3,up,True,True,1.3086874236182,1.3086874236182,0.771070062354387
ZNF33A_ZNF33A,0.835306809281703,4.92179574461367e-07,0.770845771250232,0.0271549391809073,1.09968292983561,1.0989510729824198e-11,True,True,True,True,True,True,3,3,up,True,True,0.835306809281703,0.835306809281703,0.770845771250232
ZBTB47_ZBTB47,2.89940153098254,4.03640870019685e-07,0.906903066202833,0.0055223439535047,0.769348093854692,0.0028862031226957,True,True,True,True,True,True,3,3,up,True,True,0.906903066202833,0.906903066202833,0.769348093854692
ITGB1BP1_ITGB1BP1,-0.955484576652453,4.33751558789237e-08,-0.769015852433707,0.0161142970096252,-0.775948797248002,1.57938659487411e-07,True,True,True,True,True,True,3,3,down,True,True,-0.775948797248002,0.775948797248002,0.769015852433707
MMACHC_MMACHC,-0.768632629628151,0.0005172021916059,-0.771202032728772,0.0048946899558246,-0.823194695579593,3.42115244100998e-07,True,True,True,True,True,True,3,3,down,True,True,-0.771202032728772,0.771202032728772,0.768632629628151
PDXDC2P_PDXDC2P,1.14858169291802,2.52875336758269e-08,0.786139851196602,0.0105927577774404,0.768507395615637,1.11097037994888e-06,True,True,True,True,True,True,3,3,up,True,True,0.786139851196602,0.786139851196602,0.768507395615637
GPR157_GPR157,0.768275879913852,0.008741370926263,1.31667873743611,0.0200755976657413,2.09282338857547,4.07120928646526e-10,True,True,True,True,True,True,3,3,up,True,True,1.31667873743611,1.31667873743611,0.768275879913852
EMG1_EMG1,-0.768202459055897,6.225758604005781e-09,-0.945634854734257,0.0262992866335004,-0.831719164315822,7.17203251754699e-10,True,True,True,True,True,True,3,3,down,True,True,-0.831719164315822,0.831719164315822,0.768202459055897
NDUFAF2_NDUFAF2,-1.96162356350347,1.65362311241147e-09,-1.2051271684458,0.005898234330788,-0.768197677879486,5.60766350396704e-06,True,True,True,True,True,True,3,3,down,True,True,-1.2051271684458,1.2051271684458,0.768197677879486
FBL_FBL,-1.16485533562427,6.22927035209117e-10,-1.15935969620857,0.0119882312947096,-0.768137779846389,6.24465785492657e-13,True,True,True,True,True,True,3,3,down,True,True,-1.15935969620857,1.15935969620857,0.768137779846389
SOX4_SOX4,1.89834281463296,3.67462027327238e-15,1.65782828801082,0.0002852318609632,0.76759113744655,1.0023706584821e-09,True,True,True,True,True,True,3,3,up,True,True,1.65782828801082,1.65782828801082,0.76759113744655
SMTN_SMTN,-0.772286007955571,2.60706048263539e-07,-0.916361532954368,0.0107924738401983,-0.767383833552749,3.0902253251188503e-10,True,True,True,True,True,True,3,3,down,True,True,-0.772286007955571,0.772286007955571,0.767383833552749
SLBP_SLBP,-0.771676623502204,3.0766869006840704e-09,-0.766882614558487,0.0041994301663738,-0.971652335016332,4.73863894792358e-14,True,True,True,True,True,True,3,3,down,True,True,-0.771676623502204,0.771676623502204,0.766882614558487
C14orf80_C14orf80,-0.766875450652849,2.69258500335302e-05,-1.04695846964862,0.0271789086981352,-2.38407172301152,4.3886016701409805e-15,True,True,True,True,True,True,3,3,down,True,True,-1.04695846964862,1.04695846964862,0.766875450652849
WDR5B_WDR5B,1.02298877533956,1.31392070229349e-07,0.858637528105348,0.0195588920942714,0.766691448015159,3.07067544204119e-07,True,True,True,True,True,True,3,3,up,True,True,0.858637528105348,0.858637528105348,0.766691448015159
ACTL6A_ACTL6A,-1.17244307934244,5.29619479996128e-13,-0.766480102054966,0.0005935805357282,-0.95422555270274,4.1403591620671197e-13,True,True,True,True,True,True,3,3,down,True,True,-0.95422555270274,0.95422555270274,0.766480102054966
EXO1_EXO1,-1.61424412347714,6.58348047477941e-13,-0.765987399418636,0.0117209441522852,-2.72143508590936,1.2221900150538301e-15,True,True,True,True,True,True,3,3,down,True,True,-1.61424412347714,1.61424412347714,0.765987399418636
MCM4_MCM4,-1.20994133290118,3.07268963480988e-12,-0.764721116506514,0.0007765453651674,-1.87046326657023,1.69504481976557e-18,True,True,True,True,True,True,3,3,down,True,True,-1.20994133290118,1.20994133290118,0.764721116506514
NDRG1_NDRG1,1.1139864723844,1.04609587215502e-10,0.764697468870523,0.0062018668605193,1.8674846166946,8.94165655090392e-17,True,True,True,True,True,True,3,3,up,True,True,1.1139864723844,1.1139864723844,0.764697468870523
C9orf40_C9orf40,-1.44310920376289,1.46811495970889e-07,-0.763916744220368,0.0208733322278482,-1.56481168291939,2.11730256196492e-13,True,True,True,True,True,True,3,3,down,True,True,-1.44310920376289,1.44310920376289,0.763916744220368
GINS4_GINS4,-1.6749735314057,1.4349629274514199e-11,-0.763663663491796,0.0113763310016631,-2.13190082195,8.054690201263409e-16,True,True,True,True,True,True,3,3,down,True,True,-1.6749735314057,1.6749735314057,0.763663663491796
FLJ10038_FLJ10038,1.06504799559806,4.42273600514562e-05,0.915961047710427,0.0023063753233916,0.763298936574345,3.07258154981181e-07,True,True,True,True,True,True,3,3,up,True,True,0.915961047710427,0.915961047710427,0.763298936574345
CORO1A_CORO1A,-0.762663242724375,0.0256891509421095,-1.04660503671384,0.023384516637753,-1.93707744802448,2.0987185550521097e-18,True,True,True,True,True,True,3,3,down,True,True,-1.04660503671384,1.04660503671384,0.762663242724375
B4GAT1_B4GAT1,-0.958378712321434,2.02970376616512e-07,-0.776342960648282,0.0036908070561172,-0.762528149272149,3.25850105163938e-07,True,True,True,True,True,True,3,3,down,True,True,-0.776342960648282,0.776342960648282,0.762528149272149
CYP1B1_CYP1B1,1.008221170812,1.1157078999999e-08,1.22734890610803,0.0030804516760461,0.762471089103133,3.5301186430603004e-10,True,True,True,True,True,True,3,3,up,True,True,1.008221170812,1.008221170812,0.762471089103133
SLC9A8_SLC9A8,0.88173897855256,1.0922114105604e-09,1.04596294754506,0.0005935805357282,0.762376560500229,3.23093209921013e-10,True,True,True,True,True,True,3,3,up,True,True,0.88173897855256,0.88173897855256,0.762376560500229
ANO9_ANO9,0.762186466081488,8.26260886160512e-06,0.943042419082671,0.0218916635351979,1.95638792759778,6.4861101234133e-12,True,True,True,True,True,True,3,3,up,True,True,0.943042419082671,0.943042419082671,0.762186466081488
DHFR_DHFR,-1.27198407565718,4.37396422216869e-13,-0.761821923840864,0.0073761777417619,-1.39717476806766,9.97743105363383e-17,True,True,True,True,True,True,3,3,down,True,True,-1.27198407565718,1.27198407565718,0.761821923840864
C2orf16_C2orf16,1.2796663887732,0.0001213238550145,1.39851609187773,0.0057583648791996,0.761547768939114,0.0274662546548137,True,True,True,True,True,True,3,3,up,True,True,1.2796663887732,1.2796663887732,0.761547768939114
AP1S3_AP1S3,-0.857133345433137,1.37032488965182e-08,-0.760920490184158,0.0007790881647705,-1.09586190653,5.6633506557155e-11,True,True,True,True,True,True,3,3,down,True,True,-0.857133345433137,0.857133345433137,0.760920490184158
CCDC138_CCDC138,-1.35811440160533,1.92319724328444e-05,-0.759282570034162,0.0374476465522119,-1.88311496997531,7.5311147131953e-10,True,True,True,True,True,True,3,3,down,True,True,-1.35811440160533,1.35811440160533,0.759282570034162
POLA2_POLA2,-1.01966466061616,5.32810686981117e-10,-0.75910964545072,0.0093833584753501,-2.14160831498344,5.5778294688919296e-18,True,True,True,True,True,True,3,3,down,True,True,-1.01966466061616,1.01966466061616,0.75910964545072
L2HGDH_L2HGDH,-0.889910017383435,4.251553774452991e-09,-0.758965320702536,0.0311071030206519,-1.08279904371133,3.2849453523069903e-10,True,True,True,True,True,True,3,3,down,True,True,-0.889910017383435,0.889910017383435,0.758965320702536
FKBP4_FKBP4,-1.03616522227252,1.05667476136993e-12,-0.758553567427735,0.0427448277555778,-1.2566415078201,1.27756077622641e-17,True,True,True,True,True,True,3,3,down,True,True,-1.03616522227252,1.03616522227252,0.758553567427735
ZRANB3_ZRANB3,-1.51370315506437,1.05102888933734e-08,-0.91481319163896,0.0314215085689656,-0.758529192824001,4.07888147790622e-06,True,True,True,True,True,True,3,3,down,True,True,-0.91481319163896,0.91481319163896,0.758529192824001
MAGED2_MAGED2,1.99247619520092,1.9889861936667303e-15,0.757248604267901,0.0462209015971109,1.75621271664624,1.08147955195937e-19,True,True,True,True,True,True,3,3,up,True,True,1.75621271664624,1.75621271664624,0.757248604267901
SNX33_SNX33,0.756419623094443,1.67110444770626e-08,1.3694363913111,4.93055953432754e-05,1.0000494939823,8.40070585151263e-10,True,True,True,True,True,True,3,3,up,True,True,1.0000494939823,1.0000494939823,0.756419623094443
LPIN3_LPIN3,0.756093922270955,8.40415286146261e-06,0.997600998143974,0.0013089888095068,1.01520228081083,2.28264889712874e-09,True,True,True,True,True,True,3,3,up,True,True,0.997600998143974,0.997600998143974,0.756093922270955
DYRK1B_DYRK1B,0.755636207566223,0.0006243696225763,2.24412993844852,0.0009357873992254,2.37500146878312,3.05029923429948e-17,True,True,True,True,True,True,3,3,up,True,True,2.24412993844852,2.24412993844852,0.755636207566223
CXorf23_CXorf23,0.754637832926661,9.31625547417178e-06,1.19586274231682,0.0130418393617325,0.941165958833362,8.028121846549081e-09,True,True,True,True,True,True,3,3,up,True,True,0.941165958833362,0.941165958833362,0.754637832926661
C3orf62_C3orf62,0.862195665968492,0.0001250549942922,0.753456047092806,0.0161423248147898,1.3628555909739,7.00915255518804e-09,True,True,True,True,True,True,3,3,up,True,True,0.862195665968492,0.862195665968492,0.753456047092806
DUSP4_DUSP4,-5.13966807314722,1.00990962435343e-17,-0.881830607856483,0.0221311745408719,-0.753358168781226,1.81983263304384e-13,True,True,True,True,True,True,3,3,down,True,True,-0.881830607856483,0.881830607856483,0.753358168781226
DNM1_DNM1,-0.87427609818938,7.94471221300414e-06,-0.975550234475323,0.0099871883402677,-0.751925914137397,3.7644286272199e-05,True,True,True,True,True,True,3,3,down,True,True,-0.87427609818938,0.87427609818938,0.751925914137397
EPB41L4A_EPB41L4A,2.73216110091949,7.529314796817939e-13,1.57819353676391,3.04640770435124e-05,0.75169808277988,8.43454679886838e-05,True,True,True,True,True,True,3,3,up,True,True,1.57819353676391,1.57819353676391,0.75169808277988
SUV39H2_SUV39H2,-1.90599832261907,7.33041516229259e-12,-0.751162744718832,0.0135239767843859,-0.995518072269743,1.49258426240892e-08,True,True,True,True,True,True,3,3,down,True,True,-0.995518072269743,0.995518072269743,0.751162744718832
SMC3_SMC3,-1.08325346108915,6.11187751784922e-11,-0.75104340966121,0.0492347956516537,-0.953939420735499,8.05827731931006e-13,True,True,True,True,True,True,3,3,down,True,True,-0.953939420735499,0.953939420735499,0.75104340966121
TFDP2_TFDP2,0.891329156313308,8.15432778790403e-09,0.751029042991408,0.0009725099964607,1.06161539030102,4.75030969371665e-13,True,True,True,True,True,True,3,3,up,True,True,0.891329156313308,0.891329156313308,0.751029042991408
RAB9A_RAB9A,1.12298814476091,2.7674951862024404e-09,1.07570580446147,0.0007063954171726,0.750547609615637,6.260992963967691e-09,True,True,True,True,True,True,3,3,up,True,True,1.07570580446147,1.07570580446147,0.750547609615637
OGFRL1_OGFRL1,-1.24691190490694,6.62413988703042e-07,-1.60846166816982,0.0008584183732992,-0.750435852960922,2.76750886158875e-10,True,True,True,True,True,True,3,3,down,True,True,-1.24691190490694,1.24691190490694,0.750435852960922
TNFAIP1_TNFAIP1,1.3847983415465,3.22072757562191e-13,0.750371497330661,0.0004139455466166,1.27134866075831,5.87921942831165e-17,True,True,True,True,True,True,3,3,up,True,True,1.27134866075831,1.27134866075831,0.750371497330661
CTPS1_CTPS1,-1.02501070290038,2.4969895180808504e-09,-0.749661278005108,0.0006208341126471,-2.01754364935097,2.65136983127087e-19,True,True,True,True,True,True,3,3,down,True,True,-1.02501070290038,1.02501070290038,0.749661278005108
UQCRFS1_UQCRFS1,-0.875793487658155,6.75280787261549e-11,-0.749355009830595,0.0007461226089997,-0.928813977917919,1.83050327977519e-12,True,True,True,True,True,True,3,3,down,True,True,-0.875793487658155,0.875793487658155,0.749355009830595
DLGAP4_DLGAP4,1.06933296791738,1.70410475585846e-11,0.74910546814997,0.01493375802297,1.38459365725226,1.71485341110704e-17,True,True,True,True,True,True,3,3,up,True,True,1.06933296791738,1.06933296791738,0.74910546814997
MFSD6_MFSD6,0.749080388714968,2.38956068992036e-07,1.03976930451661,0.0320978250191462,0.826077800209816,3.3301744060002e-11,True,True,True,True,True,True,3,3,up,True,True,0.826077800209816,0.826077800209816,0.749080388714968
ATP5A1_ATP5A1,-1.04018700590653,6.04893531979112e-13,-0.761543285378456,0.0016824263065805,-0.747950963657957,9.31795582541981e-13,True,True,True,True,True,True,3,3,down,True,True,-0.761543285378456,0.761543285378456,0.747950963657957
PSMG1_PSMG1,-0.747702371426739,4.78369065930351e-06,-0.804950937237662,0.0229352433028181,-0.849927201105657,5.659411677792551e-09,True,True,True,True,True,True,3,3,down,True,True,-0.804950937237662,0.804950937237662,0.747702371426739
CASC10_CASC10,0.747322383362354,6.74273201855393e-06,1.81082258215806,0.0001409663176483,1.65895444605914,4.56684872790646e-07,True,True,True,True,True,True,3,3,up,True,True,1.65895444605914,1.65895444605914,0.747322383362354
UBE2N_UBE2N,-1.11392715223961,2.8579313529394297e-11,-0.74609804072364,0.0011508380044644,-0.796250971921266,2.2320815830341597e-12,True,True,True,True,True,True,3,3,down,True,True,-0.796250971921266,0.796250971921266,0.74609804072364
SNRPE_SNRPE,-0.745672632576227,1.00634761304046e-07,-1.04137911219405,0.0008287471550694,-0.879994754616392,4.90091460482197e-11,True,True,True,True,True,True,3,3,down,True,True,-0.879994754616392,0.879994754616392,0.745672632576227
HAUS8_HAUS8,-1.73584663648978,4.37219375314819e-10,-0.74562808942886,0.0166425116186127,-2.43966731453352,2.79866229822304e-10,True,True,True,True,True,True,3,3,down,True,True,-1.73584663648978,1.73584663648978,0.74562808942886
SKA1_SKA1,-2.13006042863908,1.76684968427806e-11,-0.74466033317607,0.0067031000507546,-2.9711662669027,7.95410561358462e-12,True,True,True,True,True,True,3,3,down,True,True,-2.13006042863908,2.13006042863908,0.74466033317607
LOC100130744_LOC100130744,0.744600279503789,5.97803102436633e-05,1.17847476225092,0.0082724448478257,0.989776444768661,1.75844100198858e-06,True,True,True,True,True,True,3,3,up,True,True,0.989776444768661,0.989776444768661,0.744600279503789
RECQL5_RECQL5,0.831170245978579,3.51525982310776e-08,0.790965588050615,0.0194727399374896,0.744295100547176,4.87725064284199e-10,True,True,True,True,True,True,3,3,up,True,True,0.790965588050615,0.790965588050615,0.744295100547176
SEPHS1_SEPHS1,-0.959338310125127,1.8388033544786398e-11,-0.743708858906678,0.0022884709731384,-1.10458428891942,2.36736088230627e-13,True,True,True,True,True,True,3,3,down,True,True,-0.959338310125127,0.959338310125127,0.743708858906678
HNRNPM_HNRNPM,-1.49152420853274,2.14316957351638e-13,-0.853046834280466,0.0218735746640471,-0.74349643813693,1.85618420337133e-12,True,True,True,True,True,True,3,3,down,True,True,-0.853046834280466,0.853046834280466,0.74349643813693
MYRF_MYRF,-1.09712277354112,0.0002344005065956,-0.741444871280362,0.0027995964461076,-1.09782502309754,5.331954923303871e-09,True,True,True,True,True,True,3,3,down,True,True,-1.09712277354112,1.09712277354112,0.741444871280362
SRSF3_SRSF3,-1.33075937339867,3.55942243761202e-14,-0.740355795944467,0.0040860019765842,-1.37270058841382,2.1875696093178e-17,True,True,True,True,True,True,3,3,down,True,True,-1.33075937339867,1.33075937339867,0.740355795944467
TUBB_TUBB,-1.48981666354872,1.1933793221450101e-14,-0.91322543507326,0.000382637841366,-0.740171412562795,1.9123473026457402e-14,True,True,True,True,True,True,3,3,down,True,True,-0.91322543507326,0.91322543507326,0.740171412562795
PARK7_PARK7,-0.740042813588082,1.7879943374866802e-09,-1.02748704952477,0.0148482124862982,-0.914326312189803,1.0070400649067999e-12,True,True,True,True,True,True,3,3,down,True,True,-0.914326312189803,0.914326312189803,0.740042813588082
ZNF783_ZNF783,0.739634776699617,4.76797852417976e-05,0.768217685298498,0.0031155565023328,1.04799154501396,1.2280045443165699e-12,True,True,True,True,True,True,3,3,up,True,True,0.768217685298498,0.768217685298498,0.739634776699617
ERH_ERH,-0.739342437272381,1.8007456859134402e-09,-0.919209785700371,0.0013374773437643,-1.03909673038319,5.99210761590716e-10,True,True,True,True,True,True,3,3,down,True,True,-0.919209785700371,0.919209785700371,0.739342437272381
GADD45B_GADD45B,1.26251239904882,6.93406983810438e-10,0.738762356061466,0.0162694400715466,2.5859683470457,9.33779351078532e-20,True,True,True,True,True,True,3,3,up,True,True,1.26251239904882,1.26251239904882,0.738762356061466
MGLL_MGLL,0.83204189246429,4.23354951997375e-10,0.738529649294437,0.0023063753233916,1.83426351866846,2.96609325938289e-19,True,True,True,True,True,True,3,3,up,True,True,0.83204189246429,0.83204189246429,0.738529649294437
EIF2B2_EIF2B2,-0.925219578952675,2.06947074138734e-10,-0.956744161492446,0.0029057632774472,-0.738436743191746,3.9649105759431296e-11,True,True,True,True,True,True,3,3,down,True,True,-0.925219578952675,0.925219578952675,0.738436743191746
ANP32B_ANP32B,-1.32052580155274,1.7009742584896902e-14,-0.889748297422068,0.0001285430843006,-0.737489089928052,1.38108154803151e-13,True,True,True,True,True,True,3,3,down,True,True,-0.889748297422068,0.889748297422068,0.737489089928052
MCM3_MCM3,-1.43185998297496,2.47095190036223e-12,-0.737428350699853,0.003294667006211,-1.3716909358787,2.4286732701109302e-17,True,True,True,True,True,True,3,3,down,True,True,-1.3716909358787,1.3716909358787,0.737428350699853
UTP18_UTP18,-0.82665040995172,2.4921954889157702e-09,-0.960403085726224,8.96240194130859e-05,-0.736261420869766,4.03565107469569e-10,True,True,True,True,True,True,3,3,down,True,True,-0.82665040995172,0.82665040995172,0.736261420869766
FOXN3_FOXN3,1.88754190281338,5.92490881738929e-13,1.66406664478445,0.0062867449867085,0.735911557381044,0.0001738279293607,True,True,True,True,True,True,3,3,up,True,True,1.66406664478445,1.66406664478445,0.735911557381044
LOC100270804_LOC100270804,0.735618219513541,0.0085022455029908,2.99055074106676,0.0163744091291513,1.15801863535032,0.0014891482898676,True,True,True,True,True,True,3,3,up,True,True,1.15801863535032,1.15801863535032,0.735618219513541
LPAR1_LPAR1,-1.9238864970693,1.60513866903874e-08,-0.735495850324009,0.0326697581873558,-1.79420632511673,6.35944033361781e-06,True,True,True,True,True,True,3,3,down,True,True,-1.79420632511673,1.79420632511673,0.735495850324009
CAPN8_CAPN8,-1.26233051920187,1.47251554243555e-08,-0.734087036415501,0.0042741900416487,-5.87403261693281,2.65264836078461e-07,True,True,True,True,True,True,3,3,down,True,True,-1.26233051920187,1.26233051920187,0.734087036415501
CMSS1_CMSS1,-1.60075458598032,6.26675696585948e-11,-1.14077237848134,0.0027700248111593,-0.733391566003479,3.78202182033098e-09,True,True,True,True,True,True,3,3,down,True,True,-1.14077237848134,1.14077237848134,0.733391566003479
GPR155_GPR155,0.73333159019876,0.0269395384618037,1.57874053262317,0.004922694088278,0.799192368398247,0.0025980641544452,True,True,True,True,True,True,3,3,up,True,True,0.799192368398247,0.799192368398247,0.73333159019876
DKC1_DKC1,-0.866449948704997,2.7357294067862296e-11,-0.844684044084792,0.0062989668163933,-0.732541357191433,4.97116221492615e-13,True,True,True,True,True,True,3,3,down,True,True,-0.844684044084792,0.844684044084792,0.732541357191433
CBX3_CBX3,-1.29744604199853,2.7222776725980597e-11,-0.732397470960501,0.000915743931499,-0.779642216066475,3.14584949519179e-13,True,True,True,True,True,True,3,3,down,True,True,-0.779642216066475,0.779642216066475,0.732397470960501
STBD1_STBD1,0.88500730443859,3.44052444575913e-07,1.58655080455774,0.0010005734086649,0.73100791710591,3.78362307468534e-08,True,True,True,True,True,True,3,3,up,True,True,0.88500730443859,0.88500730443859,0.73100791710591
PSMD11_PSMD11,-0.990248105078694,6.780125717441409e-11,-0.917344839834462,0.0001814636245301,-0.730894347816093,1.59639469613022e-12,True,True,True,True,True,True,3,3,down,True,True,-0.917344839834462,0.917344839834462,0.730894347816093
THNSL2_THNSL2,0.729803639110447,1.80342489147504e-06,1.36140174996708,0.006157506810868,2.27849589218652,5.81570059204312e-10,True,True,True,True,True,True,3,3,up,True,True,1.36140174996708,1.36140174996708,0.729803639110447
PDCD2L_PDCD2L,-1.32951744451435,2.43590232865091e-06,-0.729343535785882,0.0161142970096252,-0.933163456681632,1.57427623974467e-08,True,True,True,True,True,True,3,3,down,True,True,-0.933163456681632,0.933163456681632,0.729343535785882
AGPAT5_AGPAT5,-1.63480328772165,1.4517838853082999e-12,-1.10181506925402,0.0135927324847254,-0.728364108700375,5.01933438666636e-11,True,True,True,True,True,True,3,3,down,True,True,-1.10181506925402,1.10181506925402,0.728364108700375
CHCHD10_CHCHD10,-0.727674934926212,7.60605732585657e-07,-1.3734706532512,0.0227415134015774,-1.2092883293014,1.566398485106e-10,True,True,True,True,True,True,3,3,down,True,True,-1.2092883293014,1.2092883293014,0.727674934926212
PPIA_PPIA,-0.88652071618994,1.87268426847105e-11,-0.765564717292277,0.0273434019466089,-0.727476702548838,9.043911687242269e-12,True,True,True,True,True,True,3,3,down,True,True,-0.765564717292277,0.765564717292277,0.727476702548838
MBNL2_MBNL2,0.72709182147991,6.30743820251029e-07,1.55846846014183,0.0008301883157813,1.21234700178202,2.2740024775849498e-11,True,True,True,True,True,True,3,3,up,True,True,1.21234700178202,1.21234700178202,0.72709182147991
PA2G4_PA2G4,-1.38072179242429,1.8837109683727502e-14,-1.19392129872142,0.0009784827490581,-0.726791470551538,1.85618420337133e-12,True,True,True,True,True,True,3,3,down,True,True,-1.19392129872142,1.19392129872142,0.726791470551538
PLSCR4_PLSCR4,4.07709230310276,5.40494502112563e-05,1.43885390097134,0.0112640864496809,0.725917487111092,0.0137575514600422,True,True,True,True,True,True,3,3,up,True,True,1.43885390097134,1.43885390097134,0.725917487111092
MASTL_MASTL,-1.09208374071267,3.31040011985089e-09,-0.725893827683102,0.0037298568981916,-1.60718287114895,3.42363864220179e-13,True,True,True,True,True,True,3,3,down,True,True,-1.09208374071267,1.09208374071267,0.725893827683102
SLC8B1_SLC8B1,2.13565153408236,1.14707832154163e-09,0.725551047500993,0.036633837311064,0.819764515453509,8.64913521236784e-07,True,True,True,True,True,True,3,3,up,True,True,0.819764515453509,0.819764515453509,0.725551047500993
PLEKHG5_PLEKHG5,1.35258542468158,0.0001094926796883,0.725527115729405,0.0025104633273408,1.82871919727027,2.07643241008102e-15,True,True,True,True,True,True,3,3,up,True,True,1.35258542468158,1.35258542468158,0.725527115729405
TMEM265_TMEM265,0.853402804883308,3.29258970271703e-07,0.808694239480193,0.0410725823419509,0.724265481311293,4.63859116845442e-06,True,True,True,True,True,True,3,3,up,True,True,0.808694239480193,0.808694239480193,0.724265481311293
UBE2V2_UBE2V2,-1.12214634904128,3.53876400123184e-10,-0.723482206627629,0.0159645527638858,-0.822285371847448,5.06440737678227e-12,True,True,True,True,True,True,3,3,down,True,True,-0.822285371847448,0.822285371847448,0.723482206627629
GMDS_GMDS,-0.722717497227807,1.08888077884015e-06,-1.07828373922021,0.0006478961670073,-1.45530153389887,1.7417886601222897e-11,True,True,True,True,True,True,3,3,down,True,True,-1.07828373922021,1.07828373922021,0.722717497227807
EPHX2_EPHX2,0.722261365636626,2.29959359640621e-05,1.34479089366121,0.0131681871791972,0.760226967629178,0.000152732087962,True,True,True,True,True,True,3,3,up,True,True,0.760226967629178,0.760226967629178,0.722261365636626
DENND1C_DENND1C,0.721858078200648,8.31325136583603e-05,0.989507471143094,0.0215657970946375,1.18738973045625,4.92700528794722e-05,True,True,True,True,True,True,3,3,up,True,True,0.989507471143094,0.989507471143094,0.721858078200648
MRPS6_MRPS6,-1.04411644321531,7.40245400011698e-08,-0.831695424468521,0.0052968691495608,-0.721756447142489,7.62598083708573e-08,True,True,True,True,True,True,3,3,down,True,True,-0.831695424468521,0.831695424468521,0.721756447142489
COL4A4_COL4A4,0.720967763143263,0.0452660318379938,2.68893538504577,0.0009772117303154,4.36010641922017,3.87355441832787e-13,True,True,True,True,True,True,3,3,up,True,True,2.68893538504577,2.68893538504577,0.720967763143263
ANKRD33B_ANKRD33B,2.43884371528163,1.7616414563806502e-09,1.78967810877498,0.0070967570293867,0.720464563197923,1.17733484559918e-10,True,True,True,True,True,True,3,3,up,True,True,1.78967810877498,1.78967810877498,0.720464563197923
ROM1_ROM1,-0.92065110605794,0.0006111216116552,-1.75245568677165,0.0265555382316393,-0.720306226562751,0.0311478349880593,True,True,True,True,True,True,3,3,down,True,True,-0.92065110605794,0.92065110605794,0.720306226562751
FRMD4A_FRMD4A,0.719725033466478,2.26320064364772e-05,1.26589477781552,0.0232091661410173,1.08556650559509,0.0011641279841222,True,True,True,True,True,True,3,3,up,True,True,1.08556650559509,1.08556650559509,0.719725033466478
CAMKMT_CAMKMT,-1.6219636020063,1.73398298377356e-07,-0.875579900194321,0.0013560406150528,-0.71970592449668,0.0009680100431938,True,True,True,True,True,True,3,3,down,True,True,-0.875579900194321,0.875579900194321,0.71970592449668
CETN3_CETN3,-0.719684911225305,6.20579027354021e-05,-0.830089068228988,0.0030657418824749,-0.99477950959053,1.54058309266595e-08,True,True,True,True,True,True,3,3,down,True,True,-0.830089068228988,0.830089068228988,0.719684911225305
FEN1_FEN1,-1.31644515611067,8.85889417333122e-12,-0.719543982959537,0.0049274250810697,-1.88174048618143,5.02194884699625e-19,True,True,True,True,True,True,3,3,down,True,True,-1.31644515611067,1.31644515611067,0.719543982959537
CCT4_CCT4,-1.65993854300082,4.1478447267042905e-15,-0.719481641641298,0.0007461226089997,-0.936990997674463,5.37807354964642e-15,True,True,True,True,True,True,3,3,down,True,True,-0.936990997674463,0.936990997674463,0.719481641641298
SLC25A13_SLC25A13,-0.725620148800337,1.463670667817e-07,-0.967154105071272,0.0104405217707875,-0.719391367041797,2.67040853991677e-08,True,True,True,True,True,True,3,3,down,True,True,-0.725620148800337,0.725620148800337,0.719391367041797
PTGES3_PTGES3,-1.03999855895288,6.55598618592756e-10,-0.719304464391628,0.0007843136714496,-0.987361664095316,4.294584464642e-16,True,True,True,True,True,True,3,3,down,True,True,-0.987361664095316,0.987361664095316,0.719304464391628
VDAC3_VDAC3,-0.871242202945787,1.0665001458191101e-09,-0.77005036564468,0.0108112660353531,-0.718943643856876,2.82163577326158e-10,True,True,True,True,True,True,3,3,down,True,True,-0.77005036564468,0.77005036564468,0.718943643856876
SARM1_SARM1,0.847209092043101,8.64370661579502e-05,0.718521474136086,0.0266395130315657,1.46911960615614,1.47124485493751e-06,True,True,True,True,True,True,3,3,up,True,True,0.847209092043101,0.847209092043101,0.718521474136086
RBBP7_RBBP7,-0.845954322244933,3.85933856973531e-11,-0.717680906457379,0.000940818607331,-1.05770439548419,5.97161547007107e-16,True,True,True,True,True,True,3,3,down,True,True,-0.845954322244933,0.845954322244933,0.717680906457379
NAV2_NAV2,2.69667491853399,2.7792392729270103e-15,2.40987570830937,0.003724563446144,0.7171754799149,6.3067432237338606e-09,True,True,True,True,True,True,3,3,up,True,True,2.40987570830937,2.40987570830937,0.7171754799149
CEP70_CEP70,-2.56899696334429,1.53914960201336e-13,-0.717131050784506,0.0044258271071097,-1.98755318219119,1.6774479329131999e-13,True,True,True,True,True,True,3,3,down,True,True,-1.98755318219119,1.98755318219119,0.717131050784506
MRPL47_MRPL47,-0.995805721236105,6.97554251962777e-08,-0.716824313029553,0.0121986103690434,-0.768952469359036,2.1606557732699403e-09,True,True,True,True,True,True,3,3,down,True,True,-0.768952469359036,0.768952469359036,0.716824313029553
LRRK1_LRRK1,0.716669574221432,2.28639551153099e-05,1.20593462866432,0.0035009658671766,2.1317184194958,5.63652424193191e-12,True,True,True,True,True,True,3,3,up,True,True,1.20593462866432,1.20593462866432,0.716669574221432
BCAS3_BCAS3,0.714589709638036,8.29425500772269e-06,1.35696972348829,0.0002865341126641,1.29421833241294,5.54822762171402e-11,True,True,True,True,True,True,3,3,up,True,True,1.29421833241294,1.29421833241294,0.714589709638036
HSPB11_HSPB11,-0.803511070938005,1.15155891757834e-07,-1.01034202431336,0.00391799569358,-0.713627291312997,1.60191477919156e-05,True,True,True,True,True,True,3,3,down,True,True,-0.803511070938005,0.803511070938005,0.713627291312997
NQO1_NQO1,-1.72294732767346,5.03897933974208e-16,-0.711780184116034,0.0013376012955646,-0.760049298613919,2.0665587289558997e-12,True,True,True,True,True,True,3,3,down,True,True,-0.760049298613919,0.760049298613919,0.711780184116034
CCPG1_CCPG1,0.926172404732305,3.85700328678558e-08,1.8554527587383,0.0001914387934239,0.709722020638107,2.9786975464958203e-09,True,True,True,True,True,True,3,3,up,True,True,0.926172404732305,0.926172404732305,0.709722020638107
UCK2_UCK2,-1.62423582976034,1.14812659703725e-11,-1.22507333427839,0.0002668257272722,-0.709420776523978,1.86875758353548e-11,True,True,True,True,True,True,3,3,down,True,True,-1.22507333427839,1.22507333427839,0.709420776523978
CSAD_CSAD,0.709387883814451,0.0010092255265091,0.782787043675984,0.0124177342982225,1.50371888606038,2.1606104299942603e-09,True,True,True,True,True,True,3,3,up,True,True,0.782787043675984,0.782787043675984,0.709387883814451
SMPDL3B_SMPDL3B,1.66205147033859,1.06348253066813e-08,0.866524763916599,0.031526158540238,0.708809941714375,2.40038519761622e-09,True,True,True,True,True,True,3,3,up,True,True,0.866524763916599,0.866524763916599,0.708809941714375
MRPL16_MRPL16,-0.74468334027131,1.25879958682842e-07,-0.96990515425503,0.0007084790391657,-0.708571806401777,1.00169957042145e-09,True,True,True,True,True,True,3,3,down,True,True,-0.74468334027131,0.74468334027131,0.708571806401777
DHCR24_DHCR24,-1.71147147235869,2.4944474204956e-15,-0.708371302180447,0.0004096987251824,-1.21212292234013,3.28559587723221e-17,True,True,True,True,True,True,3,3,down,True,True,-1.21212292234013,1.21212292234013,0.708371302180447
KIF7_KIF7,0.707675840260598,0.0022895258047074,0.717468987963648,0.0032595474644624,1.97870476915532,7.92077137882807e-08,True,True,True,True,True,True,3,3,up,True,True,0.717468987963648,0.717468987963648,0.707675840260598
PHF5A_PHF5A,-0.777327026252498,3.66808009265561e-08,-0.706995287253829,0.0045372846038598,-1.27465336767063,5.51907606639907e-13,True,True,True,True,True,True,3,3,down,True,True,-0.777327026252498,0.777327026252498,0.706995287253829
PSMA3_PSMA3,-0.847044003863868,6.56327426851145e-10,-0.706428245323627,0.0376390489389388,-0.920730733630996,4.13614228757766e-13,True,True,True,True,True,True,3,3,down,True,True,-0.847044003863868,0.847044003863868,0.706428245323627
GTF3C6_GTF3C6,-0.76633830475125,3.86862657414698e-06,-0.896939874212404,0.0056211091137534,-0.706387110575277,3.17939194848055e-09,True,True,True,True,True,True,3,3,down,True,True,-0.76633830475125,0.76633830475125,0.706387110575277
RAPGEF5_RAPGEF5,-0.705889566598457,0.0028992821110279,-1.25957677682968,0.0230728094864847,-1.96273101699853,1.27043099964137e-05,True,True,True,True,True,True,3,3,down,True,True,-1.25957677682968,1.25957677682968,0.705889566598457
SLC25A32_SLC25A32,-0.705646516011692,7.95473935207336e-06,-1.1786972084796,0.0024020369873464,-0.872690067682274,3.7251156156444e-12,True,True,True,True,True,True,3,3,down,True,True,-0.872690067682274,0.872690067682274,0.705646516011692
GSG2_GSG2,-2.17191751525339,3.12494960430905e-09,-0.704951376288751,0.017311033148594,-2.82886085750713,5.531259847948299e-12,True,True,True,True,True,True,3,3,down,True,True,-2.17191751525339,2.17191751525339,0.704951376288751
FOXRED1_FOXRED1,-0.704705396381022,3.25860838124442e-06,-1.28597090949339,0.0062460512621253,-0.995529372787341,6.22034585026815e-08,True,True,True,True,True,True,3,3,down,True,True,-0.995529372787341,0.995529372787341,0.704705396381022
GADD45A_GADD45A,0.704373729754519,8.58046047749003e-06,1.07838447979199,0.0018858723494246,0.824382042938386,1.08829886092961e-10,True,True,True,True,True,True,3,3,up,True,True,0.824382042938386,0.824382042938386,0.704373729754519
PLEKHA8P1_PLEKHA8P1,0.70396888907899,0.0005130719895616,1.40926763649117,0.000877819019002,0.804158073602239,8.00270386823621e-05,True,True,True,True,True,True,3,3,up,True,True,0.804158073602239,0.804158073602239,0.70396888907899
G6PD_G6PD,-1.78510249561292,8.122706111900471e-15,-1.63373336930593,0.0093715754046135,-0.70393388825618,7.672437290626219e-12,True,True,True,True,True,True,3,3,down,True,True,-1.63373336930593,1.63373336930593,0.70393388825618
NOL11_NOL11,-1.18337633652504,1.18545950050873e-10,-0.884669650416101,0.0150269454242189,-0.70328579057703,5.01788300739761e-12,True,True,True,True,True,True,3,3,down,True,True,-0.884669650416101,0.884669650416101,0.70328579057703
STAMBPL1_STAMBPL1,-1.47544851814915,1.72291730988004e-09,-1.38905966859687,0.0001932626070566,-0.702489768314564,1.58008118080634e-05,True,True,True,True,True,True,3,3,down,True,True,-1.38905966859687,1.38905966859687,0.702489768314564
EIF4A1_EIF4A1,-1.15811791913688,6.842525551469e-14,-0.891165249227965,0.0015456342585733,-0.702451921701323,1.55736834443403e-13,True,True,True,True,True,True,3,3,down,True,True,-0.891165249227965,0.891165249227965,0.702451921701323
ZNF425_ZNF425,0.701689864131028,0.000324582402823,0.911677447272562,0.0026305392406482,1.48090200963488,7.206767222942061e-09,True,True,True,True,True,True,3,3,up,True,True,0.911677447272562,0.911677447272562,0.701689864131028
C6orf132_C6orf132,1.71275856116006,4.29369770659212e-14,0.701439518400852,0.0040656821995081,0.938937074456446,1.69126130589895e-11,True,True,True,True,True,True,3,3,up,True,True,0.938937074456446,0.938937074456446,0.701439518400852
CENPK_CENPK,-2.49677909091894,1.2095185699907099e-11,-0.700671435439454,0.0059313442221942,-2.51550929996487,1.6956557647653099e-12,True,True,True,True,True,True,3,3,down,True,True,-2.49677909091894,2.49677909091894,0.700671435439454
CYB5B_CYB5B,-0.766672917565756,2.01640356527405e-05,-0.835091707007104,0.0004315787402026,-0.700250726774087,8.7876612328598e-11,True,True,True,True,True,True,3,3,down,True,True,-0.766672917565756,0.766672917565756,0.700250726774087
WDTC1_WDTC1,0.930326260175847,1.75567415612659e-10,0.963695980801132,0.000192410911293,0.698426432960265,7.14988645425119e-10,True,True,True,True,True,True,3,3,up,True,True,0.930326260175847,0.930326260175847,0.698426432960265
CD59_CD59,0.821282089112786,3.17925615812412e-09,0.697996809239626,0.0031713540888418,1.05616725242199,1.4549319935518401e-15,True,True,True,True,True,True,3,3,up,True,True,0.821282089112786,0.821282089112786,0.697996809239626
LOC286437_LOC286437,0.697919875220844,0.0057449791331366,1.56614636170264,0.0223615888616501,0.788232559453322,0.0001754432617954,True,True,True,True,True,True,3,3,up,True,True,0.788232559453322,0.788232559453322,0.697919875220844
MFSD3_MFSD3,-0.69672220458958,9.66348969503575e-05,-2.27687879577839,0.0013621754858059,-0.987681125945619,2.0700309248679903e-09,True,True,True,True,True,True,3,3,down,True,True,-0.987681125945619,0.987681125945619,0.69672220458958
PSMD12_PSMD12,-0.910734020819801,1.0123888016384102e-09,-0.923862137740027,0.0006084998118718,-0.696436995015387,1.3278303917243002e-10,True,True,True,True,True,True,3,3,down,True,True,-0.910734020819801,0.910734020819801,0.696436995015387
NTN1_NTN1,1.01590980309089,1.01261445112177e-09,0.696205003451966,0.0102365146653437,0.712502672448878,2.48818633442318e-10,True,True,True,True,True,True,3,3,up,True,True,0.712502672448878,0.712502672448878,0.696205003451966
MYO18A_MYO18A,-0.731446407910943,1.0689312047628401e-09,-0.696076900212178,0.0217198231512751,-1.06902133869514,1.36524969564258e-13,True,True,True,True,True,True,3,3,down,True,True,-0.731446407910943,0.731446407910943,0.696076900212178
RPF2_RPF2,-0.778496399875389,1.47014526389984e-06,-0.760169752393535,0.0010005734086649,-0.695943883772989,1.7871767833870101e-10,True,True,True,True,True,True,3,3,down,True,True,-0.760169752393535,0.760169752393535,0.695943883772989
FCHSD1_FCHSD1,0.695809172476171,2.54697282971911e-06,0.921739022309628,0.0212708952777258,1.21002843558476,7.10891538475224e-11,True,True,True,True,True,True,3,3,up,True,True,0.921739022309628,0.921739022309628,0.695809172476171
PPP1CA_PPP1CA,-0.743698280721253,3.98684085096097e-08,-0.921890195658611,0.046146838643653,-0.695743183118585,3.3271486457535695e-11,True,True,True,True,True,True,3,3,down,True,True,-0.743698280721253,0.743698280721253,0.695743183118585
SMARCD2_SMARCD2,-0.695269173987842,2.76960979067524e-08,-0.790008556904647,0.0049125627442308,-0.854320767111956,3.07116519997461e-14,True,True,True,True,True,True,3,3,down,True,True,-0.790008556904647,0.790008556904647,0.695269173987842
MTHFD1_MTHFD1,-1.4960874765652,2.55992928064648e-14,-0.694286193389249,0.0045513293638658,-1.04651429272622,1.3169586023282301e-15,True,True,True,True,True,True,3,3,down,True,True,-1.04651429272622,1.04651429272622,0.694286193389249
GTF2IRD2_GTF2IRD2,0.984708862855898,5.41801422418809e-07,0.694135929457854,0.041477358542374,1.63419399391352,1.78774207212305e-13,True,True,True,True,True,True,3,3,up,True,True,0.984708862855898,0.984708862855898,0.694135929457854
POP7_POP7,-0.693128092288534,5.78092558190865e-06,-0.812723623865894,0.0387912532413581,-1.27818489778088,4.74489539638262e-07,True,True,True,True,True,True,3,3,down,True,True,-0.812723623865894,0.812723623865894,0.693128092288534
PIM2_PIM2,-1.73220971924254,1.07879685503602e-05,-1.01478815369597,0.0281049988349393,-0.692977841922552,4.452904394516e-07,True,True,True,True,True,True,3,3,down,True,True,-1.01478815369597,1.01478815369597,0.692977841922552
SYT7_SYT7,1.47652368691643,8.10415221155529e-13,0.692972936361096,0.0020220658767297,1.49028043089282,1.96854828624192e-17,True,True,True,True,True,True,3,3,up,True,True,1.47652368691643,1.47652368691643,0.692972936361096
TAF5_TAF5,-1.47620436620549,1.30359857196563e-09,-0.692115838047173,0.0290298729920657,-1.20954039157158,6.10246724503898e-08,True,True,True,True,True,True,3,3,down,True,True,-1.20954039157158,1.20954039157158,0.692115838047173
GEMIN6_GEMIN6,-0.873839251350237,3.74689336205927e-06,-0.751076990181673,0.0172110544168408,-0.691806955898929,1.75080438694854e-07,True,True,True,True,True,True,3,3,down,True,True,-0.751076990181673,0.751076990181673,0.691806955898929
FLVCR1_FLVCR1,-2.04883554699149,1.81215508446153e-12,-1.30678807987918,0.0033127229122045,-0.691642778520762,9.7286441042755e-08,True,True,True,True,True,True,3,3,down,True,True,-1.30678807987918,1.30678807987918,0.691642778520762
LOC146880_LOC146880,0.901219214696107,3.82391961901771e-07,0.691126593971468,0.0023063753233916,1.68127410331093,8.20563380223946e-15,True,True,True,True,True,True,3,3,up,True,True,0.901219214696107,0.901219214696107,0.691126593971468
NISCH_NISCH,0.690197824609762,1.7709417670758e-05,0.715175344693773,0.0006531380482719,0.823165906925135,1.65529822578895e-12,True,True,True,True,True,True,3,3,up,True,True,0.715175344693773,0.715175344693773,0.690197824609762
SHFM1_SHFM1,-0.690005329085309,5.49937042844114e-09,-1.08040801566661,0.0008438484181168,-0.95484180880737,0.0004530536488898,True,True,True,True,True,True,3,3,down,True,True,-0.95484180880737,0.95484180880737,0.690005329085309
FAM122C_FAM122C,1.78401279998599,3.1994203836896e-06,0.811713993052459,0.0156123423607532,0.689861577722365,0.0379269710494319,True,True,True,True,True,True,3,3,up,True,True,0.811713993052459,0.811713993052459,0.689861577722365
CPT1B_CPT1B,0.68969876403355,3.47377548156624e-05,0.847977113194358,0.0176430358089079,1.63734705702175,4.35450407412222e-10,True,True,True,True,True,True,3,3,up,True,True,0.847977113194358,0.847977113194358,0.68969876403355
MAP1LC3B_MAP1LC3B,0.689593988812486,7.38162004558735e-07,0.925050192143405,0.0002111567741145,0.705656943958099,6.21182103970493e-10,True,True,True,True,True,True,3,3,up,True,True,0.705656943958099,0.705656943958099,0.689593988812486
TOM1L2_TOM1L2,1.67627922633595,7.233150882512141e-14,1.17825697433256,0.0001370005995702,0.68915631792633,8.40070585151263e-10,True,True,True,True,True,True,3,3,up,True,True,1.17825697433256,1.17825697433256,0.68915631792633
AK2_AK2,-0.822223533507688,2.02910978268068e-10,-0.842384307540446,0.001139471308504,-0.688770218712443,6.00970937321389e-12,True,True,True,True,True,True,3,3,down,True,True,-0.822223533507688,0.822223533507688,0.688770218712443
ME2_ME2,-1.62295351295046,2.3416816296039497e-11,-0.688195717806361,0.0163744091291513,-0.879953878683926,8.312420081630479e-11,True,True,True,True,True,True,3,3,down,True,True,-0.879953878683926,0.879953878683926,0.688195717806361
SRSF9_SRSF9,-0.687891811036024,2.04665634775542e-08,-0.977960742342019,0.0006478961670073,-0.989313332058916,2.3166819072944297e-12,True,True,True,True,True,True,3,3,down,True,True,-0.977960742342019,0.977960742342019,0.687891811036024
RNF170_RNF170,1.4918912256332,6.1572149787458e-08,0.994727373259895,0.0076024092240819,0.687795343690111,1.2277717502816e-06,True,True,True,True,True,True,3,3,up,True,True,0.994727373259895,0.994727373259895,0.687795343690111
NICN1_NICN1,1.17875097995943,5.05602258808247e-07,1.13175601978549,0.0015185284169103,0.687256807590024,1.30742346790497e-05,True,True,True,True,True,True,3,3,up,True,True,1.13175601978549,1.13175601978549,0.687256807590024
BCCIP_BCCIP,-0.686711249630804,1.53183792870595e-07,-0.780616988308178,0.0015787508485413,-0.928925600144601,1.0111548477437998e-12,True,True,True,True,True,True,3,3,down,True,True,-0.780616988308178,0.780616988308178,0.686711249630804
INTS8_INTS8,-1.27045981507636,6.52022256373703e-11,-0.686446425938541,0.0164932462028166,-0.923562253999599,2.40645747944191e-13,True,True,True,True,True,True,3,3,down,True,True,-0.923562253999599,0.923562253999599,0.686446425938541
ATP5G1_ATP5G1,-0.686376882715112,2.76568133517394e-07,-1.79138589155563,0.002849896104843,-1.37374735328125,5.26771370756308e-13,True,True,True,True,True,True,3,3,down,True,True,-1.37374735328125,1.37374735328125,0.686376882715112
SFXN1_SFXN1,-0.686349158801172,7.49144374737894e-09,-0.855857511116151,0.008777558344726,-1.20084821686826,8.51371008642493e-15,True,True,True,True,True,True,3,3,down,True,True,-0.855857511116151,0.855857511116151,0.686349158801172
PNPT1_PNPT1,-0.965352777550934,1.31585444966818e-08,-0.685413102653142,0.0150503127881097,-0.995022220439373,9.0376257430915e-13,True,True,True,True,True,True,3,3,down,True,True,-0.965352777550934,0.965352777550934,0.685413102653142
SRSF7_SRSF7,-1.43836839521873,8.71688045658571e-13,-0.685290893210449,0.0081834793894969,-1.51560062787402,1.03790713165162e-15,True,True,True,True,True,True,3,3,down,True,True,-1.43836839521873,1.43836839521873,0.685290893210449
RAB38_RAB38,-1.48973159946587,9.68605021110151e-07,-0.683073065024435,0.0386794500845867,-1.44449475087629,1.38475408080439e-10,True,True,True,True,True,True,3,3,down,True,True,-1.44449475087629,1.44449475087629,0.683073065024435
ISG20_ISG20,0.827149149218512,0.0228833498129539,1.93631646093547,0.003770940893198,0.682788426516443,0.000377606083891,True,True,True,True,True,True,3,3,up,True,True,0.827149149218512,0.827149149218512,0.682788426516443
CHAF1A_CHAF1A,-1.28730009676275,5.17376335633146e-10,-0.682748465173963,0.0045452510134564,-2.00369251182997,2.53689605933789e-17,True,True,True,True,True,True,3,3,down,True,True,-1.28730009676275,1.28730009676275,0.682748465173963
CCDC176_CCDC176,0.759244728083743,0.0027976890601324,1.00144673679786,0.0014637876100212,0.682304537499264,0.0080881348861915,True,True,True,True,True,True,3,3,up,True,True,0.759244728083743,0.759244728083743,0.682304537499264
NPM3_NPM3,-1.44699217480867,6.33739121928702e-09,-1.20447675410353,0.0027700248111593,-0.681904013856141,1.20614165001211e-07,True,True,True,True,True,True,3,3,down,True,True,-1.20447675410353,1.20447675410353,0.681904013856141
HSPA4L_HSPA4L,-0.68128552613964,0.0007789582471161,-1.15907007223342,0.0215864077882964,-3.04059779895082,2.98285908864934e-19,True,True,True,True,True,True,3,3,down,True,True,-1.15907007223342,1.15907007223342,0.68128552613964
HIGD1A_HIGD1A,-1.17087850895183,9.01176311054634e-08,-0.680553869887706,0.0013534498394325,-1.39015947791126,1.7484814415249e-16,True,True,True,True,True,True,3,3,down,True,True,-1.17087850895183,1.17087850895183,0.680553869887706
BLM_BLM,-1.86626936678851,7.4613472472389e-12,-0.680534452702849,0.0087679360785418,-1.95422544249265,5.586864489376639e-11,True,True,True,True,True,True,3,3,down,True,True,-1.86626936678851,1.86626936678851,0.680534452702849
ZNF44_ZNF44,1.0983414555783,8.93736014104029e-05,0.68016452367153,0.041084211793417,0.72284904688035,0.0007668699386583,True,True,True,True,True,True,3,3,up,True,True,0.72284904688035,0.72284904688035,0.68016452367153
STX10_STX10,-0.678448200846995,3.51069280858802e-06,-1.73547669300928,0.004988711005759,-0.86741605065889,1.18904585365754e-09,True,True,True,True,True,True,3,3,down,True,True,-0.86741605065889,0.86741605065889,0.678448200846995
IRF5_IRF5,0.678075178318375,6.65810496625594e-05,0.84313846378516,0.0236343669047307,2.50911771316113,3.2999547990585696e-11,True,True,True,True,True,True,3,3,up,True,True,0.84313846378516,0.84313846378516,0.678075178318375
BDNF_BDNF,2.81769608003472,2.4483697260835697e-12,0.677081718028092,0.007493664309207,1.42824463926104,6.53243391141415e-11,True,True,True,True,True,True,3,3,up,True,True,1.42824463926104,1.42824463926104,0.677081718028092
ABCG2_ABCG2,-0.676131438598626,3.30340542283471e-07,-0.753953495742744,0.0223422340390249,-4.85111659438109,3.70382042248031e-09,True,True,True,True,True,True,3,3,down,True,True,-0.753953495742744,0.753953495742744,0.676131438598626
UNG_UNG,-0.949420659117019,8.17247069537501e-11,-0.676063325645336,0.0035011139907314,-1.55889973740003,3.6017838009963e-18,True,True,True,True,True,True,3,3,down,True,True,-0.949420659117019,0.949420659117019,0.676063325645336
LINC00910_LINC00910,1.59662579778431,3.17589891880223e-05,1.10233992002526,0.0272646137384926,0.674528993413513,0.0468371345479848,True,True,True,True,True,True,3,3,up,True,True,1.10233992002526,1.10233992002526,0.674528993413513
HOXA3_HOXA3,-1.70275532401311,4.65281997456924e-07,-0.674473133678398,0.0344208268175977,-1.31976507705937,0.0153644851512391,True,True,True,True,True,True,3,3,down,True,True,-1.31976507705937,1.31976507705937,0.674473133678398
CLU_CLU,2.78204274060677,1.00990962435343e-17,1.46732630724892,0.0080802897427849,0.674429818458271,2.35747916186104e-10,True,True,True,True,True,True,3,3,up,True,True,1.46732630724892,1.46732630724892,0.674429818458271
LINC00346_LINC00346,0.67428124287724,7.93534850995164e-05,1.4919745197872,0.0007587033378712,0.737966155829358,1.89629381697916e-07,True,True,True,True,True,True,3,3,up,True,True,0.737966155829358,0.737966155829358,0.67428124287724
LYST_LYST,0.673924156184739,8.68896136507104e-05,1.28990211187907,0.0149287836256264,2.4527141877475,1.57252680822563e-15,True,True,True,True,True,True,3,3,up,True,True,1.28990211187907,1.28990211187907,0.673924156184739
C3orf33_C3orf33,-1.02635807154,6.92085572573366e-05,-0.925623000307635,0.0027162094258971,-0.673898887669975,0.0010347407019165,True,True,True,True,True,True,3,3,down,True,True,-0.925623000307635,0.925623000307635,0.673898887669975
VDAC1_VDAC1,-0.683537628017353,6.16873284644867e-09,-0.862924342350855,0.0007373535027991,-0.673776474587595,8.31152114185412e-13,True,True,True,True,True,True,3,3,down,True,True,-0.683537628017353,0.683537628017353,0.673776474587595
RUSC2_RUSC2,1.66389930682986,1.18385262477527e-11,0.673743771836572,0.0138885015861876,1.26053822477474,6.79599504469554e-14,True,True,True,True,True,True,3,3,up,True,True,1.26053822477474,1.26053822477474,0.673743771836572
PCDHB2_PCDHB2,1.00259425530174,0.0028590647595192,0.883431470162467,0.0141119240403335,0.673214165786555,4.94709032750836e-10,True,True,True,True,True,True,3,3,up,True,True,0.883431470162467,0.883431470162467,0.673214165786555
PTCH1_PTCH1,0.673142879042016,1.25996324933156e-08,2.0082115254518,0.0448493008865944,1.99441238335209,2.28081000312897e-13,True,True,True,True,True,True,3,3,up,True,True,1.99441238335209,1.99441238335209,0.673142879042016
PNO1_PNO1,-0.735552167737048,1.2528094511798e-06,-0.672496187889063,0.0011730306869866,-1.13469015525222,8.70354482622974e-12,True,True,True,True,True,True,3,3,down,True,True,-0.735552167737048,0.735552167737048,0.672496187889063
SSRP1_SSRP1,-1.50199255704821,2.60818571060139e-14,-1.04574459695485,0.000395631913918,-0.670562470941828,3.87961903193922e-13,True,True,True,True,True,True,3,3,down,True,True,-1.04574459695485,1.04574459695485,0.670562470941828
IMMP1L_IMMP1L,-0.66943746251552,0.0059552701038186,-1.16364953963293,0.0035011139907314,-0.954801583566588,0.0055147210162634,True,True,True,True,True,True,3,3,down,True,True,-0.954801583566588,0.954801583566588,0.66943746251552
MRPS23_MRPS23,-0.669097055421893,2.6375164783853e-07,-0.737837837661699,0.0027441405671355,-0.775500050561095,3.186058290302e-09,True,True,True,True,True,True,3,3,down,True,True,-0.737837837661699,0.737837837661699,0.669097055421893
ATP5C1_ATP5C1,-0.856095443365961,1.81292166476475e-09,-0.989727868325009,0.0100618612573428,-0.668827205142785,9.477962680114821e-10,True,True,True,True,True,True,3,3,down,True,True,-0.856095443365961,0.856095443365961,0.668827205142785
TRIM13_TRIM13,0.983021831778719,1.46208673657536e-07,0.667217042526464,0.004988711005759,1.04122512239965,3.9824541037769896e-11,True,True,True,True,True,True,3,3,up,True,True,0.983021831778719,0.983021831778719,0.667217042526464
PRIM1_PRIM1,-2.1797932779959,9.214426746932829e-13,-0.666645386436442,0.0177972422641833,-1.98287804794571,2.3410966618432803e-15,True,True,True,True,True,True,3,3,down,True,True,-1.98287804794571,1.98287804794571,0.666645386436442
SLC35E2_SLC35E2,0.666473493911725,0.0001198515647172,1.18992895675412,0.0001685571848715,1.4613335082389,8.8296784440755e-18,True,True,True,True,True,True,3,3,up,True,True,1.18992895675412,1.18992895675412,0.666473493911725
LIN54_LIN54,-0.922558911019055,3.26270818386338e-07,-0.666447414012287,0.0173552716743794,-0.981634839306371,2.6253733631578804e-09,True,True,True,True,True,True,3,3,down,True,True,-0.922558911019055,0.922558911019055,0.666447414012287
UQCRQ_UQCRQ,-0.666112193351214,3.2655802700721e-08,-1.17849130708494,0.0339392584729766,-0.967418555568249,0.0009935812886824,True,True,True,True,True,True,3,3,down,True,True,-0.967418555568249,0.967418555568249,0.666112193351214
SLAMF7_SLAMF7,4.64994774582746,3.32235833268172e-08,2.31206162484745,4.54389924917357e-06,0.665715979666113,6.67204000019353e-05,True,True,True,True,True,True,3,3,up,True,True,2.31206162484745,2.31206162484745,0.665715979666113
NUP54_NUP54,-0.665450750089027,7.09946760106592e-07,-0.694602016924598,0.0045372846038598,-0.667540003669992,2.50209166976748e-09,True,True,True,True,True,True,3,3,down,True,True,-0.667540003669992,0.667540003669992,0.665450750089027
NDUFAF4_NDUFAF4,-1.17287602589692,1.55440769469178e-06,-0.761417818106509,0.0450037789162901,-0.664863756804293,7.85770706377017e-06,True,True,True,True,True,True,3,3,down,True,True,-0.761417818106509,0.761417818106509,0.664863756804293
SREBF1_SREBF1,-0.677228663209395,6.49479035362955e-07,-0.960494246528479,9.48985472012396e-05,-0.664695593345344,1.05113995081262e-09,True,True,True,True,True,True,3,3,down,True,True,-0.677228663209395,0.677228663209395,0.664695593345344
LOC401320_LOC401320,0.664164018570405,0.0329902734635426,1.58775172538484,0.0049693830745784,1.3611326633012,2.26988866099691e-05,True,True,True,True,True,True,3,3,up,True,True,1.3611326633012,1.3611326633012,0.664164018570405
CALM3_CALM3,-0.6632637311976,8.044902162943561e-09,-1.0349554679072,0.0004358052566714,-1.08918159193966,4.98087294139286e-17,True,True,True,True,True,True,3,3,down,True,True,-1.0349554679072,1.0349554679072,0.6632637311976
B3GALT4_B3GALT4,1.39362951353223,5.67666654698649e-08,1.43931076390756,0.0322470336297152,0.661982320134356,0.0187018396125481,True,True,True,True,True,True,3,3,up,True,True,1.39362951353223,1.39362951353223,0.661982320134356
SLIRP_SLIRP,-0.841662896296909,2.40797008586197e-08,-1.1884842928232,0.0458828617394084,-0.66080635687087,1.75877528773322e-08,True,True,True,True,True,True,3,3,down,True,True,-0.841662896296909,0.841662896296909,0.66080635687087
MTFR2_MTFR2,-1.35169920591142,3.42552185806816e-07,-0.660218129071687,0.0239928808636705,-3.0357616017184,2.44108339191634e-09,True,True,True,True,True,True,3,3,down,True,True,-1.35169920591142,1.35169920591142,0.660218129071687
NCL_NCL,-0.896554370782061,3.54701774845817e-11,-1.15174454585767,0.0027456646563847,-0.660036215121281,3.1047675559420597e-12,True,True,True,True,True,True,3,3,down,True,True,-0.896554370782061,0.896554370782061,0.660036215121281
COPRS_COPRS,-0.97731163150981,9.243311505270421e-09,-1.08463817963238,0.0009260846428677,-0.659924212280885,3.048913468414e-08,True,True,True,True,True,True,3,3,down,True,True,-0.97731163150981,0.97731163150981,0.659924212280885
CCT5_CCT5,-1.16497490686184,5.56493182013096e-14,-0.926246598186236,0.0020095986182199,-0.659870546755366,1.45958948148e-13,True,True,True,True,True,True,3,3,down,True,True,-0.926246598186236,0.926246598186236,0.659870546755366
CECR5_CECR5,-0.86050317065588,1.26593802248468e-07,-0.659414508703318,0.0037558676305852,-0.912650049420979,1.16398755590758e-10,True,True,True,True,True,True,3,3,down,True,True,-0.86050317065588,0.86050317065588,0.659414508703318
PRKACA_PRKACA,-0.658525916838967,1.44672180679154e-07,-0.713325676473515,0.0057072990589544,-1.06657189095774,6.87817511381848e-13,True,True,True,True,True,True,3,3,down,True,True,-0.713325676473515,0.713325676473515,0.658525916838967
MCM6_MCM6,-2.31803583153181,1.18033953297474e-15,-0.658124443486506,0.0188293857920927,-1.96502438246601,4.50162302291292e-19,True,True,True,True,True,True,3,3,down,True,True,-1.96502438246601,1.96502438246601,0.658124443486506
RRS1_RRS1,-0.775212402723433,6.39605706561608e-07,-0.770555676775454,0.0166374254495542,-0.657156947791008,4.30419137323795e-10,True,True,True,True,True,True,3,3,down,True,True,-0.770555676775454,0.770555676775454,0.657156947791008
SYNE1_SYNE1,0.656981503808452,0.010959552277094,2.56935286920439,0.0050529667178048,2.81719202408552,1.5966037528172499e-18,True,True,True,True,True,True,3,3,up,True,True,2.56935286920439,2.56935286920439,0.656981503808452
CEP57L1_CEP57L1,-1.50602062265435,2.1383444114605e-05,-0.656784723400534,0.0077657594235014,-1.34581588957869,4.74652528240846e-06,True,True,True,True,True,True,3,3,down,True,True,-1.34581588957869,1.34581588957869,0.656784723400534
MRPL3_MRPL3,-1.05995047542007,1.0270407124762199e-11,-0.880198607775315,0.0006073961406541,-0.656688990549446,3.88672528397127e-11,True,True,True,True,True,True,3,3,down,True,True,-0.880198607775315,0.880198607775315,0.656688990549446
IFRD2_IFRD2,-1.05686472652485,5.56052369077765e-08,-0.935765170476647,0.0130380923183448,-0.656528634327116,2.50665389954232e-10,True,True,True,True,True,True,3,3,down,True,True,-0.935765170476647,0.935765170476647,0.656528634327116
POLE3_POLE3,-0.655764497532827,3.76324355809653e-09,-0.685391899396416,0.0016234774535018,-0.897625267558614,9.74257154932486e-14,True,True,True,True,True,True,3,3,down,True,True,-0.685391899396416,0.685391899396416,0.655764497532827
SZT2_SZT2,0.916664897906949,9.17028658823322e-10,0.655319370591699,0.0018386621053451,0.822319971708305,6.014994561909169e-11,True,True,True,True,True,True,3,3,up,True,True,0.822319971708305,0.822319971708305,0.655319370591699
SLC26A11_SLC26A11,0.682139122884412,0.0001719781723076,0.654802425624705,0.0050382035525438,0.949721052518671,1.1155709860886601e-09,True,True,True,True,True,True,3,3,up,True,True,0.682139122884412,0.682139122884412,0.654802425624705
MRPL13_MRPL13,-0.760495294040033,6.99856473233671e-06,-0.65432881821206,0.0112528764782283,-1.11352070794654,5.4728039892203e-14,True,True,True,True,True,True,3,3,down,True,True,-0.760495294040033,0.760495294040033,0.65432881821206
CHCHD3_CHCHD3,-0.9687070837819,2.36368164811824e-10,-0.908931641700914,0.0027388165227905,-0.653781119821106,4.90277356278474e-10,True,True,True,True,True,True,3,3,down,True,True,-0.908931641700914,0.908931641700914,0.653781119821106
THOC3_THOC3,-0.851490011903405,1.78074006678796e-10,-0.653648826499058,0.0078435327149687,-0.88226772998223,4.9742448127219e-13,True,True,True,True,True,True,3,3,down,True,True,-0.851490011903405,0.851490011903405,0.653648826499058
SYT17_SYT17,1.02554772316202,6.683399462717491e-09,0.823846403526588,0.0006368540614901,0.653178837105636,8.6445698554138e-08,True,True,True,True,True,True,3,3,up,True,True,0.823846403526588,0.823846403526588,0.653178837105636
PGPEP1_PGPEP1,1.9900395153903,5.6629196858367e-14,0.652799469114481,0.0181328794519009,0.758379200690453,7.28531574986789e-07,True,True,True,True,True,True,3,3,up,True,True,0.758379200690453,0.758379200690453,0.652799469114481
PRPS2_PRPS2,-0.652762671356911,5.93221826038232e-09,-0.787151502721195,0.0048871885016398,-0.824167025728078,2.0995154190230198e-11,True,True,True,True,True,True,3,3,down,True,True,-0.787151502721195,0.787151502721195,0.652762671356911
TCP1_TCP1,-0.831456430568781,1.78945927552265e-09,-0.652651360425242,0.0038991481987058,-0.957179957830501,8.837589772829521e-15,True,True,True,True,True,True,3,3,down,True,True,-0.831456430568781,0.831456430568781,0.652651360425242
SPTSSA_SPTSSA,-1.07978964574158,4.4135316825468e-11,-0.75228555655436,0.0032243983573227,-0.652138719133618,3.11113466756689e-11,True,True,True,True,True,True,3,3,down,True,True,-0.75228555655436,0.75228555655436,0.652138719133618
RBM14_RBM14,-0.809501581483309,2.28338835380944e-08,-0.651217463975901,0.0025870233554984,-0.658307290849654,8.295793816248139e-12,True,True,True,True,True,True,3,3,down,True,True,-0.658307290849654,0.658307290849654,0.651217463975901
NFKBIA_NFKBIA,1.34438006426329,2.3562572384955497e-11,1.39076711867337,2.21019739542968e-05,0.651205798744234,4.27709061759125e-12,True,True,True,True,True,True,3,3,up,True,True,1.34438006426329,1.34438006426329,0.651205798744234
PRDM11_PRDM11,0.651023092343257,8.80461207695691e-05,0.712927358038998,0.0096972989933227,2.38728952891709,3.72197488026798e-08,True,True,True,True,True,True,3,3,up,True,True,0.712927358038998,0.712927358038998,0.651023092343257
AIFM1_AIFM1,-0.990057670999464,1.2389647282600699e-11,-0.650993527765024,0.0011807998851353,-1.08191788858466,2.74760146721647e-11,True,True,True,True,True,True,3,3,down,True,True,-0.990057670999464,0.990057670999464,0.650993527765024
SIGMAR1_SIGMAR1,-1.07742440342567,4.88856275092177e-11,-0.753078267878593,0.0180939424367752,-0.65089115798424,2.94872676033887e-11,True,True,True,True,True,True,3,3,down,True,True,-0.753078267878593,0.753078267878593,0.65089115798424
SMS_SMS,-0.650801704388196,4.23344399859834e-08,-0.751825901180704,0.0248377662994755,-1.14546930107961,4.17807438299816e-15,True,True,True,True,True,True,3,3,down,True,True,-0.751825901180704,0.751825901180704,0.650801704388196
TYRO3_TYRO3,-0.682716478535862,5.0854979395073e-06,-0.650554782261799,0.0085260961269211,-1.10310843674652,5.76867089170255e-10,True,True,True,True,True,True,3,3,down,True,True,-0.682716478535862,0.682716478535862,0.650554782261799
SNRNP40_SNRNP40,-1.42771554662747,8.98962997572821e-10,-0.650383312423096,0.0156195698716918,-1.35028666629913,1.2461033934721e-13,True,True,True,True,True,True,3,3,down,True,True,-1.35028666629913,1.35028666629913,0.650383312423096
SNRPD2_SNRPD2,-0.706056097398255,9.69087764150551e-09,-1.01057546692972,0.0327269848568461,-0.650167198028238,3.64916928140668e-05,True,True,True,True,True,True,3,3,down,True,True,-0.706056097398255,0.706056097398255,0.650167198028238
DAZAP1_DAZAP1,-0.925974166804858,1.55010617493243e-10,-0.881688022560438,0.0024012831329657,-0.649461481090502,3.35551003886375e-12,True,True,True,True,True,True,3,3,down,True,True,-0.881688022560438,0.881688022560438,0.649461481090502
VPS11_VPS11,0.750382194272353,6.16393150458811e-07,0.649275552373827,0.0276843437355122,0.855538301051636,2.5617704683042798e-11,True,True,True,True,True,True,3,3,up,True,True,0.750382194272353,0.750382194272353,0.649275552373827
SLCO4A1_SLCO4A1,-0.649024791186032,1.23470494296799e-06,-1.72383745362976,2.23899514457945e-05,-1.55829089850298,1.33208336278947e-18,True,True,True,True,True,True,3,3,down,True,True,-1.55829089850298,1.55829089850298,0.649024791186032
APITD1_APITD1,-0.99849095693121,8.45674408889574e-07,-0.648732786028269,0.0147926029987691,-1.09825528079059,5.72488346080184e-10,True,True,True,True,True,True,3,3,down,True,True,-0.99849095693121,0.99849095693121,0.648732786028269
KYNU_KYNU,-1.37303614562603,4.72932541255241e-07,-1.05258906012355,0.0147151585688855,-0.648699543625885,3.63408371229446e-07,True,True,True,True,True,True,3,3,down,True,True,-1.05258906012355,1.05258906012355,0.648699543625885
PGK1_PGK1,-0.648497216537018,8.19687930665783e-10,-0.734259541345325,0.0010817016747125,-1.51866553424137,3.74463333157345e-19,True,True,True,True,True,True,3,3,down,True,True,-0.734259541345325,0.734259541345325,0.648497216537018
TYMS_TYMS,-0.648490572529102,0.0036086000922109,-1.07657829470464,0.0010657483136296,-2.91291700526725,3.49458796539613e-16,True,True,True,True,True,True,3,3,down,True,True,-1.07657829470464,1.07657829470464,0.648490572529102
SLC26A6_SLC26A6,-0.868501921531852,1.29457233541166e-05,-1.13311008912955,0.0057331343515101,-0.648294085323501,6.25843888259119e-08,True,True,True,True,True,True,3,3,down,True,True,-0.868501921531852,0.868501921531852,0.648294085323501
ARHGEF10L_ARHGEF10L,1.1692306560475,1.49124735708705e-10,0.647655841049809,0.0016586131817264,0.714072982958763,6.1227940374762e-08,True,True,True,True,True,True,3,3,up,True,True,0.714072982958763,0.714072982958763,0.647655841049809
C9orf3_C9orf3,1.31457797991639,1.5595486655305097e-11,0.646514665570816,0.0113781682761886,0.772563397285759,4.76370799982224e-07,True,True,True,True,True,True,3,3,up,True,True,0.772563397285759,0.772563397285759,0.646514665570816
SLC25A3_SLC25A3,-0.842386407628926,4.8719763500210094e-11,-0.645029785367253,0.0011609706081856,-0.765230450780573,7.87363887434025e-12,True,True,True,True,True,True,3,3,down,True,True,-0.765230450780573,0.765230450780573,0.645029785367253
HMGA1_HMGA1,-2.21106137942632,2.9432463733415703e-15,-2.02929662695752,0.0003390445428134,-0.642663477209373,3.38304819035028e-11,True,True,True,True,True,True,3,3,down,True,True,-2.02929662695752,2.02929662695752,0.642663477209373
MZT2B_MZT2B,-1.28305434973812,3.27657364052416e-08,-1.55989502908016,0.0085801248204235,-0.642054500311763,0.0002489445852477,True,True,True,True,True,True,3,3,down,True,True,-1.28305434973812,1.28305434973812,0.642054500311763
HAT1_HAT1,-1.22371135105652,2.46718309032797e-12,-0.641280019557113,0.0111615724606323,-1.34021877058593,3.9116561583727595e-11,True,True,True,True,True,True,3,3,down,True,True,-1.22371135105652,1.22371135105652,0.641280019557113
FAM171A1_FAM171A1,0.640863485248533,0.0240166840885157,1.98734168803588,0.0018911938016163,5.76112441844477,9.28342443890303e-08,True,True,True,True,True,True,3,3,up,True,True,1.98734168803588,1.98734168803588,0.640863485248533
OVOL1_OVOL1,1.55631839923609,3.88443531072098e-11,0.640435913938468,0.0018585394805752,1.97689223431334,8.89777553836422e-16,True,True,True,True,True,True,3,3,up,True,True,1.55631839923609,1.55631839923609,0.640435913938468
OAT_OAT,-0.717310405900779,3.6646914484510304e-09,-1.54270314321745,0.0002810562567678,-0.639614555182801,1.388800112939e-10,True,True,True,True,True,True,3,3,down,True,True,-0.717310405900779,0.717310405900779,0.639614555182801
VRK1_VRK1,-0.639340321654267,0.0001612883247356,-1.23798410516851,4.52346149156459e-05,-2.26417413513089,4.14226917727852e-16,True,True,True,True,True,True,3,3,down,True,True,-1.23798410516851,1.23798410516851,0.639340321654267
RFT1_RFT1,-0.996567314551091,6.539308878026661e-09,-0.678354872663933,0.004922694088278,-0.639033363856183,5.6484256672906105e-09,True,True,True,True,True,True,3,3,down,True,True,-0.678354872663933,0.678354872663933,0.639033363856183
GLO1_GLO1,-0.934134129452376,3.11822916551574e-08,-0.638298831346461,0.0014953156350186,-1.07264015956832,2.9815390366088602e-15,True,True,True,True,True,True,3,3,down,True,True,-0.934134129452376,0.934134129452376,0.638298831346461
PSMC5_PSMC5,-0.637878341602704,4.420431478578841e-09,-0.883486281915893,0.0258808921855416,-0.668979134523984,8.29315471055683e-12,True,True,True,True,True,True,3,3,down,True,True,-0.668979134523984,0.668979134523984,0.637878341602704
MRPL37_MRPL37,-1.02705018693436,3.06276610077786e-10,-0.96272376034447,0.0311682971560315,-0.637768103026394,2.52685076130853e-10,True,True,True,True,True,True,3,3,down,True,True,-0.96272376034447,0.96272376034447,0.637768103026394
TXNDC17_TXNDC17,-0.637080836203895,8.58451340284204e-06,-1.31785552608163,0.0004045013115449,-1.48000698823183,5.32322738404205e-11,True,True,True,True,True,True,3,3,down,True,True,-1.31785552608163,1.31785552608163,0.637080836203895
MYO5B_MYO5B,0.63684807629871,1.14500708709001e-08,0.817578033196096,0.0016870065371128,0.91753883315193,4.77127269228794e-11,True,True,True,True,True,True,3,3,up,True,True,0.817578033196096,0.817578033196096,0.63684807629871
DHFRL1_DHFRL1,0.636362217730037,0.0001542433441449,1.66128692413031,0.001741876893221,0.752516687917507,3.79713925056342e-07,True,True,True,True,True,True,3,3,up,True,True,0.752516687917507,0.752516687917507,0.636362217730037
GART_GART,-1.57959974383735,7.94507922619185e-13,-0.705959024727852,0.017104186844463,-0.635661319023531,3.78534922994861e-12,True,True,True,True,True,True,3,3,down,True,True,-0.705959024727852,0.705959024727852,0.635661319023531
NUP210_NUP210,-2.30589130592166,2.86421406286319e-14,-1.20675464793245,0.0147375865575244,-0.635353162116658,1.67775392858161e-10,True,True,True,True,True,True,3,3,down,True,True,-1.20675464793245,1.20675464793245,0.635353162116658
ZC3H10_ZC3H10,1.75325716364206,9.0554973279151e-08,0.635280085824138,0.0187956116743769,1.01611507695295,3.1334226240540604e-09,True,True,True,True,True,True,3,3,up,True,True,1.01611507695295,1.01611507695295,0.635280085824138
VARS_VARS,-1.63447600484866,4.39678915879449e-12,-1.0926411292322,0.0201744369801872,-0.634908277240081,1.2121020376068198e-11,True,True,True,True,True,True,3,3,down,True,True,-1.0926411292322,1.0926411292322,0.634908277240081
CRELD2_CRELD2,-0.634582400267397,0.0001165397090777,-1.38492358535922,0.002067198157816,-1.22433235115819,5.08077762203504e-12,True,True,True,True,True,True,3,3,down,True,True,-1.22433235115819,1.22433235115819,0.634582400267397
AK6_AK6,-0.745721942775545,8.57678797239101e-06,-0.634392878055225,0.0099971991547925,-0.886830739208974,3.22153058430659e-08,True,True,True,True,True,True,3,3,down,True,True,-0.745721942775545,0.745721942775545,0.634392878055225
SLAIN1_SLAIN1,-2.07502995596299,0.0002114077157894,-0.633530734707945,0.0384992109065452,-0.652967551626418,1.88679228846568e-06,True,True,True,True,True,True,3,3,down,True,True,-0.652967551626418,0.652967551626418,0.633530734707945
GPSM1_GPSM1,0.633307354835474,0.003647577656556,0.875857796809806,0.0129854465019225,2.26851007759488,2.40790404213181e-16,True,True,True,True,True,True,3,3,up,True,True,0.875857796809806,0.875857796809806,0.633307354835474
MRGBP_MRGBP,-1.22498219549967,9.742613605069809e-11,-0.937821471369665,0.0042741900416487,-0.633139680207925,7.743449779074431e-09,True,True,True,True,True,True,3,3,down,True,True,-0.937821471369665,0.937821471369665,0.633139680207925
TMA16_TMA16,-0.640251658346703,1.81343282967112e-05,-0.762548329309183,0.00141145933969,-0.632603108495066,4.57914696895136e-08,True,True,True,True,True,True,3,3,down,True,True,-0.640251658346703,0.640251658346703,0.632603108495066
RAD54L_RAD54L,-1.90091824444155,6.78807082167081e-12,-0.632478517682419,0.0052276275625343,-2.54500625098917,4.09056027160905e-16,True,True,True,True,True,True,3,3,down,True,True,-1.90091824444155,1.90091824444155,0.632478517682419
MXRA7_MXRA7,0.813955205519351,0.0421245253133428,0.697745453605866,0.0055139904707603,0.632045287118365,7.50472264093365e-11,True,True,True,True,True,True,3,3,up,True,True,0.697745453605866,0.697745453605866,0.632045287118365
FAM216A_FAM216A,-2.47199863049697,1.17074331491026e-09,-1.99268938010748,0.0004115103374433,-0.631653210120247,4.99488018532666e-06,True,True,True,True,True,True,3,3,down,True,True,-1.99268938010748,1.99268938010748,0.631653210120247
BUB3_BUB3,-1.02295174026281,8.84133308159352e-12,-0.631377782856727,0.0014273608354198,-0.852643709576911,1.15337774461343e-12,True,True,True,True,True,True,3,3,down,True,True,-0.852643709576911,0.852643709576911,0.631377782856727
PTMA_PTMA,-0.631014727755227,1.9632709418807403e-09,-0.93087178537909,0.0001304956968541,-1.02305219359258,4.2316767457860005e-17,True,True,True,True,True,True,3,3,down,True,True,-0.93087178537909,0.93087178537909,0.631014727755227
NUP93_NUP93,-1.53980800496919,5.39673534450841e-13,-0.630896591930439,0.0090865551698072,-1.15884219101868,3.64861346316112e-14,True,True,True,True,True,True,3,3,down,True,True,-1.15884219101868,1.15884219101868,0.630896591930439
SLC35E2B_SLC35E2B,0.630437258475284,1.46986373461849e-08,0.757497169650454,0.0110486783681177,1.36078823948616,1.92340134145855e-15,True,True,True,True,True,True,3,3,up,True,True,0.757497169650454,0.757497169650454,0.630437258475284
PGM1_PGM1,-0.630301432861799,5.155229857999991e-09,-0.729268088808382,0.0062804737206982,-1.83121520515133,1.15731341503166e-16,True,True,True,True,True,True,3,3,down,True,True,-0.729268088808382,0.729268088808382,0.630301432861799
C5orf34_C5orf34,-1.084266179386,1.50915993606403e-05,-0.628412580048506,0.0110107064291696,-1.66094465035633,2.99001603911098e-08,True,True,True,True,True,True,3,3,down,True,True,-1.084266179386,1.084266179386,0.628412580048506
GOLPH3L_GOLPH3L,0.889414287872039,2.03583306315396e-07,0.714595870343248,0.0031727852205888,0.627931685622101,1.01195470917819e-08,True,True,True,True,True,True,3,3,up,True,True,0.714595870343248,0.714595870343248,0.627931685622101
COPS3_COPS3,-1.45753219967641,1.16478536636196e-12,-0.627823734800275,0.0233854835520597,-0.93964015715201,1.2610919843219999e-13,True,True,True,True,True,True,3,3,down,True,True,-0.93964015715201,0.93964015715201,0.627823734800275
PARP1_PARP1,-1.11909225985213,2.77430949694731e-10,-0.627374311946353,0.0453523778302651,-0.710634975787948,2.22052673351798e-13,True,True,True,True,True,True,3,3,down,True,True,-0.710634975787948,0.710634975787948,0.627374311946353
CCNL2_CCNL2,0.62735197053745,7.76614205737624e-05,0.77521426910652,0.0023063753233916,0.90045089474913,1.47182158221959e-08,True,True,True,True,True,True,3,3,up,True,True,0.77521426910652,0.77521426910652,0.62735197053745
PITX1_PITX1,-0.627027109610132,2.58951720652499e-06,-1.1703402335511,0.040480425110241,-1.90433096996005,3.36028487411771e-15,True,True,True,True,True,True,3,3,down,True,True,-1.1703402335511,1.1703402335511,0.627027109610132
IRX5_IRX5,-1.85588341498812,6.68796016346526e-06,-0.653930163917047,0.0459836734124171,-0.627001804841584,0.0278370999251343,True,True,True,True,True,True,3,3,down,True,True,-0.653930163917047,0.653930163917047,0.627001804841584
SNAP23_SNAP23,1.29968981281196,1.27344235839911e-10,0.782827517395231,0.0383349108826512,0.626754546540345,1.5452765067904402e-09,True,True,True,True,True,True,3,3,up,True,True,0.782827517395231,0.782827517395231,0.626754546540345
DNAJC6_DNAJC6,0.625602795772736,1.45067972480946e-05,1.2530596099434,0.0479147548606684,1.08520325351991,1.0918518333451e-11,True,True,True,True,True,True,3,3,up,True,True,1.08520325351991,1.08520325351991,0.625602795772736
RDH11_RDH11,-0.957969629392679,6.80866721369204e-10,-0.623703422492474,0.0104405217707875,-0.668482751405313,7.09641482646906e-10,True,True,True,True,True,True,3,3,down,True,True,-0.668482751405313,0.668482751405313,0.623703422492474
GRWD1_GRWD1,-0.672195444973486,3.508782515048e-05,-0.629658090695472,0.0133417621339159,-0.623070792130242,9.32406658382498e-11,True,True,True,True,True,True,3,3,down,True,True,-0.629658090695472,0.629658090695472,0.623070792130242
RWDD4_RWDD4,-0.639992329723485,6.58917037195327e-05,-0.622905979827001,0.0085456210943136,-0.940008261293545,8.25061340844429e-10,True,True,True,True,True,True,3,3,down,True,True,-0.639992329723485,0.639992329723485,0.622905979827001
CXXC5_CXXC5,0.620919739459712,8.53523416473993e-07,0.663662427366879,0.0301663525045408,1.48416771956677,8.379886418948501e-16,True,True,True,True,True,True,3,3,up,True,True,0.663662427366879,0.663662427366879,0.620919739459712
THAP10_THAP10,-0.701301524370531,0.0004309991411424,-0.620757239619945,0.0055452255895408,-0.841342668561827,1.40124198261657e-07,True,True,True,True,True,True,3,3,down,True,True,-0.701301524370531,0.701301524370531,0.620757239619945
GTF2A2_GTF2A2,-0.62066132670272,1.34041647571312e-05,-0.936067967493208,0.0208361171411104,-0.934833157689448,1.19614409748098e-10,True,True,True,True,True,True,3,3,down,True,True,-0.934833157689448,0.934833157689448,0.62066132670272
HDGFRP2_HDGFRP2,-0.640907274586318,2.53905732990246e-05,-0.6203347349234,0.0026593425751504,-0.66039836709995,6.28861661759823e-10,True,True,True,True,True,True,3,3,down,True,True,-0.640907274586318,0.640907274586318,0.6203347349234
HMGN2_HMGN2,-0.620024440966559,1.1024675530522901e-09,-1.18764580395305,0.0003364329447903,-1.38648676415157,4.2770765516570403e-17,True,True,True,True,True,True,3,3,down,True,True,-1.18764580395305,1.18764580395305,0.620024440966559
IMMT_IMMT,-0.803936445810829,2.88042751526184e-10,-0.619516914063779,0.0017083737368009,-0.656718210961646,1.7445060530098701e-09,True,True,True,True,True,True,3,3,down,True,True,-0.656718210961646,0.656718210961646,0.619516914063779
TBRG1_TBRG1,0.677784951799029,5.21995709879253e-06,0.809291794419061,0.0025274355593506,0.61929951087598,1.89812520567891e-08,True,True,True,True,True,True,3,3,up,True,True,0.677784951799029,0.677784951799029,0.61929951087598
PEA15_PEA15,0.851276072991501,2.81644154981086e-11,0.617867571469467,0.0341012367669687,1.36035159427012,3.7341348833885e-19,True,True,True,True,True,True,3,3,up,True,True,0.851276072991501,0.851276072991501,0.617867571469467
TMEM201_TMEM201,-0.617815261757332,0.0002243156198935,-1.04018754812879,0.0007660882301806,-0.77665493510228,2.6777860356102603e-09,True,True,True,True,True,True,3,3,down,True,True,-0.77665493510228,0.77665493510228,0.617815261757332
BMP1_BMP1,0.617162957606002,7.05959217268078e-07,0.929876739034701,0.0125189609022553,1.68730457207456,9.35353351002601e-21,True,True,True,True,True,True,3,3,up,True,True,0.929876739034701,0.929876739034701,0.617162957606002
H2AFY_H2AFY,-0.615036519716378,1.7976982100731101e-09,-0.906074077158704,0.0041444901386029,-0.728660281411057,9.6603995893652e-14,True,True,True,True,True,True,3,3,down,True,True,-0.728660281411057,0.728660281411057,0.615036519716378
DUSP5_DUSP5,-0.615001880284776,1.9953095888954e-06,-1.51193810116641,0.0006645245530561,-0.80055780953362,9.5983639089448e-11,True,True,True,True,True,True,3,3,down,True,True,-0.80055780953362,0.80055780953362,0.615001880284776
SAE1_SAE1,-1.09216904428447,2.08940407769853e-12,-0.808844256594365,0.0035488601190151,-0.614897575524344,2.61704064369081e-10,True,True,True,True,True,True,3,3,down,True,True,-0.808844256594365,0.808844256594365,0.614897575524344
ELFN2_ELFN2,0.614344289143598,2.59496329022541e-06,0.841676837837412,0.0001941087273197,1.18178869024503,1.25712419636765e-10,True,True,True,True,True,True,3,3,up,True,True,0.841676837837412,0.841676837837412,0.614344289143598
GPN3_GPN3,-0.61383437945802,3.52806567197959e-06,-0.727076548753535,0.0049988147424009,-0.879180577848774,5.095717727854451e-10,True,True,True,True,True,True,3,3,down,True,True,-0.727076548753535,0.727076548753535,0.61383437945802
MAGOHB_MAGOHB,-0.613715857819606,1.85444114216008e-06,-0.926306845751828,0.0003008399096216,-1.07125122506819,4.9104101960987704e-09,True,True,True,True,True,True,3,3,down,True,True,-0.926306845751828,0.926306845751828,0.613715857819606
RSRP1_RSRP1,0.612583716479064,9.69559637993188e-05,1.05348917364067,0.0002111567741145,1.79715524648388,1.52600643208011e-14,True,True,True,True,True,True,3,3,up,True,True,1.05348917364067,1.05348917364067,0.612583716479064
PLEKHM1P_PLEKHM1P,0.803959845869471,1.39561463073729e-05,0.612167138430928,0.0113752359483659,0.854459386790163,3.45834280377551e-05,True,True,True,True,True,True,3,3,up,True,True,0.803959845869471,0.803959845869471,0.612167138430928
NAE1_NAE1,-1.25565102294226,8.57378926118706e-12,-0.611654778858126,0.0024338433253351,-0.868994403890974,5.07091381421654e-12,True,True,True,True,True,True,3,3,down,True,True,-0.868994403890974,0.868994403890974,0.611654778858126
LIPH_LIPH,0.611094628062144,0.0001561349506326,1.07050286505129,0.0047754956582814,1.110287470853,5.5964567874428497e-11,True,True,True,True,True,True,3,3,up,True,True,1.07050286505129,1.07050286505129,0.611094628062144
EFHD2_EFHD2,-0.94004611110438,5.578435516019211e-09,-0.610459849707667,0.0217585780714523,-2.33878411180634,3.4474563617930397e-22,True,True,True,True,True,True,3,3,down,True,True,-0.94004611110438,0.94004611110438,0.610459849707667
ZNF70_ZNF70,1.42038680273222,8.2819650854456e-05,0.609969054896336,0.0497256981063237,0.979171595516972,2.27822345041841e-06,True,True,True,True,True,True,3,3,up,True,True,0.979171595516972,0.979171595516972,0.609969054896336
MTFR1_MTFR1,-1.00270900931313,9.32548182092385e-09,-0.767773826152649,0.0122593042265165,-0.608643611720054,2.51892686762815e-09,True,True,True,True,True,True,3,3,down,True,True,-0.767773826152649,0.767773826152649,0.608643611720054
SSBP1_SSBP1,-0.828384325626752,4.47031458343212e-08,-0.764131032955071,0.0418981160356646,-0.60838668595722,3.89534238336476e-09,True,True,True,True,True,True,3,3,down,True,True,-0.764131032955071,0.764131032955071,0.60838668595722
KDM5B_KDM5B,0.608357085945319,2.27208666104892e-07,1.22691132312531,0.0059883506156429,0.739281625752738,2.35747916186104e-10,True,True,True,True,True,True,3,3,up,True,True,0.739281625752738,0.739281625752738,0.608357085945319
TNFRSF18_TNFRSF18,-4.74594400744867,1.03389654831941e-08,-1.79608462187255,0.0385268188512157,-0.608082281405838,0.000264041632127,True,True,True,True,True,True,3,3,down,True,True,-1.79608462187255,1.79608462187255,0.608082281405838
CCT8_CCT8,-0.912867590683707,4.54478270408821e-09,-0.751685098337632,0.000369495106215,-0.607978865047411,7.08797695320823e-12,True,True,True,True,True,True,3,3,down,True,True,-0.751685098337632,0.751685098337632,0.607978865047411
SLC29A3_SLC29A3,2.12034319730577,2.52849325437188e-15,0.838719426014731,0.0225003985593273,0.607869601286416,3.23236328057482e-05,True,True,True,True,True,True,3,3,up,True,True,0.838719426014731,0.838719426014731,0.607869601286416
NBPF9_NBPF9,0.607756274088366,7.16874413767942e-05,0.930084972996246,0.0112774396085269,0.901641783884966,0.0036752544334386,True,True,True,True,True,True,3,3,up,True,True,0.901641783884966,0.901641783884966,0.607756274088366
NACC1_NACC1,-0.607679891995264,1.33683147740619e-05,-0.807437472943525,0.0003688598647031,-0.785653069396497,2.0722159631199e-12,True,True,True,True,True,True,3,3,down,True,True,-0.785653069396497,0.785653069396497,0.607679891995264
GTF2IP20_GTF2IP20,0.970852558932739,6.92787384100276e-06,0.607243143479964,0.0422774080043746,0.859484344181656,2.59184266358433e-05,True,True,True,True,True,True,3,3,up,True,True,0.859484344181656,0.859484344181656,0.607243143479964
GGACT_GGACT,0.74871530555883,0.0028265268120766,0.607169698821591,0.0295953460912743,0.654837595080285,0.0050032571364817,True,True,True,True,True,True,3,3,up,True,True,0.654837595080285,0.654837595080285,0.607169698821591
RNASEL_RNASEL,0.607144163256669,3.03199665466286e-05,1.14056367263801,0.0164900412014398,0.65782111901706,0.0012462503774561,True,True,True,True,True,True,3,3,up,True,True,0.65782111901706,0.65782111901706,0.607144163256669
MAX_MAX,0.89347030409033,1.60991804280869e-08,0.7704136266699,0.0005847047965404,0.606732604036958,3.1969718633394e-10,True,True,True,True,True,True,3,3,up,True,True,0.7704136266699,0.7704136266699,0.606732604036958
TMEM59_TMEM59,1.0796889905573,1.73059218900226e-10,0.609524630172251,0.003542240505343,0.606355145497393,5.28073509061749e-10,True,True,True,True,True,True,3,3,up,True,True,0.609524630172251,0.609524630172251,0.606355145497393
ZNF497_ZNF497,0.606296667585299,0.0034616319340423,1.20084288866585,0.0129795506497219,1.08337290009221,2.40512614170615e-08,True,True,True,True,True,True,3,3,up,True,True,1.08337290009221,1.08337290009221,0.606296667585299
TMEM45B_TMEM45B,1.21405680774532,2.93538529202091e-11,0.606170631392742,0.002628309729071,2.37685432116145,4.3219373734473195e-11,True,True,True,True,True,True,3,3,up,True,True,1.21405680774532,1.21405680774532,0.606170631392742
MPP6_MPP6,-2.43109857386988,8.60731001463534e-12,-1.46907530447531,9.06878944932684e-05,-0.605077148730503,7.30185496357809e-06,True,True,True,True,True,True,3,3,down,True,True,-1.46907530447531,1.46907530447531,0.605077148730503
CRB3_CRB3,0.604907632876808,3.32720302715943e-05,0.792657962563976,0.0021683782002484,0.787763901857941,1.81204519900509e-05,True,True,True,True,True,True,3,3,up,True,True,0.787763901857941,0.787763901857941,0.604907632876808
YBX1_YBX1,-1.06368923879139,1.02236254762963e-12,-1.31777493732591,2.50898526871664e-05,-0.604786482635562,1.3859892474904898e-11,True,True,True,True,True,True,3,3,down,True,True,-1.06368923879139,1.06368923879139,0.604786482635562
KRR1_KRR1,-0.624941505693578,1.04408709251627e-05,-0.985084755688013,0.0017841331260945,-0.604781207844901,4.67490927235228e-08,True,True,True,True,True,True,3,3,down,True,True,-0.624941505693578,0.624941505693578,0.604781207844901
SLC25A15_SLC25A15,-1.38919194198033,6.02250151890393e-09,-0.731763307503467,0.0016731077176346,-0.604604923071715,1.21885589229734e-06,True,True,True,True,True,True,3,3,down,True,True,-0.731763307503467,0.731763307503467,0.604604923071715
PRDX1_PRDX1,-0.665730628557981,1.11020036163195e-08,-0.844491128907487,0.0078715762160187,-0.603941170484784,2.94187948253921e-10,True,True,True,True,True,True,3,3,down,True,True,-0.665730628557981,0.665730628557981,0.603941170484784
ERGIC1_ERGIC1,0.723406676444062,2.26706306164703e-10,0.603862503176427,0.0034778401778278,0.972149170349167,2.2761875556131e-16,True,True,True,True,True,True,3,3,up,True,True,0.723406676444062,0.723406676444062,0.603862503176427
UQCRH_UQCRH,-0.773440807878453,2.38760678262902e-10,-0.918361598612963,0.0172110544168408,-0.603454838812192,0.0105291575325607,True,True,True,True,True,True,3,3,down,True,True,-0.773440807878453,0.773440807878453,0.603454838812192
COPS4_COPS4,-1.21734943802756,2.9509740116898e-09,-0.603158201456744,0.0184469316427951,-0.784277982041196,7.65509867594146e-10,True,True,True,True,True,True,3,3,down,True,True,-0.784277982041196,0.784277982041196,0.603158201456744
ANKRD22_ANKRD22,-0.601078500254746,0.0001406986449045,-1.84748238187773,0.0002574223448154,-3.80344365806877,2.7699939667616397e-13,True,True,True,True,True,True,3,3,down,True,True,-1.84748238187773,1.84748238187773,0.601078500254746
RAD51C_RAD51C,-0.682111941992453,5.59669228607546e-05,-0.600924953434816,0.0106748653209,-1.68168256245521,8.115804744507141e-14,True,True,True,True,True,True,3,3,down,True,True,-0.682111941992453,0.682111941992453,0.600924953434816
UBA5_UBA5,-0.746268635526192,5.37893823490929e-08,-0.624962039574618,0.003969523428153,-0.600358978165495,5.54109880084012e-07,True,True,True,True,True,True,3,3,down,True,True,-0.624962039574618,0.624962039574618,0.600358978165495
CENPU_CENPU,-2.01486167339085,4.03201246250849e-13,-0.599383475583013,0.0149330389732205,-2.49011521889227,6.37158654289885e-18,True,True,True,True,True,True,3,3,down,True,True,-2.01486167339085,2.01486167339085,0.599383475583013
GRN_GRN,2.0160741045161,2.06925132140435e-14,0.598839201013243,0.0256858223642607,1.32962902149934,1.50166656122549e-18,True,True,True,True,True,True,3,3,up,True,True,1.32962902149934,1.32962902149934,0.598839201013243
ADK_ADK,-0.598404754929699,6.35038325862219e-07,-0.84222298311901,0.0009332697776201,-0.810718130689765,1.1859717039282e-09,True,True,True,True,True,True,3,3,down,True,True,-0.810718130689765,0.810718130689765,0.598404754929699
NDUFB6_NDUFB6,-0.597583199504736,1.5734223711923e-05,-0.922193952572681,0.0060481643464207,-1.24915225708888,4.85694210941777e-10,True,True,True,True,True,True,3,3,down,True,True,-0.922193952572681,0.922193952572681,0.597583199504736
UTP15_UTP15,-0.834814016141707,2.02443174580494e-06,-0.597450008705322,0.0257426199794114,-0.969612496494606,2.808822542089e-09,True,True,True,True,True,True,3,3,down,True,True,-0.834814016141707,0.834814016141707,0.597450008705322
SUCLG1_SUCLG1,-1.28387982861427,1.66671761090988e-12,-0.596411366731274,0.046302539698857,-1.00292628424269,1.1445586705456799e-11,True,True,True,True,True,True,3,3,down,True,True,-1.00292628424269,1.00292628424269,0.596411366731274
PRPF4_PRPF4,-0.787665913399731,1.8001556946799502e-09,-0.596293190520531,0.0080300027332954,-0.93344176413351,3.00227156112739e-15,True,True,True,True,True,True,3,3,down,True,True,-0.787665913399731,0.787665913399731,0.596293190520531
DNAJC9_DNAJC9,-0.97745368177131,1.1821191911320802e-09,-0.596015158049375,0.0053442925421088,-1.18356907745644,9.37270777755217e-13,True,True,True,True,True,True,3,3,down,True,True,-0.97745368177131,0.97745368177131,0.596015158049375
TXNDC5_TXNDC5,-0.595049361213886,5.35488867652547e-09,-0.982005307134541,5.24802518352905e-05,-0.674002838918625,9.30102448600178e-13,True,True,True,True,True,True,3,3,down,True,True,-0.674002838918625,0.674002838918625,0.595049361213886
CCDC149_CCDC149,0.887047233335881,1.51043511925595e-07,0.594935570246699,0.0043501719387836,0.991396889379878,1.50529262216595e-08,True,True,True,True,True,True,3,3,up,True,True,0.887047233335881,0.887047233335881,0.594935570246699
PDHB_PDHB,-0.594737863467326,1.3062758151443e-06,-0.719838838940328,0.0020273940289436,-0.806791499821099,3.6104764170783296e-11,True,True,True,True,True,True,3,3,down,True,True,-0.719838838940328,0.719838838940328,0.594737863467326
HSPA4_HSPA4,-1.03951173835943,1.23112075381518e-10,-0.594622861119217,0.0022751677694515,-0.916491408844592,1.3190149683831499e-11,True,True,True,True,True,True,3,3,down,True,True,-0.916491408844592,0.916491408844592,0.594622861119217
MTA2_MTA2,-1.05671246693334,4.7810369648306e-12,-0.594534104473248,0.0159107345338587,-0.887493375275868,4.0918986392174e-15,True,True,True,True,True,True,3,3,down,True,True,-0.887493375275868,0.887493375275868,0.594534104473248
TIMM21_TIMM21,-0.819946445345339,2.07753796621822e-07,-0.593437850393244,0.0123597792585482,-0.679684606057319,6.6145898394502e-08,True,True,True,True,True,True,3,3,down,True,True,-0.679684606057319,0.679684606057319,0.593437850393244
CST6_CST6,0.592999646027679,5.01284876039253e-07,1.19804789139225,0.0465459438645664,2.13129937864579,9.8771568838206e-08,True,True,True,True,True,True,3,3,up,True,True,1.19804789139225,1.19804789139225,0.592999646027679
ARRDC2_ARRDC2,0.592189907771004,5.24410389720775e-05,0.763109852028065,0.001198363311578,1.3347711681611,8.887693477421289e-11,True,True,True,True,True,True,3,3,up,True,True,0.763109852028065,0.763109852028065,0.592189907771004
GSPT1_GSPT1,-1.16450247728844,4.34618401329967e-13,-0.5921830027325,0.0016000408527662,-0.630549181800817,4.616616765651819e-11,True,True,True,True,True,True,3,3,down,True,True,-0.630549181800817,0.630549181800817,0.5921830027325
WDR5_WDR5,-0.995770851055014,5.865770051746339e-11,-0.714847220729273,0.0005847047965404,-0.591582765039085,1.88139530187493e-10,True,True,True,True,True,True,3,3,down,True,True,-0.714847220729273,0.714847220729273,0.591582765039085
PDE8A_PDE8A,-0.622259600527182,1.17917113056981e-06,-0.591320165289599,0.037220060722526,-0.902919658158185,3.33184243896646e-10,True,True,True,True,True,True,3,3,down,True,True,-0.622259600527182,0.622259600527182,0.591320165289599
ALDH9A1_ALDH9A1,-0.590864878133514,1.54736576045947e-07,-0.804710449425639,0.0024730338255217,-0.860607376437578,8.30577110720752e-12,True,True,True,True,True,True,3,3,down,True,True,-0.804710449425639,0.804710449425639,0.590864878133514
POLR2G_POLR2G,-0.676127559822189,9.02205207831891e-08,-0.785819205051045,0.013187521785036,-0.590283859771394,6.1818156811143e-08,True,True,True,True,True,True,3,3,down,True,True,-0.676127559822189,0.676127559822189,0.590283859771394
CTC1_CTC1,0.744939129457561,7.1157993681112e-08,1.19332727228318,4.93260541469475e-05,0.590005479709288,1.65650772413102e-07,True,True,True,True,True,True,3,3,up,True,True,0.744939129457561,0.744939129457561,0.590005479709288
MR1_MR1,0.677759251008369,5.51228572614846e-06,0.902591407118776,0.0007376130834609,0.589721085232318,6.30285957017945e-05,True,True,True,True,True,True,3,3,up,True,True,0.677759251008369,0.677759251008369,0.589721085232318
NUP35_NUP35,-1.1287484031575,1.6108219164557802e-09,-0.589615442305567,0.0090124574025233,-0.874009923794385,1.92957460192307e-08,True,True,True,True,True,True,3,3,down,True,True,-0.874009923794385,0.874009923794385,0.589615442305567
RCCD1_RCCD1,-0.666157994769377,6.45023262971706e-06,-0.589401487168685,0.0073761777417619,-0.858741468379989,7.62598083708573e-08,True,True,True,True,True,True,3,3,down,True,True,-0.666157994769377,0.666157994769377,0.589401487168685
EXOSC7_EXOSC7,-0.589317273952936,4.93950085323175e-06,-1.08248241244193,0.0013794893123154,-0.790893901924329,3.869487665845e-07,True,True,True,True,True,True,3,3,down,True,True,-0.790893901924329,0.790893901924329,0.589317273952936
PPP2CA_PPP2CA,-0.631697577915135,2.1331073680932903e-09,-0.589118777759341,0.0022136968056083,-0.80495106773385,1.90056771226e-13,True,True,True,True,True,True,3,3,down,True,True,-0.631697577915135,0.631697577915135,0.589118777759341
ZNF333_ZNF333,0.588947642460687,0.0060060052708742,1.6363897739475,0.0040577707711211,1.74264159492878,1.1480208988366402e-09,True,True,True,True,True,True,3,3,up,True,True,1.6363897739475,1.6363897739475,0.588947642460687
BZW2_BZW2,-1.28748226974353,5.60722113737833e-13,-0.744292955370266,0.0007488293339013,-0.588509744583497,2.9543852308261402e-09,True,True,True,True,True,True,3,3,down,True,True,-0.744292955370266,0.744292955370266,0.588509744583497
HRH1_HRH1,0.601206325052238,1.55003657051216e-05,1.05895240682751,0.0166961607965647,0.588310462045774,9.85668832665977e-08,True,True,True,True,True,True,3,3,up,True,True,0.601206325052238,0.601206325052238,0.588310462045774
MRPL12_MRPL12,-0.588272994930963,2.3222176468311e-06,-1.20400594593597,0.0364605407850533,-0.947210332814489,1.78283847629968e-13,True,True,True,True,True,True,3,3,down,True,True,-0.947210332814489,0.947210332814489,0.588272994930963
GRPEL1_GRPEL1,-0.58773354263143,6.99930974424841e-07,-0.932551289990818,0.0052279830083003,-0.759603711825648,3.2418197409681195e-11,True,True,True,True,True,True,3,3,down,True,True,-0.759603711825648,0.759603711825648,0.58773354263143
SLC38A7_SLC38A7,0.587040391645667,5.89167599961672e-07,0.767121855227352,0.0104139006369786,0.790669065275113,7.88436271792754e-08,True,True,True,True,True,True,3,3,up,True,True,0.767121855227352,0.767121855227352,0.587040391645667
ITFG2_ITFG2,0.888131887640459,6.18805062650801e-08,0.822160343876873,0.0014876526558414,0.58699696295406,6.54389806417859e-06,True,True,True,True,True,True,3,3,up,True,True,0.822160343876873,0.822160343876873,0.58699696295406
RRP1_RRP1,-0.629010158076865,6.296843234949e-06,-0.807517661331061,0.0339917523606096,-0.586881024036827,4.563076378405211e-09,True,True,True,True,True,True,3,3,down,True,True,-0.629010158076865,0.629010158076865,0.586881024036827
CBR1_CBR1,-0.586737505520589,1.50011614315787e-07,-0.646027182270991,0.0089230131635498,-1.38239602540791,3.65260391610533e-15,True,True,True,True,True,True,3,3,down,True,True,-0.646027182270991,0.646027182270991,0.586737505520589
GTPBP4_GTPBP4,-0.858127775577608,9.66115560469749e-09,-0.946554299071006,0.0099786592035883,-0.586624382603651,5.47844641963908e-10,True,True,True,True,True,True,3,3,down,True,True,-0.858127775577608,0.858127775577608,0.586624382603651
CCT2_CCT2,-1.07689842422607,1.7888031168448498e-11,-0.832531062152896,0.0003391341742164,-0.585800318480761,2.19080414119595e-11,True,True,True,True,True,True,3,3,down,True,True,-0.832531062152896,0.832531062152896,0.585800318480761
ZNF564_ZNF564,0.755870885964337,1.56470901702426e-05,0.712939494781368,0.0415280217981399,0.585753520913722,0.0012328682486616,True,True,True,True,True,True,3,3,up,True,True,0.712939494781368,0.712939494781368,0.585753520913722
GUSBP4_GUSBP4,0.585740248938724,0.0040220222267773,0.745073381954658,0.0156195698716918,0.764073235950015,7.776881680537e-05,True,True,True,True,True,True,3,3,up,True,True,0.745073381954658,0.745073381954658,0.585740248938724
CNTNAP1_CNTNAP1,1.17558174439564,0.0055843577163748,1.82902589554501,0.0046329429519663,0.585150481925058,5.96066895661619e-07,True,True,True,True,True,True,3,3,up,True,True,1.17558174439564,1.17558174439564,0.585150481925058
CLCN7_CLCN7,0.585050213836877,4.02223406523591e-06,1.0914584931614,0.00771864070988,1.09801214165557,2.56761356344027e-14,True,True,True,True,True,True,3,3,up,True,True,1.0914584931614,1.0914584931614,0.585050213836877
SOX2_SOX2,-0.584339074378834,0.0440267429570305,-1.48592665018133,0.0013266880455908,-3.64424849621815,3.66978293260836e-13,True,True,True,True,True,True,3,3,down,True,True,-1.48592665018133,1.48592665018133,0.584339074378834
LARS2_LARS2,-0.970684638892211,2.2215929569351804e-09,-0.584305550387537,0.0069228146238614,-0.66247470133995,7.90304012973915e-09,True,True,True,True,True,True,3,3,down,True,True,-0.66247470133995,0.66247470133995,0.584305550387537
MDH1_MDH1,-0.702093650145318,5.74432006964673e-08,-0.583716689422344,0.0045416874364414,-0.786045539833649,1.05712051496534e-11,True,True,True,True,True,True,3,3,down,True,True,-0.702093650145318,0.702093650145318,0.583716689422344
RAB11FIP4_RAB11FIP4,1.44760395134209,9.525605358650581e-15,0.583332160215279,0.0034469982601668,1.39522236123642,9.78197038581662e-13,True,True,True,True,True,True,3,3,up,True,True,1.39522236123642,1.39522236123642,0.583332160215279
FANCA_FANCA,-1.80290528755455,1.2034097174140598e-11,-0.583269557842993,0.0111623253201795,-1.79326723707658,4.86851771273474e-16,True,True,True,True,True,True,3,3,down,True,True,-1.79326723707658,1.79326723707658,0.583269557842993
STRAP_STRAP,-1.09518752934392,1.60939244185433e-10,-0.582979955186762,0.0027162094258971,-0.628493090658319,3.73175555425626e-10,True,True,True,True,True,True,3,3,down,True,True,-0.628493090658319,0.628493090658319,0.582979955186762
PAQR7_PAQR7,1.89827236210834,9.28097698506495e-16,0.58289107921884,0.0473539293619221,0.89960879624347,4.99378565302063e-08,True,True,True,True,True,True,3,3,up,True,True,0.89960879624347,0.89960879624347,0.58289107921884
SLC36A4_SLC36A4,-0.582620544745339,0.0006780099493196,-1.02883570517888,0.0027456646563847,-0.952504035023228,1.9884027031976903e-09,True,True,True,True,True,True,3,3,down,True,True,-0.952504035023228,0.952504035023228,0.582620544745339
ILKAP_ILKAP,-1.03420520967277,7.2217807760599e-10,-0.588017646649831,0.0044134134295288,-0.582299422884054,2.98922971896721e-05,True,True,True,True,True,True,3,3,down,True,True,-0.588017646649831,0.588017646649831,0.582299422884054
DCUN1D5_DCUN1D5,-1.0775004255846,1.2968786733494901e-10,-0.582240352606728,0.0051757662666177,-1.02816683945916,2.40555419493606e-13,True,True,True,True,True,True,3,3,down,True,True,-1.02816683945916,1.02816683945916,0.582240352606728
CIR1_CIR1,0.582148493067789,1.74263927689456e-05,0.588494398044905,0.0195609897341042,1.21672419503783,2.28041628171315e-13,True,True,True,True,True,True,3,3,up,True,True,0.588494398044905,0.588494398044905,0.582148493067789
FAM161B_FAM161B,0.581651121396478,0.0074000084180491,0.92912799494035,0.0029877509300997,0.993254271295431,4.82088929101721e-06,True,True,True,True,True,True,3,3,up,True,True,0.92912799494035,0.92912799494035,0.581651121396478
TBCA_TBCA,-0.974746214155952,5.67942420209802e-10,-0.875044670912075,0.0089500997178168,-0.581038961641745,1.23763575067921e-05,True,True,True,True,True,True,3,3,down,True,True,-0.875044670912075,0.875044670912075,0.581038961641745
FDPS_FDPS,-0.891059231053278,1.32036419279454e-10,-1.086891996638,0.0148073321045301,-0.580804052233853,2.46659651364035e-09,True,True,True,True,True,True,3,3,down,True,True,-0.891059231053278,0.891059231053278,0.580804052233853
RAB11FIP5_RAB11FIP5,0.580569889333816,5.2135304209496e-06,0.682029776909918,0.001556662483393,1.20383443748918,6.61875429419483e-13,True,True,True,True,True,True,3,3,up,True,True,0.682029776909918,0.682029776909918,0.580569889333816
QTRT1_QTRT1,-0.595824694684865,0.000141657814511,-1.05254474202514,0.0167364482402373,-0.580502093704131,2.53427174685826e-06,True,True,True,True,True,True,3,3,down,True,True,-0.595824694684865,0.595824694684865,0.580502093704131
ATP5L_ATP5L,-0.580493729039495,2.92417260001933e-07,-0.866629336044444,0.0035901245328017,-0.87211598895178,3.04374899381108e-08,True,True,True,True,True,True,3,3,down,True,True,-0.866629336044444,0.866629336044444,0.580493729039495
SET_SET,-0.746314349362684,1.6658465006812202e-09,-0.795341127918945,0.0045513293638658,-0.580470662796232,1.13099229205884e-11,True,True,True,True,True,True,3,3,down,True,True,-0.746314349362684,0.746314349362684,0.580470662796232
ZBTB3_ZBTB3,0.607916959449998,0.0006474505689075,0.592479756094619,0.016954326310507,0.580362267051984,0.0015383974574931,True,True,True,True,True,True,3,3,up,True,True,0.592479756094619,0.592479756094619,0.580362267051984
TMCC2_TMCC2,0.580337277057603,0.0077615514509523,0.811408623174393,0.0076651597032229,0.779749190179906,1.5412530809258e-06,True,True,True,True,True,True,3,3,up,True,True,0.779749190179906,0.779749190179906,0.580337277057603
CCDC64B_CCDC64B,1.3711586290594,4.4006582407356503e-10,1.1937365488159,0.0261971357151405,0.579499760759258,0.0014577959193818,True,True,True,True,True,True,3,3,up,True,True,1.1937365488159,1.1937365488159,0.579499760759258
KIAA0319L_KIAA0319L,0.898360725844342,1.51011205716286e-10,0.579034803542706,0.001775209974875,0.955364630418359,3.27709507146743e-14,True,True,True,True,True,True,3,3,up,True,True,0.898360725844342,0.898360725844342,0.579034803542706
RGL3_RGL3,0.916519480629026,1.9199825945571e-07,0.578881230717727,0.0419593136083075,1.82774474347439,1.16101931505525e-13,True,True,True,True,True,True,3,3,up,True,True,0.916519480629026,0.916519480629026,0.578881230717727
EXOSC3_EXOSC3,-0.730508215986285,1.53564901627534e-06,-0.900754186816628,0.0008543449669941,-0.578351172182544,1.01096757253535e-07,True,True,True,True,True,True,3,3,down,True,True,-0.730508215986285,0.730508215986285,0.578351172182544
NUP188_NUP188,-1.27758947919297,1.0812395813479198e-11,-0.739166390214092,0.0011697211739134,-0.578313104767612,1.97649280479103e-10,True,True,True,True,True,True,3,3,down,True,True,-0.739166390214092,0.739166390214092,0.578313104767612
MANF_MANF,-0.578248728357141,6.8010569511683e-05,-1.44801110903392,0.0039187177862373,-0.869806840050105,1.44072091882936e-12,True,True,True,True,True,True,3,3,down,True,True,-0.869806840050105,0.869806840050105,0.578248728357141
ZNF395_ZNF395,-0.578044862583619,1.58696804679131e-07,-0.94151301471815,0.0072418869833683,-0.75634076689317,8.72168046452144e-11,True,True,True,True,True,True,3,3,down,True,True,-0.75634076689317,0.75634076689317,0.578044862583619
MAU2_MAU2,0.694756698095642,1.37904999375069e-08,0.578022654382669,0.0350001588931097,0.761512362226428,2.26253015678417e-10,True,True,True,True,True,True,3,3,up,True,True,0.694756698095642,0.694756698095642,0.578022654382669
NAV1_NAV1,0.577475003843102,8.75165322015291e-06,2.13112949065941,0.0004014708138761,0.745843183552456,1.29716587001313e-07,True,True,True,True,True,True,3,3,up,True,True,0.745843183552456,0.745843183552456,0.577475003843102
ATP5H_ATP5H,-0.625842759901785,3.07829814227127e-08,-0.915818286503948,0.0390823794905471,-0.577396038435849,0.02241345588495,True,True,True,True,True,True,3,3,down,True,True,-0.625842759901785,0.625842759901785,0.577396038435849
GEMIN2_GEMIN2,-1.4744904381127,7.61756563841292e-08,-0.577334960992627,0.0433742828872563,-1.11044334756053,8.507840268688799e-12,True,True,True,True,True,True,3,3,down,True,True,-1.11044334756053,1.11044334756053,0.577334960992627
PAN2_PAN2,0.576839230658866,4.03768253718874e-06,0.645241023983749,0.0215013430701779,0.704125637308053,6.4430280268317505e-09,True,True,True,True,True,True,3,3,up,True,True,0.645241023983749,0.645241023983749,0.576839230658866
ADCK3_ADCK3,0.660109403232586,7.6798640778861e-07,0.590430789876101,0.0052968691495608,0.575552578552834,1.67033309794051e-07,True,True,True,True,True,True,3,3,up,True,True,0.590430789876101,0.590430789876101,0.575552578552834
APBB3_APBB3,1.89126325339986,1.02024397029781e-08,0.775976395118126,0.0373407199655085,0.575384048529644,0.0137561489296222,True,True,True,True,True,True,3,3,up,True,True,0.775976395118126,0.775976395118126,0.575384048529644
TLN2_TLN2,0.575161051343253,0.0006350596410851,1.56382047067357,0.0003742743169395,2.61133811441628,1.79208541952492e-14,True,True,True,True,True,True,3,3,up,True,True,1.56382047067357,1.56382047067357,0.575161051343253
ATG13_ATG13,0.585890769287734,1.49618102517847e-08,0.693141105292426,0.0281556840190078,0.574127824024887,4.56105248962947e-08,True,True,True,True,True,True,3,3,up,True,True,0.585890769287734,0.585890769287734,0.574127824024887
WNT10A_WNT10A,2.54647665178183,1.32248497890549e-07,2.5966298452316,0.0011100585034777,0.573345828114024,0.0035818340493362,True,True,True,True,True,True,3,3,up,True,True,2.54647665178183,2.54647665178183,0.573345828114024
FAF1_FAF1,-1.08674362895739,4.20293887878245e-12,-0.947195299823187,0.0053833560225133,-0.572967461020224,1.08466969741562e-08,True,True,True,True,True,True,3,3,down,True,True,-0.947195299823187,0.947195299823187,0.572967461020224
HNRNPR_HNRNPR,-1.10326244998819,5.17555197369639e-12,-0.985427281485692,0.0346890220240456,-0.57280545045164,3.15617082410402e-11,True,True,True,True,True,True,3,3,down,True,True,-0.985427281485692,0.985427281485692,0.57280545045164
TRAF6_TRAF6,0.572693317436269,1.85124287813635e-06,0.62366293464946,0.0369611906358925,1.3630756908542,1.63579046761094e-09,True,True,True,True,True,True,3,3,up,True,True,0.62366293464946,0.62366293464946,0.572693317436269
MLYCD_MLYCD,0.849644803176921,3.97089629223531e-06,0.572156986266959,0.0333593508868209,1.07191005953809,6.25733540626455e-07,True,True,True,True,True,True,3,3,up,True,True,0.849644803176921,0.849644803176921,0.572156986266959
TRABD_TRABD,-0.598754068153875,0.0001013459909105,-0.804561788824341,0.0458221261846028,-0.571753940064546,1.66833132701707e-08,True,True,True,True,True,True,3,3,down,True,True,-0.598754068153875,0.598754068153875,0.571753940064546
HDGF_HDGF,-0.713877153451767,6.02419285971355e-10,-0.859813913519814,0.0066181547896178,-0.571006676557785,1.1695015063704401e-10,True,True,True,True,True,True,3,3,down,True,True,-0.713877153451767,0.713877153451767,0.571006676557785
TMEM14A_TMEM14A,-0.733211591325204,2.72616594553147e-07,-0.570524221329738,0.0070935151165273,-1.32634216511028,4.19811929402924e-10,True,True,True,True,True,True,3,3,down,True,True,-0.733211591325204,0.733211591325204,0.570524221329738
EIF4H_EIF4H,-0.777949123216642,3.5464061358466594e-11,-0.613710300554134,0.0014321223585401,-0.570056009555699,4.6553779281675394e-11,True,True,True,True,True,True,3,3,down,True,True,-0.613710300554134,0.613710300554134,0.570056009555699
RAPGEF1_RAPGEF1,0.846737113691215,5.07965600219083e-10,0.569671588069805,0.0151386728909798,1.47567382622546,3.69510570193808e-18,True,True,True,True,True,True,3,3,up,True,True,0.846737113691215,0.846737113691215,0.569671588069805
LRRC27_LRRC27,0.569633358205913,0.0216352703450411,2.02084655985825,0.0004337557652861,1.50773717611691,6.55904683746956e-06,True,True,True,True,True,True,3,3,up,True,True,1.50773717611691,1.50773717611691,0.569633358205913
C12orf49_C12orf49,0.569079435814996,3.26652588745179e-07,0.612559877828287,0.0354223039376346,0.653330958800646,4.0185112619610296e-11,True,True,True,True,True,True,3,3,up,True,True,0.612559877828287,0.612559877828287,0.569079435814996
SRSF2_SRSF2,-1.0494843837558,2.12724746544804e-10,-0.568624840191877,0.0290838374474588,-0.570277291857169,1.28888248824075e-10,True,True,True,True,True,True,3,3,down,True,True,-0.570277291857169,0.570277291857169,0.568624840191877
CUL1_CUL1,-0.624877338042587,6.22223302144136e-09,-0.568001907066876,0.0290298729920657,-0.56970032113131,2.50839744958202e-08,True,True,True,True,True,True,3,3,down,True,True,-0.56970032113131,0.56970032113131,0.568001907066876
ZNF511_ZNF511,-0.5678974751869,0.0004534324658752,-1.19190178459012,0.0125323618870697,-1.40796487788579,3.88087503910245e-13,True,True,True,True,True,True,3,3,down,True,True,-1.19190178459012,1.19190178459012,0.5678974751869
THOC1_THOC1,-1.32159847491865,6.17438725667518e-07,-0.566432403672706,0.0071567486761152,-0.724644070676598,8.3526884990186e-09,True,True,True,True,True,True,3,3,down,True,True,-0.724644070676598,0.724644070676598,0.566432403672706
CDK5RAP3_CDK5RAP3,0.587824076765298,7.30214741369696e-07,0.632965709641909,0.0156521266270396,0.566209424451615,8.97713802009261e-06,True,True,True,True,True,True,3,3,up,True,True,0.587824076765298,0.587824076765298,0.566209424451615
SP100_SP100,0.606055391295063,6.41563361876548e-05,0.565913920567938,0.004010327286879,0.751825700807327,6.00970937321389e-12,True,True,True,True,True,True,3,3,up,True,True,0.606055391295063,0.606055391295063,0.565913920567938
TBC1D30_TBC1D30,-1.40871529735635,1.73880272756171e-08,-0.565523948753322,0.0094150181826295,-0.791612133012252,6.94427394540208e-05,True,True,True,True,True,True,3,3,down,True,True,-0.791612133012252,0.791612133012252,0.565523948753322
SAYSD1_SAYSD1,0.653245281217102,4.85134912808857e-06,0.580175525481265,0.0150501982888475,0.563028755179177,3.39341809985568e-05,True,True,True,True,True,True,3,3,up,True,True,0.580175525481265,0.580175525481265,0.563028755179177
CBX7_CBX7,1.00754195899432,3.25118753468487e-10,0.562971354693393,0.0325748182267908,0.801604190161767,0.0010946984562447,True,True,True,True,True,True,3,3,up,True,True,0.801604190161767,0.801604190161767,0.562971354693393
IFNAR1_IFNAR1,0.641306674659755,2.87279834826067e-05,0.641335703654315,0.01386835836029,0.562689625069393,1.88574073084325e-08,True,True,True,True,True,True,3,3,up,True,True,0.641306674659755,0.641306674659755,0.562689625069393
MROH1_MROH1,0.949373879591358,6.1926834274249304e-09,0.562686458539307,0.0404969249129429,0.918060610088438,3.4060958707412697e-12,True,True,True,True,True,True,3,3,up,True,True,0.918060610088438,0.918060610088438,0.562686458539307
PPIL1_PPIL1,-1.15741835559421,4.88289824161728e-11,-0.594723031868099,0.0494267739245833,-0.562402841379249,2.38562624587484e-09,True,True,True,True,True,True,3,3,down,True,True,-0.594723031868099,0.594723031868099,0.562402841379249
IARS2_IARS2,-1.07528237520123,5.92093619720221e-12,-0.87458909834441,0.0293233297682522,-0.5622986896491,2.1283062118784804e-09,True,True,True,True,True,True,3,3,down,True,True,-0.87458909834441,0.87458909834441,0.5622986896491
UQCRC2_UQCRC2,-0.741327579276338,1.1060069427051701e-09,-0.562227039070586,0.0341557024791973,-0.811204861048991,6.61867850064177e-10,True,True,True,True,True,True,3,3,down,True,True,-0.741327579276338,0.741327579276338,0.562227039070586
MXD3_MXD3,-0.562078174514257,0.0027581260616147,-1.18424540540951,0.0263088911892266,-0.785971413251611,8.72477138568614e-05,True,True,True,True,True,True,3,3,down,True,True,-0.785971413251611,0.785971413251611,0.562078174514257
LINC00174_LINC00174,0.561775915956927,0.0149989970040328,1.38211092972991,0.0002483313615284,1.38647266242095,2.12140588092932e-07,True,True,True,True,True,True,3,3,up,True,True,1.38211092972991,1.38211092972991,0.561775915956927
HINT1_HINT1,-0.561446260431201,1.14615666722128e-06,-0.686125508435774,0.0256931153163334,-0.82110429874559,0.0042023596372833,True,True,True,True,True,True,3,3,down,True,True,-0.686125508435774,0.686125508435774,0.561446260431201
EHBP1L1_EHBP1L1,-0.561409529017493,7.08161821230159e-07,-1.27217157850674,0.0001699770084702,-0.71804782142739,8.323645767880741e-10,True,True,True,True,True,True,3,3,down,True,True,-0.71804782142739,0.71804782142739,0.561409529017493
LRRC37A2_LRRC37A2,0.567064874145705,0.0001924737069351,0.560985331414608,0.0194882388026762,0.60902150758698,5.59840852854948e-07,True,True,True,True,True,True,3,3,up,True,True,0.567064874145705,0.567064874145705,0.560985331414608
CHPF2_CHPF2,1.42797402193971,5.13336484972274e-13,0.560676399554534,0.0064585378212192,1.04155673175009,6.24465785492657e-13,True,True,True,True,True,True,3,3,up,True,True,1.04155673175009,1.04155673175009,0.560676399554534
ARPC5L_ARPC5L,-0.62663078828633,4.53992148426962e-07,-0.83781074489353,0.0143929974440375,-0.560568203395132,3.15266969053316e-09,True,True,True,True,True,True,3,3,down,True,True,-0.62663078828633,0.62663078828633,0.560568203395132
SPINT1_SPINT1,1.93925039196311,1.38688187958394e-16,0.560527245450324,0.0128088136039234,0.84863853514061,6.7622395191305705e-15,True,True,True,True,True,True,3,3,up,True,True,0.84863853514061,0.84863853514061,0.560527245450324
ST6GALNAC2_ST6GALNAC2,0.560109427518354,0.0001052489395593,1.38315942753078,0.0145343006029066,0.788221796427432,0.0371881615348014,True,True,True,True,True,True,3,3,up,True,True,0.788221796427432,0.788221796427432,0.560109427518354
SERPINE1_SERPINE1,0.559893084502677,3.44973674506779e-05,1.38815341700674,2.79825834587687e-05,5.1040344416729,2.35859576908595e-23,True,True,True,True,True,True,3,3,up,True,True,1.38815341700674,1.38815341700674,0.559893084502677
TCFL5_TCFL5,-0.792306815446424,6.09259018392175e-08,-0.559386423624361,0.0073618510485612,-0.70056488780455,1.25017540176365e-08,True,True,True,True,True,True,3,3,down,True,True,-0.70056488780455,0.70056488780455,0.559386423624361
METAP2_METAP2,-1.06028927667878,2.5931611987760197e-11,-0.762600563384336,0.0003591109305519,-0.558992004924375,7.26722853933227e-10,True,True,True,True,True,True,3,3,down,True,True,-0.762600563384336,0.762600563384336,0.558992004924375
OFD1_OFD1,0.65117613631544,1.31194136966e-06,0.558956002464433,0.0076888732412074,0.947404836796289,1.2239140495731299e-12,True,True,True,True,True,True,3,3,up,True,True,0.65117613631544,0.65117613631544,0.558956002464433
DDX11_DDX11,-1.5248655335478,3.3118785690782005e-10,-0.558516370285544,0.0306065934758753,-0.778050358517299,5.5566612605066e-11,True,True,True,True,True,True,3,3,down,True,True,-0.778050358517299,0.778050358517299,0.558516370285544
MNAT1_MNAT1,-0.649163806614447,2.33820924292174e-05,-0.63197382865545,0.0048773703897122,-0.558233380371182,5.02950998127226e-06,True,True,True,True,True,True,3,3,down,True,True,-0.63197382865545,0.63197382865545,0.558233380371182
UTP11L_UTP11L,-0.835946138482976,7.98760101073815e-07,-0.785934118091915,0.0032531511846382,-0.558137870454019,9.79648833307908e-09,True,True,True,True,True,True,3,3,down,True,True,-0.785934118091915,0.785934118091915,0.558137870454019
C7orf13_C7orf13,0.768980926739334,0.0004001197205886,0.613373464420083,0.0398723171986766,0.557898201619527,0.0001155941529247,True,True,True,True,True,True,3,3,up,True,True,0.613373464420083,0.613373464420083,0.557898201619527
HMGA2_HMGA2,-5.52416918629116,7.515999985360559e-12,-2.97649584446973,0.0001230264838599,-0.5574988490981,1.68117588545e-08,True,True,True,True,True,True,3,3,down,True,True,-2.97649584446973,2.97649584446973,0.5574988490981
PSMD14_PSMD14,-1.30181479627925,1.2053754071442e-11,-0.687277723074445,0.0058928711334022,-0.557482792204791,2.10387142449798e-09,True,True,True,True,True,True,3,3,down,True,True,-0.687277723074445,0.687277723074445,0.557482792204791
TRIM66_TRIM66,0.647522260316943,9.13060087577989e-05,1.46271340549896,0.0009725099964607,0.556068247483254,4.70144171811512e-05,True,True,True,True,True,True,3,3,up,True,True,0.647522260316943,0.647522260316943,0.556068247483254
PRDX2_PRDX2,-0.825287022310272,2.85447445702558e-09,-1.19356134067802,0.0234235175604505,-0.555796687068414,6.97947294243594e-10,True,True,True,True,True,True,3,3,down,True,True,-0.825287022310272,0.825287022310272,0.555796687068414
YWHAQ_YWHAQ,-0.856443438332251,7.23990048289525e-10,-0.555728394837827,0.00335878888248,-0.639861582477216,2.03111730789413e-12,True,True,True,True,True,True,3,3,down,True,True,-0.639861582477216,0.639861582477216,0.555728394837827
ILF2_ILF2,-0.985461773456314,1.3514818668309199e-12,-0.691850773290072,0.0326803151887802,-0.554804018041967,4.2553410512790195e-11,True,True,True,True,True,True,3,3,down,True,True,-0.691850773290072,0.691850773290072,0.554804018041967
GPATCH4_GPATCH4,-1.35159906868711,8.30384485514121e-10,-0.779396283182901,0.0013615713897767,-0.554227829984398,6.568205957775761e-09,True,True,True,True,True,True,3,3,down,True,True,-0.779396283182901,0.779396283182901,0.554227829984398
ZNFX1_ZNFX1,1.09659950727842,1.1640178325142698e-11,1.27388184457955,0.0024758435119772,0.554065855949771,1.09039219555074e-08,True,True,True,True,True,True,3,3,up,True,True,1.09659950727842,1.09659950727842,0.554065855949771
HSPA8_HSPA8,-0.868117164342022,1.0140471089362602e-09,-0.698732984648466,0.0053751705770649,-0.553758477678675,6.28366002777972e-10,True,True,True,True,True,True,3,3,down,True,True,-0.698732984648466,0.698732984648466,0.553758477678675
LOC440434_LOC440434,0.553544844883739,0.0005669164867037,1.44858279616727,0.004039651227445,0.838872655930964,0.0001833307207559,True,True,True,True,True,True,3,3,up,True,True,0.838872655930964,0.838872655930964,0.553544844883739
SCD_SCD,-2.02698500691227,3.5776981210083505e-15,-1.90109665345924,0.0032055867796187,-0.553511298093717,7.570853192777411e-09,True,True,True,True,True,True,3,3,down,True,True,-1.90109665345924,1.90109665345924,0.553511298093717
DAPP1_DAPP1,2.64673443495942,3.66729335004439e-12,2.67678244708602,0.0001743785263195,0.553389750292291,1.50965197346067e-06,True,True,True,True,True,True,3,3,up,True,True,2.64673443495942,2.64673443495942,0.553389750292291
BTBD9_BTBD9,1.19793298438032,2.88654414007518e-10,0.736912969137093,0.0113763310016631,0.552625541668626,3.52917868641862e-06,True,True,True,True,True,True,3,3,up,True,True,0.736912969137093,0.736912969137093,0.552625541668626
GATA6_GATA6,1.65957635011358,1.18879293857454e-06,0.552412264282031,0.0215273509129161,0.944227166998318,1.4706539612067502e-09,True,True,True,True,True,True,3,3,up,True,True,0.944227166998318,0.944227166998318,0.552412264282031
RTEL1_RTEL1,-0.841521482563397,2.93428309847684e-05,-0.551719549053529,0.037609202896051,-1.41179556071929,1.84855023729379e-12,True,True,True,True,True,True,3,3,down,True,True,-0.841521482563397,0.841521482563397,0.551719549053529
ICAM1_ICAM1,2.82441582517107,1.00990962435343e-17,3.13474757234876,5.64704870108479e-07,0.55163079732326,5.04863352549229e-10,True,True,True,True,True,True,3,3,up,True,True,2.82441582517107,2.82441582517107,0.55163079732326
OCLN_OCLN,0.551597735344012,6.99144807912544e-07,1.2261563343421,0.0005745374216044,1.68661553403392,1.01598500237883e-16,True,True,True,True,True,True,3,3,up,True,True,1.2261563343421,1.2261563343421,0.551597735344012
TMEM260_TMEM260,0.551102408616245,0.000107040551112,0.900879146044765,0.0113752359483659,0.792823511719639,1.34470055235703e-08,True,True,True,True,True,True,3,3,up,True,True,0.792823511719639,0.792823511719639,0.551102408616245
ANAPC15_ANAPC15,-0.550929576422037,1.37974768759574e-06,-2.43460292641336,0.0034469982601668,-1.14630839222751,2.23573676596549e-11,True,True,True,True,True,True,3,3,down,True,True,-1.14630839222751,1.14630839222751,0.550929576422037
RHNO1_RHNO1,-0.811861175319721,1.25287297883291e-08,-0.550793721383696,0.0278651921023375,-1.20448691092981,2.47977205813169e-13,True,True,True,True,True,True,3,3,down,True,True,-0.811861175319721,0.811861175319721,0.550793721383696
MRPS28_MRPS28,-0.550341280644628,0.000339146704773,-0.715904501424293,0.0053833560225133,-1.01965225828985,2.4194509103101e-09,True,True,True,True,True,True,3,3,down,True,True,-0.715904501424293,0.715904501424293,0.550341280644628
ZBTB22_ZBTB22,1.12425887237437,1.94447774819674e-09,0.585473570079139,0.0354176673275487,0.550125709880378,1.63215402856912e-05,True,True,True,True,True,True,3,3,up,True,True,0.585473570079139,0.585473570079139,0.550125709880378
BSDC1_BSDC1,0.765826877992293,4.17304376296845e-09,0.549896920216472,0.0026332957391232,0.980197816494088,2.8183771929750998e-14,True,True,True,True,True,True,3,3,up,True,True,0.765826877992293,0.765826877992293,0.549896920216472
PDSS1_PDSS1,-2.12418464942985,1.66738199445495e-10,-1.28822793184859,0.0003380671286662,-0.549532525213428,0.0001980702583226,True,True,True,True,True,True,3,3,down,True,True,-1.28822793184859,1.28822793184859,0.549532525213428
KHSRP_KHSRP,-0.871265341954576,5.9871450199009e-09,-0.897767150442795,0.0052269691860767,-0.549215125034175,2.29933244542562e-10,True,True,True,True,True,True,3,3,down,True,True,-0.871265341954576,0.871265341954576,0.549215125034175
ZBED1_ZBED1,0.934432832744347,3.66009899662829e-09,0.870321918951916,0.0010063541063031,0.54856411219443,5.72034457384227e-10,True,True,True,True,True,True,3,3,up,True,True,0.870321918951916,0.870321918951916,0.54856411219443
ABLIM3_ABLIM3,0.54822877437402,1.65084612524786e-07,1.16312553743384,0.0001927344097388,0.699603785336508,4.6696866602944697e-11,True,True,True,True,True,True,3,3,up,True,True,0.699603785336508,0.699603785336508,0.54822877437402
OPHN1_OPHN1,0.60674773974992,0.0002338403176028,2.04200287726067,0.005633021754058,0.547527120360484,0.0002538137608363,True,True,True,True,True,True,3,3,up,True,True,0.60674773974992,0.60674773974992,0.547527120360484
WFS1_WFS1,1.16802819274562,1.10433301793413e-11,1.09792169630879,0.0025291058401828,0.546469689087362,0.0169382608155973,True,True,True,True,True,True,3,3,up,True,True,1.09792169630879,1.09792169630879,0.546469689087362
MAP2_MAP2,0.545836260309382,0.0005800476108862,4.74141251018096,4.60649821388052e-05,2.31188638220849,1.1798694772795899e-13,True,True,True,True,True,True,3,3,up,True,True,2.31188638220849,2.31188638220849,0.545836260309382
APIP_APIP,-0.545305565762884,5.36105807619103e-05,-0.675788447313009,0.0063760227781831,-0.914348169377032,4.17476842690818e-07,True,True,True,True,True,True,3,3,down,True,True,-0.675788447313009,0.675788447313009,0.545305565762884
SLC35G2_SLC35G2,-0.54510555718297,0.0042076212417398,-0.779300777698124,0.0035193018914931,-1.5442424370122,3.27606036937285e-05,True,True,True,True,True,True,3,3,down,True,True,-0.779300777698124,0.779300777698124,0.54510555718297
CHRAC1_CHRAC1,-0.696190709325371,5.3311784744584e-07,-0.694827728570491,0.0009725099964607,-0.543557813436855,3.03637202497676e-08,True,True,True,True,True,True,3,3,down,True,True,-0.694827728570491,0.694827728570491,0.543557813436855
PFN2_PFN2,-0.982713959217057,8.47988145661234e-10,-0.543005168966237,0.0076155640859669,-1.15019458290835,8.39360879917897e-17,True,True,True,True,True,True,3,3,down,True,True,-0.982713959217057,0.982713959217057,0.543005168966237
MYCBP_MYCBP,-0.872258015003082,4.916262352160391e-09,-0.542995508500202,0.0295953460912743,-0.903738077484587,1.88013399932202e-10,True,True,True,True,True,True,3,3,down,True,True,-0.872258015003082,0.872258015003082,0.542995508500202
ENOPH1_ENOPH1,-0.542951519742974,5.90672850668556e-07,-0.780132649597577,0.0029465832719229,-0.964558603799839,7.06279001392664e-14,True,True,True,True,True,True,3,3,down,True,True,-0.780132649597577,0.780132649597577,0.542951519742974
TXNL4A_TXNL4A,-0.542371973304908,6.44884062347694e-07,-1.05249699143589,0.0027456646563847,-0.750427447267064,4.26848527116169e-09,True,True,True,True,True,True,3,3,down,True,True,-0.750427447267064,0.750427447267064,0.542371973304908
GLRX3_GLRX3,-1.40792719951129,2.97789293321552e-12,-1.11369710986339,0.0031265646931534,-0.541818661086109,1.99617426596427e-07,True,True,True,True,True,True,3,3,down,True,True,-1.11369710986339,1.11369710986339,0.541818661086109
ZC3H15_ZC3H15,-0.993819110008924,4.1824550448994e-09,-0.58217581012201,0.0039393578707494,-0.540706197223194,2.0013137295044604e-09,True,True,True,True,True,True,3,3,down,True,True,-0.58217581012201,0.58217581012201,0.540706197223194
EIF3I_EIF3I,-0.977908277451384,3.07268963480988e-12,-0.883600071313769,0.0067862182418618,-0.540472379443912,9.007165358318279e-11,True,True,True,True,True,True,3,3,down,True,True,-0.883600071313769,0.883600071313769,0.540472379443912
BANF1_BANF1,-0.539966670168806,2.3248676494572e-08,-1.07519327768061,0.0237066914872995,-0.594587002242686,2.06458307728522e-07,True,True,True,True,True,True,3,3,down,True,True,-0.594587002242686,0.594587002242686,0.539966670168806
HSPE1_HSPE1,-0.539710468102335,3.68459546270263e-07,-1.25409896229781,0.0024776838482152,-1.78788501083682,1.45870438874621e-06,True,True,True,True,True,True,3,3,down,True,True,-1.25409896229781,1.25409896229781,0.539710468102335
SYNCRIP_SYNCRIP,-0.606722257714186,3.17553670335192e-08,-0.696972889622806,0.0383123369452096,-0.539114122639556,3.5301186430603004e-10,True,True,True,True,True,True,3,3,down,True,True,-0.606722257714186,0.606722257714186,0.539114122639556
ESRP1_ESRP1,-0.651886281743725,8.8629110979276e-09,-0.538434183381395,0.0383123369452096,-0.993950139512422,3.48417986097176e-14,True,True,True,True,True,True,3,3,down,True,True,-0.651886281743725,0.651886281743725,0.538434183381395
MRPL9_MRPL9,-0.921320843833604,1.03519450035511e-09,-0.756863831819296,0.0343283131021332,-0.538425339287979,5.2314872683557404e-09,True,True,True,True,True,True,3,3,down,True,True,-0.756863831819296,0.756863831819296,0.538425339287979
C1orf106_C1orf106,1.41224348090832,1.8021541102136299e-12,0.558887282668697,0.003047348189362,0.538065559038001,4.50941443825773e-10,True,True,True,True,True,True,3,3,up,True,True,0.558887282668697,0.558887282668697,0.538065559038001
ATP5E_ATP5E,-0.580113252264986,1.72731373675507e-06,-0.744897139407184,0.0359453503558658,-0.537626265452853,0.0154182278505844,True,True,True,True,True,True,3,3,down,True,True,-0.580113252264986,0.580113252264986,0.537626265452853
MTCH2_MTCH2,-0.731647580276515,2.68390139333554e-09,-0.537368718576994,0.0149617378885216,-0.846948976211355,1.10129379903953e-11,True,True,True,True,True,True,3,3,down,True,True,-0.731647580276515,0.731647580276515,0.537368718576994
PSMD5-AS1_PSMD5-AS1,1.01837849627054,1.8618612322013203e-09,1.30880106865374,0.0005993074906033,0.535609299642779,1.93900219416217e-05,True,True,True,True,True,True,3,3,up,True,True,1.01837849627054,1.01837849627054,0.535609299642779
GAA_GAA,0.964376239846134,2.47236233259304e-07,0.535379306602173,0.0263936407520551,1.12330034344623,6.5201333484273e-17,True,True,True,True,True,True,3,3,up,True,True,0.964376239846134,0.964376239846134,0.535379306602173
TXN_TXN,-1.02447266019532,1.14877833701917e-10,-0.746720477149437,0.0495490526238012,-0.535234278254355,1.88597195094237e-09,True,True,True,True,True,True,3,3,down,True,True,-0.746720477149437,0.746720477149437,0.535234278254355
YWHAE_YWHAE,-1.04242901750318,3.55939494662239e-12,-0.611973959569426,0.0079668800635719,-0.535174227210661,1.75156589548232e-10,True,True,True,True,True,True,3,3,down,True,True,-0.611973959569426,0.611973959569426,0.535174227210661
GLMN_GLMN,-1.13769107278995,8.96035985390104e-06,-0.535071149797729,0.0205904330364167,-0.874246081065251,7.39678974495706e-09,True,True,True,True,True,True,3,3,down,True,True,-0.874246081065251,0.874246081065251,0.535071149797729
EIF3B_EIF3B,-0.718626687222372,1.1094834916808401e-09,-0.734445720363702,0.0042313535003193,-0.534535854525326,4.4920676965926894e-11,True,True,True,True,True,True,3,3,down,True,True,-0.718626687222372,0.718626687222372,0.534535854525326
EED_EED,-0.927648888973604,5.60637248294117e-09,-0.534185287990476,0.0063938924316117,-1.25439277740923,1.5141443941252399e-12,True,True,True,True,True,True,3,3,down,True,True,-0.927648888973604,0.927648888973604,0.534185287990476
CDC42EP4_CDC42EP4,-0.53398428052067,0.0001308044912252,-1.19596586077575,0.0006421750339701,-1.56846696133083,2.62444302057141e-13,True,True,True,True,True,True,3,3,down,True,True,-1.19596586077575,1.19596586077575,0.53398428052067
LDLRAP1_LDLRAP1,-0.533674833804409,2.06608641594388e-06,-0.707871714356665,0.0080374071071654,-0.691883539764665,2.83547583482553e-08,True,True,True,True,True,True,3,3,down,True,True,-0.691883539764665,0.691883539764665,0.533674833804409
ARHGEF17_ARHGEF17,0.533478805991185,4.33946647323396e-06,0.552855348552395,0.0347028696533178,1.52112304511985,2.67519355085251e-18,True,True,True,True,True,True,3,3,up,True,True,0.552855348552395,0.552855348552395,0.533478805991185
TCHP_TCHP,-0.600641511018954,4.1512565865788e-06,-0.533434886885576,0.0111860160326406,-0.703020767002266,4.16475024837817e-07,True,True,True,True,True,True,3,3,down,True,True,-0.600641511018954,0.600641511018954,0.533434886885576
ABCC10_ABCC10,0.543678595749667,1.88711637876195e-05,0.869584033670238,0.001775209974875,0.532861630072568,2.50157912184566e-06,True,True,True,True,True,True,3,3,up,True,True,0.543678595749667,0.543678595749667,0.532861630072568
VBP1_VBP1,-1.34115493452788,2.3888518464470698e-11,-0.532347899047684,0.0046553386941891,-0.823187641253164,1.13823746271439e-10,True,True,True,True,True,True,3,3,down,True,True,-0.823187641253164,0.823187641253164,0.532347899047684
TBC1D13_TBC1D13,0.565721497035219,6.67171174845335e-06,0.531849085189116,0.0054150334859905,0.549990701117284,9.25067013691711e-08,True,True,True,True,True,True,3,3,up,True,True,0.549990701117284,0.549990701117284,0.531849085189116
USP20_USP20,1.0005669176139,2.02985969569472e-07,0.574549708081353,0.0474584988649937,0.531796207115949,9.68538256286067e-08,True,True,True,True,True,True,3,3,up,True,True,0.574549708081353,0.574549708081353,0.531796207115949
SDF2L1_SDF2L1,-0.531430056643854,0.0342575319273091,-1.55247341433532,0.000986286228246,-1.86736929254131,4.02310764964902e-14,True,True,True,True,True,True,3,3,down,True,True,-1.55247341433532,1.55247341433532,0.531430056643854
RNF146_RNF146,1.00151688107634,1.73662277035971e-07,0.682964973541564,0.041084211793417,0.530349810909656,2.96337888554574e-05,True,True,True,True,True,True,3,3,up,True,True,0.682964973541564,0.682964973541564,0.530349810909656
LINC-PINT_LINC-PINT,0.530327962828114,0.031707923833472,0.910201106478302,0.0092769853807592,1.37194088865753,2.52868106702053e-08,True,True,True,True,True,True,3,3,up,True,True,0.910201106478302,0.910201106478302,0.530327962828114
ORMDL3_ORMDL3,1.37019503230556,8.80057054730143e-13,1.0687195530401,0.002785313543287,0.53020055060317,5.4378434981773e-08,True,True,True,True,True,True,3,3,up,True,True,1.0687195530401,1.0687195530401,0.53020055060317
PRMT2_PRMT2,0.530082978461644,1.73662277035971e-07,0.664854533295602,0.0010514288018322,0.782539035717183,1.5921643600560002e-11,True,True,True,True,True,True,3,3,up,True,True,0.664854533295602,0.664854533295602,0.530082978461644
ADCY9_ADCY9,0.529816781064463,1.14058236380722e-05,1.34654591174054,0.0005804893232702,1.18936948453173,3.3154960081749003e-11,True,True,True,True,True,True,3,3,up,True,True,1.18936948453173,1.18936948453173,0.529816781064463
PTEN_PTEN,-0.61230731753578,9.03701775563362e-06,-0.529012152531483,0.0134018641114505,-0.708593186596046,2.7329425617660903e-10,True,True,True,True,True,True,3,3,down,True,True,-0.61230731753578,0.61230731753578,0.529012152531483
KLHDC2_KLHDC2,0.528411038347404,2.63108129325005e-06,0.693682345974849,0.0033421643811077,0.671078907518039,1.67593736879056e-08,True,True,True,True,True,True,3,3,up,True,True,0.671078907518039,0.671078907518039,0.528411038347404
ETF1_ETF1,-0.538903964510997,1.62220553404028e-06,-0.643425344188478,0.0140051398656512,-0.527958054197703,1.25256085334742e-10,True,True,True,True,True,True,3,3,down,True,True,-0.538903964510997,0.538903964510997,0.527958054197703
NCF2_NCF2,1.09199426048313,0.0001043737595007,0.527316125457499,0.0221203686936525,1.21405611405839,3.35507180645869e-05,True,True,True,True,True,True,3,3,up,True,True,1.09199426048313,1.09199426048313,0.527316125457499
SSB_SSB,-1.27137010127445,3.69737069393708e-11,-0.527308654571184,0.0105823686323896,-0.691481452288549,2.56542932164092e-12,True,True,True,True,True,True,3,3,down,True,True,-0.691481452288549,0.691481452288549,0.527308654571184
CUX1_CUX1,1.05478641628772,4.48891029156484e-12,0.526641654080714,0.0050855409848106,0.91873667087253,6.14197537376798e-14,True,True,True,True,True,True,3,3,up,True,True,0.91873667087253,0.91873667087253,0.526641654080714
ZNF707_ZNF707,0.634865729075096,1.58256104121052e-05,0.526610015555131,0.0452946480366332,0.77557011126417,5.14080810395469e-10,True,True,True,True,True,True,3,3,up,True,True,0.634865729075096,0.634865729075096,0.526610015555131
TBRG4_TBRG4,-0.89243602874932,4.5437991155612303e-10,-0.689245593306972,0.0461788764202781,-0.526609903014869,5.5259936121296e-08,True,True,True,True,True,True,3,3,down,True,True,-0.689245593306972,0.689245593306972,0.526609903014869
LGALS3_LGALS3,1.56405397302154,3.1526734486019e-14,1.25257945011941,0.0014542519169973,0.526515416075126,9.9684088917106e-06,True,True,True,True,True,True,3,3,up,True,True,1.25257945011941,1.25257945011941,0.526515416075126
FAM219B_FAM219B,0.526463810052796,1.65446681478465e-05,0.961201853677867,0.0003147608324834,1.42570242569398,3.79802664279981e-14,True,True,True,True,True,True,3,3,up,True,True,0.961201853677867,0.961201853677867,0.526463810052796
FOXO4_FOXO4,2.09799737446087,9.70038549339452e-14,2.11051466144335,3.79156238766374e-05,0.526227394702613,0.0176855301423452,True,True,True,True,True,True,3,3,up,True,True,2.09799737446087,2.09799737446087,0.526227394702613
SLC38A9_SLC38A9,1.19692344457526,6.19763480651817e-10,0.553888902524198,0.013619518215548,0.525733561203752,1.18456299919523e-05,True,True,True,True,True,True,3,3,up,True,True,0.553888902524198,0.553888902524198,0.525733561203752
ASUN_ASUN,-1.00544273310314,2.55751322981361e-11,-0.666795318543094,0.0029733640432165,-0.525355527332349,1.31592385751062e-08,True,True,True,True,True,True,3,3,down,True,True,-0.666795318543094,0.666795318543094,0.525355527332349
HAUS2_HAUS2,-0.763207490099687,1.91602096829567e-08,-0.525341415376531,0.0135100965959841,-0.672131892871056,1.29582862877031e-07,True,True,True,True,True,True,3,3,down,True,True,-0.672131892871056,0.672131892871056,0.525341415376531
NUP88_NUP88,-0.823260084224582,1.6588025495423802e-09,-0.680939329775025,0.002067198157816,-0.524990519811745,7.35591015990312e-08,True,True,True,True,True,True,3,3,down,True,True,-0.680939329775025,0.680939329775025,0.524990519811745
WWC1_WWC1,1.74278663486521,8.01312286739629e-16,0.524893157390317,0.0266269553523511,0.817070379422058,1.9278171123883e-13,True,True,True,True,True,True,3,3,up,True,True,0.817070379422058,0.817070379422058,0.524893157390317
RUVBL2_RUVBL2,-1.14396478274509,2.0581397126551603e-09,-1.09578419253596,0.0384001528463743,-0.523915671189616,7.646437361429271e-09,True,True,True,True,True,True,3,3,down,True,True,-1.09578419253596,1.09578419253596,0.523915671189616
RALB_RALB,-0.911591301780565,4.319872683392e-09,-0.542675351732106,0.0044367977206206,-0.523748054807828,5.27138726041572e-10,True,True,True,True,True,True,3,3,down,True,True,-0.542675351732106,0.542675351732106,0.523748054807828
UBE2O_UBE2O,-0.69204833365615,1.10588315078252e-06,-0.546905881187656,0.0154745362335487,-0.523601820781376,1.24968053817594e-09,True,True,True,True,True,True,3,3,down,True,True,-0.546905881187656,0.546905881187656,0.523601820781376
PML_PML,0.668728644600841,0.0001141710035022,0.921309603342328,0.0227907093280845,0.523584415341996,6.01730509620952e-08,True,True,True,True,True,True,3,3,up,True,True,0.668728644600841,0.668728644600841,0.523584415341996
CITED2_CITED2,2.79589637972605,5.65908224618208e-16,0.523128788853969,0.017386460904718,0.790184204459186,5.73560420221242e-12,True,True,True,True,True,True,3,3,up,True,True,0.790184204459186,0.790184204459186,0.523128788853969
TPP1_TPP1,0.52290954715519,6.45996757642155e-07,0.821798628810535,0.0006208341126471,1.21465718478868,8.07924369838298e-16,True,True,True,True,True,True,3,3,up,True,True,0.821798628810535,0.821798628810535,0.52290954715519
MAPK8IP3_MAPK8IP3,0.522161872314855,7.64527029215473e-05,0.567520427309713,0.0260400944020883,1.56381807520179,3.33783353973445e-17,True,True,True,True,True,True,3,3,up,True,True,0.567520427309713,0.567520427309713,0.522161872314855
SUCLA2_SUCLA2,-1.00200152945297,1.77485024011302e-08,-0.521020137784941,0.010928340204836,-0.955738164469289,5.7189130761246e-11,True,True,True,True,True,True,3,3,down,True,True,-0.955738164469289,0.955738164469289,0.521020137784941
MRPS16_MRPS16,-0.531925224313272,1.00757506700857e-07,-0.599661967468177,0.012989802591101,-0.520284637275182,1.22293688079905e-07,True,True,True,True,True,True,3,3,down,True,True,-0.531925224313272,0.531925224313272,0.520284637275182
FASN_FASN,-1.94260717052724,1.1332280407969699e-11,-1.72472576338275,4.52346149156459e-05,-0.520281553223224,4.73263036785908e-10,True,True,True,True,True,True,3,3,down,True,True,-1.72472576338275,1.72472576338275,0.520281553223224
LPCAT3_LPCAT3,-0.609820849532839,6.1335649947017e-09,-0.52002192488195,0.0039400591292125,-0.73835446263203,1.04667835001844e-06,True,True,True,True,True,True,3,3,down,True,True,-0.609820849532839,0.609820849532839,0.52002192488195
SRM_SRM,-0.700981442812826,1.85777057609157e-05,-1.13387245102208,0.0362080602253799,-0.519014037472054,1.00340843337143e-07,True,True,True,True,True,True,3,3,down,True,True,-0.700981442812826,0.700981442812826,0.519014037472054
PCID2_PCID2,-0.736727580932508,2.94041500190923e-08,-0.52520212841341,0.0075195574086713,-0.518946886290601,1.18017586544822e-07,True,True,True,True,True,True,3,3,down,True,True,-0.52520212841341,0.52520212841341,0.518946886290601
CYB561D1_CYB561D1,0.520074134972363,3.7431866369116e-06,0.868801015093911,0.0010573452490323,0.518705635858721,9.78271575618047e-06,True,True,True,True,True,True,3,3,up,True,True,0.520074134972363,0.520074134972363,0.518705635858721
PSMD3_PSMD3,-0.518424640048283,1.64454180863996e-06,-0.843239873541179,0.0057830615778506,-0.54264985302661,7.06145996409945e-10,True,True,True,True,True,True,3,3,down,True,True,-0.54264985302661,0.54264985302661,0.518424640048283
CHEK2_CHEK2,-1.39322811066864,1.70658913136612e-09,-0.518308520569295,0.0194727399374896,-2.31227301067628,1.9647745021344197e-12,True,True,True,True,True,True,3,3,down,True,True,-1.39322811066864,1.39322811066864,0.518308520569295
SPATA33_SPATA33,-0.767042949352146,0.000111258710584,-0.629053170715756,0.0404724055955816,-0.518240520993122,0.0020292104064669,True,True,True,True,True,True,3,3,down,True,True,-0.629053170715756,0.629053170715756,0.518240520993122
PLEKHG1_PLEKHG1,0.518018064164491,0.0007982270501519,1.71703453522005,0.0064585378212192,0.76846724380569,1.93558834360269e-07,True,True,True,True,True,True,3,3,up,True,True,0.76846724380569,0.76846724380569,0.518018064164491
FAM136A_FAM136A,-0.51797724732324,2.52893281504162e-06,-0.645178381149361,0.0206405475104458,-0.603371547200649,1.04940132548987e-08,True,True,True,True,True,True,3,3,down,True,True,-0.603371547200649,0.603371547200649,0.51797724732324
UBE3D_UBE3D,-0.517604217151678,0.0424786486944911,-1.27449070440847,0.0020869305524445,-0.990117268790694,9.29180679642232e-06,True,True,True,True,True,True,3,3,down,True,True,-0.990117268790694,0.990117268790694,0.517604217151678
TTC17_TTC17,1.34739885772363,4.23563431066132e-12,0.517066569006305,0.039362446344963,1.0726916991248,1.86840960551631e-14,True,True,True,True,True,True,3,3,up,True,True,1.0726916991248,1.0726916991248,0.517066569006305
NUCB2_NUCB2,-0.651151604633357,6.88944823453335e-06,-0.516500464524757,0.0072418869833683,-1.25726541672174,3.34651828071723e-07,True,True,True,True,True,True,3,3,down,True,True,-0.651151604633357,0.651151604633357,0.516500464524757
RAD18_RAD18,-0.515813571290075,0.0002019081058013,-0.711468585869713,0.0023077160205246,-1.13751180613202,6.19064026762359e-12,True,True,True,True,True,True,3,3,down,True,True,-0.711468585869713,0.711468585869713,0.515813571290075
LINC00294_LINC00294,0.515741985762846,0.0001588256851229,1.20025909599842,0.0016181806765717,1.09074736037514,1.06746888314973e-05,True,True,True,True,True,True,3,3,up,True,True,1.09074736037514,1.09074736037514,0.515741985762846
NASP_NASP,-1.59864949392558,3.9701396636242603e-14,-0.515227288871305,0.0173851992358399,-1.25450778746231,6.17314796206261e-17,True,True,True,True,True,True,3,3,down,True,True,-1.25450778746231,1.25450778746231,0.515227288871305
MICAL1_MICAL1,0.514997275435245,0.000747181029579,1.23588765211227,0.0038126067553474,1.06322472941654,6.9815148371963e-07,True,True,True,True,True,True,3,3,up,True,True,1.06322472941654,1.06322472941654,0.514997275435245
LDB1_LDB1,0.956796448403494,4.768671112200111e-09,0.514877496955587,0.0035009658671766,0.734157238115239,9.14823242177117e-09,True,True,True,True,True,True,3,3,up,True,True,0.734157238115239,0.734157238115239,0.514877496955587
DUSP6_DUSP6,-5.89988797441027,5.67989274308428e-13,-2.75365657205384,0.0003845141719386,-0.514773740513863,8.48319530834492e-09,True,True,True,True,True,True,3,3,down,True,True,-2.75365657205384,2.75365657205384,0.514773740513863
GSR_GSR,-0.51461525501802,7.43317773901989e-09,-0.756080972110398,0.0199352762099336,-1.47380789270545,3.7877543273538796e-18,True,True,True,True,True,True,3,3,down,True,True,-0.756080972110398,0.756080972110398,0.51461525501802
ZSCAN2_ZSCAN2,0.514424892345868,0.0002190061623816,1.40532560225697,0.0001304956968541,1.44109134766584,5.14158552677633e-14,True,True,True,True,True,True,3,3,up,True,True,1.40532560225697,1.40532560225697,0.514424892345868
POLR2J4_POLR2J4,0.514267140379749,0.0047721502580686,0.582139684570656,0.0344198398808694,0.665374919403805,0.0013822582406218,True,True,True,True,True,True,3,3,up,True,True,0.582139684570656,0.582139684570656,0.514267140379749
ZW10_ZW10,-0.746189807453666,3.28012431564306e-07,-0.702249075481498,0.0007461226089997,-0.514144642336471,1.53359433841952e-05,True,True,True,True,True,True,3,3,down,True,True,-0.702249075481498,0.702249075481498,0.514144642336471
NUDT4_NUDT4,-1.04466732474054,8.807685872392181e-09,-0.69625627327031,0.0353428545966486,-0.512914131274182,4.65869489634886e-05,True,True,True,True,True,True,3,3,down,True,True,-0.69625627327031,0.69625627327031,0.512914131274182
SLC25A17_SLC25A17,-0.512587339271086,2.16151077269055e-05,-0.696678082325488,0.0020101012338616,-0.798227855297585,1.58778593447883e-08,True,True,True,True,True,True,3,3,down,True,True,-0.696678082325488,0.696678082325488,0.512587339271086
TRMT6_TRMT6,-0.766626726171868,6.80367163194511e-08,-0.511799886739805,0.0163763984202939,-0.657825206236439,4.46782650300119e-11,True,True,True,True,True,True,3,3,down,True,True,-0.657825206236439,0.657825206236439,0.511799886739805
POLD2_POLD2,-0.973595598742422,2.8186795643838204e-09,-1.17410749785577,0.0182337697367287,-0.511177455076725,1.02821632967609e-08,True,True,True,True,True,True,3,3,down,True,True,-0.973595598742422,0.973595598742422,0.511177455076725
STOML2_STOML2,-0.9106189017723,2.9400512024928303e-09,-1.07733367482112,0.0095694113406006,-0.511105551247091,1.0407594406322801e-09,True,True,True,True,True,True,3,3,down,True,True,-0.9106189017723,0.9106189017723,0.511105551247091
PAPD7_PAPD7,-0.915907552984179,6.19763480651817e-10,-1.01065154223232,0.0070655385253029,-0.511059703836482,9.15924204136917e-08,True,True,True,True,True,True,3,3,down,True,True,-0.915907552984179,0.915907552984179,0.511059703836482
ATP1B3_ATP1B3,-1.39679123250339,3.8174442897419095e-12,-0.509229901435971,0.0134355323762279,-0.969244713770493,2.51002894973301e-10,True,True,True,True,True,True,3,3,down,True,True,-0.969244713770493,0.969244713770493,0.509229901435971
ACOX1_ACOX1,0.851900752972477,2.75427682381139e-08,0.635600491859243,0.0011238590924067,0.509195394259033,7.62810973789602e-08,True,True,True,True,True,True,3,3,up,True,True,0.635600491859243,0.635600491859243,0.509195394259033
IDNK_IDNK,0.509022445044111,0.0313627385616454,1.26132272044999,0.0159215317492989,1.13011074378964,5.03198054407648e-05,True,True,True,True,True,True,3,3,up,True,True,1.13011074378964,1.13011074378964,0.509022445044111
STK39_STK39,-0.507701579674274,1.24721888851173e-05,-1.17746064183605,0.0002168995438164,-0.978707000875692,9.605120479857229e-11,True,True,True,True,True,True,3,3,down,True,True,-0.978707000875692,0.978707000875692,0.507701579674274
ADCY3_ADCY3,-1.60754925584268,1.3057257612807599e-11,-0.57946934006446,0.0101526713284709,-0.507383207444762,2.45071067648537e-07,True,True,True,True,True,True,3,3,down,True,True,-0.57946934006446,0.57946934006446,0.507383207444762
SNX7_SNX7,-0.796478407711277,6.60600908901448e-06,-0.507123491306341,0.02702930225101,-0.758376193054903,1.2060942485612e-05,True,True,True,True,True,True,3,3,down,True,True,-0.758376193054903,0.758376193054903,0.507123491306341
SCARB1_SCARB1,-0.720806426381162,1.65211566941232e-07,-1.25209336541734,0.0011003798272528,-0.506610922990925,3.38623818267244e-05,True,True,True,True,True,True,3,3,down,True,True,-0.720806426381162,0.720806426381162,0.506610922990925
RPA1_RPA1,-0.720466562112674,1.6509115649201601e-10,-0.506193031835826,0.0446163524088146,-1.13677136253639,1.50861439120726e-12,True,True,True,True,True,True,3,3,down,True,True,-0.720466562112674,0.720466562112674,0.506193031835826
WBSCR22_WBSCR22,-0.505178109575941,4.96695381110856e-07,-0.918171796762834,0.0086191494492589,-0.666754845525441,2.2998856442411502e-09,True,True,True,True,True,True,3,3,down,True,True,-0.666754845525441,0.666754845525441,0.505178109575941
DNAJB11_DNAJB11,-0.504523592831558,2.74598100591205e-07,-1.09722798767358,6.71883290782209e-05,-0.759354478195323,3.5630698722711397e-12,True,True,True,True,True,True,3,3,down,True,True,-0.759354478195323,0.759354478195323,0.504523592831558
ALG8_ALG8,-0.890981686281942,3.92324447449275e-07,-0.5313039975758,0.0095368315925461,-0.504338710563936,4.05199129565729e-08,True,True,True,True,True,True,3,3,down,True,True,-0.5313039975758,0.5313039975758,0.504338710563936
ATP9B_ATP9B,0.504127198231247,0.0022163434351812,0.527002337729526,0.0183584019184573,0.904204334586804,1.92488598323758e-06,True,True,True,True,True,True,3,3,up,True,True,0.527002337729526,0.527002337729526,0.504127198231247
DOLPP1_DOLPP1,-0.767231254949182,3.71121229407902e-08,-0.503951933413559,0.0303554297877353,-1.16665173036056,1.55499038476936e-11,True,True,True,True,True,True,3,3,down,True,True,-0.767231254949182,0.767231254949182,0.503951933413559
PSEN1_PSEN1,0.503752448337158,3.91113689030944e-05,0.641206925818917,0.0030076233142345,0.884773587966501,2.6289130515696e-13,True,True,True,True,True,True,3,3,up,True,True,0.641206925818917,0.641206925818917,0.503752448337158
NUP85_NUP85,-0.743647203313688,4.0258430201867e-08,-0.503694019696383,0.0130983821426782,-1.32031896540761,1.38335068329994e-15,True,True,True,True,True,True,3,3,down,True,True,-0.743647203313688,0.743647203313688,0.503694019696383
EIF2S1_EIF2S1,-1.09588820732525,1.43293064186453e-10,-0.635096284225597,0.0025160169012297,-0.503640156947441,1.46888435254899e-09,True,True,True,True,True,True,3,3,down,True,True,-0.635096284225597,0.635096284225597,0.503640156947441
FAM58A_FAM58A,-0.503525463589985,2.95066329585264e-05,-0.751901297044536,0.0238276822953497,-0.608771905833752,5.91891709164889e-05,True,True,True,True,True,True,3,3,down,True,True,-0.608771905833752,0.608771905833752,0.503525463589985
GGH_GGH,-1.41780219228107,4.81149533489801e-08,-0.503000932924453,0.0305375968755674,-2.37967866353921,2.2015628690160803e-15,True,True,True,True,True,True,3,3,down,True,True,-1.41780219228107,1.41780219228107,0.503000932924453
ATPIF1_ATPIF1,-0.502504962571903,3.91302692626495e-06,-1.09033464823604,0.0006750794981694,-1.16037187186511,5.149843058090331e-10,True,True,True,True,True,True,3,3,down,True,True,-1.09033464823604,1.09033464823604,0.502504962571903
TMEM70_TMEM70,-0.686700716153832,3.81423232556388e-06,-0.502386368604434,0.038789250156529,-0.585765778488518,7.42568254363397e-06,True,True,True,True,True,True,3,3,down,True,True,-0.585765778488518,0.585765778488518,0.502386368604434
PPP5C_PPP5C,-0.866752662276724,1.01464004524997e-08,-0.619467749079042,0.0044974196322348,-0.502149729014091,1.61049917786843e-08,True,True,True,True,True,True,3,3,down,True,True,-0.619467749079042,0.619467749079042,0.502149729014091
THUMPD2_THUMPD2,-0.681945353450723,0.0002975430426855,-0.501619509577901,0.0212708952777258,-0.516997333466911,0.0003495158181963,True,True,True,True,True,True,3,3,down,True,True,-0.516997333466911,0.516997333466911,0.501619509577901
TCEB1_TCEB1,-0.501585500226793,4.98875403985267e-05,-0.814443111181904,0.0154553614088055,-0.674672081135655,8.10057169526026e-10,True,True,True,True,True,True,3,3,down,True,True,-0.674672081135655,0.674672081135655,0.501585500226793
FBXL20_FBXL20,0.500736843534563,9.17984567969305e-05,1.46215856555003,0.0037859275307729,2.00651626829029,1.87763222854462e-16,True,True,True,True,True,True,3,3,up,True,True,1.46215856555003,1.46215856555003,0.500736843534563
LETM1_LETM1,-0.75439289306577,3.3843738192613e-08,-0.50070810223331,0.0091468013330388,-0.536568937827804,2.83706058620644e-09,True,True,True,True,True,True,3,3,down,True,True,-0.536568937827804,0.536568937827804,0.50070810223331
SNRPD1_SNRPD1,-1.33364664866187,1.5299060991451598e-11,-0.919158910801597,0.000942233721518,-0.500303924361105,4.24936483581105e-07,True,True,True,True,True,True,3,3,down,True,True,-0.919158910801597,0.919158910801597,0.500303924361105
TTC13_TTC13,-1.04742252667969,7.85776965413145e-08,-0.867577499193131,0.0057283950290272,-0.500183177132898,3.94199184108704e-05,True,True,True,True,True,True,3,3,down,True,True,-0.867577499193131,0.867577499193131,0.500183177132898
CCDC28A_CCDC28A,0.696537505494477,4.18841009664465e-05,0.500066112702191,0.0109597536452589,0.64887097049384,8.75495209790656e-05,True,True,True,True,True,True,3,3,up,True,True,0.64887097049384,0.64887097049384,0.500066112702191
